candidate,family,params,profile,split,total_return,cagr,ann_vol,sharpe,max_drawdown,avg_month,median_month,best_month,worst_month,positive_month_pct,month_ge_10_pct,month_le_minus10_pct,months,avg_gross_exposure,annual_turnover
ema_long_50,ema_long,[50],conservative,train,0.4426105128648279,0.20078620307842687,0.27232709455655923,0.8083607029870878,-0.35557692390346374,0.020322428886783036,-0.013440555927344,0.28280850873772256,-0.10954804906088123,0.375,0.2916666666666667,0.041666666666666664,24,0.38488362633929096,61.67599263662252
ema_long_50,ema_long,[50],conservative,test,-0.26643449703236555,-0.177986354879469,0.26933032736398727,-0.5930183302580314,-0.40613411900634633,-0.013988468561333156,-0.00778957573427852,0.152145921218658,-0.10438459481540374,0.3684210526315789,0.05263157894736842,0.10526315789473684,19,0.3564646153507745,66.8371148881861
ema_long_50,ema_long,[50],conservative,full,0.05824930645609494,0.015924252758625634,0.2710123977656121,0.19398346499352268,-0.4061341190063458,0.005161799781801463,-0.00778957573427852,0.28280850873772256,-0.10954804906088123,0.37209302325581395,0.18604651162790697,0.06976744186046512,43,0.3723471054368644,63.95272622924651
ema_long_50,ema_long,[50],balanced,train,0.7580018365168026,0.3253850584953806,0.5375855122023963,0.7940869544539898,-0.5998893981929154,0.04349862882843323,-0.031972847364278245,0.6303483634198022,-0.21176130311758046,0.3333333333333333,0.2916666666666667,0.25,24,0.7648662243695168,121.85403479726774
ema_long_50,ema_long,[50],balanced,test,-0.5083279717691098,-0.36179621917592764,0.5247182891446212,-0.5932886566768791,-0.6592333335079348,-0.028182907326198634,-0.01990808370312147,0.3153390945244796,-0.213805037107331,0.3684210526315789,0.10526315789473684,0.42105263157894735,19,0.7035796789444652,128.33286004440558
ema_long_50,ema_long,[50],balanced,full,-0.13563967140616262,-0.03985999490498815,0.5319537332734219,0.19033006491669627,-0.659233333507937,0.011825391922898219,-0.01990808370312147,0.6303483634198022,-0.213805037107331,0.3488372093023256,0.20930232558139536,0.32558139534883723,43,0.737830798750056,124.71204868686905
ema_long_50,ema_long,[50],aggressive,train,0.8077896191988834,0.34399624817533936,0.8412312933602155,0.7756446314977551,-0.7889416131836582,0.07414644982359977,-0.060580876801313965,1.1473833067762995,-0.324389486993084,0.3333333333333333,0.2916666666666667,0.4583333333333333,24,1.2080790176889458,191.18693202510332
ema_long_50,ema_long,[50],aggressive,test,-0.7250448865017324,-0.5581377214113574,0.7951252898879931,-0.6287418174485471,-0.8236059921768306,-0.04575274955994511,-0.0399362557942301,0.5234346820093088,-0.32383859423440353,0.3684210526315789,0.2631578947368421,0.47368421052631576,19,1.0877686544352465,192.55171730305042
ema_long_50,ema_long,[50],aggressive,full,-0.5029390000721811,-0.17722228498363846,0.8212214803739019,0.1755014304657386,-0.8598117676971272,0.02116773381691715,-0.04031413548774876,1.1473833067762995,-0.324389486993084,0.3488372093023256,0.27906976744186046,0.46511627906976744,43,1.1550063268652575,191.7889817998552
ema_long_100,ema_long,[100],conservative,train,0.7650345761410198,0.3280298320233277,0.26751828245732046,1.1946812457050562,-0.3177580172159761,0.02900024105143692,0.0,0.2922614159801158,-0.1163127851201361,0.4583333333333333,0.20833333333333334,0.08333333333333333,24,0.3692040483998434,38.561171548985364
ema_long_100,ema_long,[100],conservative,test,-0.3760167002141287,-0.2579553479950596,0.252007009414967,-1.0575177512283744,-0.5183739860301977,-0.02149018819188238,-0.016293675589881373,0.1510321870312321,-0.18062328247046466,0.3157894736842105,0.05263157894736842,0.15789473684210525,19,0.31451086104238957,55.24971710786029
ema_long_100,ema_long,[100],conservative,full,0.10135209905663145,0.027305433038262272,0.2608039597245592,0.23408954333110155,-0.518373986030197,0.006690516502063276,0.0,0.2922614159801158,-0.18062328247046466,0.3953488372093023,0.13953488372093023,0.11627906976744186,43,0.3450771607046975,45.92301465867255
ema_long_100,ema_long,[100],balanced,train,1.5936404490676472,0.609428817462726,0.5279504929267472,1.1672761533421965,-0.5514815053134626,0.06115999375341626,0.0,0.6543681048488135,-0.22513679856720692,0.4166666666666667,0.3333333333333333,0.25,24,0.7330816485535144,76.1237110870268
ema_long_100,ema_long,[100],balanced,test,-0.6163595496044876,-0.4544960172613861,0.4875929960018142,-0.9979802994495396,-0.7596246957593109,-0.03833181364332378,-0.03546829229516124,0.31381385054138455,-0.31297431198218073,0.3157894736842105,0.10526315789473684,0.3157894736842105,19,0.6173345512580569,103.51385657159982
ema_long_100,ema_long,[100],balanced,full,-0.004974609955669784,-0.001390671223742479,0.5105664721527555,0.25413408539837634,-0.7596246957593116,0.017198497461833454,0.0,0.6543681048488135,-0.31297431198218073,0.37209302325581395,0.23255813953488372,0.27906976744186046,43,0.6820219580799066,88.20636700797378
ema_long_100,ema_long,[100],aggressive,train,2.1331836213376367,0.7686979489676662,0.8251312818994506,1.1089043237022063,-0.7418981800120219,0.1018242085180342,0.0,1.1979388980437085,-0.3458651204485459,0.4166666666666667,0.375,0.3333333333333333,24,1.15647942854562,119.8006412549834
ema_long_100,ema_long,[100],aggressive,test,-0.7665966013749586,-0.6016399578483205,0.7295236718294905,-0.8946907673022352,-0.8750398582669272,-0.051310765716326596,-0.0620439740038321,0.5228687067867603,-0.4085712169123452,0.3157894736842105,0.15789473684210525,0.47368421052631576,19,0.9325846752862621,145.18234539671596
ema_long_100,ema_long,[100],aggressive,full,-0.26870429426348263,-0.08362150692539294,0.7844254992969022,0.2848381678690756,-0.8750398582669268,0.034159917577270126,0.0,1.1979388980437085,-0.4085712169123452,0.37209302325581395,0.27906976744186046,0.3953488372093023,43,1.0577124005405363,130.99731043677218
ema_long_150,ema_long,[150],conservative,train,0.46327349708878707,0.20934349139792707,0.2545933055838693,0.8744018829373756,-0.34479222134863285,0.02119033441093428,0.0,0.2823990911889236,-0.1604415320450684,0.375,0.25,0.08333333333333333,24,0.34117816505759335,31.165237521616994
ema_long_150,ema_long,[150],conservative,test,-0.19749017373522315,-0.12992440722757548,0.22645353761657558,-0.5011721874100212,-0.32617858560362567,-0.010091180924115487,-0.010096606930185326,0.14981475513121678,-0.1046957310141402,0.2631578947368421,0.05263157894736842,0.05263157894736842,19,0.28019358316927356,32.61521028518845
ema_long_150,ema_long,[150],conservative,full,0.17429135992656763,0.045854077552414774,0.24258546896081218,0.30648399402656173,-0.34479222134863285,0.007368269495447175,0.0,0.2823990911889236,-0.1604415320450684,0.32558139534883723,0.16279069767441862,0.06976744186046512,43,0.3142759450655746,31.804866179553333
ema_long_150,ema_long,[150],balanced,train,0.9553241423552232,0.3976878478539294,0.5020470261117259,0.9195784920528466,-0.5854275728574836,0.04940060617467818,0.0,0.6291363109858703,-0.30025970270374636,0.375,0.375,0.25,24,0.6770054273692704,60.84379858818171
ema_long_150,ema_long,[150],balanced,test,-0.38953579296460383,-0.2681662484533134,0.4419116826556205,-0.4848380710152707,-0.5489378449931352,-0.020150129799916122,-0.02322775049566772,0.31065041138180405,-0.19205504284566288,0.2631578947368421,0.05263157894736842,0.21052631578947367,19,0.5473684885666165,62.707866928236946
ema_long_150,ema_long,[150],balanced,full,0.19365540206006027,0.05063830061699526,0.47646206827932774,0.34315185876412824,-0.5854275728574836,0.01866888562776442,0.0,0.6291363109858703,-0.30025970270374636,0.32558139534883723,0.23255813953488372,0.23255813953488372,43,0.6198184902980691,61.666097848282526
ema_long_150,ema_long,[150],aggressive,train,1.3753168420592545,0.5402945634895782,0.7849575336722839,0.9463332515771591,-0.7714744696657879,0.09047148718878474,0.0,1.1443379269239022,-0.4435158461066482,0.375,0.375,0.2916666666666667,24,1.0678557630333756,94.40054514963076
ema_long_150,ema_long,[150],aggressive,test,-0.5831949751675675,-0.42512119071637045,0.6787577670251816,-0.4746625157530036,-0.7194616571912282,-0.03149708389343253,-0.039864138172237995,0.5161590485712355,-0.2882058474570197,0.2631578947368421,0.15789473684210525,0.3157894736842105,19,0.8386746790766688,93.38341408232863
ema_long_150,ema_long,[150],aggressive,full,-0.009956004660599871,-0.002788271007797327,0.7400007876229378,0.3689468373776791,-0.7742667218521263,0.03657839764082827,0.0,1.1443379269239022,-0.4435158461066482,0.32558139534883723,0.27906976744186046,0.3023255813953488,43,0.9667567680463574,93.95185659777042
ema_long_200,ema_long,[200],conservative,train,0.665339520171889,0.2900302300855475,0.23643454686009055,1.1955900661755412,-0.24427223234961692,0.025597388197749784,0.0,0.2734349071608333,-0.15116994640596126,0.4166666666666667,0.25,0.041666666666666664,24,0.31902966067808525,23.120558739890438
ema_long_200,ema_long,[200],conservative,test,-0.18910613858029313,-0.12418527278239322,0.21091826854047374,-0.5230208897216838,-0.32093409910350834,-0.00963459983201409,0.0,0.1488038443679458,-0.08904719301717456,0.3157894736842105,0.05263157894736842,0.0,19,0.2748844400783515,26.421950748112216
ema_long_200,ema_long,[200],conservative,full,0.35041359408703276,0.08744429752998806,0.22554078457884344,0.4846884061232311,-0.3209340991035058,0.010029765579947142,0.0,0.2734349071608333,-0.15116994640596126,0.37209302325581395,0.16279069767441862,0.023255813953488372,43,0.2995558133645942,24.57690674351732
ema_long_200,ema_long,[200],balanced,train,1.551057678228307,0.5961802928530471,0.4684598349599146,1.2334181852475505,-0.4337238117625979,0.056563106177645185,0.0,0.606749200533236,-0.287139159502926,0.4166666666666667,0.3333333333333333,0.16666666666666666,24,0.6350683367444131,45.59833403373895
ema_long_200,ema_long,[200],balanced,test,-0.37852778167652135,-0.25984576001204973,0.419047736736701,-0.5077414565891831,-0.5424352612111114,-0.019425816674238493,-0.0015861551867523138,0.3084203020983771,-0.17306633890568301,0.2631578947368421,0.05263157894736842,0.2631578947368421,19,0.5489384353271247,52.21131917386741
ema_long_200,ema_long,[200],balanced,full,0.5854114743596757,0.13723448903714597,0.4473486199237773,0.5120378794787223,-0.5424352612111125,0.022986605382626816,0.0,0.606749200533236,-0.287139159502926,0.3488372093023256,0.20930232558139536,0.20930232558139536,43,0.5970737242690496,48.51553007796993
ema_long_200,ema_long,[200],aggressive,train,2.78305226793457,0.9432377106936038,0.7393256809136306,1.2707597417661174,-0.6230338802468346,0.1008600579651343,0.0,1.0981417408432792,-0.42982124513160025,0.4166666666666667,0.3333333333333333,0.25,24,1.00413908585213,71.53071562444362
ema_long_200,ema_long,[200],aggressive,test,-0.5805323729069082,-0.4228008155196301,0.6631257866029098,-0.4952398784300825,-0.7184113180104368,-0.031284638451918825,-0.002147411064691185,0.5121972787709637,-0.2671365735167426,0.2631578947368421,0.10526315789473684,0.3157894736842105,19,0.8717877701957507,80.70697760954653
ema_long_200,ema_long,[200],aggressive,full,0.5868679579996563,0.13752593294890736,0.7067460291810083,0.5379436624207241,-0.7184113180104365,0.042470540943645704,0.0,1.0981417408432792,-0.42982124513160025,0.3488372093023256,0.23255813953488372,0.27906976744186046,43,0.94575475165203,75.57865382429407
dual_ema_long_20-100,dual_ema_long,"[20, 100]",conservative,train,0.5116739377649455,0.2291540442458797,0.2625699905083019,0.9173145695779483,-0.33266649806801285,0.020976530577299365,0.0011329022471187056,0.26475886411520144,-0.11503020843622647,0.5,0.125,0.041666666666666664,24,0.3654591930529584,15.203509155677214
dual_ema_long_20-100,dual_ema_long,"[20, 100]",conservative,test,0.03579530493983718,0.02249695474721225,0.22189269751153698,0.211265569600474,-0.21490900172157423,0.003230321931939319,0.0,0.15446347786964787,-0.07724204436913129,0.3157894736842105,0.10526315789473684,0.0,19,0.28404112191106873,12.901887500818024
dual_ema_long_20-100,dual_ema_long,"[20, 100]",conservative,full,0.5657847673368563,0.1332882068589254,0.2454567130593148,0.6326498501123788,-0.33266649806801285,0.013135182571210042,0.0,0.26475886411520144,-0.11503020843622647,0.4186046511627907,0.11627906976744186,0.023255813953488372,43,0.32954311732752234,14.188191346155996
dual_ema_long_20-100,dual_ema_long,"[20, 100]",balanced,train,0.9397336731747457,0.39211219685125664,0.5215374557564643,0.8961036658245989,-0.5660233648120978,0.04283769143043071,0.0,0.5846371806516433,-0.223506344719261,0.4166666666666667,0.3333333333333333,0.20833333333333334,24,0.7278017192369672,29.907702305882474
dual_ema_long_20-100,dual_ema_long,"[20, 100]",balanced,test,-0.027844421429015442,-0.01770515122444316,0.43503746972305823,0.17682831985032443,-0.4043561318459723,0.003974548738392273,0.0,0.3222172417217275,-0.15325992170159652,0.3157894736842105,0.10526315789473684,0.21052631578947367,19,0.5532324437470745,24.26160439748869
dual_ema_long_20-100,dual_ema_long,"[20, 100]",balanced,full,0.8857229113188108,0.19363803589111273,0.48528090401996793,0.6081488039168439,-0.5660233648120978,0.02566560512464628,0.0,0.5846371806516433,-0.223506344719261,0.37209302325581395,0.23255813953488372,0.20930232558139536,43,0.6507937131531231,27.41703067503904
dual_ema_long_20-100,dual_ema_long,"[20, 100]",aggressive,train,1.1065132796080226,0.4506437943684334,0.8229744691203746,0.8661062862844833,-0.7498200437785683,0.07075858229121669,0.0,1.0513907909532287,-0.3440678040344809,0.4166666666666667,0.375,0.25,24,1.1541225667950277,46.290937384605016
dual_ema_long_20-100,dual_ema_long,"[20, 100]",aggressive,test,-0.2613820066060515,-0.1744093911772443,0.6698206905575544,0.050161020000318635,-0.5910453092169574,-0.002846556154042688,0.0,0.5397451249615923,-0.2419562825864715,0.3157894736842105,0.21052631578947367,0.2631578947368421,19,0.8435636886485298,35.14302720845845
dual_ema_long_20-100,dual_ema_long,"[20, 100]",aggressive,full,0.5559086116417757,0.1312889377252484,0.759228414992739,0.544202099238583,-0.7498200437785683,0.03823538158284628,0.0,1.0513907909532287,-0.3440678040344809,0.37209302325581395,0.3023255813953488,0.2558139534883721,43,1.0171252635148065,41.373243063781956
dual_ema_long_20-150,dual_ema_long,"[20, 150]",conservative,train,0.6057183676390003,0.2667590360848673,0.2524887916598499,1.0633348626744006,-0.26482147489335583,0.024005253334924034,0.005609906593595282,0.27533130887228774,-0.13858175168063114,0.5,0.16666666666666666,0.08333333333333333,24,0.33298330542477145,11.698022834723584
dual_ema_long_20-150,dual_ema_long,"[20, 150]",conservative,test,-0.17310774887367408,-0.11329399943799223,0.20707157749162794,-0.47694254518422696,-0.28173803674365894,-0.008415196509186406,0.0,0.15638084329337598,-0.10667172007888093,0.2631578947368421,0.05263157894736842,0.05263157894736842,19,0.24012572023219317,9.244485607734767
dual_ema_long_20-150,dual_ema_long,"[20, 150]",conservative,full,0.32775607569191245,0.08232179893519653,0.23354967567325194,0.4559132618065478,-0.2817380367436585,0.009679938287526398,0.0,0.27533130887228774,-0.13858175168063114,0.3953488372093023,0.11627906976744186,0.06976744186046512,43,0.2920208997243757,10.615690281227751
dual_ema_long_20-150,dual_ema_long,"[20, 150]",balanced,train,1.3545825991606715,0.5335663762900991,0.4989613246690977,1.1081611768308905,-0.4582927188652448,0.052728443579424404,0.008287207131566388,0.6110972509498918,-0.25090744806614373,0.5,0.375,0.20833333333333334,24,0.6621476414012984,22.89672966397521
dual_ema_long_20-150,dual_ema_long,"[20, 150]",balanced,test,-0.3380116240924447,-0.22967657094802607,0.4080246962865713,-0.43483269736728725,-0.4755429572727248,-0.015626728759631968,0.0,0.3267038450395323,-0.17947309580310167,0.2631578947368421,0.05263157894736842,0.2631578947368421,19,0.47608374117724805,17.856388893112516
dual_ema_long_20-150,dual_ema_long,"[20, 150]",balanced,full,0.5587063107585535,0.13185621355939658,0.46107179378694974,0.5004606191370984,-0.4755429572727228,0.02252499533658554,0.0,0.6110972509498918,-0.25090744806614373,0.3953488372093023,0.23255813953488372,0.23255813953488372,43,0.5800689942841141,20.673276586920334
dual_ema_long_20-150,dual_ema_long,"[20, 150]",aggressive,train,2.3357734632267664,0.824905630540351,0.7879723858737943,1.1605789170737641,-0.6207315172668575,0.09362715421801937,0.007544272649650741,1.106142826998202,-0.3727493792802977,0.5,0.4166666666666667,0.20833333333333334,24,1.0510764641690236,35.63613545141641
dual_ema_long_20-150,dual_ema_long,"[20, 150]",aggressive,test,-0.5048939594386075,-0.3589801264816487,0.6400840605101012,-0.3731241727733434,-0.6233126479220431,-0.022299814527554338,0.0,0.5483150503919092,-0.2655014460686901,0.21052631578947367,0.15789473684210525,0.2631578947368421,19,0.74687563374885,27.30505216499943
dual_ema_long_20-150,dual_ema_long,"[20, 150]",aggressive,full,0.6515615915879771,0.1502810625882005,0.7264695919572972,0.5584979158293703,-0.6233126479220429,0.04240360988857984,0.0,1.106142826998202,-0.3727493792802977,0.37209302325581395,0.3023255813953488,0.23255813953488372,43,0.9168838960096656,31.961032197393028
dual_ema_long_20-200,dual_ema_long,"[20, 200]",conservative,train,0.713782090621814,0.3086327224928196,0.23565337073520576,1.259496055078808,-0.29268719850687086,0.026655399297665694,0.0,0.29658853997809076,-0.14500558193127766,0.4583333333333333,0.16666666666666666,0.041666666666666664,24,0.31638482646855665,8.971048440804822
dual_ema_long_20-200,dual_ema_long,"[20, 200]",conservative,test,-0.18136897672582997,-0.11890825769299174,0.2164110543427518,-0.47661413531102825,-0.32357668337210255,-0.008935610637578844,0.0,0.14628145707267426,-0.12440085444434124,0.2631578947368421,0.05263157894736842,0.05263157894736842,19,0.27845659673389,8.617032084486615
dual_ema_long_20-200,dual_ema_long,"[20, 200]",conservative,full,0.40295518651468365,0.09908900768042339,0.22737215940062752,0.5294155788679311,-0.32357668337210266,0.010929139093720433,0.0,0.29658853997809076,-0.14500558193127766,0.37209302325581395,0.11627906976744186,0.046511627906976744,43,0.2996534896513528,8.814880675058946
dual_ema_long_20-200,dual_ema_long,"[20, 200]",balanced,train,1.7020542895131752,0.6426754209226362,0.4668898205798812,1.2973700590916524,-0.4894117044376358,0.058468089682785905,0.0,0.6653394539761761,-0.27644175467834053,0.4583333333333333,0.2916666666666667,0.20833333333333334,24,0.6297928894950013,17.442780876137686
dual_ema_long_20-200,dual_ema_long,"[20, 200]",balanced,test,-0.3705643683778965,-0.25386027672354206,0.43113476100881926,-0.4630727420150475,-0.5488170986580154,-0.018028359731886563,0.0,0.3039931662178441,-0.23280210607541396,0.2631578947368421,0.05263157894736842,0.21052631578947367,19,0.5551646564609961,16.495429825320475
dual_ema_long_20-200,dual_ema_long,"[20, 200]",balanced,full,0.700769248396935,0.15974379045540799,0.4514794901635538,0.5547368619071347,-0.5488170986580148,0.024667332964674812,0.0,0.6653394539761761,-0.27644175467834053,0.37209302325581395,0.18604651162790697,0.20930232558139536,43,0.5968720252284715,17.024874487512662
dual_ema_long_20-200,dual_ema_long,"[20, 200]",aggressive,train,3.169782544083649,1.0400111882743097,0.736776932968245,1.3382594091296098,-0.6458998543484507,0.10384548147643065,0.0,1.2209591934514918,-0.4155880120230052,0.4583333333333333,0.375,0.20833333333333334,24,0.9957159802806731,26.87454539818508
dual_ema_long_20-200,dual_ema_long,"[20, 200]",aggressive,test,-0.5630433486158749,-0.40769191701650453,0.678225702362492,-0.43162359904708725,-0.7187230721645479,-0.028085702727783907,0.0,0.5069257772227587,-0.32239195924050246,0.2631578947368421,0.15789473684210525,0.21052631578947367,19,0.872322494418876,24.53162349600547
dual_ema_long_20-200,dual_ema_long,"[20, 200]",aggressive,full,0.8220142174627947,0.18224500275769717,0.7115635197007899,0.5929302649242597,-0.7187230721645493,0.04555030706061491,0.0,1.2209591934514918,-0.4155880120230052,0.37209302325581395,0.27906976744186046,0.20930232558139536,43,0.9412832269609047,25.841008748676185
dual_ema_long_50-100,dual_ema_long,"[50, 100]",conservative,train,0.6245447461041524,0.2741533478127387,0.2615825241546859,1.0572822965780326,-0.3508487208821832,0.02440580097730088,0.010989994234790412,0.301828839418278,-0.13402027812226924,0.5416666666666666,0.16666666666666666,0.041666666666666664,24,0.3741990933300716,11.144598236933762
dual_ema_long_50-100,dual_ema_long,"[50, 100]",conservative,test,-0.08120489458314983,-0.05216491009134616,0.20361792837292644,-0.16118883748381826,-0.21281515509543292,-0.003454056670555375,0.0,0.12172332554095333,-0.08853221420084634,0.3157894736842105,0.05263157894736842,0.0,19,0.23595606925534443,8.13862362452682
dual_ema_long_50-100,dual_ema_long,"[50, 100]",conservative,full,0.4926237612511444,0.11825588191898317,0.23776297326053975,0.5891833975965425,-0.3508487208821832,0.01209563131894579,0.0,0.301828839418278,-0.13402027812226924,0.4418604651162791,0.11627906976744186,0.023255813953488372,43,0.31321574096683186,9.818568151797061
dual_ema_long_50-100,dual_ema_long,"[50, 100]",balanced,train,1.2422638888264284,0.4965922556966087,0.5195490545936855,1.0369881521601798,-0.5964471547383797,0.050699411628647974,0.005280274551573982,0.6774949348542594,-0.2561898652290101,0.5,0.2916666666666667,0.20833333333333334,24,0.7452815197911935,21.78988046839557
dual_ema_long_50-100,dual_ema_long,"[50, 100]",balanced,test,-0.20777829354441657,-0.1369971411372387,0.4069609128508915,-0.15805062569093026,-0.39552318778131224,-0.00821684945257655,0.0,0.2484262556858463,-0.17382395286656926,0.3157894736842105,0.05263157894736842,0.15789473684210525,19,0.47182061650630325,15.933934255950563
dual_ema_long_50-100,dual_ema_long,"[50, 100]",balanced,full,0.776370124329812,0.1739046100590571,0.47320028303119827,0.5763430627852403,-0.5964471547383797,0.024666645104385983,0.0,0.6774949348542594,-0.2561898652290101,0.4186046511627907,0.18604651162790697,0.18604651162790697,43,0.6246493017519109,19.20663814073443
dual_ema_long_50-100,dual_ema_long,"[50, 100]",aggressive,train,1.6743604754001553,0.6342472260537044,0.8206974466444451,1.0118202520625488,-0.7782621317167581,0.08577770120726802,0.002789391269404362,1.2435349916280791,-0.38728606535705923,0.5,0.2916666666666667,0.20833333333333334,24,1.1825122967853918,33.7632673780917
dual_ema_long_50-100,dual_ema_long,"[50, 100]",aggressive,test,-0.38081074744169774,-0.2615668771894457,0.6445674096818119,-0.14669772978689827,-0.5707654226188528,-0.014842825324234695,0.0,0.404883313367131,-0.2711546006871488,0.3157894736842105,0.15789473684210525,0.21052631578947367,19,0.7500194379949715,23.459789412914404
dual_ema_long_50-100,dual_ema_long,"[50, 100]",aggressive,full,0.6559352638344935,0.15113029468645323,0.7481347165327513,0.5645661922126544,-0.7782621317167581,0.04131746855381333,0.0,1.2435349916280791,-0.38728606535705923,0.4186046511627907,0.23255813953488372,0.20930232558139536,43,0.9917260739091894,29.21807870385065
dual_ema_long_50-150,dual_ema_long,"[50, 150]",conservative,train,0.5981264874297221,0.2637649490187237,0.25036511106575726,1.060801745460936,-0.302174765324031,0.02427466960722716,0.0013167320136739935,0.3294004986054906,-0.138766945633769,0.5,0.16666666666666666,0.08333333333333333,24,0.34710572398336,9.667650597253754
dual_ema_long_50-150,dual_ema_long,"[50, 150]",conservative,test,-0.07922635963053326,-0.05087427575203163,0.20811312649615593,-0.14668962479035463,-0.2703800112897199,-0.003099560568551739,0.0,0.14051375787181497,-0.09380721308812645,0.3157894736842105,0.05263157894736842,0.0,19,0.260184759169709,7.5467805740448926
dual_ema_long_50-150,dual_ema_long,"[50, 150]",conservative,full,0.47151274360153184,0.11381967543196447,0.2326759010947024,0.5800417963157865,-0.302174765324031,0.012179079529557414,0.0,0.3294004986054906,-0.138766945633769,0.4186046511627907,0.11627906976744186,0.046511627906976744,43,0.3087621485265736,8.732068025853515
dual_ema_long_50-150,dual_ema_long,"[50, 150]",balanced,train,1.34114305114355,0.5291894352300475,0.4946918845173269,1.1077788828009467,-0.5108145244381117,0.054612301509235676,0.0,0.7493216796175097,-0.25022704206148716,0.4583333333333333,0.2916666666666667,0.20833333333333334,24,0.6903924785184755,18.773570688351555
dual_ema_long_50-150,dual_ema_long,"[50, 150]",balanced,test,-0.1910235983107209,-0.12549590353904128,0.41145340363786675,-0.11964653247370266,-0.46119265456532754,-0.006250624689150608,0.0,0.2913894747903656,-0.183434799652188,0.3157894736842105,0.05263157894736842,0.15789473684210525,19,0.5168021891440849,14.183550809450605
dual_ema_long_50-150,dual_ema_long,"[50, 150]",balanced,full,0.8939294813539824,0.1950853454485615,0.45983778948340887,0.6188022151366125,-0.5108145244381117,0.02771938063087894,0.0,0.7493216796175097,-0.25022704206148716,0.3953488372093023,0.18604651162790697,0.18604651162790697,43,0.6138163340467451,16.74876834116054
dual_ema_long_50-150,dual_ema_long,"[50, 150]",aggressive,train,2.3295270131658015,0.8231985407939661,0.7810753616956831,1.1629827682863636,-0.6763710288313114,0.0998619924805515,0.0,1.3992672201476473,-0.3769356267346533,0.4583333333333333,0.3333333333333333,0.20833333333333334,24,1.096250267373595,28.914252089050592
dual_ema_long_50-150,dual_ema_long,"[50, 150]",aggressive,test,-0.3478529313012467,-0.2369407265941741,0.6496454912151646,-0.09011092000433854,-0.6177616513502544,-0.010120556324708955,0.0,0.48476409468937165,-0.28480201167733543,0.3157894736842105,0.15789473684210525,0.21052631578947367,19,0.8182179913653712,21.428516650406927
dual_ema_long_50-150,dual_ema_long,"[50, 150]",aggressive,full,1.1713412817893838,0.24155122470425439,0.7260432625855084,0.6636512125974935,-0.6763710288313114,0.05126505231078525,0.0,1.3992672201476473,-0.3769356267346533,0.3953488372093023,0.2558139534883721,0.20930232558139536,43,0.9736014728347991,25.612058397844635
dual_ema_long_50-200,dual_ema_long,"[50, 200]",conservative,train,0.7562653738060832,0.324731219038922,0.23630998394035554,1.3084883519894848,-0.2776348677298507,0.02857843585330463,0.0,0.3116473043874315,-0.15431325365904025,0.4583333333333333,0.16666666666666666,0.08333333333333333,24,0.32989909016865615,6.365770422233118
dual_ema_long_50-200,dual_ema_long,"[50, 200]",conservative,test,-0.09101333825028568,-0.05857828029295986,0.21238328581620844,-0.1779037841996831,-0.2778145674147019,-0.0036266974867313253,0.0,0.15256934820060541,-0.09121366576729317,0.3684210526315789,0.05263157894736842,0.0,19,0.3026956123661495,6.378217280561944
dual_ema_long_50-200,dual_ema_long,"[50, 200]",conservative,full,0.596421799282628,0.13943290071449677,0.22607152095499314,0.6906640535074512,-0.277814567414698,0.014348260656544556,0.0,0.3116473043874315,-0.15431325365904025,0.4186046511627907,0.11627906976744186,0.046511627906976744,43,0.3178987792420152,6.371261123498968
dual_ema_long_50-200,dual_ema_long,"[50, 200]",balanced,train,1.88041510522133,0.695950901573744,0.4684330257597956,1.3631547253375063,-0.4631671785953698,0.0647052386015138,0.0,0.7032115848122591,-0.2928771580274806,0.4166666666666667,0.3333333333333333,0.20833333333333334,24,0.6565887992210816,12.149003951025117
dual_ema_long_50-200,dual_ema_long,"[50, 200]",balanced,test,-0.2308285159422876,-0.15296710768099153,0.4247665716324169,-0.1779037841996831,-0.48992803362462156,-0.0081820483008383,0.0,0.31826652241001985,-0.17875783632187447,0.3684210526315789,0.05263157894736842,0.21052631578947367,19,0.605391224732299,12.756434561123887
dual_ema_long_50-200,dual_ema_long,"[50, 200]",balanced,full,1.2155331611853537,0.24855130730284003,0.4497023086499535,0.7194279126203723,-0.4899280336246207,0.03249922810977683,0.0,0.7032115848122591,-0.2928771580274806,0.3953488372093023,0.20930232558139536,0.20930232558139536,43,0.634003936468767,12.416960726275109
dual_ema_long_50-200,dual_ema_long,"[50, 200]",aggressive,train,3.741753112699591,1.1752397478129706,0.7392675682834021,1.424088092347948,-0.6114968403027561,0.11841577836233487,0.0,1.299656424096427,-0.4370250305109892,0.4166666666666667,0.4166666666666667,0.20833333333333334,24,1.037116637250261,18.273329243387376
dual_ema_long_50-200,dual_ema_long,"[50, 200]",aggressive,test,-0.4275666576295505,-0.2973467351279907,0.6796265146118672,-0.17790378419968278,-0.6748462168307241,-0.01480903453480414,0.0,0.5332324463492508,-0.2782428163786632,0.3684210526315789,0.15789473684210525,0.21052631578947367,19,0.9686259595716785,20.410295297798225
dual_ema_long_50-200,dual_ema_long,"[50, 200]",aggressive,full,1.7143375829981,0.32134054728635886,0.7135887771880687,0.7497741145579387,-0.6748462168307241,0.05954900057057577,0.0,1.299656424096427,-0.4370250305109892,0.3953488372093023,0.3023255813953488,0.20930232558139536,43,1.0069032419746171,19.21601228115118
dual_ema_long_100-150,dual_ema_long,"[100, 150]",conservative,train,0.7482993776618896,0.32172758380572475,0.2518779849718021,1.2341577617984103,-0.2522693402113625,0.02840781316255941,0.0,0.32600127480560315,-0.13042799392667193,0.4583333333333333,0.16666666666666666,0.08333333333333333,24,0.34946985658134533,7.043635791154005
dual_ema_long_100-150,dual_ema_long,"[100, 150]",conservative,test,-0.1268382770796891,-0.08222221423819343,0.21589220655273964,-0.28934512997394307,-0.3260511148423806,-0.005584689299644251,0.0,0.1499884952271766,-0.09388739613311392,0.42105263157894735,0.05263157894736842,0.0,19,0.3032123883061844,6.274118646053814
dual_ema_long_100-150,dual_ema_long,"[100, 150]",conservative,full,0.5265480967797596,0.12529082528968272,0.23668358851985546,0.6175838481755475,-0.32605111484238025,0.01338787021414384,0.0,0.32600127480560315,-0.13042799392667193,0.4418604651162791,0.11627906976744186,0.046511627906976744,43,0.32906423028565124,6.704177539836871
dual_ema_long_100-150,dual_ema_long,"[100, 150]",balanced,train,1.7871339354506572,0.6683010920123456,0.49794330637230944,1.2794264231954515,-0.4365267358465561,0.0636378986392699,0.0,0.7396130059022816,-0.2504178822122405,0.4583333333333333,0.3333333333333333,0.20833333333333334,24,0.6951207437144462,13.538023976288859
dual_ema_long_100-150,dual_ema_long,"[100, 150]",balanced,test,-0.2919534568157255,-0.1961930636751319,0.43178441310547927,-0.28934512997394307,-0.5571184221663926,-0.011898965734204143,0.0,0.3130080164000222,-0.18251205901720569,0.42105263157894735,0.10526315789473684,0.2631578947368421,19,0.6064247766123688,12.548237292107627
dual_ema_long_100-150,dual_ema_long,"[100, 150]",balanced,full,0.9734205483874336,0.20887564786964852,0.46991827366220024,0.6403928978657043,-0.5571184221663896,0.03026114461378137,0.0,0.7396130059022816,-0.2504178822122405,0.4418604651162791,0.23255813953488372,0.23255813953488372,43,0.655994158838377,13.101397893129398
dual_ema_long_100-150,dual_ema_long,"[100, 150]",aggressive,train,3.352321024424464,1.0841241159678314,0.786495525594244,1.332675545250664,-0.5993788069746595,0.11607510559238665,0.0,1.3759709712363954,-0.38052248537313926,0.4583333333333333,0.4166666666666667,0.20833333333333334,24,1.1036583298928937,20.562342343776066
dual_ema_long_100-150,dual_ema_long,"[100, 150]",aggressive,test,-0.5008958121020695,-0.3557104354228109,0.6908550609687668,-0.2893451299739432,-0.7423897622688951,-0.02035971086071491,0.0,0.5248828532940673,-0.2816438487042593,0.3684210526315789,0.15789473684210525,0.2631578947368421,19,0.9702796425797905,20.0771796673722
dual_ema_long_100-150,dual_ema_long,"[100, 150]",aggressive,full,1.1722616503664582,0.2416980554855821,0.7458367154615211,0.6671622254917668,-0.742389762268897,0.055789954136365026,0.0,1.3759709712363954,-0.38052248537313926,0.4186046511627907,0.3023255813953488,0.23255813953488372,43,1.0448207896943762,20.348321805331853
dual_ema_long_100-200,dual_ema_long,"[100, 200]",conservative,train,0.7050945697055864,0.30531617888125706,0.2368641867919528,1.243648236935352,-0.27361018265052695,0.027328249161520633,0.0,0.3194521611575263,-0.15353877930420456,0.4166666666666667,0.20833333333333334,0.08333333333333333,24,0.3312865095112218,6.238310392913307
dual_ema_long_100-200,dual_ema_long,"[100, 200]",conservative,test,-0.192664333339288,-0.12661829261288782,0.2164658776319014,-0.5170433004720504,-0.34361171719342876,-0.009652833118182939,0.0,0.1325570295127716,-0.11927371309105805,0.3684210526315789,0.05263157894736842,0.05263157894736842,19,0.3015648578892719,6.126049902525502
dual_ema_long_100-200,dual_ema_long,"[100, 200]",conservative,full,0.37658366115281217,0.0932843827583103,0.22809746673450065,0.5052957215152678,-0.34361171719342976,0.010987770944907427,0.0,0.3194521611575263,-0.15353877930420456,0.3953488372093023,0.13953488372093023,0.06976744186046512,43,0.31817535279419956,6.188788754569451
dual_ema_long_100-200,dual_ema_long,"[100, 200]",balanced,train,1.7138232186159423,0.6462440166365562,0.46953477325991766,1.2977089275052691,-0.4571232182072349,0.06217375913402819,0.0,0.7226654618076369,-0.291593008449862,0.4166666666666667,0.3333333333333333,0.20833333333333334,24,0.6593746658739321,11.894083897218188
dual_ema_long_100-200,dual_ema_long,"[100, 200]",balanced,test,-0.3949424637115311,-0.27227309153763846,0.4329317552638028,-0.5170433004720504,-0.582279969934878,-0.019960973044110198,0.0,0.2736676898126178,-0.22837758341846037,0.3157894736842105,0.05263157894736842,0.2631578947368421,19,0.6031297157785438,12.252099805051005
dual_ema_long_100-200,dual_ema_long,"[100, 200]",balanced,full,0.6420191905782044,0.14842257969254224,0.4537665795146144,0.5328391837290177,-0.5822799699348769,0.025881668171594943,0.0,0.7226654618076369,-0.291593008449862,0.37209302325581395,0.20930232558139536,0.23255813953488372,43,0.6345632467569298,12.052015991116912
dual_ema_long_100-200,dual_ema_long,"[100, 200]",aggressive,train,3.30689405836534,1.0732340346239648,0.7410419547875624,1.357666157295223,-0.6044142454324629,0.11435631475359996,0.0,1.3395494726145865,-0.4354404968126022,0.4166666666666667,0.375,0.20833333333333334,24,1.0416189922211077,17.865457157316378
dual_ema_long_100-200,dual_ema_long,"[100, 200]",aggressive,test,-0.6122105398572275,-0.4507714521728927,0.6926908084220844,-0.5170433004720508,-0.7669640509839569,-0.033155330011761276,0.0,0.45279878869431345,-0.3461780798327063,0.2631578947368421,0.15789473684210525,0.2631578947368421,19,0.96500754524567,19.603359688081603
dual_ema_long_100-200,dual_ema_long,"[100, 200]",aggressive,full,0.6701681217856101,0.15388273125694618,0.7201381167451635,0.5613907953817037,-0.7669640509839563,0.04917675078751011,0.0,1.3395494726145865,-0.4354404968126022,0.3488372093023256,0.27906976744186046,0.23255813953488372,43,1.0078232698168053,18.63210070490929
top_momentum_30-1-1-200,top_momentum,"[30, 1, 1, 200]",conservative,train,0.6145919975592653,0.27024965026966874,0.2586627236019683,1.0539043778163875,-0.29357870397674746,0.02511547889176173,0.0017398031020186,0.26467171874328765,-0.19109669399300733,0.5,0.25,0.125,24,0.20208252417826575,34.975673366303994
top_momentum_30-1-1-200,top_momentum,"[30, 1, 1, 200]",conservative,test,0.12420670697646186,0.07687275533005211,0.1976340633195931,0.4735562034036243,-0.3031028169443696,0.008343277284283442,0.0,0.215811083390403,-0.12407410862985624,0.2631578947368421,0.10526315789473684,0.10526315789473684,19,0.14853334369354648,23.986216180429505
top_momentum_30-1-1-200,top_momentum,"[30, 1, 1, 200]",conservative,full,0.8151351526866395,0.1809977278350512,0.23371222034596645,0.8285259868884769,-0.303102816944372,0.01770450608845737,0.0,0.26467171874328765,-0.19109669399300733,0.3953488372093023,0.18604651162790697,0.11627906976744186,43,0.17846029394915028,30.12787765051685
top_momentum_30-1-1-200,top_momentum,"[30, 1, 1, 200]",balanced,train,1.3220383034323855,0.5229457632305461,0.5097914160131266,1.0791375622203458,-0.49467720566650686,0.05505042565593623,0.0,0.585289235504628,-0.33995123729726384,0.4583333333333333,0.375,0.25,24,0.40137722309890417,68.90495783854254
top_momentum_30-1-1-200,top_momentum,"[30, 1, 1, 200]",balanced,test,0.20652410629523565,0.1261033085630483,0.3929552480787065,0.4987327471022701,-0.5150955881105468,0.01850784301584434,0.0,0.4618137986825184,-0.2355177866376016,0.2631578947368421,0.10526315789473684,0.10526315789473684,19,0.29652370049011495,47.33984928643342
top_momentum_30-1-1-200,top_momentum,"[30, 1, 1, 200]",balanced,full,1.8015951888320507,0.33305896967063875,0.4619055647711475,0.8527846096791931,-0.5150955881105475,0.03890370309403516,0.0,0.585289235504628,-0.33995123729726384,0.37209302325581395,0.2558139534883721,0.18604651162790697,43,0.35512303155053165,59.391909188261984
top_momentum_30-1-1-200,top_momentum,"[30, 1, 1, 200]",aggressive,train,2.1159838852447264,0.7638432404161661,0.789287351239945,1.1116294130088928,-0.6515750582008525,0.09392609329116906,0.0,1.0550850077272411,-0.4427681558540517,0.4583333333333333,0.375,0.25,24,0.6281316533861129,104.44815190709953
top_momentum_30-1-1-200,top_momentum,"[30, 1, 1, 200]",aggressive,test,0.2648147497912563,0.16022021199274028,0.6191571027411806,0.5495740920846687,-0.6794070282081683,0.03407749654853124,0.0,0.7971174184270395,-0.3538469968565753,0.2631578947368421,0.15789473684210525,0.10526315789473684,19,0.4721777080776658,73.81479132496692
top_momentum_30-1-1-200,top_momentum,"[30, 1, 1, 200]",aggressive,full,2.9411423781693875,0.46625510707576434,0.7192103809753634,0.8904952883891875,-0.6794070282081682,0.06748136449791048,0.0,1.0550850077272411,-0.4427681558540517,0.37209302325581395,0.27906976744186046,0.18604651162790697,43,0.5593354557997412,90.93481165030249
top_momentum_30-1-7-200,top_momentum,"[30, 1, 7, 200]",conservative,train,0.7745678521365289,0.3316065625803435,0.25679429022736905,1.243686147642069,-0.3097358479687419,0.02758029480457452,0.0,0.24972749101720781,-0.15170851958925768,0.4583333333333333,0.20833333333333334,0.041666666666666664,24,0.19681789978634834,13.318867787488019
top_momentum_30-1-7-200,top_momentum,"[30, 1, 7, 200]",conservative,test,0.26161745833544514,0.15836405522655128,0.20618134781412426,0.8161153477504098,-0.2061011876217751,0.014007782494268923,0.0,0.2102458989210494,-0.06382809124989752,0.21052631578947367,0.10526315789473684,0.0,19,0.16569796966131606,11.844154085278532
top_momentum_30-1-7-200,top_momentum,"[30, 1, 7, 200]",conservative,full,1.2388257832562637,0.25220046410637,0.23580802904547338,1.0716975316065194,-0.3097358479687419,0.021583138202346464,0.0,0.24972749101720781,-0.15170851958925768,0.3488372093023256,0.16279069767441862,0.023255813953488372,43,0.18308991837798166,12.668325122216707
top_momentum_30-1-7-200,top_momentum,"[30, 1, 7, 200]",balanced,train,1.9126946559930982,0.7054143158591679,0.5058720533973862,1.308128774838633,-0.5072137269907013,0.05923076747643876,0.0,0.5473111655800793,-0.28530625978471247,0.4583333333333333,0.2916666666666667,0.16666666666666666,24,0.3917058998522465,25.639103564032123
top_momentum_30-1-7-200,top_momentum,"[30, 1, 7, 200]",balanced,test,0.5157922988806645,0.3009765801471651,0.4083422059865544,0.8485754571942951,-0.3712653229030638,0.02895174010916186,0.0,0.4468015367027476,-0.12908274699825217,0.21052631578947367,0.21052631578947367,0.05263157894736842,19,0.3307229889750109,22.937215077912995
top_momentum_30-1-7-200,top_momentum,"[30, 1, 7, 200]",balanced,full,3.4150401285451952,0.5134577357918417,0.46537090628486855,1.123157855158419,-0.5072137269907013,0.04585166236066524,0.0,0.5473111655800793,-0.28530625978471247,0.3488372093023256,0.2558139534883721,0.11627906976744186,43,0.3648044169958513,24.447215447448986
top_momentum_30-1-7-200,top_momentum,"[30, 1, 7, 200]",aggressive,train,3.9670399785103276,1.2262436862155277,0.7901403226034887,1.4073473531840053,-0.6450560335337345,0.10500263164951444,0.0,0.9751041045037843,-0.42358654997949274,0.4583333333333333,0.2916666666666667,0.16666666666666666,24,0.6193692910827606,38.609245157408516
top_momentum_30-1-7-200,top_momentum,"[30, 1, 7, 200]",aggressive,test,0.7769890852597083,0.4386202379815305,0.6388186590911223,0.8887138304012066,-0.5248499163373928,0.04811476101791077,0.0,0.7637967966721027,-0.20808888400449355,0.21052631578947367,0.21052631578947367,0.05263157894736842,19,0.5263578283050729,35.20698464264263
top_momentum_30-1-7-200,top_momentum,"[30, 1, 7, 200]",aggressive,full,7.826375827861506,0.8362104857804009,0.7272737332193574,1.1988678311204237,-0.6450560335337345,0.07986613067275934,0.0,0.9751041045037843,-0.42358654997949274,0.3488372093023256,0.2558139534883721,0.11627906976744186,43,0.5783390051326645,37.1084008783413
top_momentum_30-2-1-200,top_momentum,"[30, 2, 1, 200]",conservative,train,0.7076793733709825,0.3063038345858575,0.2552068317667465,1.1744981284835025,-0.277822001880737,0.028046310995284356,0.0,0.27921188470409053,-0.1816176707485937,0.4583333333333333,0.2916666666666667,0.125,24,0.2275346637259125,35.526361297397926
top_momentum_30-2-1-200,top_momentum,"[30, 2, 1, 200]",conservative,test,0.03714167570747828,0.023337509780060106,0.19780543676442022,0.2156198626581928,-0.298083733416204,0.004011511662359924,0.0,0.21178616392600969,-0.13135268847189496,0.2631578947368421,0.05263157894736842,0.05263157894736842,19,0.15795017413249385,27.113609578462246
top_momentum_30-2-1-200,top_momentum,"[30, 2, 1, 200]",conservative,full,0.7711054468690901,0.17293271190647586,0.23164584266357696,0.8043736743474185,-0.29808373341620487,0.017426283383061934,0.0,0.27921188470409053,-0.1816176707485937,0.37209302325581395,0.18604651162790697,0.09302325581395349,43,0.19683875356123165,31.815231525359785
top_momentum_30-2-1-200,top_momentum,"[30, 2, 1, 200]",balanced,train,1.5777601337654312,0.6045008954301652,0.5027432780211963,1.191448804251487,-0.46686381283685474,0.0614595997352497,0.0,0.6205782035666778,-0.31693295779504105,0.4583333333333333,0.3333333333333333,0.20833333333333334,24,0.4509678145378931,69.06486378204707
top_momentum_30-2-1-200,top_momentum,"[30, 2, 1, 200]",balanced,test,0.02545164109837783,0.016025838782318447,0.3937656507690633,0.23765118778699046,-0.5080315292599701,0.009589456866295433,0.0,0.45157221131403347,-0.2483325028059129,0.2631578947368421,0.10526315789473684,0.10526315789473684,19,0.3154667321369762,53.594636834567474
top_momentum_30-2-1-200,top_momentum,"[30, 2, 1, 200]",balanced,full,1.6433683595277486,0.31160765225810527,0.45787923166244354,0.8212620600031111,-0.5080315292599706,0.038540234281525726,0.0,0.6205782035666778,-0.31693295779504105,0.37209302325581395,0.23255813953488372,0.16279069767441862,43,0.3911940190139412,62.24045938701976
top_momentum_30-2-1-200,top_momentum,"[30, 2, 1, 200]",aggressive,train,2.7422520255556315,0.9327447230985628,0.7751813879806504,1.236832351201883,-0.6086560825291158,0.10640047135622371,0.0,1.1252914009939303,-0.42183472100834074,0.4583333333333333,0.4166666666666667,0.25,24,0.7029373033560151,102.51555604073471
top_momentum_30-2-1-200,top_momentum,"[30, 2, 1, 200]",aggressive,test,-0.031528304749500524,-0.02006145761789202,0.6210113935670478,0.27882562093187796,-0.6709713878594168,0.019092958832799906,0.0,0.7756005743979122,-0.37135994954977813,0.2631578947368421,0.15789473684210525,0.15789473684210525,19,0.5025340428135078,84.01949014918192
top_momentum_30-2-1-200,top_momentum,"[30, 2, 1, 200]",aggressive,full,2.624265163244493,0.43235755374810747,0.7113045995123152,0.8606856508240359,-0.670971387859417,0.0678227332644783,0.0,1.1252914009939303,-0.42183472100834074,0.37209302325581395,0.3023255813953488,0.20930232558139536,43,0.614533112734435,94.35635877817663
top_momentum_30-2-7-200,top_momentum,"[30, 2, 7, 200]",conservative,train,0.6225555262397933,0.2733740894247467,0.2530667767552864,1.0815408696907267,-0.32470189302285013,0.024279650393387114,0.0,0.2977849969238133,-0.1532624414230993,0.4166666666666667,0.25,0.041666666666666664,24,0.22306950391489094,13.741047638710672
top_momentum_30-2-7-200,top_momentum,"[30, 2, 7, 200]",conservative,test,0.2744520287198289,0.1658046406982867,0.2048712707175864,0.8513809686110362,-0.17900794613249815,0.01456408435724649,0.0,0.23704471616930256,-0.04903779829129162,0.2631578947368421,0.05263157894736842,0.0,19,0.1688572858972916,10.22342925725214
top_momentum_30-2-7-200,top_momentum,"[30, 2, 7, 200]",conservative,full,1.067869182126873,0.22474968752740065,0.2330352038855652,0.9865769533731356,-0.32470189302285013,0.019986725865790093,0.0,0.2977849969238133,-0.1532624414230993,0.3488372093023256,0.16279069767441862,0.023255813953488372,43,0.1991547869453536,12.18931537104892
top_momentum_30-2-7-200,top_momentum,"[30, 2, 7, 200]",balanced,train,1.412819754869405,0.5523898519126971,0.4986828315421067,1.131381740213966,-0.5343761258348836,0.05314475133051224,0.0,0.6671877887304927,-0.2884540869833626,0.4166666666666667,0.2916666666666667,0.16666666666666666,24,0.4440898700233726,26.483462261978524
top_momentum_30-2-7-200,top_momentum,"[30, 2, 7, 200]",balanced,test,0.5508284384975046,0.319918948452657,0.4051408871631102,0.8881471147377199,-0.3267186246172755,0.030379736754398638,0.0,0.5129064785793798,-0.10105620520027725,0.2631578947368421,0.15789473684210525,0.05263157894736842,19,0.3369740739536101,19.760279147470154
top_momentum_30-2-7-200,top_momentum,"[30, 2, 7, 200]",balanced,full,2.741869492820091,0.44517860384753205,0.4597648026196322,1.0310575809682525,-0.5343761258348836,0.04308579140153181,0.0,0.6671877887304927,-0.2884540869833626,0.3488372093023256,0.23255813953488372,0.11627906976744186,43,0.39683771839320975,23.51765442018087
top_momentum_30-2-7-200,top_momentum,"[30, 2, 7, 200]",aggressive,train,2.554578864371167,0.8837243035978595,0.7772056144943578,1.2036136968075914,-0.6825549453153443,0.09611076261552343,0.0,1.2219099941342462,-0.42851883883084896,0.4166666666666667,0.2916666666666667,0.20833333333333334,24,0.7010530953475498,39.651495309725455
top_momentum_30-2-7-200,top_momentum,"[30, 2, 7, 200]",aggressive,test,0.8448370888121897,0.4731275195630127,0.6332660922846183,0.9293291074263289,-0.4705398239605867,0.051099251798795924,0.0,0.897568276750097,-0.1663992948835049,0.2631578947368421,0.15789473684210525,0.10526315789473684,19,0.5361813818709575,30.202378711010834
top_momentum_30-2-7-200,top_momentum,"[30, 2, 7, 200]",aggressive,full,5.557618924099799,0.6901087249423603,0.717270278559312,1.0908133076848494,-0.6825549453153443,0.0762219555104578,0.0,1.2219099941342462,-0.42851883883084896,0.3488372093023256,0.23255813953488372,0.16279069767441862,43,0.6283229893261478,35.483192345307764
top_momentum_30-3-1-200,top_momentum,"[30, 3, 1, 200]",conservative,train,0.7681067607894152,0.329183519821471,0.2527146734920244,1.2522947023596827,-0.27595142679165474,0.029372814016817145,0.0,0.3188790123105063,-0.15706299427981563,0.4583333333333333,0.25,0.125,24,0.2417918519442673,36.026123242311755
top_momentum_30-3-1-200,top_momentum,"[30, 3, 1, 200]",conservative,test,-0.049653669345809504,-0.03170323182259693,0.19787955312529684,-0.06376498519937089,-0.3054574389494552,-0.0008486741499299452,0.0,0.1892979343979453,-0.13453001042011825,0.2631578947368421,0.05263157894736842,0.05263157894736842,19,0.16534915145175438,28.50928562798788
top_momentum_30-3-1-200,top_momentum,"[30, 3, 1, 200]",conservative,full,0.6803137723210726,0.15583445243034766,0.23014454397788722,0.744318431699328,-0.30545743894945676,0.01601913319895215,0.0,0.3188790123105063,-0.15706299427981563,0.37209302325581395,0.16279069767441862,0.09302325581395349,43,0.20807056892883924,32.71020940174227
top_momentum_30-3-1-200,top_momentum,"[30, 3, 1, 200]",balanced,train,1.7074631238614315,0.6443164617480743,0.49763518620105157,1.2478665524381267,-0.48027806941051276,0.06367897254079652,0.0,0.7222494223508935,-0.2919083211685565,0.4583333333333333,0.3333333333333333,0.25,24,0.47907733988301854,70.06396801885553
top_momentum_30-3-1-200,top_momentum,"[30, 3, 1, 200]",balanced,test,-0.13812325675077863,-0.08974358012749772,0.3936003907531446,-0.04165483371081992,-0.5175067578309609,-0.0006000490045011745,0.0,0.398246454233133,-0.2539164874730667,0.2631578947368421,0.05263157894736842,0.15789473684210525,19,0.3301312854288641,56.38598893361874
top_momentum_30-3-1-200,top_momentum,"[30, 3, 1, 200]",balanced,full,1.3334994996610323,0.26675691462222484,0.4546916285941336,0.7473525335298766,-0.5175067578309627,0.03527661418357196,0.0,0.7222494223508935,-0.2919083211685565,0.37209302325581395,0.20930232558139536,0.20930232558139536,43,0.41337254369032206,64.03018060893075
top_momentum_30-3-1-200,top_momentum,"[30, 3, 1, 200]",aggressive,train,2.8563785459939797,0.9619542922208304,0.7662881827299187,1.2620458278132736,-0.632667204022224,0.11042688984486553,0.0,1.3415757445784275,-0.42821298556011034,0.4583333333333333,0.375,0.25,24,0.7465448070480237,104.8286187349873
top_momentum_30-3-1-200,top_momentum,"[30, 3, 1, 200]",aggressive,test,-0.26931812453023474,-0.18003190636050548,0.6207810554963927,-0.008178740029388605,-0.6797641521897,0.0016391179206065411,0.0,0.6724756961354617,-0.3789718351137613,0.3157894736842105,0.10526315789473684,0.15789473684210525,19,0.5251483166926344,87.96365534292245
top_momentum_30-3-1-200,top_momentum,"[30, 3, 1, 200]",aggressive,full,1.8177859085082453,0.3352042920962408,0.7058159636601627,0.7625739573282871,-0.6797641521897001,0.062357874343448756,0.0,1.3415757445784275,-0.42821298556011034,0.3953488372093023,0.2558139534883721,0.20930232558139536,43,0.6488798415013421,97.38895216218806
top_momentum_30-3-7-200,top_momentum,"[30, 3, 7, 200]",conservative,train,0.5986468192492282,0.2639703845853467,0.2511953655283045,1.0582122351498098,-0.31378619371821936,0.023971010100030204,0.0,0.3089781888554315,-0.1577633716060799,0.4166666666666667,0.20833333333333334,0.041666666666666664,24,0.235434213000386,14.393546387404186
top_momentum_30-3-7-200,top_momentum,"[30, 3, 7, 200]",conservative,test,0.28684127439831175,0.17296098680776084,0.20443903720075357,0.8827085762336343,-0.1764695568375445,0.015156546111642388,0.0,0.24285201223191533,-0.056689129283174156,0.3157894736842105,0.05263157894736842,0.0,19,0.17818670384303611,10.719658317824333
top_momentum_30-3-7-200,top_momentum,"[30, 3, 7, 200]",conservative,full,1.0572047101955047,0.22298382142855266,0.23173241536270112,0.9846008927565291,-0.31378619371821936,0.02007624694237047,0.0,0.3089781888554315,-0.1577633716060799,0.37209302325581395,0.13953488372093023,0.023255813953488372,43,0.21018053350207494,12.772878638055886
top_momentum_30-3-7-200,top_momentum,"[30, 3, 7, 200]",balanced,train,1.3434666100570731,0.5299470608426944,0.49491934078560984,1.1068842485977322,-0.519903512491664,0.053259359471758305,0.0,0.6965074533993909,-0.2963700315144089,0.4166666666666667,0.2916666666666667,0.16666666666666666,24,0.46803945457945156,27.78846076386446
top_momentum_30-3-7-200,top_momentum,"[30, 3, 7, 200]",balanced,test,0.568238598675183,0.3292732481891456,0.4038312141505568,0.9073391334100337,-0.3275028231919249,0.03131239488891189,0.0,0.52764633544096,-0.1163976753671121,0.3157894736842105,0.15789473684210525,0.10526315789473684,19,0.3552926329699987,20.61859520086056
top_momentum_30-3-7-200,top_momentum,"[30, 3, 7, 200]",balanced,full,2.675114792597971,0.4379373705835772,0.45697514363392294,1.0236755369840527,-0.519903512491664,0.04356186349329128,0.0,0.6965074533993909,-0.2963700315144089,0.37209302325581395,0.23255813953488372,0.13953488372093023,43,0.41830328021503704,24.625607224221305
top_momentum_30-3-7-200,top_momentum,"[30, 3, 7, 200]",aggressive,train,2.3285600803020516,0.8229341448380829,0.770978489069538,1.1650385251372466,-0.6738933793126389,0.09700304964486563,0.0,1.2858408416040201,-0.4392743091701836,0.4166666666666667,0.3333333333333333,0.25,24,0.7369951118757146,41.68493899413716
top_momentum_30-3-7-200,top_momentum,"[30, 3, 7, 200]",aggressive,test,0.9206580825206387,0.5111427646624864,0.6306852398869575,0.9712562333544047,-0.4586657128758391,0.05431913125374142,0.0,0.928454798340623,-0.19082609028006903,0.2631578947368421,0.2631578947368421,0.10526315789473684,19,0.5639595165038841,31.65687277415292
top_momentum_30-3-7-200,top_momentum,"[30, 3, 7, 200]",aggressive,full,5.393025821387687,0.6781624097331034,0.7124948058596065,1.0838041670235734,-0.6738933793126389,0.07814271361157818,0.0,1.2858408416040201,-0.4392743091701836,0.3488372093023256,0.3023255813953488,0.18604651162790697,43,0.6606636604005264,37.26124311574961
top_momentum_60-1-1-200,top_momentum,"[60, 1, 1, 200]",conservative,train,0.007766843179258354,0.003870597798569797,0.25481842038461594,0.14249232267995646,-0.42388335204965,0.004405642454693622,0.0,0.2425621698229603,-0.18116064435440982,0.3333333333333333,0.08333333333333333,0.16666666666666666,24,0.21144914611900673,27.693745697186834
top_momentum_60-1-1-200,top_momentum,"[60, 1, 1, 200]",conservative,test,0.081574364392343,0.050856626433995356,0.19671847221978273,0.350478433628427,-0.16089414658448353,0.005299477756981024,0.0,0.15030490014291398,-0.05804067364542098,0.21052631578947367,0.10526315789473684,0.0,19,0.16634341361155014,29.323426377954014
top_momentum_60-1-1-200,top_momentum,"[60, 1, 1, 200]",conservative,full,0.0899747828672739,0.024332930789941143,0.23099370779172382,0.21951419569418304,-0.42388335204965,0.004800592937099684,0.0,0.2425621698229603,-0.18116064435440982,0.27906976744186046,0.09302325581395349,0.09302325581395349,43,0.19155158674836267,28.412649177922813
top_momentum_60-1-1-200,top_momentum,"[60, 1, 1, 200]",balanced,train,-0.09387235978066011,-0.048028446086578414,0.501347426488067,0.15232416072297755,-0.6817262123439918,0.011737677127887466,0.0,0.5303910000156746,-0.3233189784756384,0.3333333333333333,0.2916666666666667,0.25,24,0.4204294385253327,54.388859383429754
top_momentum_60-1-1-200,top_momentum,"[60, 1, 1, 200]",balanced,test,0.11069191079676877,0.06866530763390011,0.38723644037824545,0.3649448558599344,-0.29039602824094013,0.00996010583164333,0.0,0.2957519302524545,-0.114064571727577,0.15789473684210525,0.15789473684210525,0.05263157894736842,19,0.3240178782836461,57.38168811119399
top_momentum_60-1-1-200,top_momentum,"[60, 1, 1, 200]",balanced,full,0.00642864014099187,0.001789782908587334,0.4545477625418984,0.23104276741162852,-0.6817262123439918,0.010952238648151685,0.0,0.5303910000156746,-0.3233189784756384,0.2558139534883721,0.23255813953488372,0.16279069767441862,43,0.3778992624859954,55.70909040477529
top_momentum_60-1-1-200,top_momentum,"[60, 1, 1, 200]",aggressive,train,-0.25965371134240556,-0.13938926781252914,0.7791704170105753,0.19679248019525758,-0.8539556759693241,0.025969603579176142,0.0,0.942522371896034,-0.41960489798429923,0.3333333333333333,0.3333333333333333,0.2916666666666667,24,0.6618994598171042,82.60340467760122
top_momentum_60-1-1-200,top_momentum,"[60, 1, 1, 200]",aggressive,test,-0.015177305857404289,-0.009627851521123443,0.6016590070235672,0.2848540800100776,-0.41733835538607555,0.007932938206677235,0.0,0.3541232327950221,-0.17858959736177726,0.15789473684210525,0.15789473684210525,0.15789473684210525,19,0.4959951769305148,88.53628393745585
top_momentum_60-1-1-200,top_momentum,"[60, 1, 1, 200]",aggressive,full,-0.2708901734057545,-0.08438668342582556,0.7063742041880134,0.2283454930856006,-0.8539556759693241,0.017999914228537087,0.0,0.942522371896034,-0.41960489798429923,0.2558139534883721,0.2558139534883721,0.23255813953488372,43,0.5887138549045949,85.22058459574811
top_momentum_60-1-7-200,top_momentum,"[60, 1, 7, 200]",conservative,train,0.3556904889575341,0.1640988964011587,0.2519018697827109,0.7290956530490107,-0.33678255145186586,0.015484888167167005,0.0,0.2498507355133781,-0.13234442233401045,0.375,0.08333333333333333,0.041666666666666664,24,0.21498851773296968,11.436366328739812
top_momentum_60-1-7-200,top_momentum,"[60, 1, 7, 200]",conservative,test,0.15708651978979082,0.0966905631422148,0.20017042661129267,0.5613279936123272,-0.1566239191503661,0.008257394700753479,0.0,0.0970882409242626,-0.03366029453171426,0.2631578947368421,0.0,0.0,19,0.17905658825847018,9.609104710942624
top_momentum_60-1-7-200,top_momentum,"[60, 1, 7, 200]",conservative,full,0.5686511897799829,0.13386676530019437,0.23051384636882802,0.6602995703522332,-0.33678255145186586,0.012291344542472656,0.0,0.2498507355133781,-0.13234442233401045,0.32558139534883723,0.046511627906976744,0.023255813953488372,43,0.19913781184093127,10.630303673182489
top_momentum_60-1-7-200,top_momentum,"[60, 1, 7, 200]",balanced,train,0.7244423956080832,0.3126909143649006,0.49639199987019567,0.7960508483232507,-0.5413637021419895,0.03391751101497901,0.0,0.5476329046661144,-0.2524107532517056,0.375,0.2916666666666667,0.16666666666666666,24,0.42763764598898635,21.87410064653571
top_momentum_60-1-7-200,top_momentum,"[60, 1, 7, 200]",balanced,test,0.24500304900365588,0.14869074547591676,0.3944020773502397,0.5493203201980889,-0.30041550171181475,0.013715183058520205,0.0,0.19803705581501507,-0.07210826838781703,0.2631578947368421,0.10526315789473684,0.0,19,0.3492915700032002,18.585624467292682
top_momentum_60-1-7-200,top_momentum,"[60, 1, 7, 200]",balanced,full,1.146936040363236,0.23764126563770183,0.4542268100462312,0.6965929930592377,-0.5413637021419895,0.024990900987706514,0.0,0.5476329046661144,-0.2524107532517056,0.32558139534883723,0.20930232558139536,0.09302325581395349,43,0.3930767240900578,20.423450221900215
top_momentum_60-1-7-200,top_momentum,"[60, 1, 7, 200]",aggressive,train,1.1975383714536951,0.4816115361584892,0.7749300108451788,0.8940310826435213,-0.6767496018610222,0.06225693212660046,0.0,0.9758022110484184,-0.3806194489224439,0.375,0.2916666666666667,0.20833333333333334,24,0.6762826279484954,33.001297012569324
top_momentum_60-1-7-200,top_momentum,"[60, 1, 7, 200]",aggressive,test,0.18663058138898014,0.11432197404472566,0.6145476204983973,0.4849562164488227,-0.45270126654046505,0.014410379018957586,0.0,0.32339290477496974,-0.12369382690142727,0.21052631578947367,0.15789473684210525,0.10526315789473684,19,0.5358930824027262,27.8141321408074
top_momentum_60-1-7-200,top_momentum,"[60, 1, 7, 200]",aggressive,full,1.6076662353427005,0.30663999995385915,0.7086611222148574,0.7318877245474251,-0.6767496018610222,0.04111543191624663,0.0,0.9758022110484184,-0.3806194489224439,0.3023255813953488,0.23255813953488372,0.16279069767441862,43,0.6143523773522348,30.71307519987312
top_momentum_60-2-1-200,top_momentum,"[60, 2, 1, 200]",conservative,train,0.17265101783624748,0.08277216149297639,0.25073408734423963,0.4425557275828208,-0.38729336069246345,0.011531925547585434,0.0,0.27845766352575096,-0.1792857580955125,0.4166666666666667,0.20833333333333334,0.125,24,0.23489579012493406,31.031903220996664
top_momentum_60-2-1-200,top_momentum,"[60, 2, 1, 200]",conservative,test,0.14300936987085833,0.08823144603516386,0.19608055320294268,0.5293541668388171,-0.184531590407241,0.008547680141371493,0.0,0.14182450427816806,-0.056477249660829676,0.21052631578947367,0.15789473684210525,0.0,19,0.170386540104573,20.562141760086377
top_momentum_60-2-1-200,top_momentum,"[60, 2, 1, 200]",conservative,full,0.3403511009754363,0.08517703973826496,0.22824019188448527,0.4723177188576255,-0.38729336069246345,0.010213305484374623,0.0,0.27845766352575096,-0.1792857580955125,0.32558139534883723,0.18604651162790697,0.06976744186046512,43,0.2064387279982151,26.41336165911193
top_momentum_60-2-1-200,top_momentum,"[60, 2, 1, 200]",balanced,train,0.24251398504283017,0.11451557308915317,0.49368143990643615,0.46665750580709087,-0.6400693421038478,0.028246741801074535,0.0,0.6189187608792219,-0.3153307830681299,0.375,0.2916666666666667,0.20833333333333334,24,0.46718641978431324,60.83809146079636
top_momentum_60-2-1-200,top_momentum,"[60, 2, 1, 200]",balanced,test,0.2579243605592112,0.15621791034137278,0.3857162530455954,0.5695110692701815,-0.3301816399338645,0.01792648603326177,0.0,0.2957084386854052,-0.10919197009648296,0.21052631578947367,0.21052631578947367,0.05263157894736842,19,0.3370394452776021,40.10387177317902
top_momentum_60-2-1-200,top_momentum,"[60, 2, 1, 200]",balanced,full,0.5629886101208716,0.13272309453649944,0.44925756120898325,0.5022851957989346,-0.6400693421038478,0.023686628787389828,0.0,0.6189187608792219,-0.3153307830681299,0.3023255813953488,0.2558139534883721,0.13953488372093023,43,0.40977448989870746,51.6915740603719
top_momentum_60-2-1-200,top_momentum,"[60, 2, 1, 200]",aggressive,train,0.25721818419107745,0.12108187352278454,0.7660280836365913,0.5329765925075305,-0.821029671315283,0.057151164384440796,0.0,1.122428834884131,-0.4154201708124895,0.375,0.2916666666666667,0.25,24,0.7344188853182749,92.69157722579513
top_momentum_60-2-1-200,top_momentum,"[60, 2, 1, 200]",aggressive,test,0.3304925478353651,0.19797590003467214,0.6012511795986726,0.6017638197317825,-0.4530733994896956,0.029053035649556233,0.0,0.49574176969706873,-0.17205139173905282,0.21052631578947367,0.21052631578947367,0.21052631578947367,19,0.5245620433023216,60.98550787575078
top_momentum_60-2-1-200,top_momentum,"[60, 2, 1, 200]",aggressive,full,0.6727194250693396,0.15437432878615165,0.6981398298599891,0.5554451438775193,-0.821029671315283,0.044735712152747624,0.0,1.122428834884131,-0.4154201708124895,0.3023255813953488,0.2558139534883721,0.23255813953488372,43,0.6418444221353963,78.70503134278626
top_momentum_60-2-7-200,top_momentum,"[60, 2, 7, 200]",conservative,train,0.4365629222738934,0.19827008533223212,0.24819353074357317,0.852935297838086,-0.3259965489683172,0.01837493355940643,0.0,0.28952507551493567,-0.13440015726795507,0.375,0.125,0.041666666666666664,24,0.2376977748257224,12.670160013892911
top_momentum_60-2-7-200,top_momentum,"[60, 2, 7, 200]",conservative,test,0.1106916868850032,0.0686651713507751,0.19920609973859182,0.43307616173006397,-0.1442797358159461,0.0063854494911067304,0.0,0.09546722366579075,-0.04468477601408205,0.21052631578947367,0.0,0.0,19,0.17740598549760603,9.084245182425368
top_momentum_60-2-7-200,top_momentum,"[60, 2, 7, 200]",conservative,full,0.5955784954568439,0.13926490700803096,0.2278829491620165,0.6861663010860835,-0.3259965489683172,0.013077254552483307,0.0,0.28952507551493567,-0.13440015726795507,0.3023255813953488,0.06976744186046512,0.023255813953488372,43,0.21110116745391572,11.088300030898438
top_momentum_60-2-7-200,top_momentum,"[60, 2, 7, 200]",balanced,train,0.929510392960279,0.38844383611040234,0.4889423609801941,0.9158340225535936,-0.5289627537295601,0.0407231798066918,0.0,0.6463693002539408,-0.2558022374927138,0.375,0.2916666666666667,0.16666666666666666,24,0.47311004202146534,24.34168801684191
top_momentum_60-2-7-200,top_momentum,"[60, 2, 7, 200]",balanced,test,0.17599505606120824,0.10799365181436738,0.3921471289016932,0.4579028663426523,-0.2704099280640222,0.011774844198640921,0.0,0.19444688796104614,-0.09216806989374782,0.21052631578947367,0.21052631578947367,0.0,19,0.35137905555375865,17.535908042493716
top_momentum_60-2-7-200,top_momentum,"[60, 2, 7, 200]",balanced,full,1.2690946827400205,0.2569018933429996,0.4488190554893721,0.7340768115059859,-0.5289627537295601,0.0279320547705763,0.0,0.6463693002539408,-0.2558022374927138,0.3023255813953488,0.2558139534883721,0.09302325581395349,43,0.41941066955061923,21.339444098494123
top_momentum_60-2-7-200,top_momentum,"[60, 2, 7, 200]",aggressive,train,1.6002559390408293,0.611477253735921,0.7629907854631742,1.007083139739872,-0.6676913829248883,0.07548527942693006,0.0,1.17852652076605,-0.3849006020288498,0.375,0.2916666666666667,0.20833333333333334,24,0.7482181719126773,36.94670972248169
top_momentum_60-2-7-200,top_momentum,"[60, 2, 7, 200]",aggressive,test,0.17544180958567912,0.1076638864615338,0.6118064397096705,0.4737447832536336,-0.404300187828881,0.016253386855811996,0.0,0.31693599123227956,-0.1520018421853946,0.21052631578947367,0.21052631578947367,0.10526315789473684,19,0.5486982909208504,26.481754916210374
top_momentum_60-2-7-200,top_momentum,"[60, 2, 7, 200]",aggressive,full,2.0564495463720656,0.3658431623806857,0.7003272944757782,0.7957557207696087,-0.6676913829248883,0.049313047825738365,0.0,1.17852652076605,-0.3849006020288498,0.3023255813953488,0.2558139534883721,0.16279069767441862,43,0.6602036678360076,32.33028852736047
top_momentum_60-3-1-200,top_momentum,"[60, 3, 1, 200]",conservative,train,0.17511826643413575,0.08390907682848403,0.2501053943456475,0.44728384121138326,-0.3791191510663432,0.011818868800470625,0.0,0.29188030772371043,-0.17533028286416563,0.4166666666666667,0.25,0.125,24,0.24525159737886654,32.090993561092844
top_momentum_60-3-1-200,top_momentum,"[60, 3, 1, 200]",conservative,test,0.12049262435817987,0.07462084687755266,0.1966926584432137,0.4643623391847817,-0.1851677231946861,0.007511934466250308,0.0,0.1355205694884387,-0.06631208626246565,0.21052631578947367,0.10526315789473684,0.0,19,0.1734481787124791,20.05021694249706
top_momentum_60-3-1-200,top_momentum,"[60, 3, 1, 200]",conservative,full,0.3167113502880279,0.07980189093512502,0.22808699794312018,0.4507536079639463,-0.3791191510663432,0.009915804792326765,0.0,0.29188030772371043,-0.17533028286416563,0.32558139534883723,0.18604651162790697,0.06976744186046512,43,0.21357684770722626,26.779427728577737
top_momentum_60-3-1-200,top_momentum,"[60, 3, 1, 200]",balanced,train,0.25245907726442396,0.11896087790135157,0.49242867409630403,0.47487685746605995,-0.6274446304842456,0.02940038344383689,0.0,0.6525796086225479,-0.3059143482140675,0.375,0.2916666666666667,0.20833333333333334,24,0.48753186391105957,62.842593894363915
top_momentum_60-3-1-200,top_momentum,"[60, 3, 1, 200]",balanced,test,0.20109899538123455,0.1228975763721667,0.38702365563943153,0.4934781992692065,-0.33586165930585854,0.015577479776810997,0.0,0.27307223289294624,-0.13452350195218243,0.21052631578947367,0.15789473684210525,0.10526315789473684,19,0.3434868554917664,39.114007456292306
top_momentum_60-3-1-200,top_momentum,"[60, 3, 1, 200]",balanced,full,0.5043273394584074,0.12069577546092392,0.4489851498819643,0.4787200268434636,-0.6274446304842456,0.02329258880026731,0.0,0.6525796086225479,-0.3059143482140675,0.3023255813953488,0.23255813953488372,0.16279069767441862,43,0.4239890734997965,52.37516700233998
top_momentum_60-3-1-200,top_momentum,"[60, 3, 1, 200]",aggressive,train,0.2938563434707986,0.13727763915962177,0.7636481468873845,0.5515398377219863,-0.8105120964192563,0.06043979059392868,0.0,1.1921423899739727,-0.41700587662082234,0.3333333333333333,0.2916666666666667,0.25,24,0.7659753229184991,95.54912314356713
top_momentum_60-3-1-200,top_momentum,"[60, 3, 1, 200]",aggressive,test,0.24825586635257957,0.15058833023324292,0.6033428678324809,0.535168128963774,-0.4598785567879926,0.02597556387274958,0.0,0.44764415608890573,-0.21744489756333107,0.21052631578947367,0.21052631578947367,0.21052631578947367,19,0.536871659084902,59.24391969836249
top_momentum_60-3-1-200,top_momentum,"[60, 3, 1, 200]",aggressive,full,0.615063770954912,0.14313031659162867,0.697478566623126,0.5416975871375195,-0.8105120964192563,0.04521141134503559,0.0,1.1921423899739727,-0.41700587662082234,0.27906976744186046,0.2558139534883721,0.23255813953488372,43,0.6649104803864001,79.53375434549137
top_momentum_60-3-7-200,top_momentum,"[60, 3, 7, 200]",conservative,train,0.3832347010703432,0.1758490313719807,0.24765821657304574,0.7779939259640983,-0.32911489642372715,0.016988814978093677,0.0,0.30497423735929186,-0.1273173620197331,0.375,0.125,0.041666666666666664,24,0.2474352841835753,12.660860854986094
top_momentum_60-3-7-200,top_momentum,"[60, 3, 7, 200]",conservative,test,0.07726535589345507,0.04820629733081261,0.1982485118053011,0.3367331884825553,-0.16220069601034037,0.004729644379575892,0.0,0.1072883122512942,-0.06161260314809658,0.21052631578947367,0.05263157894736842,0.0,19,0.18177078429612203,9.313050129385324
top_momentum_60-3-7-200,top_momentum,"[60, 3, 7, 200]",conservative,full,0.49011082253270866,0.1177302017429942,0.22718806046234438,0.6035943379558399,-0.32911489642372715,0.011571972155492794,0.0,0.30497423735929186,-0.1273173620197331,0.3023255813953488,0.09302325581395349,0.023255813953488372,43,0.21846860495187767,11.184036093004714
top_momentum_60-3-7-200,top_momentum,"[60, 3, 7, 200]",balanced,train,0.7989473221197652,0.34070982473263944,0.48766908258513525,0.8453532239872201,-0.5312665355324393,0.0386666196363667,0.0,0.6858594611595885,-0.2439782223901793,0.3333333333333333,0.2916666666666667,0.20833333333333334,24,0.49215237393385475,24.323089551730895
top_momentum_60-3-7-200,top_momentum,"[60, 3, 7, 200]",balanced,test,0.10535799694946424,0.06541596903377966,0.3907165478527017,0.35798009420366556,-0.3073057502966876,0.008449018690687727,0.0,0.21851188827649626,-0.12604460115006444,0.21052631578947367,0.15789473684210525,0.05263157894736842,19,0.36043852754671196,17.993517936413628
top_momentum_60-3-7-200,top_momentum,"[60, 3, 7, 200]",balanced,full,0.9884808085959063,0.21144301760149387,0.4474926234758242,0.6527381787049449,-0.5312665355324393,0.025314656427810875,0.0,0.6858594611595885,-0.2439782223901793,0.27906976744186046,0.23255813953488372,0.13953488372093023,43,0.4340492475077223,21.53091614038681
top_momentum_60-3-7-200,top_momentum,"[60, 3, 7, 200]",aggressive,train,1.3407262877673252,0.5290535044752436,0.7605570302222355,0.9393392542184625,-0.6687045554935916,0.07359594251965941,0.0,1.262197778025071,-0.36988629215322866,0.2916666666666667,0.2916666666666667,0.20833333333333334,24,0.7768791738039906,36.90428123215281
top_momentum_60-3-7-200,top_momentum,"[60, 3, 7, 200]",aggressive,test,0.046164524792886574,0.028960271024464745,0.6106413688551577,0.3531027059264577,-0.4582677319153763,0.010275586861173585,0.0,0.35570714709631757,-0.20560030740533086,0.21052631578947367,0.15789473684210525,0.10526315789473684,19,0.5642985403997317,27.17504634287275
top_momentum_60-3-7-200,top_momentum,"[60, 3, 7, 200]",aggressive,full,1.4487848045123166,0.28391846292756506,0.6983970397561062,0.7078836135717171,-0.6687045554935916,0.04561718071707265,0.0,1.262197778025071,-0.36988629215322866,0.2558139534883721,0.23255813953488372,0.16279069767441862,43,0.6831031604444667,32.61240926646887
top_momentum_90-1-1-200,top_momentum,"[90, 1, 1, 200]",conservative,train,0.01378364364536555,0.006858807674213319,0.25756490854203723,0.1554592551483326,-0.33935683289139007,0.004549689036061515,0.0,0.25128828447261564,-0.18116064435440982,0.4166666666666667,0.08333333333333333,0.125,24,0.21136207206146432,30.58650676528211
top_momentum_90-1-1-200,top_momentum,"[90, 1, 1, 200]",conservative,test,0.2566907527145905,0.15550051655950692,0.1929418776241775,0.845439233220632,-0.18908761747321357,0.015279678861664895,0.0,0.24076357261076908,-0.0924290014058693,0.21052631578947367,0.10526315789473684,0.0,19,0.166859862301708,21.796922643704974
top_momentum_90-1-1-200,top_momentum,"[90, 1, 1, 200]",conservative,full,0.2740125302224363,0.0699141466094968,0.23129159484409378,0.4078627178447545,-0.33935683289139007,0.009290847331095567,0.0,0.25128828447261564,-0.18116064435440982,0.32558139534883723,0.09302325581395349,0.06976744186046512,43,0.19173074558487457,26.70914435079434
top_momentum_90-1-1-200,top_momentum,"[90, 1, 1, 200]",balanced,train,-0.09140800998036702,-0.046736581333823524,0.5091399282573865,0.16123817572350108,-0.5619673348218912,0.011466327417042793,0.0,0.5509379574005464,-0.3233189784756384,0.4166666666666667,0.25,0.16666666666666666,24,0.4215123943579068,59.67506551414835
top_momentum_90-1-1-200,top_momentum,"[90, 1, 1, 200]",balanced,test,0.4077072322646931,0.24149873710155334,0.37936999103428315,0.7596568773430308,-0.3508141079099334,0.029710053239644818,0.0,0.446132839230138,-0.18102207307615115,0.21052631578947367,0.21052631578947367,0.15789473684210525,19,0.3301518914364234,42.62673881022961
top_momentum_90-1-1-200,top_momentum,"[90, 1, 1, 200]",balanced,full,0.279031515528418,0.07108866681151205,0.4564593819339184,0.37902433576995603,-0.5619673348218912,0.019527508594471596,0.0,0.5509379574005464,-0.3233189784756384,0.32558139534883723,0.23255813953488372,0.16279069767441862,43,0.3812103988030935,52.1545116088264
top_momentum_90-1-1-200,top_momentum,"[90, 1, 1, 200]",aggressive,train,-0.27398332362181266,-0.14774725251227327,0.7970210580971308,0.20000296634186635,-0.7239007160154739,0.02399213077591031,0.0,0.9819353615198967,-0.44485829285788003,0.375,0.2916666666666667,0.2916666666666667,24,0.6655036313155702,90.29258661499786
top_momentum_90-1-1-200,top_momentum,"[90, 1, 1, 200]",aggressive,test,0.34565535078293785,0.20659430068138884,0.5905216106383508,0.6133947962885992,-0.5112762784891682,0.04117242980737366,0.0,0.7828234315359546,-0.2814238058085585,0.21052631578947367,0.21052631578947367,0.21052631578947367,19,0.5197522675160214,65.67245280693929
top_momentum_90-1-1-200,top_momentum,"[90, 1, 1, 200]",aggressive,full,-0.02303177467405071,-0.006481138501988393,0.7133250277974474,0.3488945819503592,-0.7239007160154739,0.03158342569678947,0.0,0.9819353615198967,-0.44485829285788003,0.3023255813953488,0.2558139534883721,0.2558139534883721,43,0.601208113798491,79.43187009569374
top_momentum_90-1-7-200,top_momentum,"[90, 1, 7, 200]",conservative,train,0.3408739816052182,0.1577288324150481,0.25789901906670043,0.6970758373784921,-0.36241977717444773,0.015411919055106318,0.0,0.2537903456017663,-0.16588437509426468,0.3333333333333333,0.20833333333333334,0.041666666666666664,24,0.21310071815089424,12.179188773466825
top_momentum_90-1-7-200,top_momentum,"[90, 1, 7, 200]",conservative,test,0.0760417049873876,0.047452960291018975,0.19302491310974673,0.33679202042932044,-0.21012569479464882,0.005625772591047129,0.0,0.20773758957803445,-0.0740981069596981,0.21052631578947367,0.05263157894736842,0.0,19,0.159758820847749,8.252531844753126
top_momentum_90-1-7-200,top_momentum,"[90, 1, 7, 200]",conservative,full,0.44283632533969874,0.10771959756803762,0.23152997734034453,0.5578038405427054,-0.36241977717444773,0.011087807826801094,0.0,0.2537903456017663,-0.16588437509426468,0.27906976744186046,0.13953488372093023,0.023255813953488372,43,0.18956992706227438,10.447016718522022
top_momentum_90-1-7-200,top_momentum,"[90, 1, 7, 200]",balanced,train,0.6750500431903288,0.2937806736649833,0.5085611812343388,0.7617225217629837,-0.5785078229864569,0.03423725298986658,0.0,0.5568374419284745,-0.31295664866585515,0.3333333333333333,0.25,0.16666666666666666,24,0.4238620468248355,23.35974553598973
top_momentum_90-1-7-200,top_momentum,"[90, 1, 7, 200]",balanced,test,0.08193201189342325,0.05107642909669452,0.3793362675592588,0.32146883686753797,-0.3997609500044521,0.011527501177128687,0.0,0.4491235069770185,-0.1477141555393673,0.21052631578947367,0.15789473684210525,0.15789473684210525,19,0.3182838621348082,15.87248136714923
top_momentum_90-1-7-200,top_momentum,"[90, 1, 7, 200]",balanced,full,0.8122902632510671,0.18048091162722324,0.4560871713893172,0.5926269903336863,-0.5785078229864569,0.024202711491214952,0.0,0.5568374419284745,-0.31295664866585515,0.27906976744186046,0.20930232558139536,0.16279069767441862,43,0.3772881840066813,20.056877473741288
top_momentum_90-1-7-200,top_momentum,"[90, 1, 7, 200]",aggressive,train,1.0657585089885577,0.4365616301806725,0.7948736408409152,0.8559577952515115,-0.7211183332074598,0.0632291559518961,0.0,0.9932591823349968,-0.46563443863377474,0.3333333333333333,0.2916666666666667,0.20833333333333334,24,0.6702416692858539,35.378328835695754
top_momentum_90-1-7-200,top_momentum,"[90, 1, 7, 200]",aggressive,test,0.03726072709041994,0.023411815653818557,0.5899798385984181,0.3352042103854476,-0.5726716846332889,0.021373555833834174,0.0,0.7879190514151768,-0.23438618816467727,0.21052631578947367,0.15789473684210525,0.3157894736842105,19,0.5064008718568289,24.13080554272474
top_momentum_90-1-7-200,top_momentum,"[90, 1, 7, 200]",aggressive,full,1.1427301730266848,0.2369642116688635,0.7117903133580756,0.656768987869578,-0.7211183332074598,0.04473482101600827,0.0,0.9932591823349968,-0.46563443863377474,0.27906976744186046,0.23255813953488372,0.2558139534883721,43,0.5979663328053131,30.416692031380556
top_momentum_90-2-1-200,top_momentum,"[90, 2, 1, 200]",conservative,train,0.18459841056783155,0.0882664749441171,0.25211153919008766,0.4616664479458275,-0.3432009010247262,0.01208721661887161,0.0,0.2738027491252084,-0.18281959864386,0.4166666666666667,0.16666666666666666,0.125,24,0.23553161682909232,31.525242127991547
top_momentum_90-2-1-200,top_momentum,"[90, 2, 1, 200]",conservative,test,0.15183439609421967,0.09353894918501227,0.1910952204197081,0.5634797743829186,-0.18291677984248766,0.009416155880495906,0.0,0.17265876339987196,-0.08505983168393727,0.21052631578947367,0.10526315789473684,0.0,19,0.17949411897507503,17.056126359243073
top_momentum_90-2-1-200,top_momentum,"[90, 2, 1, 200]",conservative,full,0.3644611948505605,0.09058918853590203,0.22722067751282327,0.495323737174872,-0.3432009010247262,0.01090698047865909,0.0,0.2738027491252084,-0.18281959864386,0.32558139534883723,0.13953488372093023,0.06976744186046512,43,0.21081171143018715,25.142459407373913
top_momentum_90-2-1-200,top_momentum,"[90, 2, 1, 200]",balanced,train,0.2597161770663414,0.12219354764977375,0.49861054867412186,0.48099911598118694,-0.5603068782772709,0.02911597175269794,0.0,0.6068009360845152,-0.3249985387709735,0.4166666666666667,0.2916666666666667,0.20833333333333334,24,0.4692075947253585,61.5369722719241
top_momentum_90-2-1-200,top_momentum,"[90, 2, 1, 200]",balanced,test,0.19698971069270166,0.12046583197312288,0.37582411412900724,0.49071081923845633,-0.3365036347004866,0.016556015299258386,0.0,0.36557434973005964,-0.16458130875440813,0.21052631578947367,0.15789473684210525,0.10526315789473684,19,0.35520308888719365,33.00918487544554
top_momentum_90-2-1-200,top_momentum,"[90, 2, 1, 200]",balanced,full,0.5078673023415639,0.12143106969461459,0.4486009757220968,0.4801327404540045,-0.5603068782772709,0.02356622355234093,0.0,0.6068009360845152,-0.3249985387709735,0.32558139534883723,0.23255813953488372,0.16279069767441862,43,0.41891661623252896,48.95246666965488
top_momentum_90-2-1-200,top_momentum,"[90, 2, 1, 200]",aggressive,train,0.2168107390866021,0.10294339663442331,0.7787937369350629,0.5167084716800042,-0.7168185036354846,0.05532972158839019,0.0,1.0962040685845924,-0.47096655315134406,0.4166666666666667,0.3333333333333333,0.20833333333333334,24,0.7385437635033141,92.92479768058267
top_momentum_90-2-1-200,top_momentum,"[90, 2, 1, 200]",aggressive,test,0.08932400303638266,0.05561343209419656,0.5847397510977157,0.3855986430719049,-0.4872811541468208,0.02057482610212555,0.0,0.6244685264907226,-0.2529685314865162,0.21052631578947367,0.21052631578947367,0.2631578947368421,19,0.5583692000367295,50.12372895334741
top_momentum_90-2-1-200,top_momentum,"[90, 2, 1, 200]",aggressive,full,0.32550114523947893,0.08180855664935027,0.6998449499771244,0.46347116603592464,-0.7168185036354846,0.039972907303761636,0.0,1.0962040685845924,-0.47096655315134406,0.32558139534883723,0.27906976744186046,0.23255813953488372,43,0.6590630883349506,74.04389809677936
top_momentum_90-2-7-200,top_momentum,"[90, 2, 7, 200]",conservative,train,0.6615976629027385,0.2885821109296347,0.25373255306311565,1.1262285661375109,-0.2976493825304003,0.02522468220072543,0.0,0.28121399128879165,-0.15689722412679596,0.375,0.25,0.041666666666666664,24,0.23174415688449918,11.575410182410284
top_momentum_90-2-7-200,top_momentum,"[90, 2, 7, 200]",conservative,test,0.03281600378651306,0.020635513783120008,0.19024823964512672,0.20262095680346273,-0.20626181516697617,0.002784695173208767,0.0,0.1500202991717401,-0.06815945471081786,0.21052631578947367,0.05263157894736842,0.0,19,0.17035338579255627,7.580201286537857
top_momentum_90-2-7-200,top_momentum,"[90, 2, 7, 200]",conservative,full,0.7161246581002199,0.16265621548396658,0.22791824898142965,0.7753113196199887,-0.2976493825304003,0.01530933909554365,0.0,0.28121399128879165,-0.15689722412679596,0.3023255813953488,0.16279069767441862,0.023255813953488372,43,0.20466275404042347,9.81299769546962
top_momentum_90-2-7-200,top_momentum,"[90, 2, 7, 200]",balanced,train,1.4860073799098212,0.5757259427079233,0.4999594558514588,1.1600773420436872,-0.5065873635327756,0.05404349541733494,0.0,0.6255699537134429,-0.2969020673271002,0.375,0.2916666666666667,0.125,24,0.4614985858774046,22.152188353876657
top_momentum_90-2-7-200,top_momentum,"[90, 2, 7, 200]",balanced,test,0.016374357927913197,0.010327201251010276,0.3739487582534753,0.21491760588854036,-0.3821137580384588,0.0052375198614223375,0.0,0.31352621518833934,-0.13700332537018267,0.21052631578947367,0.15789473684210525,0.10526315789473684,19,0.339291347530185,14.527820250718696
top_momentum_90-2-7-200,top_momentum,"[90, 2, 7, 200]",balanced,full,1.5267141545598926,0.2951917922616325,0.44875638518741723,0.8013077937913177,-0.5065873635327756,0.03247806435774565,0.0,0.6255699537134429,-0.2969020673271002,0.3023255813953488,0.23255813953488372,0.11627906976744186,43,0.40758912370129935,18.78883942763649
top_momentum_90-2-7-200,top_momentum,"[90, 2, 7, 200]",aggressive,train,2.670951625526032,0.9142692596577067,0.7807865014449714,1.2239413976923277,-0.6621124218323188,0.09617820882870394,0.0,1.1355430100447852,-0.4433863322351057,0.375,0.3333333333333333,0.20833333333333334,24,0.7304624653155875,33.44115632181135
top_momentum_90-2-7-200,top_momentum,"[90, 2, 7, 200]",aggressive,test,-0.050530614873645074,-0.03226854602369911,0.5819454081636005,0.2356105316203148,-0.5473972349757719,0.008451045632723586,0.0,0.5268928277964371,-0.2194251424570266,0.21052631578947367,0.15789473684210525,0.21052631578947367,19,0.5386088497311834,21.979347756435875
top_momentum_90-2-7-200,top_momentum,"[90, 2, 7, 200]",aggressive,full,2.4854561827167805,0.4168328802391741,0.7000712081715117,0.8492850378915027,-0.6621124218323188,0.057415043695596336,0.0,1.1355430100447852,-0.4433863322351057,0.3023255813953488,0.2558139534883721,0.20930232558139536,43,0.6458297923857701,28.384991534180116
top_momentum_90-3-1-200,top_momentum,"[90, 3, 1, 200]",conservative,train,0.1471171599661396,0.0709350112778846,0.250171107980615,0.39914348062722976,-0.33988927308152483,0.010834436970053846,0.0,0.2862424296610937,-0.18231141021391117,0.4166666666666667,0.125,0.125,24,0.24694170888439487,31.357544914548477
top_momentum_90-3-1-200,top_momentum,"[90, 3, 1, 200]",conservative,test,0.048572831650424586,0.030458037066639854,0.19045635183141765,0.2528230464173391,-0.19047853981976048,0.004039623667441208,0.0,0.1412251345490232,-0.0858682928723229,0.21052631578947367,0.10526315789473684,0.0,19,0.1824869872785111,18.23386904856546
top_momentum_90-3-1-200,top_momentum,"[90, 3, 1, 200]",conservative,full,0.20283588866050017,0.05288696508897184,0.22578108485822157,0.34124472600071404,-0.33988927308152483,0.007832077603783145,0.0,0.2862424296610937,-0.18231141021391117,0.32558139534883723,0.11627906976744186,0.06976744186046512,43,0.21850870095886363,25.568278114340373
top_momentum_90-3-1-200,top_momentum,"[90, 3, 1, 200]",balanced,train,0.18595397651921797,0.08888811055320245,0.49476526245203917,0.4200419109233154,-0.5552731938394092,0.02695092319949195,0.0,0.6382839979888879,-0.334323024664428,0.4166666666666667,0.2916666666666667,0.20833333333333334,24,0.4917520868109438,61.1400106444359
top_momentum_90-3-1-200,top_momentum,"[90, 3, 1, 200]",balanced,test,-0.005304755857233556,-0.0033589729388716627,0.37449746673776935,0.17861811760587024,-0.3485792690137629,0.005250283280946128,0.0,0.2936540384730426,-0.16609345128996178,0.21052631578947367,0.15789473684210525,0.15789473684210525,19,0.36052596147738136,35.370520452167185
top_momentum_90-3-1-200,top_momentum,"[90, 3, 1, 200]",balanced,full,0.17966278021587212,0.0471868459093443,0.4457235665982225,0.3267797463701302,-0.5552731938394092,0.0173622683517624,0.0,0.6382839979888879,-0.334323024664428,0.32558139534883723,0.23255813953488372,0.18604651162790697,43,0.433864109504013,49.772276821088006
top_momentum_90-3-1-200,top_momentum,"[90, 3, 1, 200]",aggressive,train,0.1085159311934425,0.052786642951028195,0.7716868201462428,0.45414760357424716,-0.7131894481847136,0.052002865723358556,0.0,1.1621272725088105,-0.4829796800092845,0.4166666666666667,0.375,0.20833333333333334,24,0.7731015588406891,92.09238405609128
top_momentum_90-3-1-200,top_momentum,"[90, 3, 1, 200]",aggressive,test,-0.17691925796936014,-0.11588169459989972,0.5825078426074347,0.08088548074142828,-0.5064924198486629,0.0025254513547882983,0.0,0.49040054256259036,-0.25519426899118014,0.21052631578947367,0.21052631578947367,0.15789473684210525,19,0.5655844230356014,54.126248611396136
top_momentum_90-3-1-200,top_momentum,"[90, 3, 1, 200]",aggressive,full,-0.08760188480051201,-0.02525869026600014,0.6946059202355123,0.31189690771406203,-0.7131894481847136,0.030140752397711235,0.0,1.1621272725088105,-0.4829796800092845,0.32558139534883723,0.3023255813953488,0.18604651162790697,43,0.6815592137645915,75.34432583622193
top_momentum_90-3-7-200,top_momentum,"[90, 3, 7, 200]",conservative,train,0.5805371806746027,0.2568005931475821,0.2515627444611318,1.0345109032800837,-0.2984410757139756,0.02297163853332168,0.0,0.28480091282349385,-0.15506336678186972,0.375,0.16666666666666666,0.041666666666666664,24,0.24248715924215383,12.051569113475603
top_momentum_90-3-7-200,top_momentum,"[90, 3, 7, 200]",conservative,test,-0.03987238924368708,-0.025410760782807573,0.18884090381330337,-0.04173862039063839,-0.21322978162689366,-0.0011112975118171553,0.0,0.13290161683105417,-0.07039579164513288,0.21052631578947367,0.05263157894736842,0.0,19,0.17096091816826897,7.882963251881102
top_momentum_90-3-7-200,top_momentum,"[90, 3, 7, 200]",conservative,full,0.5175173869926255,0.12342921153049646,0.22605081320407494,0.6280243661655373,-0.2984410757139756,0.012330341211051032,0.0,0.28480091282349385,-0.15506336678186972,0.3023255813953488,0.11627906976744186,0.023255813953488372,43,0.21093468133723672,10.212665763215643
top_momentum_90-3-7-200,top_momentum,"[90, 3, 7, 200]",balanced,train,1.2793481440433063,0.5089004613148747,0.4956544249373327,1.0784254338313726,-0.5015435018414351,0.04992646891949726,0.0,0.6354513058047357,-0.2935680716062675,0.375,0.2916666666666667,0.20833333333333334,24,0.482449766145322,23.10450621600729
top_momentum_90-3-7-200,top_momentum,"[90, 3, 7, 200]",balanced,test,-0.11631116765126948,-0.07523809995827069,0.3711095943060121,-0.024720744582919382,-0.3894998630587252,-0.0023820962077310166,0.0,0.2745543840787741,-0.1409783196587534,0.21052631578947367,0.15789473684210525,0.15789473684210525,19,0.3403447307016855,15.133344181405183
top_momentum_90-3-7-200,top_momentum,"[90, 3, 7, 200]",balanced,full,1.0142344999258541,0.21580103416155527,0.44503387245883336,0.6621584670634239,-0.5015435018414351,0.026813382002814995,0.0,0.6354513058047357,-0.2935680716062675,0.3023255813953488,0.23255813953488372,0.18604651162790697,43,0.41976275891980347,19.588175563128537
top_momentum_90-3-7-200,top_momentum,"[90, 3, 7, 200]",aggressive,train,2.1802941879057633,0.7819272236884733,0.7738721656449152,1.1353092865977177,-0.6586534322471322,0.08895311954484036,0.0,1.1582251969617094,-0.438662160814403,0.375,0.3333333333333333,0.20833333333333334,24,0.7618710670740642,34.966335814191424
top_momentum_90-3-7-200,top_momentum,"[90, 3, 7, 200]",aggressive,test,-0.23246318274930866,-0.15410628960681338,0.5770752444469337,-0.0003769964405976882,-0.5514321463427815,-0.0035081465183051928,0.0,0.45469076684465626,-0.22487776571477258,0.21052631578947367,0.15789473684210525,0.2631578947368421,19,0.5390954209312775,22.948186045534253
top_momentum_90-3-7-200,top_momentum,"[90, 3, 7, 200]",aggressive,full,1.4409928789060822,0.2827771216970487,0.6939778733322789,0.7073958913484327,-0.6586534322471322,0.04809814151693884,0.0,1.1582251969617094,-0.438662160814403,0.3023255813953488,0.2558139534883721,0.23255813953488372,43,0.6635977124682632,29.664751397895415
top_momentum_180-1-1-200,top_momentum,"[180, 1, 1, 200]",conservative,train,0.12349206509088217,0.0598646692501037,0.255578591173103,0.35543318178654143,-0.35067007465855704,0.010553565968915555,0.0,0.3428485267886814,-0.18116064435440982,0.4583333333333333,0.125,0.16666666666666666,24,0.21732410391256246,32.10386623117632
top_momentum_180-1-1-200,top_momentum,"[180, 1, 1, 200]",conservative,test,0.05149293590658455,0.03227240415164134,0.19205658354915034,0.2613248156306679,-0.14206819374139812,0.0033515126465991233,0.0,0.09337622074526819,-0.07135450204977745,0.3157894736842105,0.0,0.0,19,0.19993873712180316,13.582075263701462
top_momentum_180-1-1-200,top_momentum,"[180, 1, 1, 200]",conservative,full,0.1813439699901649,0.04760308721708029,0.2297290859979273,0.3173662196852658,-0.35067007465855704,0.007371263338124574,0.0,0.3428485267886814,-0.18116064435440982,0.3953488372093023,0.06976744186046512,0.09302325581395349,43,0.20965487100868777,23.933320827328465
top_momentum_180-1-1-200,top_momentum,"[180, 1, 1, 200]",balanced,train,0.1364934798391677,0.06597118896763865,0.5045163944588968,0.37963497302479654,-0.590661115091121,0.028107799044923623,0.0,0.7795585746549656,-0.3233189784756384,0.4166666666666667,0.3333333333333333,0.25,24,0.43194904848935134,62.44024767864456
top_momentum_180-1-1-200,top_momentum,"[180, 1, 1, 200]",balanced,test,0.04314683030235278,0.027081727250552357,0.3841131670983007,0.2613248156306679,-0.27284918127968927,0.005015619020541384,0.0,0.18998966609624768,-0.1424337950877842,0.3157894736842105,0.10526315789473684,0.05263157894736842,19,0.3998774742436063,27.164150527402924
top_momentum_180-1-1-200,top_momentum,"[180, 1, 1, 200]",balanced,full,0.18552957115353008,0.048637537110881146,0.45533773998967914,0.33232753946167193,-0.590661115091121,0.017904277638801237,0.0,0.7795585746549656,-0.3233189784756384,0.37209302325581395,0.23255813953488372,0.16279069767441862,43,0.41780126688400354,46.8788500821106
top_momentum_180-1-1-200,top_momentum,"[180, 1, 1, 200]",aggressive,train,0.12952069622352225,0.06270057880166058,0.7835098551894601,0.4715950800744795,-0.7556782206541196,0.06125061987682634,0.0,1.4524000088753093,-0.44485829285788003,0.4166666666666667,0.3333333333333333,0.25,24,0.6748433733695971,92.65278526743671
top_momentum_180-1-1-200,top_momentum,"[180, 1, 1, 200]",aggressive,test,-0.045054868687377625,-0.028741792663907084,0.6143006498410122,0.2590233752054024,-0.41446692634406757,0.004604180141092593,0.0,0.3092952892208156,-0.22639713673408968,0.2631578947368421,0.10526315789473684,0.10526315789473684,19,0.6397133784296856,43.25552269186891
top_momentum_180-1-1-200,top_momentum,"[180, 1, 1, 200]",aggressive,full,0.07863028957550489,0.021346647413714726,0.7138179815250364,0.38762491476911376,-0.7556782206541196,0.036220797668013754,0.0,1.4524000088753093,-0.44485829285788003,0.3488372093023256,0.23255813953488372,0.18604651162790697,43,0.6593464260604772,70.8620968071136
top_momentum_180-1-7-200,top_momentum,"[180, 1, 7, 200]",conservative,train,0.3101826646037049,0.1444206090144171,0.2545952931838509,0.6574496497109682,-0.3825952976542678,0.01661362650752225,0.0,0.39971481164105716,-0.16588437509426468,0.375,0.16666666666666666,0.08333333333333333,24,0.2218179945623713,13.802272382190903
top_momentum_180-1-7-200,top_momentum,"[180, 1, 7, 200]",conservative,test,0.049715707866987424,0.03116836849714355,0.2053497342733047,0.2520813798221345,-0.1668116729730449,0.0032615605716045906,0.0,0.09337622074526597,-0.07409810695969876,0.3157894736842105,0.0,0.0,19,0.21411428505178384,8.642061129465167
top_momentum_180-1-7-200,top_momentum,"[180, 1, 7, 200]",conservative,full,0.3753193232095444,0.09300408303794594,0.23414896797391768,0.4970362177405814,-0.3825952976542678,0.010713876442814445,0.0,0.39971481164105716,-0.16588437509426468,0.3488372093023256,0.09302325581395349,0.046511627906976744,43,0.21841964564218094,11.525940659849352
top_momentum_180-1-7-200,top_momentum,"[180, 1, 7, 200]",balanced,train,0.6043527249356713,0.266220977322867,0.5018586152017557,0.7225129105103746,-0.6047809342450383,0.04159917130494398,0.0,0.9282415755603672,-0.31295664866585515,0.3333333333333333,0.25,0.25,24,0.44129659964778967,26.605912753437895
top_momentum_180-1-7-200,top_momentum,"[180, 1, 7, 200]",balanced,test,0.029296708736993082,0.01843414579975855,0.4076511044661653,0.24850695719783564,-0.31473505646181543,0.004337410040918249,0.0,0.18998966609624723,-0.1477141555393673,0.3157894736842105,0.10526315789473684,0.05263157894736842,19,0.42769178339062247,16.366458848814226
top_momentum_180-1-7-200,top_momentum,"[180, 1, 7, 200]",balanced,full,0.6513549794295066,0.15024090480077001,0.46266637973409924,0.5345834481688152,-0.6047809342450383,0.02513467214176982,0.0,0.9282415755603672,-0.31295664866585515,0.32558139534883723,0.18604651162790697,0.16279069767441862,43,0.43529508666584354,22.088967108967058
top_momentum_180-1-7-200,top_momentum,"[180, 1, 7, 200]",aggressive,train,0.9973948429583457,0.4126235639737519,0.7826986385727296,0.8362171678105123,-0.7484329114626515,0.08603598653695375,0.0,1.7735238745585908,-0.46563443863377474,0.3333333333333333,0.25,0.2916666666666667,24,0.6969488026529072,39.96094780187975
top_momentum_180-1-7-200,top_momentum,"[180, 1, 7, 200]",aggressive,test,-0.034115386657065705,-0.021718190420353833,0.6371650075967878,0.2837720778505936,-0.4702163956105405,0.005296364687183963,0.0,0.30929528922081606,-0.23438618816467616,0.3157894736842105,0.10526315789473684,0.21052631578947367,19,0.6796119690584087,24.686776962222737
top_momentum_180-1-7-200,top_momentum,"[180, 1, 7, 200]",aggressive,full,0.9292529455839844,0.2012638716327806,0.7221171272596012,0.6169963554875512,-0.7484329114626515,0.05036033967310198,0.0,1.7735238745585908,-0.46563443863377474,0.32558139534883723,0.18604651162790697,0.2558139534883721,43,0.6893009792706246,33.223029931480596
top_momentum_180-2-1-200,top_momentum,"[180, 2, 1, 200]",conservative,train,0.07998298189050801,0.03916760367824246,0.25218898282167046,0.27871421217400255,-0.3821084349638889,0.00907044872857742,0.0,0.3444527869168472,-0.16960701073626316,0.375,0.20833333333333334,0.125,24,0.23934194135079856,28.24934031442316
top_momentum_180-2-1-200,top_momentum,"[180, 2, 1, 200]",conservative,test,-0.004955750185228314,-0.003137780505637622,0.1913504716452998,0.07921052459714567,-0.17327481315111515,0.0003444725819822014,0.0,0.07232508674661342,-0.0850513045670852,0.3157894736842105,0.0,0.0,19,0.2031370914347665,15.708979129205455
top_momentum_180-2-1-200,top_momentum,"[180, 2, 1, 200]",conservative,full,0.0746308560279616,0.020288452947860858,0.22736360104842637,0.20217982022054015,-0.3821084349638889,0.0052147848498493,0.0,0.3444527869168472,-0.16960701073626316,0.3488372093023256,0.11627906976744186,0.06976744186046512,43,0.22337084165542354,22.717391993421163
top_momentum_180-2-1-200,top_momentum,"[180, 2, 1, 200]",balanced,train,0.06525487420382481,0.03206722601408374,0.49799313449428106,0.3136018547936856,-0.6311399966703015,0.025892586932033185,0.0,0.7850201509246479,-0.31709232869826287,0.375,0.2916666666666667,0.2916666666666667,24,0.4750804366598932,54.72637538051423
top_momentum_180-2-1-200,top_momentum,"[180, 2, 1, 200]",balanced,test,-0.06552105784355533,-0.04196186164382776,0.3827009432905996,0.07921052459714567,-0.32560250491491594,-0.0011932432491741246,0.0,0.1416164626771641,-0.1675152183059263,0.3157894736842105,0.10526315789473684,0.05263157894736842,19,0.406274182869533,31.41795825841091
top_momentum_180-2-1-200,top_momentum,"[180, 2, 1, 200]",balanced,full,-0.0045417520270059075,-0.0012694652955971275,0.45077741749812256,0.22328493539428546,-0.6311399966703015,0.013924429410104374,0.0,0.7850201509246479,-0.31709232869826287,0.3488372093023256,0.20930232558139536,0.18604651162790697,43,0.4447278308211792,44.444298408454884
top_momentum_180-2-1-200,top_momentum,"[180, 2, 1, 200]",aggressive,train,0.05106916280978413,0.0251817150682887,0.7724446920012862,0.42186076321722454,-0.7968181601492591,0.059225466462410385,0.0,1.46740552613445,-0.4676161365294581,0.375,0.3333333333333333,0.2916666666666667,24,0.7398327755937809,79.68156964978186
top_momentum_180-2-1-200,top_momentum,"[180, 2, 1, 200]",aggressive,test,-0.19731986783080058,-0.12980760894592092,0.6121748694580935,0.0787271275567216,-0.48127250774776476,-0.005619121505167693,0.0,0.21904996516220865,-0.26223415815330875,0.3157894736842105,0.10526315789473684,0.15789473684210525,19,0.6499844873873117,50.1306190124638
top_momentum_180-2-1-200,top_momentum,"[180, 2, 1, 200]",aggressive,full,-0.1563276654768706,-0.04632882885881029,0.7062331197957716,0.287972073720473,-0.7968181601492591,0.03057320666278286,0.0,1.46740552613445,-0.4676161365294581,0.3488372093023256,0.23255813953488372,0.23255813953488372,43,0.7001978655822115,66.64571451390073
top_momentum_180-2-7-200,top_momentum,"[180, 2, 7, 200]",conservative,train,0.22698115802864427,0.1075368427797736,0.25042131892778785,0.5334101610828272,-0.35571306671037894,0.01268271277594043,0.0,0.3498306608162287,-0.1681390383735435,0.3333333333333333,0.125,0.041666666666666664,24,0.24073831417564392,12.19754959382666
top_momentum_180-2-7-200,top_momentum,"[180, 2, 7, 200]",conservative,test,0.07253192257385743,0.045290424949572694,0.20372982228648243,0.31927123912996996,-0.18921437309832956,0.004718140367398395,0.0,0.134332438868503,-0.08649645040752763,0.3157894736842105,0.05263157894736842,0.0,19,0.2111804801535381,9.240335444131079
top_momentum_180-2-7-200,top_momentum,"[180, 2, 7, 200]",conservative,full,0.31597646038235805,0.07963368229429091,0.23098735262328135,0.44740788349291694,-0.35571306671037894,0.009163483107049763,0.0,0.3498306608162287,-0.1681390383735435,0.32558139534883723,0.09302325581395349,0.023255813953488372,43,0.22769942256191683,10.893029284671957
top_momentum_180-2-7-200,top_momentum,"[180, 2, 7, 200]",balanced,train,0.4002339699846966,0.1830423847772873,0.4932761788806129,0.5888115906468907,-0.572394745905382,0.031045297413282717,0.0,0.797450144017501,-0.31653260647823,0.2916666666666667,0.20833333333333334,0.16666666666666666,24,0.4777263912058063,23.396466862484107
top_momentum_180-2-7-200,top_momentum,"[180, 2, 7, 200]",balanced,test,0.0826083380671141,0.051492012035698975,0.40398468255609266,0.3263176495395941,-0.3512216066448798,0.00827748606808448,0.0,0.2766964964131946,-0.17036703349115745,0.3157894736842105,0.10526315789473684,0.10526315789473684,19,0.42177041455817404,17.55546937455543
top_momentum_180-2-7-200,top_momentum,"[180, 2, 7, 200]",balanced,full,0.5159049711502457,0.12309598419151313,0.4560408996281694,0.4834538268986842,-0.572394745905382,0.02098510170261373,0.0,0.797450144017501,-0.31653260647823,0.3023255813953488,0.16279069767441862,0.13953488372093023,43,0.45304244737883087,20.819818888069083
top_momentum_180-2-7-200,top_momentum,"[180, 2, 7, 200]",aggressive,train,0.566613218762408,0.25125994007628805,0.7687291145002616,0.679905721766872,-0.7223027938324098,0.0633185850437803,0.0,1.4895633370036432,-0.4684690666498369,0.25,0.25,0.20833333333333334,24,0.7471012559606829,34.71403280249624
top_momentum_180-2-7-200,top_momentum,"[180, 2, 7, 200]",aggressive,test,0.05319362991857579,0.033328254153328185,0.6310323515354453,0.3675232873674561,-0.514025638822055,0.013058926820921935,0.0,0.45627359743617735,-0.26665514935095036,0.3157894736842105,0.21052631578947367,0.21052631578947367,19,0.6703335422300429,26.734477773025823
top_momentum_180-2-7-200,top_momentum,"[180, 2, 7, 200]",aggressive,full,0.6499470625468242,0.14996716117014408,0.7112711119916842,0.5545099117522334,-0.7223027938324098,0.04111082908484288,0.0,1.4895633370036432,-0.4684690666498369,0.27906976744186046,0.23255813953488372,0.20930232558139536,43,0.7132365993684969,31.193999735214568
top_momentum_180-3-1-200,top_momentum,"[180, 3, 1, 200]",conservative,train,0.08507667514385298,0.041611963202517144,0.2506149451912553,0.28831075493699043,-0.3993840081576705,0.00931662157994119,0.0,0.3508310993103403,-0.17326345272056454,0.3333333333333333,0.20833333333333334,0.125,24,0.24968347622918727,29.511571826225737
top_momentum_180-3-1-200,top_momentum,"[180, 3, 1, 200]",conservative,test,-0.029297801293268866,-0.01863437780959687,0.19088819573908092,-0.0031344936706390147,-0.16102023975189095,-0.0009979618461453356,0.0,0.0647483883509139,-0.08675728852226106,0.3157894736842105,0.0,0.0,19,0.20513174973935525,17.392246648198213
top_momentum_180-3-1-200,top_momentum,"[180, 3, 1, 200]",conservative,full,0.053286314327525064,0.014592457084388943,0.22621677829603448,0.17733914034032072,-0.3993840081576705,0.0047590149498099345,0.0,0.3508310993103403,-0.17326345272056454,0.32558139534883723,0.11627906976744186,0.06976744186046512,43,0.23003030636325983,24.165355749985768
top_momentum_180-3-1-200,top_momentum,"[180, 3, 1, 200]",balanced,train,0.08351978872789245,0.04086545595483715,0.494791866935104,0.3297799826456249,-0.6514602902117372,0.026816181406642565,0.0,0.802118447709909,-0.32349376586924683,0.3333333333333333,0.2916666666666667,0.2916666666666667,24,0.4953640179900144,57.1403427987913
top_momentum_180-3-1-200,top_momentum,"[180, 3, 1, 200]",balanced,test,-0.11044070561528485,-0.07135667530431311,0.38177639147816184,-0.0031344936706390147,-0.3055466304465757,-0.003922324889619177,0.0,0.1255633893481749,-0.1706501888195855,0.3157894736842105,0.10526315789473684,0.05263157894736842,19,0.4102634994787105,34.78449329639643
top_momentum_180-3-1-200,top_momentum,"[180, 3, 1, 200]",balanced,full,-0.03614490128732872,-0.010220517766744264,0.44845588561301564,0.20216939064267225,-0.6514602902117372,0.013234050717596679,0.0,0.802118447709909,-0.32349376586924683,0.32558139534883723,0.20930232558139536,0.18604651162790697,43,0.45782349873846817,47.27847340820885
top_momentum_180-3-1-200,top_momentum,"[180, 3, 1, 200]",aggressive,train,0.06488120297043332,0.031886442945975535,0.7670905990502092,0.42855590278902445,-0.812048640203357,0.0604577570150631,0.0,1.505528550596316,-0.4762806487308906,0.3333333333333333,0.3333333333333333,0.2916666666666667,24,0.7715476985799203,83.39150513517299
top_momentum_180-3-1-200,top_momentum,"[180, 3, 1, 200]",aggressive,test,-0.2573618614531067,-0.17156970558682916,0.6108368524891471,-0.0029106051023081716,-0.4561632221536548,-0.009998712210584489,0.0,0.19177531084300337,-0.2667521802893511,0.2631578947368421,0.10526315789473684,0.15789473684210525,19,0.6564185050722199,55.63030866997072
top_momentum_180-3-1-200,top_momentum,"[180, 3, 1, 200]",aggressive,full,-0.2091786056524565,-0.06339045862389847,0.7024512418713696,0.2604291991259265,-0.812048640203357,0.029325828752567652,0.0,1.505528550596316,-0.4762806487308906,0.3023255813953488,0.23255813953488372,0.23255813953488372,43,0.7207605849301166,71.14516693913193
top_momentum_180-3-7-200,top_momentum,"[180, 3, 7, 200]",conservative,train,0.29329596410494196,0.13703166744991924,0.24834494226401121,0.6415916294111994,-0.3115259887303051,0.01484816904272906,0.0,0.3469029028072794,-0.16650782677541243,0.3333333333333333,0.16666666666666666,0.041666666666666664,24,0.25171976118294576,12.889043223172413
top_momentum_180-3-7-200,top_momentum,"[180, 3, 7, 200]",conservative,test,0.10304293885860893,0.06400387891172232,0.20438425764045137,0.40572568026413003,-0.16388139556835024,0.005972664277440984,0.0,0.11542674035276179,-0.08657810385352538,0.3157894736842105,0.05263157894736842,0.0,19,0.2139802993850063,9.121330309106625
top_momentum_180-3-7-200,top_momentum,"[180, 3, 7, 200]",conservative,full,0.42656098106028884,0.10421851876874277,0.2299874761903374,0.5462395458651569,-0.3115259887303051,0.010926434378997119,0.0,0.3469029028072794,-0.16650782677541243,0.32558139534883723,0.11627906976744186,0.023255813953488372,43,0.23507169584853363,11.226986379582227
top_momentum_180-3-7-200,top_momentum,"[180, 3, 7, 200]",balanced,train,0.521602464602462,0.23317839815653407,0.4889927514507048,0.6745551897484159,-0.5230668576706461,0.03443250639190952,0.0,0.7899429062967578,-0.3137762627458699,0.2916666666666667,0.20833333333333334,0.16666666666666666,24,0.49962017582880747,24.77945382566361
top_momentum_180-3-7-200,top_momentum,"[180, 3, 7, 200]",balanced,test,0.14938540412956747,0.09206759106863283,0.40489722650005017,0.4200036680234434,-0.30938174715377087,0.01050666594167552,0.0,0.23427500148862723,-0.17054750062206547,0.3157894736842105,0.10526315789473684,0.05263157894736842,19,0.4272823838074229,17.338480870265016
top_momentum_180-3-7-200,top_momentum,"[180, 3, 7, 200]",balanced,full,0.748907663701623,0.1688117816861623,0.4538144431733263,0.5715162063882283,-0.5230668576706461,0.023860623402271245,0.0,0.7899429062967578,-0.3137762627458699,0.3023255813953488,0.16279069767441862,0.11627906976744186,43,0.4677096972383343,21.49700627576683
top_momentum_180-3-7-200,top_momentum,"[180, 3, 7, 200]",aggressive,train,0.7565056517173809,0.3248217114363152,0.7616783165121129,0.7542896099965234,-0.6762075153307681,0.0677308027568518,0.0,1.47367283409922,-0.4589825275227619,0.2916666666666667,0.25,0.20833333333333334,24,0.7808317959894779,37.015178538253714
top_momentum_180-3-7-200,top_momentum,"[180, 3, 7, 200]",aggressive,test,0.16297451460951384,0.1002174985186326,0.6324398695547556,0.4672362561614293,-0.44902199379964713,0.015827065935010237,0.0,0.3791475271283724,-0.2669868399248414,0.3157894736842105,0.21052631578947367,0.15789473684210525,19,0.6791476844809764,26.438928430963553
top_momentum_180-3-7-200,top_momentum,"[180, 3, 7, 200]",aggressive,full,1.0427713077148866,0.22058333939027053,0.7075736672034759,0.6380089775471195,-0.6762075153307681,0.04479659346347995,0.0,1.47367283409922,-0.4589825275227619,0.3023255813953488,0.23255813953488372,0.18604651162790697,43,0.7359757315090456,32.349661480221286
inverse_vol_basket_100-20,inverse_vol_basket,"[100, 20]",conservative,train,0.17109946253038877,0.08205658680734085,0.2630230473274655,0.43197350864638256,-0.3439156421513154,0.010797951712169018,-0.0030350718915274078,0.2872272926023196,-0.13450906502835158,0.3333333333333333,0.16666666666666666,0.08333333333333333,24,0.36106871282375025,12.385967125758256
inverse_vol_basket_100-20,inverse_vol_basket,"[100, 20]",conservative,test,-0.0081705297482213,-0.005176319675483487,0.20934957488717476,0.08011159636467516,-0.23891156750781006,0.0011298340173329325,0.0,0.12180263120923218,-0.11223517214672418,0.3157894736842105,0.10526315789473684,0.05263157894736842,19,0.24050761165228193,7.769970845862859
inverse_vol_basket_100-20,inverse_vol_basket,"[100, 20]",conservative,full,0.1615309595336678,0.042670223619999614,0.24082200966031803,0.2943935039181524,-0.3439156421513154,0.006525992730729817,0.0,0.2872272926023196,-0.13450906502835158,0.32558139534883723,0.13953488372093023,0.06976744186046512,43,0.3078854136066729,10.34970576987168
inverse_vol_basket_100-20,inverse_vol_basket,"[100, 20]",balanced,train,0.22134959709773816,0.10499572711023508,0.5165010137872816,0.4538901132958089,-0.575689668294771,0.02544347443651762,-0.00802705298038725,0.6420554659752673,-0.25539932332314474,0.3333333333333333,0.3333333333333333,0.25,24,0.7139738090444493,23.273986235100644
inverse_vol_basket_100-20,inverse_vol_basket,"[100, 20]",balanced,test,-0.06593183283865667,-0.04222828322778305,0.40750614027869486,0.09873330079926614,-0.42086136099287863,0.002481980687612909,0.0,0.25067184501139694,-0.2169590631888596,0.3157894736842105,0.10526315789473684,0.15789473684210525,19,0.4692858324452828,14.267461658546631
inverse_vol_basket_100-20,inverse_vol_basket,"[100, 20]",balanced,full,0.14082377962433834,0.03744947282775213,0.4715298494223664,0.31549825424890743,-0.575689668294771,0.015297698128862048,0.0,0.6420554659752673,-0.25539932332314474,0.32558139534883723,0.23255813953488372,0.20930232558139536,43,0.6060342352694347,19.30092455262995
inverse_vol_basket_100-20,inverse_vol_basket,"[100, 20]",aggressive,train,0.14372267181767606,0.06935147795428653,0.8022732775364663,0.49065944642128656,-0.7545700080942992,0.04971159544468957,-0.0012642391174070289,1.1731431381392006,-0.3833778866592321,0.3333333333333333,0.3333333333333333,0.2916666666666667,24,1.1211572830772154,32.38999924587645
inverse_vol_basket_100-20,inverse_vol_basket,"[100, 20]",aggressive,test,-0.19857700635172826,-0.1306699875641707,0.6228876829895191,0.08881938184012739,-0.5822964882726689,0.0033362035873499897,0.0,0.41339645102460554,-0.3324353660282149,0.3157894736842105,0.21052631578947367,0.15789473684210525,19,0.7124584768872239,20.231120480637944
inverse_vol_basket_100-20,inverse_vol_basket,"[100, 20]",aggressive,full,-0.08339435244848303,-0.0240064232466477,0.7285965529472904,0.3354394562818189,-0.7545700080942992,0.029220143228655796,0.0,1.1731431381392006,-0.3833778866592321,0.32558139534883723,0.27906976744186046,0.23255813953488372,43,0.9408673662793369,27.0263348364402
inverse_vol_basket_100-60,inverse_vol_basket,"[100, 60]",conservative,train,0.16927717969847267,0.08121554663997532,0.26273532841299,0.4291972335036214,-0.34655643273977943,0.010661103516126749,-0.0034546988811077206,0.28256412321573987,-0.1348664988271644,0.3333333333333333,0.20833333333333334,0.08333333333333333,24,0.36017594856344554,11.714202617587572
inverse_vol_basket_100-60,inverse_vol_basket,"[100, 60]",conservative,test,-0.034138276148368396,-0.0217328558169968,0.21093319520346152,0.0015508162126533613,-0.23675151442950393,-0.00021357989402307078,0.0,0.12209023233820004,-0.11028718710306396,0.3157894736842105,0.10526315789473684,0.05263157894736842,19,0.23935626496328244,7.424220974891204
inverse_vol_basket_100-60,inverse_vol_basket,"[100, 60]",conservative,full,0.1293600724439492,0.034529774508933686,0.24125585010546743,0.2618185763230757,-0.34655643273977943,0.005856010846525666,0.0,0.28256412321573987,-0.1348664988271644,0.32558139534883723,0.16279069767441862,0.06976744186046512,43,0.30687858049211975,9.821756587132063
inverse_vol_basket_100-60,inverse_vol_basket,"[100, 60]",balanced,train,0.22382310250763848,0.1061125619097596,0.5160220381992201,0.4557326881926942,-0.5743562273299485,0.025230802976892727,-0.008885843327061216,0.6302157359654679,-0.2560142574403872,0.3333333333333333,0.2916666666666667,0.25,24,0.7122337393570655,21.930457218759273
inverse_vol_basket_100-60,inverse_vol_basket,"[100, 60]",balanced,test,-0.10639707557592692,-0.06868858555550217,0.4099903103359634,0.032351574349627675,-0.4175834263540099,0.00029077987326655094,0.0,0.25130329974149834,-0.2136392228279299,0.3157894736842105,0.10526315789473684,0.15789473684210525,19,0.46704366704349876,13.579637979487293
inverse_vol_basket_100-60,inverse_vol_basket,"[100, 60]",balanced,full,0.09361190337856562,0.025285608019112837,0.47218656671370446,0.29073072671774586,-0.5743562273299485,0.014210792768313718,0.0,0.6302157359654679,-0.2560142574403872,0.32558139534883723,0.20930232558139536,0.20930232558139536,43,0.6040726753471817,18.246647814279203
inverse_vol_basket_100-60,inverse_vol_basket,"[100, 60]",aggressive,train,0.15136969217893848,0.0729155163097217,0.8010707498993536,0.49415827788952654,-0.7526919337966262,0.049129632108109104,-0.0027134796884645263,1.148219780866285,-0.38419315987441627,0.3333333333333333,0.3333333333333333,0.2916666666666667,24,1.1183491863851645,30.177991414667847
inverse_vol_basket_100-60,inverse_vol_basket,"[100, 60]",aggressive,test,-0.23805171538171999,-0.15800763034192256,0.6257581136872287,0.04032174517442,-0.5785317204391861,0.0008935381692482974,0.0,0.41451665737730226,-0.3281124791401663,0.3157894736842105,0.21052631578947367,0.15789473684210525,19,0.7090993114291211,19.165760639998062
inverse_vol_basket_100-60,inverse_vol_basket,"[100, 60]",aggressive,full,-0.12271583808278685,-0.03587535471543557,0.7289424474894793,0.31876561163184364,-0.7526919337966262,0.027816009204891544,0.0,1.148219780866285,-0.38419315987441627,0.32558139534883723,0.27906976744186046,0.23255813953488372,43,0.937816175796757,25.320149551529877
inverse_vol_basket_150-20,inverse_vol_basket,"[150, 20]",conservative,train,0.19463706360921096,0.09286159228803559,0.254683534485703,0.4768390787042284,-0.3362802838923028,0.011825380550316789,0.0,0.28722729260231916,-0.1479759416323705,0.3333333333333333,0.16666666666666666,0.125,24,0.3232246939855244,11.381504911609179
inverse_vol_basket_150-20,inverse_vol_basket,"[150, 20]",conservative,test,0.057526915638711706,0.036015681202244076,0.20083478559894563,0.2768036736282376,-0.1714991509903434,0.004180901894571385,0.0,0.12180263120923218,-0.09293473380465145,0.3684210526315789,0.10526315789473684,0.0,19,0.21209148782524812,6.627310376423383
inverse_vol_basket_150-20,inverse_vol_basket,"[150, 20]",conservative,full,0.2633608491863386,0.06741039224843592,0.23246857899901333,0.39744725643609896,-0.3362802838923028,0.008447587655917656,0.0,0.28722729260231916,-0.1479759416323705,0.3488372093023256,0.13953488372093023,0.06976744186046512,43,0.2742003362221609,9.284279952280276
inverse_vol_basket_150-20,inverse_vol_basket,"[150, 20]",balanced,train,0.3001696428253746,0.140045108227846,0.5007999779857056,0.515161472382811,-0.575689668294769,0.028604225028389982,0.0,0.6420554659752649,-0.26406768642218603,0.3333333333333333,0.2916666666666667,0.20833333333333334,24,0.6393409236665066,21.265061806802493
inverse_vol_basket_150-20,inverse_vol_basket,"[150, 20]",balanced,test,0.06345755901154893,0.039687212552362405,0.3900113493969638,0.29555756388862664,-0.3232352559631546,0.008065159781379583,0.0,0.25067184501139694,-0.18195845416482592,0.3684210526315789,0.10526315789473684,0.10526315789473684,19,0.4170604881057288,11.989456108132726
inverse_vol_basket_150-20,inverse_vol_basket,"[150, 20]",balanced,full,0.382675234659994,0.09463227006269403,0.45525697403607746,0.4284034589193722,-0.575689668294769,0.019528824105292365,0.0,0.6420554659752649,-0.26406768642218603,0.3488372093023256,0.20930232558139536,0.16279069767441862,43,0.5412860220468056,17.17329996572263
inverse_vol_basket_150-20,inverse_vol_basket,"[150, 20]",aggressive,train,0.31302901266036565,0.14566135051651963,0.7766619951656675,0.5709878500165907,-0.7545700080942994,0.05623616291553129,0.0,1.1731431381391988,-0.38337788665923156,0.3333333333333333,0.3333333333333333,0.25,24,1.001925370537574,29.17571795698202
inverse_vol_basket_150-20,inverse_vol_basket,"[150, 20]",aggressive,test,0.04278877603673381,0.026858702607964746,0.594791965247322,0.34370601568504316,-0.4553830215493265,0.013965076078860461,0.0,0.41339645102460554,-0.28290612086067046,0.3684210526315789,0.15789473684210525,0.15789473684210525,19,0.6434255897561395,16.627333174271975
inverse_vol_basket_150-20,inverse_vol_basket,"[150, 20]",aggressive,full,0.36921191701281364,0.09164746812831903,0.7022541263715442,0.4813363894354376,-0.7545700080942994,0.03755824082490929,0.0,1.1731431381391988,-0.38337788665923156,0.3488372093023256,0.2558139534883721,0.20930232558139536,43,0.8437798250399534,23.640230174395093
inverse_vol_basket_150-60,inverse_vol_basket,"[150, 60]",conservative,train,0.1948653459972789,0.09296586154989872,0.2543537460652855,0.47747764337896836,-0.33523750877153213,0.011742267625269804,0.0,0.28256412321573987,-0.14607097640993383,0.3333333333333333,0.20833333333333334,0.125,24,0.3221581302413666,10.740355744112446
inverse_vol_basket_150-60,inverse_vol_basket,"[150, 60]",conservative,test,0.0338253283939427,0.021266351554098062,0.20241685817430385,0.20540260183350326,-0.18310214157024784,0.003033185860546911,0.0,0.12209023233820004,-0.09219069261459811,0.3684210526315789,0.10526315789473684,0.0,19,0.21098627780074408,6.291829846911291
inverse_vol_basket_150-60,inverse_vol_basket,"[150, 60]",conservative,full,0.23528205871218089,0.06073652156342213,0.23287185111727682,0.3702228943658715,-0.33523750877153213,0.007894068705973643,0.0,0.28256412321573987,-0.14607097640993383,0.3488372093023256,0.16279069767441862,0.06976744186046512,43,0.2731167243864437,8.777970849093283
inverse_vol_basket_150-60,inverse_vol_basket,"[150, 60]",balanced,train,0.30639202354334527,0.1427661467356709,0.5002927677727875,0.5198036579769172,-0.5743562273299483,0.028450361159001607,0.0,0.6302157359654679,-0.2610632039114895,0.3333333333333333,0.2916666666666667,0.20833333333333334,24,0.6373225235358767,19.982763471809022
inverse_vol_basket_150-60,inverse_vol_basket,"[150, 60]",balanced,test,0.025234118046519427,0.015889497042145706,0.392469065913645,0.2372195510723967,-0.3256248112822884,0.006245116777161407,0.0,0.25130329974149834,-0.1805881277989515,0.3684210526315789,0.10526315789473684,0.10526315789473684,19,0.4148504341793371,11.318495049108545
inverse_vol_basket_150-60,inverse_vol_basket,"[150, 60]",balanced,full,0.3393576740804707,0.08495253830389737,0.45587681399961194,0.40889538856348445,-0.5743562273299483,0.01863874154842105,0.0,0.6302157359654679,-0.2610632039114895,0.3488372093023256,0.20930232558139536,0.16279069767441862,43,0.5391830773900638,16.160681759348645
inverse_vol_basket_150-60,inverse_vol_basket,"[150, 60]",aggressive,train,0.3264433567377145,0.15149070357291206,0.7754541102133392,0.5768419366182045,-0.7526919337966258,0.055719345542846306,0.0,1.148219780866285,-0.38419315987441627,0.3333333333333333,0.3333333333333333,0.25,24,0.9987616048295697,27.061680737788375
inverse_vol_basket_150-60,inverse_vol_basket,"[150, 60]",aggressive,test,0.00046164651265789836,0.0002920046617047589,0.5975160678302407,0.3010644025606401,-0.4605241620796403,0.011928320873035747,0.0,0.41451665737730226,-0.28093146247455003,0.3684210526315789,0.15789473684210525,0.15789473684210525,19,0.6399565613132598,15.560434129277846
inverse_vol_basket_150-60,inverse_vol_basket,"[150, 60]",aggressive,full,0.3270557046875864,0.08216245557091928,0.702528475319815,0.4688001617573606,-0.7526919337966258,0.036369823014325356,0.0,1.148219780866285,-0.38419315987441627,0.3488372093023256,0.2558139534883721,0.20930232558139536,43,0.8404813983242861,21.98811858709222
inverse_vol_basket_200-20,inverse_vol_basket,"[200, 20]",conservative,train,0.5465234077684227,0.24322212392014775,0.23884779688384802,1.031279961233438,-0.25741873731069564,0.02214108397831457,0.0,0.2872272926023196,-0.1496622156366625,0.3333333333333333,0.16666666666666666,0.041666666666666664,24,0.33456194527876293,7.392499594450754
inverse_vol_basket_200-20,inverse_vol_basket,"[200, 20]",conservative,test,0.06774229623193917,0.042335119993347714,0.20262082039451043,0.3061336468422634,-0.19269686263597952,0.004389862575168064,0.0,0.12180263120923218,-0.09293473380465167,0.3157894736842105,0.05263157894736842,0.0,19,0.2189009890247477,4.901722813306548
inverse_vol_basket_200-20,inverse_vol_basket,"[200, 20]",conservative,full,0.6512884545870983,0.15022797405273547,0.22359035077787007,0.738058991118645,-0.25741873731069564,0.014297521032738207,0.0,0.2872272926023196,-0.1496622156366625,0.32558139534883723,0.11627906976744186,0.023255813953488372,43,0.2835402543318464,6.293739500627965
inverse_vol_basket_200-20,inverse_vol_basket,"[200, 20]",balanced,train,1.1537871530367498,0.466808716849751,0.46974945530180096,1.0519470764105463,-0.4631555599931425,0.04807587774802774,0.0,0.6420554659752644,-0.2825844082167973,0.3333333333333333,0.2916666666666667,0.16666666666666666,24,0.6587202470865383,13.771669760790946
inverse_vol_basket_200-20,inverse_vol_basket,"[200, 20]",balanced,test,0.08705188435153732,0.05422007498202164,0.39907392358338484,0.3325381225630786,-0.3504869955881068,0.0081457261621052,0.0,0.2506718450114036,-0.18195845416482603,0.3157894736842105,0.10526315789473684,0.10526315789473684,19,0.4360528714777895,9.142406521006707
inverse_vol_basket_200-20,inverse_vol_basket,"[200, 20]",balanced,full,1.3412783832007191,0.2679338883481761,0.4399713720047597,0.7607474798515779,-0.4631555599931425,0.030432322396108488,0.0,0.6420554659752644,-0.2825844082167973,0.32558139534883723,0.20930232558139536,0.13953488372093023,43,0.5604946540236575,11.729555931008449
inverse_vol_basket_200-20,inverse_vol_basket,"[200, 20]",aggressive,train,2.0252542207261417,0.7380093130585521,0.731150915527618,1.125814848838911,-0.6490560696263628,0.0882635385328282,0.0,1.1731431381392028,-0.4023238762998126,0.3333333333333333,0.2916666666666667,0.20833333333333334,24,1.012203339811626,19.91172123652947
inverse_vol_basket_200-20,inverse_vol_basket,"[200, 20]",aggressive,test,0.07601431229300348,0.04743609245932179,0.6229379308820566,0.387468574348122,-0.4796774215467863,0.013617615374491833,0.0,0.41339645102461,-0.2829061208606709,0.3157894736842105,0.21052631578947367,0.10526315789473684,19,0.6904379608134826,13.362214075015551
inverse_vol_basket_200-20,inverse_vol_basket,"[200, 20]",aggressive,full,2.2552168398261236,0.3900692827228529,0.6855200721664353,0.8263838873153202,-0.6490560696263628,0.05528045620705166,0.0,1.1731431381392028,-0.4023238762998126,0.32558139534883723,0.2558139534883721,0.16279069767441862,43,0.8702624960181023,17.022527328124628
inverse_vol_basket_200-60,inverse_vol_basket,"[200, 60]",conservative,train,0.5655004086453255,0.2508160662307575,0.23887143113151757,1.0566634551720546,-0.2553736892777686,0.02260578914338635,0.0,0.282564123215741,-0.14699117737698886,0.3333333333333333,0.20833333333333334,0.041666666666666664,24,0.33176297717007186,6.820032519897147
inverse_vol_basket_200-60,inverse_vol_basket,"[200, 60]",conservative,test,0.06814960415203397,0.042586627180430714,0.2026195043267348,0.3073304757157929,-0.1936137322662046,0.004401114660633637,0.0,0.12209023233820027,-0.09219069261459867,0.3157894736842105,0.05263157894736842,0.0,19,0.21768205693086515,4.509938847049189
inverse_vol_basket_200-60,inverse_vol_basket,"[200, 60]",conservative,full,0.6721886417943472,0.1542720994376645,0.2236040721250529,0.7537068725695372,-0.2553736892777686,0.01456186320914678,0.0,0.282564123215741,-0.14699117737698886,0.32558139534883723,0.13953488372093023,0.023255813953488372,43,0.2814382898780059,5.800977436385471
inverse_vol_basket_200-60,inverse_vol_basket,"[200, 60]",balanced,train,1.1985577441767723,0.48195466399772635,0.469821037731298,1.0735917297556254,-0.4601462404626828,0.04874209013959265,0.0,0.6302157359654681,-0.27918559468780435,0.3333333333333333,0.2916666666666667,0.16666666666666666,24,0.654079800782966,12.637411357705052
inverse_vol_basket_200-60,inverse_vol_basket,"[200, 60]",balanced,test,0.08734155777144892,0.05439777417210778,0.39902112724866345,0.3329706549972942,-0.35195206927382616,0.008123472139598392,0.0,0.2513032997414981,-0.1805881277989515,0.3157894736842105,0.10526315789473684,0.10526315789473684,19,0.43367117937265237,8.360275812150036
inverse_vol_basket_200-60,inverse_vol_basket,"[200, 60]",balanced,full,1.3905832024036382,0.27532905928347406,0.43999320001668124,0.7738773754442779,-0.4601462404626828,0.03079432869773472,0.0,0.6302157359654681,-0.27918559468780435,0.32558139534883723,0.20930232558139536,0.13953488372093023,43,0.5568506153443185,10.75063214533101
inverse_vol_basket_200-60,inverse_vol_basket,"[200, 60]",aggressive,train,2.1156068099098198,0.763736658983813,0.7312672667394363,1.1454802559075854,-0.6458412842117627,0.08899497218969205,0.0,1.1482197808662837,-0.40000924994540854,0.3333333333333333,0.2916666666666667,0.20833333333333334,24,1.0087302648401664,18.18131185021506
inverse_vol_basket_200-60,inverse_vol_basket,"[200, 60]",aggressive,test,0.07697726647243797,0.04802896424496583,0.6228383410708576,0.38838152500030176,-0.48138787000594296,0.013575331104924149,0.0,0.4145166573773025,-0.2809314624745505,0.3157894736842105,0.21052631578947367,0.10526315789473684,19,0.6868576903406823,12.110968240592289
inverse_vol_basket_200-60,inverse_vol_basket,"[200, 60]",aggressive,full,2.355437705539623,0.4018816590719201,0.6855498498314786,0.8385191319563967,-0.6458412842117627,0.05567001450107367,0.0,1.1482197808662837,-0.40000924994540854,0.32558139534883723,0.2558139534883721,0.16279069767441862,43,0.8667421337345071,15.503492077468625
donchian_long_20-10,donchian_long,"[20, 10]",conservative,train,0.28144259685840667,0.13181621760737472,0.2597484137270824,0.6066750818299366,-0.3364646541136921,0.014837197883144531,0.001287600091655794,0.2954956019483497,-0.1016114092976762,0.5,0.16666666666666666,0.041666666666666664,24,0.3787861686208574,127.95825822453153
donchian_long_20-10,donchian_long,"[20, 10]",conservative,test,-0.4294780074040928,-0.29883178175238967,0.2642375899749938,-1.2108965348095377,-0.5074289385063526,-0.027478754504550926,-0.03734139106912482,0.1463029170786827,-0.12424495903478339,0.2631578947368421,0.05263157894736842,0.05263157894736842,19,0.3551779470006652,138.35253940674312
donchian_long_20-10,donchian_long,"[20, 10]",conservative,full,-0.26890881624307206,-0.0836930307551329,0.26174629692547596,-0.20278511770982807,-0.5074289385063542,-0.003860548520720904,-0.013281277435559957,0.2954956019483497,-0.12424495903478339,0.3953488372093023,0.11627906976744186,0.046511627906976744,43,0.3683718384413078,132.5435030579689
donchian_long_20-10,donchian_long,"[20, 10]",balanced,train,0.43404695283887196,0.1972217470343831,0.5194968274541648,0.6066750818299366,-0.5782945992229905,0.033415628405457705,-0.0025418382496831815,0.6632751928382754,-0.1961986160772825,0.5,0.2916666666666667,0.2916666666666667,24,0.7575723372417148,255.91651644906307
donchian_long_20-10,donchian_long,"[20, 10]",balanced,test,-0.7089112795344237,-0.5419088218175336,0.5284751799499876,-1.2108965348095377,-0.7723359172010215,-0.05650762253463809,-0.07680117273108222,0.3022614197769611,-0.23777505944776567,0.2631578947368421,0.05263157894736842,0.3684210526315789,19,0.7103558940013304,276.70507881348624
donchian_long_20-10,donchian_long,"[20, 10]",balanced,full,-0.5825651074105758,-0.21634567290426987,0.5234925938509519,-0.20278511770982807,-0.7766843220706104,-0.006317901079700903,-0.030897440498747097,0.6632751928382754,-0.23777505944776567,0.3953488372093023,0.18604651162790697,0.32558139534883723,43,0.7367436768826156,265.0870061159378
donchian_long_20-10,donchian_long,"[20, 10]",aggressive,train,0.3773169074566387,0.1733345010393823,0.8310799005167152,0.6091258969308546,-0.7679056408866461,0.06158548870473255,-0.015458017673233349,1.2184449588559247,-0.30046696815819773,0.5,0.3333333333333333,0.375,24,1.211975363228358,409.3262518789531
donchian_long_20-10,donchian_long,"[20, 10]",aggressive,test,-0.889158876832757,-0.7512891750061408,0.8451587153973487,-1.2179652191545742,-0.922487295056398,-0.09340734738110665,-0.12639601751914786,0.49978659010891957,-0.3600531617853311,0.21052631578947367,0.05263157894736842,0.5789473684210527,19,1.1361140996145471,442.29723512337705
donchian_long_20-10,donchian_long,"[20, 10]",aggressive,full,-0.8473366470202733,-0.4081392059440816,0.837345929909758,-0.2044220584009247,-0.9271640066529262,-0.006899717937847553,-0.05757668634129243,1.2184449588559247,-0.3600531617853311,0.37209302325581395,0.20930232558139536,0.46511627906976744,43,1.178510570334498,423.8707911236263
donchian_long_50-10,donchian_long,"[50, 10]",conservative,train,0.49348537483832366,0.22174714975039178,0.26985449243797355,0.8771331854521466,-0.38508492349435386,0.021128515195150566,0.01641506612684107,0.27919078948537135,-0.12183306365895974,0.5833333333333334,0.16666666666666666,0.125,24,0.3150587752969385,100.94051038574888
donchian_long_50-10,donchian_long,"[50, 10]",conservative,test,-0.22748268967052998,-0.15063820664148075,0.273846498900023,-0.4586462327214866,-0.4266336659547375,-0.010538354452263844,-0.023303555736662984,0.18833662521038508,-0.14933919059451917,0.3684210526315789,0.05263157894736842,0.10526315789473684,19,0.2907032862502541,107.18244612821049
donchian_long_50-10,donchian_long,"[50, 10]",conservative,full,0.15374330478650822,0.04071471202431942,0.2716251831680968,0.28302866874264776,-0.42663366595473695,0.007136177443967455,-0.0009899587767744356,0.27919078948537135,-0.14933919059451917,0.4883720930232558,0.11627906976744186,0.11627906976744186,43,0.3043148019177819,103.69402485318035
donchian_long_50-10,donchian_long,"[50, 10]",balanced,train,0.9623887355581351,0.4002070428851423,0.5372392677889075,0.895324135259741,-0.6327154112719862,0.04587326236525666,0.029931407556431644,0.6201468260629686,-0.2309690783094982,0.5833333333333334,0.25,0.20833333333333334,24,0.626123717680473,200.00973839375413
donchian_long_50-10,donchian_long,"[50, 10]",balanced,test,-0.4630493797624302,-0.32522149006909296,0.5444665371674606,-0.4475151061467136,-0.6808751888605789,-0.020699121270766743,-0.04859211347255099,0.3944163669579597,-0.2733206034693705,0.3684210526315789,0.21052631578947367,0.2631578947368421,19,0.5802674702301829,213.48171859499763
donchian_long_50-10,donchian_long,"[50, 10]",balanced,full,0.05370584870516115,0.014705212008180979,0.5404443960107014,0.29851878845292135,-0.6808751888605798,0.016457557967943997,-0.006275384092704006,0.6201468260629686,-0.2733206034693705,0.4883720930232558,0.23255813953488372,0.23255813953488372,43,0.6058950825284719,205.95265320729962
donchian_long_50-10,donchian_long,"[50, 10]",aggressive,train,1.3076502445173075,0.5182265674020534,0.8480600023112495,0.9169279331397316,-0.7923027752011818,0.08020000179349611,0.03741327441360498,1.124073523576897,-0.3466075554317042,0.5416666666666666,0.3333333333333333,0.25,24,0.9866322121611433,312.07805002553437
donchian_long_50-10,donchian_long,"[50, 10]",aggressive,test,-0.6807127709169165,-0.5143157590573708,0.8559383659766039,-0.40809527535871704,-0.8409236973704909,-0.030172787372953584,-0.08438224599502586,0.6837523363212166,-0.3770055923717549,0.3684210526315789,0.2631578947368421,0.47368421052631576,19,0.915546331811857,333.8917941006666
donchian_long_50-10,donchian_long,"[50, 10]",aggressive,full,-0.26319674773516943,-0.08170085081543565,0.8515517746126389,0.3293898457063148,-0.8409236973704908,0.03143062983622764,-0.014312818321815635,1.124073523576897,-0.3770055923717549,0.46511627906976744,0.3023255813953488,0.3488372093023256,43,0.9552739912425361,321.7007796366592
donchian_long_50-20,donchian_long,"[50, 20]",conservative,train,0.47354063212911757,0.21357298207219833,0.2674854879464483,0.8575915876692326,-0.3098160354509992,0.021004582468953842,-0.011827897442758584,0.30154347261874825,-0.1250943333433273,0.4583333333333333,0.25,0.125,24,0.3675419616673199,72.00583741163227
donchian_long_50-20,donchian_long,"[50, 20]",conservative,test,-0.22080652027267966,-0.14600222656983608,0.2722844025569647,-0.44281286406556064,-0.4366607029955101,-0.009439375943945194,-0.008245801318112922,0.1852090049868993,-0.14987488718105935,0.47368421052631576,0.10526315789473684,0.15789473684210525,19,0.32852061860566556,74.71330038164862
donchian_long_50-20,donchian_long,"[50, 20]",conservative,full,0.1481732526682933,0.03931020433401411,0.2696150496350441,0.27822263811227244,-0.4366607029955072,0.007552600844649616,-0.008245801318112922,0.30154347261874825,-0.14987488718105935,0.46511627906976744,0.18604651162790697,0.13953488372093023,43,0.3503284181301834,73.20018460865019
donchian_long_50-20,donchian_long,"[50, 20]",balanced,train,0.8823074580843331,0.37137868376828953,0.534736410519166,0.8587745568410768,-0.5425935292784452,0.045984988819325834,-0.026837017011360542,0.6780220828302652,-0.23650352263435392,0.4583333333333333,0.375,0.2916666666666667,24,0.734769079731722,143.5527587990089
donchian_long_50-20,donchian_long,"[50, 20]",balanced,test,-0.45934949237293066,-0.322283948160325,0.5422965760868679,-0.4432829176547765,-0.7006893540861239,-0.017669458587947166,-0.019158872109093394,0.3891197719477255,-0.28771377126664155,0.47368421052631576,0.21052631578947367,0.3684210526315789,19,0.6563133716224275,148.58623822563356
donchian_long_50-20,donchian_long,"[50, 20]",balanced,full,0.017670482723505465,0.004899888805557362,0.5380887326118797,0.2798767605412533,-0.7006893540861256,0.017858605081228468,-0.019158872109093394,0.6780220828302652,-0.28771377126664155,0.46511627906976744,0.3023255813953488,0.32558139534883723,43,0.7001597956498696,145.77318512099853
donchian_long_50-20,donchian_long,"[50, 20]",aggressive,train,1.1449359239346508,0.46379572979564454,0.8496292462362187,0.8755091834954287,-0.7190129061221291,0.0820911931110707,-0.04885109580633262,1.2482726878030608,-0.35386068282865646,0.4583333333333333,0.375,0.4166666666666667,24,1.1648787731170178,225.97069560556125
donchian_long_50-20,donchian_long,"[50, 20]",aggressive,test,-0.6877021423379664,-0.5210686265340113,0.8589876413594815,-0.419346540127424,-0.8645561893439655,-0.02477780096808725,-0.03566003156160347,0.6560482376934738,-0.43673673705585314,0.47368421052631576,0.42105263157894735,0.47368421052631576,19,1.0454537064563911,235.06860259240284
donchian_long_50-20,donchian_long,"[50, 20]",aggressive,full,-0.3301411061328742,-0.10578839507979387,0.8537766312483229,0.30080163060836235,-0.8645561893439655,0.03487000968074509,-0.03566003156160347,1.2482726878030608,-0.43673673705585314,0.46511627906976744,0.3953488372093023,0.4418604651162791,43,1.1121966145060227,229.98406894761598
donchian_long_100-10,donchian_long,"[100, 10]",conservative,train,0.46145623320639073,0.2085933334164627,0.28903093485304343,0.799963396297518,-0.36338401984160806,0.020710687730425396,0.016853163892349365,0.30852063135521957,-0.1582829253375646,0.5833333333333334,0.16666666666666666,0.16666666666666666,24,0.2696125560036245,85.88120647618344
donchian_long_100-10,donchian_long,"[100, 10]",conservative,test,-0.4757913915810177,-0.33539549183353323,0.2853971891565357,-1.287877590353069,-0.5919376265222658,-0.029130082092530957,-0.03185347004434891,0.2671425607522959,-0.17630860653777858,0.2631578947368421,0.05263157894736842,0.21052631578947367,19,0.2643166074657024,89.4436274068409
donchian_long_100-10,donchian_long,"[100, 10]",conservative,full,-0.23389206172562937,-0.07165183349201232,0.2874466254968174,-0.11453429812039911,-0.5919376265222661,-0.001311978005299503,-0.010627664299870165,0.30852063135521957,-0.17630860653777858,0.4418604651162791,0.11627906976744186,0.18604651162790697,43,0.2672763462892659,87.45270255950867
donchian_long_100-10,donchian_long,"[100, 10]",balanced,train,0.8258608587648693,0.35068786138752195,0.5674255184203334,0.813395420922417,-0.603971567293319,0.0447610821059943,0.025774531610749274,0.6909918944387605,-0.2955224061868704,0.5416666666666666,0.25,0.20833333333333334,24,0.5328735919347196,167.99369535979864
donchian_long_100-10,donchian_long,"[100, 10]",balanced,test,-0.7353561526979022,-0.5686934419924599,0.5617002791068129,-1.2120982739073376,-0.830970880548992,-0.0511062950231279,-0.0641694516548944,0.5835963958486721,-0.33375302697853404,0.2631578947368421,0.15789473684210525,0.3684210526315789,19,0.5218065232888288,174.49965953318534
donchian_long_100-10,donchian_long,"[100, 10]",balanced,full,-0.5167971576981544,-0.18368889697109625,0.5649306193182371,-0.07504863680784805,-0.8309708805489924,0.002401078258242627,-0.020653516396259786,0.6909918944387605,-0.33375302697853404,0.4186046511627907,0.20930232558139536,0.27906976744186046,43,0.527991559359277,170.86368108460303
donchian_long_100-10,donchian_long,"[100, 10]",aggressive,train,0.9262764215222385,0.3872813836490401,0.8761596875347947,0.8116067652815965,-0.7775929677364558,0.07754047488590625,0.010943269920529297,1.2644176097775661,-0.43528926353190933,0.5,0.3333333333333333,0.20833333333333334,24,0.8332874662079599,258.8845665658369
donchian_long_100-10,donchian_long,"[100, 10]",aggressive,test,-0.8915454621499793,-0.754690274037922,0.8584415208210056,-1.1955479253318635,-0.9384482495279429,-0.07363098736456711,-0.10314012022043129,0.9339639427470017,-0.4980864429711026,0.21052631578947367,0.15789473684210525,0.5263157894736842,19,0.7877209865456831,257.0612270461381
donchian_long_100-10,donchian_long,"[100, 10]",aggressive,full,-0.7910865809324144,-0.3539959294775057,0.8684233591999841,-0.06370969732086113,-0.9384482495279429,0.010743782263604068,-0.05474513539815273,1.2644176097775661,-0.4980864429711026,0.37209302325581395,0.2558139534883721,0.3488372093023256,43,0.8131866567544938,258.0802340712908
donchian_long_100-20,donchian_long,"[100, 20]",conservative,train,0.4136482707578544,0.18868792338763507,0.28648283440723527,0.7467665357293002,-0.3590423528569716,0.01906450777504284,-0.0020540382767732512,0.29698760060284113,-0.14344863018610843,0.5,0.20833333333333334,0.041666666666666664,24,0.31849243650053854,59.94093550868517
donchian_long_100-20,donchian_long,"[100, 20]",conservative,test,-0.4210665396994667,-0.2923099642930381,0.2904278648413306,-1.0444075202190264,-0.5312374408514984,-0.024336014023829566,-0.044130347882322285,0.22188278586329546,-0.18125381772316584,0.3684210526315789,0.05263157894736842,0.15789473684210525,19,0.2985916868525141,62.167884601979814
donchian_long_100-20,donchian_long,"[100, 20]",conservative,full,-0.18159171496229354,-0.054385527694130076,0.2882382245658987,-0.04941834358875052,-0.5312374408515005,-0.00011246697329613072,-0.009293196539980952,0.29698760060284113,-0.18125381772316584,0.4418604651162791,0.13953488372093023,0.09302325581395349,43,0.3097135889876103,60.923312899228755
donchian_long_100-20,donchian_long,"[100, 20]",balanced,train,0.693392274189222,0.3008353134526107,0.5641206791482087,0.7491712735902033,-0.6047855541224141,0.04065020819151142,-0.007709247157883126,0.6632134062359014,-0.27056843956657906,0.5,0.3333333333333333,0.25,24,0.6279626539801346,117.79253363439682
donchian_long_100-20,donchian_long,"[100, 20]",balanced,test,-0.6823007979140798,-0.5158452430444533,0.5708054207777745,-0.9818888651793644,-0.7792225781867359,-0.04348302278400911,-0.0920452610496334,0.47337561307404585,-0.339651213125289,0.3684210526315789,0.10526315789473684,0.47368421052631576,19,0.5921550354568881,122.19278661103104
donchian_long_100-20,donchian_long,"[100, 20]",balanced,full,-0.4620106256716232,-0.15885306783723885,0.5670941678116065,-0.019483845793561532,-0.7792225781867381,0.003475059620932582,-0.01894849864892212,0.6632134062359014,-0.339651213125289,0.4418604651162791,0.23255813953488372,0.3488372093023256,43,0.6121667855642988,119.73362382363075
donchian_long_100-20,donchian_long,"[100, 20]",aggressive,train,0.8087914354851669,0.3443680859485989,0.8740433959740762,0.7776189056739278,-0.7706219186246119,0.07217726698979043,-0.01821866758912155,1.2087593168547301,-0.4030886464558029,0.4166666666666667,0.375,0.375,24,0.9800073333964479,181.8977932277085
donchian_long_100-20,donchian_long,"[100, 20]",aggressive,test,-0.8441811798406251,-0.6914925694717557,0.8852088715373658,-0.8768076194610995,-0.902188737953861,-0.059026778955936804,-0.1534082091968224,0.7864215300719437,-0.5017261222746271,0.3157894736842105,0.15789473684210525,0.5263157894736842,19,0.926073329196043,186.87790602531828
donchian_long_100-20,donchian_long,"[100, 20]",aggressive,full,-0.7181562526083196,-0.2976982476567268,0.879006210559678,0.04261625857603125,-0.9082757005187236,0.014203386223073747,-0.04965701238987219,1.2087593168547301,-0.5017261222746271,0.37209302325581395,0.27906976744186046,0.4418604651162791,43,0.9562153453049849,184.09467784867243
donchian_long_100-50,donchian_long,"[100, 50]",conservative,train,0.3478151687322588,0.160717422853075,0.2738457190674497,0.6812089940264422,-0.40492530026529117,0.016841322786040506,-0.014602982835625888,0.29022223453856677,-0.09766029263284226,0.4583333333333333,0.20833333333333334,0.0,24,0.3675234254114921,41.4815140706734
donchian_long_100-50,donchian_long,"[100, 50]",conservative,test,-0.48036275544390494,-0.33906763791601346,0.27993532978560076,-1.338787345328075,-0.5321807949677444,-0.031272715185148396,-0.051919879984970496,0.16649874412385146,-0.13267528599271472,0.3157894736842105,0.05263157894736842,0.15789473684210525,19,0.3483225788799695,40.73645025268834
donchian_long_100-50,donchian_long,"[100, 50]",conservative,full,-0.2996250395490566,-0.09460269062956439,0.2765601726994961,-0.22081916082392275,-0.604869943822954,-0.004418368410531334,-0.02913664565797003,0.29022223453856677,-0.13267528599271472,0.3953488372093023,0.13953488372093023,0.06976744186046512,43,0.3590533272091308,41.15284295218916
donchian_long_100-50,donchian_long,"[100, 50]",balanced,train,0.5388987889625574,0.24015788328159804,0.5410386807283338,0.6687125590627683,-0.6613857532154059,0.03565398935371442,-0.03305124728210079,0.6437019288284012,-0.18861031810328788,0.4583333333333333,0.3333333333333333,0.375,24,0.7266442814822119,81.73970392794051
donchian_long_100-50,donchian_long,"[100, 50]",balanced,test,-0.741263234928687,-0.5748086300242947,0.549483070534793,-1.2797702620913542,-0.7883763278632918,-0.05916940872083476,-0.10610609050609132,0.34634961889669946,-0.23475880805422955,0.3157894736842105,0.05263157894736842,0.5263157894736842,19,0.6914164516172808,79.89144469948414
donchian_long_100-50,donchian_long,"[100, 50]",balanced,full,-0.6018303055716692,-0.22661056194034002,0.5448004911337655,-0.1982574163919037,-0.858293039602038,-0.006244721423411959,-0.05802372876035389,0.6437019288284012,-0.23475880805422955,0.3953488372093023,0.20930232558139536,0.4418604651162791,43,0.7111041761060153,80.9243785649288
donchian_long_100-50,donchian_long,"[100, 50]",aggressive,train,0.38078014162000184,0.17480671924710833,0.8501010487753344,0.6160472040503896,-0.8378329561017118,0.05851661199230294,-0.05996896544457275,1.1621871437073565,-0.2890278836340998,0.4583333333333333,0.375,0.4166666666666667,24,1.140371116987699,127.34797256604638
donchian_long_100-50,donchian_long,"[100, 50]",aggressive,test,-0.885590238587294,-0.7462533084110432,0.8559369434356412,-1.1700451856659728,-0.9154997478921856,-0.08589748263799625,-0.17316353813105878,0.5768847474488004,-0.3600258379908642,0.3157894736842105,0.15789473684210525,0.5789473684210527,19,1.0895921067727863,124.22135936891857
donchian_long_100-50,donchian_long,"[100, 50]",aggressive,full,-0.8420252734338544,-0.4024637183989461,0.8527051553572741,-0.17486205226201562,-0.9606172861233456,-0.005294267030387397,-0.09232066020392415,1.1621871437073565,-0.3600258379908642,0.3953488372093023,0.27906976744186046,0.4883720930232558,43,1.117970896120723,125.96872500125835
pullback_long_100-30-55,pullback_long,"[100, 30, 55]",conservative,train,0.0,0.0,0.0,,0.0,0.0,0.0,0.0,0.0,0.0,0.0,0.0,24,0.0,0.0
pullback_long_100-30-55,pullback_long,"[100, 30, 55]",conservative,test,0.0,0.0,0.0,,0.0,0.0,0.0,0.0,0.0,0.0,0.0,0.0,19,0.0,0.0
pullback_long_100-30-55,pullback_long,"[100, 30, 55]",conservative,full,0.0,0.0,0.0,,0.0,0.0,0.0,0.0,0.0,0.0,0.0,0.0,43,0.0,0.0
pullback_long_100-30-55,pullback_long,"[100, 30, 55]",balanced,train,0.0,0.0,0.0,,0.0,0.0,0.0,0.0,0.0,0.0,0.0,0.0,24,0.0,0.0
pullback_long_100-30-55,pullback_long,"[100, 30, 55]",balanced,test,0.0,0.0,0.0,,0.0,0.0,0.0,0.0,0.0,0.0,0.0,0.0,19,0.0,0.0
pullback_long_100-30-55,pullback_long,"[100, 30, 55]",balanced,full,0.0,0.0,0.0,,0.0,0.0,0.0,0.0,0.0,0.0,0.0,0.0,43,0.0,0.0
pullback_long_100-30-55,pullback_long,"[100, 30, 55]",aggressive,train,0.0,0.0,0.0,,0.0,0.0,0.0,0.0,0.0,0.0,0.0,0.0,24,0.0,0.0
pullback_long_100-30-55,pullback_long,"[100, 30, 55]",aggressive,test,0.0,0.0,0.0,,0.0,0.0,0.0,0.0,0.0,0.0,0.0,0.0,19,0.0,0.0
pullback_long_100-30-55,pullback_long,"[100, 30, 55]",aggressive,full,0.0,0.0,0.0,,0.0,0.0,0.0,0.0,0.0,0.0,0.0,0.0,43,0.0,0.0
pullback_long_100-30-60,pullback_long,"[100, 30, 60]",conservative,train,0.0,0.0,0.0,,0.0,0.0,0.0,0.0,0.0,0.0,0.0,0.0,24,0.0,0.0
pullback_long_100-30-60,pullback_long,"[100, 30, 60]",conservative,test,0.0,0.0,0.0,,0.0,0.0,0.0,0.0,0.0,0.0,0.0,0.0,19,0.0,0.0
pullback_long_100-30-60,pullback_long,"[100, 30, 60]",conservative,full,0.0,0.0,0.0,,0.0,0.0,0.0,0.0,0.0,0.0,0.0,0.0,43,0.0,0.0
pullback_long_100-30-60,pullback_long,"[100, 30, 60]",balanced,train,0.0,0.0,0.0,,0.0,0.0,0.0,0.0,0.0,0.0,0.0,0.0,24,0.0,0.0
pullback_long_100-30-60,pullback_long,"[100, 30, 60]",balanced,test,0.0,0.0,0.0,,0.0,0.0,0.0,0.0,0.0,0.0,0.0,0.0,19,0.0,0.0
pullback_long_100-30-60,pullback_long,"[100, 30, 60]",balanced,full,0.0,0.0,0.0,,0.0,0.0,0.0,0.0,0.0,0.0,0.0,0.0,43,0.0,0.0
pullback_long_100-30-60,pullback_long,"[100, 30, 60]",aggressive,train,0.0,0.0,0.0,,0.0,0.0,0.0,0.0,0.0,0.0,0.0,0.0,24,0.0,0.0
pullback_long_100-30-60,pullback_long,"[100, 30, 60]",aggressive,test,0.0,0.0,0.0,,0.0,0.0,0.0,0.0,0.0,0.0,0.0,0.0,19,0.0,0.0
pullback_long_100-30-60,pullback_long,"[100, 30, 60]",aggressive,full,0.0,0.0,0.0,,0.0,0.0,0.0,0.0,0.0,0.0,0.0,0.0,43,0.0,0.0
pullback_long_100-30-65,pullback_long,"[100, 30, 65]",conservative,train,0.0,0.0,0.0,,0.0,0.0,0.0,0.0,0.0,0.0,0.0,0.0,24,0.0,0.0
pullback_long_100-30-65,pullback_long,"[100, 30, 65]",conservative,test,0.0,0.0,0.0,,0.0,0.0,0.0,0.0,0.0,0.0,0.0,0.0,19,0.0,0.0
pullback_long_100-30-65,pullback_long,"[100, 30, 65]",conservative,full,0.0,0.0,0.0,,0.0,0.0,0.0,0.0,0.0,0.0,0.0,0.0,43,0.0,0.0
pullback_long_100-30-65,pullback_long,"[100, 30, 65]",balanced,train,0.0,0.0,0.0,,0.0,0.0,0.0,0.0,0.0,0.0,0.0,0.0,24,0.0,0.0
pullback_long_100-30-65,pullback_long,"[100, 30, 65]",balanced,test,0.0,0.0,0.0,,0.0,0.0,0.0,0.0,0.0,0.0,0.0,0.0,19,0.0,0.0
pullback_long_100-30-65,pullback_long,"[100, 30, 65]",balanced,full,0.0,0.0,0.0,,0.0,0.0,0.0,0.0,0.0,0.0,0.0,0.0,43,0.0,0.0
pullback_long_100-30-65,pullback_long,"[100, 30, 65]",aggressive,train,0.0,0.0,0.0,,0.0,0.0,0.0,0.0,0.0,0.0,0.0,0.0,24,0.0,0.0
pullback_long_100-30-65,pullback_long,"[100, 30, 65]",aggressive,test,0.0,0.0,0.0,,0.0,0.0,0.0,0.0,0.0,0.0,0.0,0.0,19,0.0,0.0
pullback_long_100-30-65,pullback_long,"[100, 30, 65]",aggressive,full,0.0,0.0,0.0,,0.0,0.0,0.0,0.0,0.0,0.0,0.0,0.0,43,0.0,0.0
pullback_long_100-35-55,pullback_long,"[100, 35, 55]",conservative,train,0.0,0.0,0.0,,0.0,0.0,0.0,0.0,0.0,0.0,0.0,0.0,24,0.0,0.0
pullback_long_100-35-55,pullback_long,"[100, 35, 55]",conservative,test,0.0,0.0,0.0,,0.0,0.0,0.0,0.0,0.0,0.0,0.0,0.0,19,0.0,0.0
pullback_long_100-35-55,pullback_long,"[100, 35, 55]",conservative,full,0.0,0.0,0.0,,0.0,0.0,0.0,0.0,0.0,0.0,0.0,0.0,43,0.0,0.0
pullback_long_100-35-55,pullback_long,"[100, 35, 55]",balanced,train,0.0,0.0,0.0,,0.0,0.0,0.0,0.0,0.0,0.0,0.0,0.0,24,0.0,0.0
pullback_long_100-35-55,pullback_long,"[100, 35, 55]",balanced,test,0.0,0.0,0.0,,0.0,0.0,0.0,0.0,0.0,0.0,0.0,0.0,19,0.0,0.0
pullback_long_100-35-55,pullback_long,"[100, 35, 55]",balanced,full,0.0,0.0,0.0,,0.0,0.0,0.0,0.0,0.0,0.0,0.0,0.0,43,0.0,0.0
pullback_long_100-35-55,pullback_long,"[100, 35, 55]",aggressive,train,0.0,0.0,0.0,,0.0,0.0,0.0,0.0,0.0,0.0,0.0,0.0,24,0.0,0.0
pullback_long_100-35-55,pullback_long,"[100, 35, 55]",aggressive,test,0.0,0.0,0.0,,0.0,0.0,0.0,0.0,0.0,0.0,0.0,0.0,19,0.0,0.0
pullback_long_100-35-55,pullback_long,"[100, 35, 55]",aggressive,full,0.0,0.0,0.0,,0.0,0.0,0.0,0.0,0.0,0.0,0.0,0.0,43,0.0,0.0
pullback_long_100-35-60,pullback_long,"[100, 35, 60]",conservative,train,0.0,0.0,0.0,,0.0,0.0,0.0,0.0,0.0,0.0,0.0,0.0,24,0.0,0.0
pullback_long_100-35-60,pullback_long,"[100, 35, 60]",conservative,test,0.0,0.0,0.0,,0.0,0.0,0.0,0.0,0.0,0.0,0.0,0.0,19,0.0,0.0
pullback_long_100-35-60,pullback_long,"[100, 35, 60]",conservative,full,0.0,0.0,0.0,,0.0,0.0,0.0,0.0,0.0,0.0,0.0,0.0,43,0.0,0.0
pullback_long_100-35-60,pullback_long,"[100, 35, 60]",balanced,train,0.0,0.0,0.0,,0.0,0.0,0.0,0.0,0.0,0.0,0.0,0.0,24,0.0,0.0
pullback_long_100-35-60,pullback_long,"[100, 35, 60]",balanced,test,0.0,0.0,0.0,,0.0,0.0,0.0,0.0,0.0,0.0,0.0,0.0,19,0.0,0.0
pullback_long_100-35-60,pullback_long,"[100, 35, 60]",balanced,full,0.0,0.0,0.0,,0.0,0.0,0.0,0.0,0.0,0.0,0.0,0.0,43,0.0,0.0
pullback_long_100-35-60,pullback_long,"[100, 35, 60]",aggressive,train,0.0,0.0,0.0,,0.0,0.0,0.0,0.0,0.0,0.0,0.0,0.0,24,0.0,0.0
pullback_long_100-35-60,pullback_long,"[100, 35, 60]",aggressive,test,0.0,0.0,0.0,,0.0,0.0,0.0,0.0,0.0,0.0,0.0,0.0,19,0.0,0.0
pullback_long_100-35-60,pullback_long,"[100, 35, 60]",aggressive,full,0.0,0.0,0.0,,0.0,0.0,0.0,0.0,0.0,0.0,0.0,0.0,43,0.0,0.0
pullback_long_100-35-65,pullback_long,"[100, 35, 65]",conservative,train,0.0,0.0,0.0,,0.0,0.0,0.0,0.0,0.0,0.0,0.0,0.0,24,0.0,0.0
pullback_long_100-35-65,pullback_long,"[100, 35, 65]",conservative,test,0.0,0.0,0.0,,0.0,0.0,0.0,0.0,0.0,0.0,0.0,0.0,19,0.0,0.0
pullback_long_100-35-65,pullback_long,"[100, 35, 65]",conservative,full,0.0,0.0,0.0,,0.0,0.0,0.0,0.0,0.0,0.0,0.0,0.0,43,0.0,0.0
pullback_long_100-35-65,pullback_long,"[100, 35, 65]",balanced,train,0.0,0.0,0.0,,0.0,0.0,0.0,0.0,0.0,0.0,0.0,0.0,24,0.0,0.0
pullback_long_100-35-65,pullback_long,"[100, 35, 65]",balanced,test,0.0,0.0,0.0,,0.0,0.0,0.0,0.0,0.0,0.0,0.0,0.0,19,0.0,0.0
pullback_long_100-35-65,pullback_long,"[100, 35, 65]",balanced,full,0.0,0.0,0.0,,0.0,0.0,0.0,0.0,0.0,0.0,0.0,0.0,43,0.0,0.0
pullback_long_100-35-65,pullback_long,"[100, 35, 65]",aggressive,train,0.0,0.0,0.0,,0.0,0.0,0.0,0.0,0.0,0.0,0.0,0.0,24,0.0,0.0
pullback_long_100-35-65,pullback_long,"[100, 35, 65]",aggressive,test,0.0,0.0,0.0,,0.0,0.0,0.0,0.0,0.0,0.0,0.0,0.0,19,0.0,0.0
pullback_long_100-35-65,pullback_long,"[100, 35, 65]",aggressive,full,0.0,0.0,0.0,,0.0,0.0,0.0,0.0,0.0,0.0,0.0,0.0,43,0.0,0.0
pullback_long_100-40-55,pullback_long,"[100, 40, 55]",conservative,train,-0.026061989407051178,-0.01309919694654682,0.07467983916697506,-0.13932031135086317,-0.07089596217249494,-0.0010782397110161573,0.0,0.013343741604518122,-0.02833043572037175,0.041666666666666664,0.0,0.0,24,0.014474318796251684,4.493844049247606
pullback_long_100-40-55,pullback_long,"[100, 40, 55]",conservative,test,-0.02100381710275867,-0.01333840807727249,0.0866223776285903,-0.11171295816749342,-0.099738778742962,-0.00110546405803993,0.0,0.0,-0.02100381710275867,0.0,0.0,0.0,19,0.0036971854399621158,1.8977469670710572
pullback_long_100-40-55,pullback_long,"[100, 40, 55]",conservative,full,-0.046518405250970396,-0.013204727659212212,0.08016634949627509,-0.1257817231534466,-0.11307676632523211,-0.0010902690736545686,0.0,0.013343741604518122,-0.02833043572037175,0.023255813953488372,0.0,0.0,43,0.009720185809570429,3.3486238532110093
pullback_long_100-40-55,pullback_long,"[100, 40, 55]",balanced,train,-0.06079344890697025,-0.030831728468884156,0.13286519832906668,-0.16949141457587147,-0.1202094841192749,-0.0025603669360395784,0.0,0.005383298845691886,-0.04731024575746745,0.041666666666666664,0.0,0.0,24,0.026763674679269198,7.489740082079344
pullback_long_100-40-55,pullback_long,"[100, 40, 55]",balanced,test,-0.05806411743389672,-0.03713287297007395,0.15628478246450034,-0.1638871117734527,-0.16221452156353477,-0.0030560061807314064,0.0,0.0,-0.05806411743389672,0.0,0.0,0.0,19,0.0068304773712933855,3.1629116117850953
pullback_long_100-40-55,pullback_long,"[100, 40, 55]",balanced,full,-0.11532764838432097,-0.033616428870434256,0.1436653066502428,-0.16624871965156432,-0.19682801065993094,-0.0027793703232289906,0.0,0.005383298845691886,-0.05806411743389672,0.023255813953488372,0.0,0.0,43,0.01797051348148476,5.581039755351682
pullback_long_100-40-55,pullback_long,"[100, 40, 55]",aggressive,train,-0.09190485695068906,-0.046996897789106096,0.16683156557757148,-0.2053178281494449,-0.15833789227384454,-0.003936939691161985,0.0,0.0,-0.05682428228192604,0.0,0.0,0.0,24,0.0338577291381669,8.987688098495212
pullback_long_100-40-55,pullback_long,"[100, 40, 55]",aggressive,test,-0.10405164380330012,-0.06714304291344564,0.20650081397437595,-0.23228008927878005,-0.2105902372233467,-0.0054764023054368486,0.0,0.0,-0.10405164380330012,0.0,0.0,0.05263157894736842,19,0.00924048624084535,3.7954939341421143
pullback_long_100-40-55,pullback_long,"[100, 40, 55]",aggressive,full,-0.18639364931476288,-0.055937078899561676,0.18537718869771042,-0.21740822122697784,-0.26342993198851106,-0.004617167357934599,0.0,0.0,-0.10405164380330012,0.0,0.0,0.023255813953488372,43,0.022998287890648138,6.697247706422019
pullback_long_100-40-60,pullback_long,"[100, 40, 60]",conservative,train,-0.026061989407051178,-0.01309919694654682,0.07467983916697506,-0.13932031135086317,-0.07089596217249494,-0.0010782397110161573,0.0,0.013343741604518122,-0.02833043572037175,0.041666666666666664,0.0,0.0,24,0.014474318796251684,4.493844049247606
pullback_long_100-40-60,pullback_long,"[100, 40, 60]",conservative,test,-0.02100381710275867,-0.01333840807727249,0.0866223776285903,-0.11171295816749342,-0.099738778742962,-0.00110546405803993,0.0,0.0,-0.02100381710275867,0.0,0.0,0.0,19,0.0036971854399621158,1.8977469670710572
pullback_long_100-40-60,pullback_long,"[100, 40, 60]",conservative,full,-0.046518405250970396,-0.013204727659212212,0.08016634949627509,-0.1257817231534466,-0.11307676632523211,-0.0010902690736545686,0.0,0.013343741604518122,-0.02833043572037175,0.023255813953488372,0.0,0.0,43,0.009720185809570429,3.3486238532110093
pullback_long_100-40-60,pullback_long,"[100, 40, 60]",balanced,train,-0.06079344890697025,-0.030831728468884156,0.13286519832906668,-0.16949141457587147,-0.1202094841192749,-0.0025603669360395784,0.0,0.005383298845691886,-0.04731024575746745,0.041666666666666664,0.0,0.0,24,0.026763674679269198,7.489740082079344
pullback_long_100-40-60,pullback_long,"[100, 40, 60]",balanced,test,-0.05806411743389672,-0.03713287297007395,0.15628478246450034,-0.1638871117734527,-0.16221452156353477,-0.0030560061807314064,0.0,0.0,-0.05806411743389672,0.0,0.0,0.0,19,0.0068304773712933855,3.1629116117850953
pullback_long_100-40-60,pullback_long,"[100, 40, 60]",balanced,full,-0.11532764838432097,-0.033616428870434256,0.1436653066502428,-0.16624871965156432,-0.19682801065993094,-0.0027793703232289906,0.0,0.005383298845691886,-0.05806411743389672,0.023255813953488372,0.0,0.0,43,0.01797051348148476,5.581039755351682
pullback_long_100-40-60,pullback_long,"[100, 40, 60]",aggressive,train,-0.09190485695068906,-0.046996897789106096,0.16683156557757148,-0.2053178281494449,-0.15833789227384454,-0.003936939691161985,0.0,0.0,-0.05682428228192604,0.0,0.0,0.0,24,0.0338577291381669,8.987688098495212
pullback_long_100-40-60,pullback_long,"[100, 40, 60]",aggressive,test,-0.10405164380330012,-0.06714304291344564,0.20650081397437595,-0.23228008927878005,-0.2105902372233467,-0.0054764023054368486,0.0,0.0,-0.10405164380330012,0.0,0.0,0.05263157894736842,19,0.00924048624084535,3.7954939341421143
pullback_long_100-40-60,pullback_long,"[100, 40, 60]",aggressive,full,-0.18639364931476288,-0.055937078899561676,0.18537718869771042,-0.21740822122697784,-0.26342993198851106,-0.004617167357934599,0.0,0.0,-0.10405164380330012,0.0,0.0,0.023255813953488372,43,0.022998287890648138,6.697247706422019
pullback_long_100-40-65,pullback_long,"[100, 40, 65]",conservative,train,-0.026061989407051178,-0.01309919694654682,0.07467983916697506,-0.13932031135086317,-0.07089596217249494,-0.0010782397110161573,0.0,0.013343741604518122,-0.02833043572037175,0.041666666666666664,0.0,0.0,24,0.014474318796251684,4.493844049247606
pullback_long_100-40-65,pullback_long,"[100, 40, 65]",conservative,test,-0.02100381710275867,-0.01333840807727249,0.0866223776285903,-0.11171295816749342,-0.099738778742962,-0.00110546405803993,0.0,0.0,-0.02100381710275867,0.0,0.0,0.0,19,0.0036971854399621158,1.8977469670710572
pullback_long_100-40-65,pullback_long,"[100, 40, 65]",conservative,full,-0.046518405250970396,-0.013204727659212212,0.08016634949627509,-0.1257817231534466,-0.11307676632523211,-0.0010902690736545686,0.0,0.013343741604518122,-0.02833043572037175,0.023255813953488372,0.0,0.0,43,0.009720185809570429,3.3486238532110093
pullback_long_100-40-65,pullback_long,"[100, 40, 65]",balanced,train,-0.06079344890697025,-0.030831728468884156,0.13286519832906668,-0.16949141457587147,-0.1202094841192749,-0.0025603669360395784,0.0,0.005383298845691886,-0.04731024575746745,0.041666666666666664,0.0,0.0,24,0.026763674679269198,7.489740082079344
pullback_long_100-40-65,pullback_long,"[100, 40, 65]",balanced,test,-0.05806411743389672,-0.03713287297007395,0.15628478246450034,-0.1638871117734527,-0.16221452156353477,-0.0030560061807314064,0.0,0.0,-0.05806411743389672,0.0,0.0,0.0,19,0.0068304773712933855,3.1629116117850953
pullback_long_100-40-65,pullback_long,"[100, 40, 65]",balanced,full,-0.11532764838432097,-0.033616428870434256,0.1436653066502428,-0.16624871965156432,-0.19682801065993094,-0.0027793703232289906,0.0,0.005383298845691886,-0.05806411743389672,0.023255813953488372,0.0,0.0,43,0.01797051348148476,5.581039755351682
pullback_long_100-40-65,pullback_long,"[100, 40, 65]",aggressive,train,-0.09190485695068906,-0.046996897789106096,0.16683156557757148,-0.2053178281494449,-0.15833789227384454,-0.003936939691161985,0.0,0.0,-0.05682428228192604,0.0,0.0,0.0,24,0.0338577291381669,8.987688098495212
pullback_long_100-40-65,pullback_long,"[100, 40, 65]",aggressive,test,-0.10405164380330012,-0.06714304291344564,0.20650081397437595,-0.23228008927878005,-0.2105902372233467,-0.0054764023054368486,0.0,0.0,-0.10405164380330012,0.0,0.0,0.05263157894736842,19,0.00924048624084535,3.7954939341421143
pullback_long_100-40-65,pullback_long,"[100, 40, 65]",aggressive,full,-0.18639364931476288,-0.055937078899561676,0.18537718869771042,-0.21740822122697784,-0.26342993198851106,-0.004617167357934599,0.0,0.0,-0.10405164380330012,0.0,0.0,0.023255813953488372,43,0.022998287890648138,6.697247706422019
pullback_long_200-30-55,pullback_long,"[200, 30, 55]",conservative,train,0.0,0.0,0.0,,0.0,0.0,0.0,0.0,0.0,0.0,0.0,0.0,24,0.0,0.0
pullback_long_200-30-55,pullback_long,"[200, 30, 55]",conservative,test,0.0,0.0,0.0,,0.0,0.0,0.0,0.0,0.0,0.0,0.0,0.0,19,0.0,0.0
pullback_long_200-30-55,pullback_long,"[200, 30, 55]",conservative,full,0.0,0.0,0.0,,0.0,0.0,0.0,0.0,0.0,0.0,0.0,0.0,43,0.0,0.0
pullback_long_200-30-55,pullback_long,"[200, 30, 55]",balanced,train,0.0,0.0,0.0,,0.0,0.0,0.0,0.0,0.0,0.0,0.0,0.0,24,0.0,0.0
pullback_long_200-30-55,pullback_long,"[200, 30, 55]",balanced,test,0.0,0.0,0.0,,0.0,0.0,0.0,0.0,0.0,0.0,0.0,0.0,19,0.0,0.0
pullback_long_200-30-55,pullback_long,"[200, 30, 55]",balanced,full,0.0,0.0,0.0,,0.0,0.0,0.0,0.0,0.0,0.0,0.0,0.0,43,0.0,0.0
pullback_long_200-30-55,pullback_long,"[200, 30, 55]",aggressive,train,0.0,0.0,0.0,,0.0,0.0,0.0,0.0,0.0,0.0,0.0,0.0,24,0.0,0.0
pullback_long_200-30-55,pullback_long,"[200, 30, 55]",aggressive,test,0.0,0.0,0.0,,0.0,0.0,0.0,0.0,0.0,0.0,0.0,0.0,19,0.0,0.0
pullback_long_200-30-55,pullback_long,"[200, 30, 55]",aggressive,full,0.0,0.0,0.0,,0.0,0.0,0.0,0.0,0.0,0.0,0.0,0.0,43,0.0,0.0
pullback_long_200-30-60,pullback_long,"[200, 30, 60]",conservative,train,0.0,0.0,0.0,,0.0,0.0,0.0,0.0,0.0,0.0,0.0,0.0,24,0.0,0.0
pullback_long_200-30-60,pullback_long,"[200, 30, 60]",conservative,test,0.0,0.0,0.0,,0.0,0.0,0.0,0.0,0.0,0.0,0.0,0.0,19,0.0,0.0
pullback_long_200-30-60,pullback_long,"[200, 30, 60]",conservative,full,0.0,0.0,0.0,,0.0,0.0,0.0,0.0,0.0,0.0,0.0,0.0,43,0.0,0.0
pullback_long_200-30-60,pullback_long,"[200, 30, 60]",balanced,train,0.0,0.0,0.0,,0.0,0.0,0.0,0.0,0.0,0.0,0.0,0.0,24,0.0,0.0
pullback_long_200-30-60,pullback_long,"[200, 30, 60]",balanced,test,0.0,0.0,0.0,,0.0,0.0,0.0,0.0,0.0,0.0,0.0,0.0,19,0.0,0.0
pullback_long_200-30-60,pullback_long,"[200, 30, 60]",balanced,full,0.0,0.0,0.0,,0.0,0.0,0.0,0.0,0.0,0.0,0.0,0.0,43,0.0,0.0
pullback_long_200-30-60,pullback_long,"[200, 30, 60]",aggressive,train,0.0,0.0,0.0,,0.0,0.0,0.0,0.0,0.0,0.0,0.0,0.0,24,0.0,0.0
pullback_long_200-30-60,pullback_long,"[200, 30, 60]",aggressive,test,0.0,0.0,0.0,,0.0,0.0,0.0,0.0,0.0,0.0,0.0,0.0,19,0.0,0.0
pullback_long_200-30-60,pullback_long,"[200, 30, 60]",aggressive,full,0.0,0.0,0.0,,0.0,0.0,0.0,0.0,0.0,0.0,0.0,0.0,43,0.0,0.0
pullback_long_200-30-65,pullback_long,"[200, 30, 65]",conservative,train,0.0,0.0,0.0,,0.0,0.0,0.0,0.0,0.0,0.0,0.0,0.0,24,0.0,0.0
pullback_long_200-30-65,pullback_long,"[200, 30, 65]",conservative,test,0.0,0.0,0.0,,0.0,0.0,0.0,0.0,0.0,0.0,0.0,0.0,19,0.0,0.0
pullback_long_200-30-65,pullback_long,"[200, 30, 65]",conservative,full,0.0,0.0,0.0,,0.0,0.0,0.0,0.0,0.0,0.0,0.0,0.0,43,0.0,0.0
pullback_long_200-30-65,pullback_long,"[200, 30, 65]",balanced,train,0.0,0.0,0.0,,0.0,0.0,0.0,0.0,0.0,0.0,0.0,0.0,24,0.0,0.0
pullback_long_200-30-65,pullback_long,"[200, 30, 65]",balanced,test,0.0,0.0,0.0,,0.0,0.0,0.0,0.0,0.0,0.0,0.0,0.0,19,0.0,0.0
pullback_long_200-30-65,pullback_long,"[200, 30, 65]",balanced,full,0.0,0.0,0.0,,0.0,0.0,0.0,0.0,0.0,0.0,0.0,0.0,43,0.0,0.0
pullback_long_200-30-65,pullback_long,"[200, 30, 65]",aggressive,train,0.0,0.0,0.0,,0.0,0.0,0.0,0.0,0.0,0.0,0.0,0.0,24,0.0,0.0
pullback_long_200-30-65,pullback_long,"[200, 30, 65]",aggressive,test,0.0,0.0,0.0,,0.0,0.0,0.0,0.0,0.0,0.0,0.0,0.0,19,0.0,0.0
pullback_long_200-30-65,pullback_long,"[200, 30, 65]",aggressive,full,0.0,0.0,0.0,,0.0,0.0,0.0,0.0,0.0,0.0,0.0,0.0,43,0.0,0.0
pullback_long_200-35-55,pullback_long,"[200, 35, 55]",conservative,train,0.0,0.0,0.0,,0.0,0.0,0.0,0.0,0.0,0.0,0.0,0.0,24,0.0,0.0
pullback_long_200-35-55,pullback_long,"[200, 35, 55]",conservative,test,-0.014299014700949297,-0.009069220817816692,0.10037968431906051,-0.040930947017038734,-0.15970643575722643,-0.00028382274431603067,0.0,0.10616690646835725,-0.077128588515332,0.05263157894736842,0.05263157894736842,0.0,19,0.012055463058480797,3.795494768474974
pullback_long_200-35-55,pullback_long,"[200, 35, 55]",conservative,full,-0.014299014700949297,-0.004010905854050506,0.06666856685719855,-0.027185953412080112,-0.15970643575722643,-0.00012541004981406008,0.0,0.10616690646835725,-0.077128588515332,0.023255813953488372,0.023255813953488372,0.0,43,0.005318044483748793,1.6743122946560094
pullback_long_200-35-55,pullback_long,"[200, 35, 55]",balanced,train,0.0,0.0,0.0,,0.0,0.0,0.0,0.0,0.0,0.0,0.0,0.0,24,0.0,0.0
pullback_long_200-35-55,pullback_long,"[200, 35, 55]",balanced,test,-0.048814752037159015,-0.03116261148433086,0.18218212773566433,-0.08361765022362036,-0.2872635626012502,-0.0010499140643272654,0.0,0.1883748971890391,-0.15018318125142738,0.05263157894736842,0.05263157894736842,0.05263157894736842,19,0.02314774562142685,6.32582489223591
pullback_long_200-35-55,pullback_long,"[200, 35, 55]",balanced,full,-0.048814752037159015,-0.013868493249849179,0.12099882068283933,-0.05553805429692685,-0.2872635626012502,-0.00046391551679576847,0.0,0.1883748971890391,-0.15018318125142738,0.023255813953488372,0.023255813953488372,0.023255813953488372,43,0.010211199712204353,2.79052061377685
pullback_long_200-35-55,pullback_long,"[200, 35, 55]",aggressive,train,0.0,0.0,0.0,,0.0,0.0,0.0,0.0,0.0,0.0,0.0,0.0,24,0.0,0.0
pullback_long_200-35-55,pullback_long,"[200, 35, 55]",aggressive,test,-0.13299055662003834,-0.08631821063301659,0.2457325146131485,-0.24537965694260744,-0.3964317984256487,-0.004618127399488765,0.0,0.2149757602804898,-0.23252313758311804,0.05263157894736842,0.05263157894736842,0.05263157894736842,19,0.033964874315001566,7.59099053814938
pullback_long_200-35-55,pullback_long,"[200, 35, 55]",aggressive,full,-0.13299055662003834,-0.03903974458274384,0.16320698040543485,-0.1629785761424042,-0.3964317984256487,-0.002040567920704338,0.0,0.2149757602804898,-0.23252313758311804,0.023255813953488372,0.023255813953488372,0.023255813953488372,43,0.014982975901954056,3.3486250309726238
pullback_long_200-35-60,pullback_long,"[200, 35, 60]",conservative,train,0.0,0.0,0.0,,0.0,0.0,0.0,0.0,0.0,0.0,0.0,0.0,24,0.0,0.0
pullback_long_200-35-60,pullback_long,"[200, 35, 60]",conservative,test,-0.014299014700949297,-0.009069220817816692,0.10037968431906051,-0.040930947017038734,-0.15970643575722643,-0.00028382274431603067,0.0,0.10616690646835725,-0.077128588515332,0.05263157894736842,0.05263157894736842,0.0,19,0.012055463058480797,3.795494768474974
pullback_long_200-35-60,pullback_long,"[200, 35, 60]",conservative,full,-0.014299014700949297,-0.004010905854050506,0.06666856685719855,-0.027185953412080112,-0.15970643575722643,-0.00012541004981406008,0.0,0.10616690646835725,-0.077128588515332,0.023255813953488372,0.023255813953488372,0.0,43,0.005318044483748793,1.6743122946560094
pullback_long_200-35-60,pullback_long,"[200, 35, 60]",balanced,train,0.0,0.0,0.0,,0.0,0.0,0.0,0.0,0.0,0.0,0.0,0.0,24,0.0,0.0
pullback_long_200-35-60,pullback_long,"[200, 35, 60]",balanced,test,-0.048814752037159015,-0.03116261148433086,0.18218212773566433,-0.08361765022362036,-0.2872635626012502,-0.0010499140643272654,0.0,0.1883748971890391,-0.15018318125142738,0.05263157894736842,0.05263157894736842,0.05263157894736842,19,0.02314774562142685,6.32582489223591
pullback_long_200-35-60,pullback_long,"[200, 35, 60]",balanced,full,-0.048814752037159015,-0.013868493249849179,0.12099882068283933,-0.05553805429692685,-0.2872635626012502,-0.00046391551679576847,0.0,0.1883748971890391,-0.15018318125142738,0.023255813953488372,0.023255813953488372,0.023255813953488372,43,0.010211199712204353,2.79052061377685
pullback_long_200-35-60,pullback_long,"[200, 35, 60]",aggressive,train,0.0,0.0,0.0,,0.0,0.0,0.0,0.0,0.0,0.0,0.0,0.0,24,0.0,0.0
pullback_long_200-35-60,pullback_long,"[200, 35, 60]",aggressive,test,-0.13299055662003834,-0.08631821063301659,0.2457325146131485,-0.24537965694260744,-0.3964317984256487,-0.004618127399488765,0.0,0.2149757602804898,-0.23252313758311804,0.05263157894736842,0.05263157894736842,0.05263157894736842,19,0.033964874315001566,7.59099053814938
pullback_long_200-35-60,pullback_long,"[200, 35, 60]",aggressive,full,-0.13299055662003834,-0.03903974458274384,0.16320698040543485,-0.1629785761424042,-0.3964317984256487,-0.002040567920704338,0.0,0.2149757602804898,-0.23252313758311804,0.023255813953488372,0.023255813953488372,0.023255813953488372,43,0.014982975901954056,3.3486250309726238
pullback_long_200-35-65,pullback_long,"[200, 35, 65]",conservative,train,0.0,0.0,0.0,,0.0,0.0,0.0,0.0,0.0,0.0,0.0,0.0,24,0.0,0.0
pullback_long_200-35-65,pullback_long,"[200, 35, 65]",conservative,test,-0.014299014700949297,-0.009069220817816692,0.10037968431906051,-0.040930947017038734,-0.15970643575722643,-0.00028382274431603067,0.0,0.10616690646835725,-0.077128588515332,0.05263157894736842,0.05263157894736842,0.0,19,0.012055463058480797,3.795494768474974
pullback_long_200-35-65,pullback_long,"[200, 35, 65]",conservative,full,-0.014299014700949297,-0.004010905854050506,0.06666856685719855,-0.027185953412080112,-0.15970643575722643,-0.00012541004981406008,0.0,0.10616690646835725,-0.077128588515332,0.023255813953488372,0.023255813953488372,0.0,43,0.005318044483748793,1.6743122946560094
pullback_long_200-35-65,pullback_long,"[200, 35, 65]",balanced,train,0.0,0.0,0.0,,0.0,0.0,0.0,0.0,0.0,0.0,0.0,0.0,24,0.0,0.0
pullback_long_200-35-65,pullback_long,"[200, 35, 65]",balanced,test,-0.048814752037159015,-0.03116261148433086,0.18218212773566433,-0.08361765022362036,-0.2872635626012502,-0.0010499140643272654,0.0,0.1883748971890391,-0.15018318125142738,0.05263157894736842,0.05263157894736842,0.05263157894736842,19,0.02314774562142685,6.32582489223591
pullback_long_200-35-65,pullback_long,"[200, 35, 65]",balanced,full,-0.048814752037159015,-0.013868493249849179,0.12099882068283933,-0.05553805429692685,-0.2872635626012502,-0.00046391551679576847,0.0,0.1883748971890391,-0.15018318125142738,0.023255813953488372,0.023255813953488372,0.023255813953488372,43,0.010211199712204353,2.79052061377685
pullback_long_200-35-65,pullback_long,"[200, 35, 65]",aggressive,train,0.0,0.0,0.0,,0.0,0.0,0.0,0.0,0.0,0.0,0.0,0.0,24,0.0,0.0
pullback_long_200-35-65,pullback_long,"[200, 35, 65]",aggressive,test,-0.13299055662003834,-0.08631821063301659,0.2457325146131485,-0.24537965694260744,-0.3964317984256487,-0.004618127399488765,0.0,0.2149757602804898,-0.23252313758311804,0.05263157894736842,0.05263157894736842,0.05263157894736842,19,0.033964874315001566,7.59099053814938
pullback_long_200-35-65,pullback_long,"[200, 35, 65]",aggressive,full,-0.13299055662003834,-0.03903974458274384,0.16320698040543485,-0.1629785761424042,-0.3964317984256487,-0.002040567920704338,0.0,0.2149757602804898,-0.23252313758311804,0.023255813953488372,0.023255813953488372,0.023255813953488372,43,0.014982975901954056,3.3486250309726238
pullback_long_200-40-55,pullback_long,"[200, 40, 55]",conservative,train,0.19942589626223017,0.09504683236198397,0.2030459053839761,0.5488966255716847,-0.24521681957381392,0.010220828034973817,0.0,0.24435475245993743,-0.12454932699476506,0.25,0.125,0.041666666666666664,24,0.0694768272920243,33.825082912522504
pullback_long_200-40-55,pullback_long,"[200, 40, 55]",conservative,test,-0.08840547817841882,-0.05687062825534983,0.17981885694783273,-0.2361592907875396,-0.2565420349879953,-0.004028373655482727,0.0,0.10305583210223213,-0.07904075263968424,0.21052631578947367,0.05263157894736842,0.0,19,0.058375405756959445,16.181918933525772
pullback_long_200-40-55,pullback_long,"[200, 40, 55]",conservative,full,0.09339007636359065,0.025227569951311812,0.19314307936745215,0.22549877956494255,-0.2922016434103333,0.003924669148493019,0.0,0.24435475245993743,-0.12454932699476506,0.23255813953488372,0.09302325581395349,0.023255813953488372,43,0.06457964057510349,26.04212754869902
pullback_long_200-40-55,pullback_long,"[200, 40, 55]",balanced,train,0.36555017242814536,0.16831857352058854,0.3758601808370655,0.6024608960615951,-0.4075256506508428,0.021282397079862223,0.0,0.476024308170784,-0.20102689591262246,0.25,0.16666666666666666,0.125,24,0.12975964360403958,58.74588005686179
pullback_long_200-40-55,pullback_long,"[200, 40, 55]",balanced,test,-0.19691186056587273,-0.1295278286221686,0.3396580472722113,-0.2401737053388526,-0.457263145440409,-0.00846483874167836,0.0,0.2069448729971335,-0.1535998929797172,0.21052631578947367,0.10526315789473684,0.15789473684210525,19,0.10930833132185729,28.884635094087937
pullback_long_200-40-55,pullback_long,"[200, 40, 55]",balanced,full,0.09665714727927299,0.026081498630206257,0.36033699636117744,0.25133312261080415,-0.5008331387752517,0.008138269623832663,0.0,0.476024308170784,-0.20102689591262246,0.23255813953488372,0.13953488372093023,0.13953488372093023,43,0.12073792557130318,45.57314432022532
pullback_long_200-40-55,pullback_long,"[200, 40, 55]",aggressive,train,0.48702939510558974,0.2191072420068767,0.5268754872358268,0.6409351626220061,-0.5233604841853486,0.030783294591091127,0.0,0.6897196821477178,-0.23735839515947232,0.25,0.20833333333333334,0.125,24,0.18425589484541022,74.95069131276259
pullback_long_200-40-55,pullback_long,"[200, 40, 55]",aggressive,test,-0.3234945508921757,-0.2190331057474818,0.4899789483632976,-0.2625860345322136,-0.6105432890817091,-0.013417469364793133,0.0,0.34288677549404256,-0.23727611640850454,0.21052631578947367,0.10526315789473684,0.21052631578947367,19,0.15801485339904894,38.232395741635145
pullback_long_200-40-55,pullback_long,"[200, 40, 55]",aggressive,full,0.005983488772441037,0.0016661153746617696,0.5109257995749126,0.25829444971949,-0.6517777012613708,0.011252724471049245,0.0,0.6897196821477178,-0.23735839515947232,0.23255813953488372,0.16279069767441862,0.16279069767441862,43,0.17268014491073863,58.75309456617197
pullback_long_200-40-60,pullback_long,"[200, 40, 60]",conservative,train,0.004162731692226362,0.0020763570212440907,0.21638629291125608,0.11812994813341035,-0.28167847157954873,0.0023641953560032355,0.0,0.22824684890264413,-0.12454932699476506,0.20833333333333334,0.08333333333333333,0.041666666666666664,24,0.10284521351031607,31.157175183798305
pullback_long_200-40-60,pullback_long,"[200, 40, 60]",conservative,test,-0.04275027390625141,-0.027259699401845583,0.17919476284624775,-0.06504084145440457,-0.24265098608230495,-0.0012404063038486957,0.0,0.13705479404992515,-0.07904075263968424,0.21052631578947367,0.05263157894736842,0.0,19,0.060805477776496634,16.021955914616413
pullback_long_200-40-60,pullback_long,"[200, 40, 60]",conservative,full,-0.03876550013406521,-0.010972207232899822,0.2008277711839847,0.04553280560903221,-0.368759045318242,0.0007714643900221497,0.0,0.22824684890264413,-0.12454932699476506,0.20930232558139536,0.06976744186046512,0.023255813953488372,43,0.08430016189073364,24.480553227897733
pullback_long_200-40-60,pullback_long,"[200, 40, 60]",balanced,train,-0.04163135374391491,-0.0210084796929495,0.4015700277103041,0.14926959018937777,-0.4651588818180682,0.004907182340715535,0.0,0.42366718974158957,-0.20102689591262246,0.20833333333333334,0.125,0.16666666666666666,24,0.19539923801388684,54.526382529437605
pullback_long_200-40-60,pullback_long,"[200, 40, 60]",balanced,test,-0.11421508055110274,-0.07385112743754274,0.3383360884448888,-0.05898011270000554,-0.4363925574044202,-0.0024481127401182524,0.0,0.2819323234575388,-0.1535998929797172,0.21052631578947367,0.10526315789473684,0.15789473684210525,19,0.11416847536093169,28.56470905626922
pullback_long_200-40-60,pullback_long,"[200, 40, 60]",balanced,full,-0.15109150587370446,-0.04468084260617067,0.3749867525318631,0.06586094104320121,-0.6037744480143772,0.0016571682352308382,0.0,0.42366718974158957,-0.20102689591262246,0.20930232558139536,0.11627906976744186,0.16279069767441862,43,0.1595657899628508,43.073870607405375
pullback_long_200-40-60,pullback_long,"[200, 40, 60]",aggressive,train,-0.1420181335474311,-0.07362984442703158,0.5707774057685387,0.15481041559563227,-0.5979576248459932,0.004495630400245573,0.0,0.5527676943334174,-0.23735839515947232,0.20833333333333334,0.16666666666666666,0.16666666666666666,24,0.28768579282929285,71.07755677800306
pullback_long_200-40-60,pullback_long,"[200, 40, 60]",aggressive,test,-0.20829999618549078,-0.13735669017929752,0.48763187988766427,-0.061658600431540526,-0.5857854433321121,-0.0029093066051541056,0.0,0.47761938342849763,-0.23727611640850454,0.21052631578947367,0.10526315789473684,0.21052631578947367,19,0.165791083861568,37.72051408112521
pullback_long_200-40-60,pullback_long,"[200, 40, 60]",aggressive,full,-0.32073575305672297,-0.10230236500654988,0.5356845876121228,0.06742686255365621,-0.7603710250627866,0.0012236814908829245,0.0,0.5527676943334174,-0.23735839515947232,0.20930232558139536,0.13953488372093023,0.18604651162790697,43,0.23391419720668027,56.36271454856992
pullback_long_200-40-65,pullback_long,"[200, 40, 65]",conservative,train,-0.04765856532319268,-0.024087578556273748,0.2162428499653076,-0.0041813698263254125,-0.2790546522169879,0.00011217983589608775,0.0,0.23603719193364303,-0.12454932699476506,0.20833333333333334,0.08333333333333333,0.041666666666666664,24,0.0998924656998245,30.164117260681934
pullback_long_200-40-65,pullback_long,"[200, 40, 65]",conservative,test,-0.12462936327764407,-0.08075417716804656,0.1836096800321831,-0.36713211313779287,-0.22345070144507262,-0.0062803344147826425,0.0,0.08027149451721627,-0.07904075263968424,0.15789473684210525,0.0,0.0,19,0.06506129128197109,15.913424566561366
pullback_long_200-40-65,pullback_long,"[200, 40, 65]",conservative,full,-0.16634827194987722,-0.04950330557766247,0.20249383339633273,-0.14934559269737097,-0.35039165320287013,-0.002712419484171258,0.0,0.23603719193364303,-0.12454932699476506,0.18604651162790697,0.046511627906976744,0.023255813953488372,43,0.08452733753537389,23.877687838275538
pullback_long_200-40-65,pullback_long,"[200, 40, 65]",balanced,train,-0.12480405481946599,-0.0643956160615019,0.4030795700620728,0.03803221551156379,-0.46095047107869935,0.0012532929398492525,0.0,0.46643559546345137,-0.20102689591262246,0.20833333333333334,0.08333333333333333,0.16666666666666666,24,0.1895222421649055,52.540266683204855
pullback_long_200-40-65,pullback_long,"[200, 40, 65]",balanced,test,-0.2611983747042338,-0.17427955664709582,0.3476757116046682,-0.3781200686877298,-0.4014196497339355,-0.013298301214217835,0.0,0.15887028117634738,-0.1535998929797172,0.15789473684210525,0.10526315789473684,0.15789473684210525,19,0.12268010237188062,28.34764636015913
pullback_long_200-40-65,pullback_long,"[200, 40, 65]",balanced,full,-0.35340381324835823,-0.11456476348573108,0.37963213944184665,-0.13019204164260803,-0.5758767326703584,-0.005176481221250158,0.0,0.46643559546345137,-0.20102689591262246,0.18604651162790697,0.09302325581395349,0.16279069767441862,43,0.16003606887700386,41.868139828160984
pullback_long_200-40-65,pullback_long,"[200, 40, 65]",aggressive,train,-0.2366799946532271,-0.12615672088762686,0.576738867381749,0.058378981215657426,-0.5924555887094165,0.0005961314378587582,0.0,0.6807964886849822,-0.23735839515947232,0.20833333333333334,0.08333333333333333,0.16666666666666666,24,0.2783389838913145,67.91795325091668
pullback_long_200-40-65,pullback_long,"[200, 40, 65]",aggressive,test,-0.41080609538500645,-0.2844014905888269,0.5041696945007489,-0.4135107739226695,-0.5475303291567413,-0.021896447160319004,0.0,0.2494608630009778,-0.23727611640850454,0.15789473684210525,0.10526315789473684,0.21052631578947367,19,0.1794096870790863,37.37321376734909
pullback_long_200-40-65,pullback_long,"[200, 40, 65]",aggressive,full,-0.5502565055789979,-0.19987256345657356,0.545909822639591,-0.13399673914160123,-0.734657657769753,-0.009342449803196533,0.0,0.6807964886849822,-0.23735839515947232,0.18604651162790697,0.09302325581395349,0.18604651162790697,43,0.23469815494585913,54.44370655212576
bollinger_bull_10-15--5-200,bollinger_bull,"[10, 15, -5, 200]",conservative,train,-0.27491566077007845,-0.1482939032971693,0.24730437924688237,-0.5249134144464292,-0.428151453873316,-0.011319157626522922,0.0,0.09202004158940169,-0.16657418902536647,0.375,0.0,0.125,24,0.2243062170738675,63.070002395781216
bollinger_bull_10-15--5-200,bollinger_bull,"[10, 15, -5, 200]",conservative,test,-0.2137318916559029,-0.1411054519218965,0.20423751564371254,-0.6423014924833238,-0.2968981324255918,-0.010483631997315326,0.0,0.10522446917856332,-0.1682731313997463,0.21052631578947367,0.05263157894736842,0.10526315789473684,19,0.13095203619269857,38.956313319364305
bollinger_bull_10-15--5-200,bollinger_bull,"[10, 15, -5, 200]",conservative,full,-0.42988930820376015,-0.14513029709054692,0.2293019696075789,-0.5687572243506762,-0.4568172754594024,-0.010949971883384682,0.0,0.10522446917856332,-0.1682731313997463,0.3023255813953488,0.023255813953488372,0.11627906976744186,43,0.18312474737322953,52.4326945998389
bollinger_bull_10-15--5-200,bollinger_bull,"[10, 15, -5, 200]",balanced,train,-0.4973089983086313,-0.29065932469052713,0.4796763364236361,-0.47410807100642305,-0.6718350854863633,-0.020565748739808338,0.0,0.18416874524973403,-0.30934017637496514,0.2916666666666667,0.08333333333333333,0.16666666666666666,24,0.43249743178946554,120.2804594054586
bollinger_bull_10-15--5-200,bollinger_bull,"[10, 15, -5, 200]",balanced,test,-0.39128727104704264,-0.2694951816010478,0.3963458491555253,-0.592650927978918,-0.5112862267516785,-0.017495649075829678,0.0,0.2312472464766453,-0.3139446086367683,0.21052631578947367,0.10526315789473684,0.15789473684210525,19,0.2560218957248806,74.57784133917424
bollinger_bull_10-15--5-200,bollinger_bull,"[10, 15, -5, 200]",balanced,full,-0.6940055885403504,-0.2813998087678511,0.44483822231856274,-0.5186525078843753,-0.7177967390858834,-0.019209193074329396,0.0,0.2312472464766453,-0.3139446086367683,0.2558139534883721,0.09302325581395349,0.16279069767441862,43,0.3546485141218314,100.11959501383319
bollinger_bull_10-15--5-200,bollinger_bull,"[10, 15, -5, 200]",aggressive,train,-0.6855528072818106,-0.43880016388609167,0.7193406644842623,-0.43842877661505525,-0.8228200795908701,-0.029218769297657557,0.0,0.2930272050053324,-0.45301839126607923,0.3333333333333333,0.20833333333333334,0.16666666666666666,24,0.6368637311937803,172.591211672264
bollinger_bull_10-15--5-200,bollinger_bull,"[10, 15, -5, 200]",aggressive,test,-0.5770349638379555,-0.41976113782401026,0.6027613501575971,-0.5973443169447077,-0.7000334129195019,-0.02440272716271285,0.0,0.3290568782083496,-0.4615113923620058,0.21052631578947367,0.15789473684210525,0.21052631578947367,19,0.39188558275270186,111.05467016098
bollinger_bull_10-15--5-200,bollinger_bull,"[10, 15, -5, 200]",aggressive,full,-0.866999831760898,-0.4304796954944037,0.670407205944875,-0.4998272995940126,-0.8796981820553611,-0.027090750679891293,0.0,0.3290568782083496,-0.4615113923620058,0.27906976744186046,0.18604651162790697,0.18604651162790697,43,0.5287961534793291,145.4455049046716
bollinger_bull_10-15-0-200,bollinger_bull,"[10, 15, 0, 200]",conservative,train,-0.37677219108851934,-0.21029684649269287,0.24529325867579033,-0.8395073640894348,-0.4531300513500329,-0.017784499207056746,0.0,0.08036061026517016,-0.15172757917815505,0.3333333333333333,0.0,0.08333333333333333,24,0.2472511249294812,54.02378931330601
bollinger_bull_10-15-0-200,bollinger_bull,"[10, 15, 0, 200]",conservative,test,-0.18504508871574732,-0.1214131991327807,0.2029005093907344,-0.5362677537815493,-0.29056992672666715,-0.009111656375659237,0.0,0.07852794342285296,-0.17522181227136757,0.2631578947368421,0.0,0.05263157894736842,19,0.1486863158137231,35.12386756335304
bollinger_bull_10-15-0-200,bollinger_bull,"[10, 15, 0, 200]",conservative,full,-0.49209743627866587,-0.17225333971473067,0.2275651511006067,-0.7166490587695873,-0.5320756193619895,-0.013952312839695056,0.0,0.08036061026517016,-0.17522181227136757,0.3023255813953488,0.0,0.06976744186046512,43,0.2037710829877439,45.68643851076559
bollinger_bull_10-15-0-200,bollinger_bull,"[10, 15, 0, 200]",balanced,train,-0.6257508854785436,-0.38782957194751533,0.47606870547035174,-0.7913517582059343,-0.7015782627456861,-0.033539209628772965,0.0,0.1675279173224602,-0.28405172142157054,0.2916666666666667,0.08333333333333333,0.25,24,0.47745340604873465,103.00831666084471
bollinger_bull_10-15-0-200,bollinger_bull,"[10, 15, 0, 200]",balanced,test,-0.34658963427788714,-0.23600600815683093,0.39353148731977144,-0.4863015056663502,-0.48467231025115665,-0.01594079453347146,0.0,0.15845762530036978,-0.3248898362267256,0.2631578947368421,0.15789473684210525,0.15789473684210525,19,0.29095690523138695,66.79036526225788
bollinger_bull_10-15-0-200,bollinger_bull,"[10, 15, 0, 200]",balanced,full,-0.7554617492093583,-0.32497950501998885,0.4415591659844561,-0.6680156070400882,-0.7806146320006194,-0.025763165749453698,0.0,0.1675279173224602,-0.3248898362267256,0.27906976744186046,0.11627906976744186,0.20930232558139536,43,0.3951839251835897,87.03143748883812
bollinger_bull_10-15-0-200,bollinger_bull,"[10, 15, 0, 200]",aggressive,train,-0.8146251253604513,-0.5689515533630347,0.7201139498452734,-0.8045184165146428,-0.8632492823804101,-0.05276810267082027,0.0,0.21060853475801822,-0.4198878082629063,0.2916666666666667,0.125,0.25,24,0.7110140354496616,150.65598225087035
bollinger_bull_10-15-0-200,bollinger_bull,"[10, 15, 0, 200]",aggressive,test,-0.5248221346322426,-0.3754244976422584,0.5978953157568221,-0.48531464191805807,-0.6614038877879456,-0.02339846888296914,0.0,0.2554357936344209,-0.47446985472606495,0.2631578947368421,0.15789473684210525,0.21052631578947367,19,0.4474639717428161,98.9253680839204
bollinger_bull_10-15-0-200,bollinger_bull,"[10, 15, 0, 200]",aggressive,full,-0.9119139627759631,-0.4923385085726507,0.6689491806742992,-0.675357122674699,-0.9206848978479878,-0.03979082262502559,0.0,0.2554357936344209,-0.47446985472606495,0.27906976744186046,0.13953488372093023,0.23255813953488372,43,0.594753800924547,127.83597890658126
bollinger_bull_10-15-5-200,bollinger_bull,"[10, 15, 5, 200]",conservative,train,-0.3730823599530054,-0.20796576873453532,0.24542199250079286,-0.8269368767159232,-0.4512034237691366,-0.017596028124632176,0.0,0.07243972932918341,-0.15100267057107208,0.25,0.0,0.08333333333333333,24,0.24870986559387948,43.16748546675311
bollinger_bull_10-15-5-200,bollinger_bull,"[10, 15, 5, 200]",conservative,test,-0.18375139867297585,-0.12053119260095813,0.20244540800926838,-0.5329804810621482,-0.28171379768880256,-0.009167001682604396,0.0,0.07999367786527789,-0.16832952913394006,0.21052631578947367,0.0,0.05263157894736842,19,0.15130910070099965,30.347761993464264
bollinger_bull_10-15-5-200,bollinger_bull,"[10, 15, 5, 200]",conservative,full,-0.4882793531644045,-0.17052163379935825,0.22746388018949495,-0.7078898336296573,-0.5218522084939525,-0.013871574580480366,0.0,0.07999367786527789,-0.16832952913394006,0.23255813953488372,0.0,0.06976744186046512,43,0.2057433202244669,37.51230164099801
bollinger_bull_10-15-5-200,bollinger_bull,"[10, 15, 5, 200]",balanced,train,-0.6212253824914986,-0.3841445070649264,0.4762612993869804,-0.7782629331576271,-0.6957802717091526,-0.03314707145366227,0.0,0.15050804571237975,-0.2827591669842665,0.25,0.08333333333333333,0.25,24,0.48099436720819877,82.08046449574628
bollinger_bull_10-15-5-200,bollinger_bull,"[10, 15, 5, 200]",balanced,test,-0.34430993384362507,-0.23432092728054632,0.392592825538314,-0.48283066718249745,-0.4714990987063835,-0.016290900302948417,0.0,0.1613971475181124,-0.3132949942917598,0.21052631578947367,0.10526315789473684,0.15789473684210525,19,0.2962024750059401,57.238154122480324
bollinger_bull_10-15-5-200,bollinger_bull,"[10, 15, 5, 200]",balanced,full,-0.751641245987495,-0.3220530295689932,0.4413065310226602,-0.6588783303295512,-0.7713923621576899,-0.02569899582892824,0.0,0.1613971475181124,-0.3132949942917598,0.23255813953488372,0.09302325581395349,0.20930232558139536,43,0.3994768428957346,71.12173889530709
bollinger_bull_10-15-5-200,bollinger_bull,"[10, 15, 5, 200]",aggressive,train,-0.8094975836727436,-0.5630388875700985,0.7207549621629588,-0.7842827808540961,-0.852942449053411,-0.051602397492855556,0.0,0.23192586560635697,-0.41810236312437854,0.25,0.16666666666666666,0.2916666666666667,24,0.7182841179351875,120.41470821754211
bollinger_bull_10-15-5-200,bollinger_bull,"[10, 15, 5, 200]",aggressive,test,-0.5217853686718408,-0.3729024782720962,0.5962983142415069,-0.4815815209463907,-0.6557533641544679,-0.024538998688220598,0.0,0.26009209441745496,-0.45954932217993605,0.21052631578947367,0.15789473684210525,0.21052631578947367,19,0.4558916128338648,83.73401210688169
bollinger_bull_10-15-5-200,bollinger_bull,"[10, 15, 5, 200]",aggressive,full,-0.9088989572089375,-0.4875483190113924,0.6687060154304428,-0.6618646376023234,-0.9170005466841255,-0.0396441515094122,0.0,0.26009209441745496,-0.45954932217993605,0.23255813953488372,0.16279069767441862,0.2558139534883721,43,0.602534518972295,104.23369777728902
bollinger_bull_10-20--5-200,bollinger_bull,"[10, 20, -5, 200]",conservative,train,-0.21988322522221104,-0.11660777917676646,0.25219296881401915,-0.36469635767119546,-0.3621614629386545,-0.009157902146531274,0.0,0.0601745754721148,-0.13224069096602709,0.25,0.0,0.08333333333333333,24,0.18637079616176583,46.83521711629276
bollinger_bull_10-20--5-200,bollinger_bull,"[10, 20, -5, 200]",conservative,test,-0.13722010665416773,-0.08914030975058795,0.2154085650791781,-0.32518705343732435,-0.2528125349839858,-0.005581679839015568,0.0,0.13771134844008337,-0.1775510786934913,0.21052631578947367,0.05263157894736842,0.10526315789473684,19,0.11672033582334912,30.205000036686236
bollinger_bull_10-20--5-200,bollinger_bull,"[10, 20, -5, 200]",conservative,full,-0.32693093225992853,-0.10459462190691882,0.2366683961011926,-0.34775114068552365,-0.37885995138515083,-0.007577710894373171,0.0,0.13771134844008337,-0.1775510786934913,0.23255813953488372,0.023255813953488372,0.09302325581395349,43,0.15564578422348874,39.499104536068785
bollinger_bull_10-20--5-200,bollinger_bull,"[10, 20, -5, 200]",balanced,train,-0.44273680543242067,-0.2532007494306916,0.47977500538497647,-0.36546462748502345,-0.6075126195325546,-0.019703098654327053,0.0,0.11993569186414921,-0.2503737538815708,0.25,0.08333333333333333,0.16666666666666666,24,0.3516514263322432,87.20596498687969
bollinger_bull_10-20--5-200,bollinger_bull,"[10, 20, -5, 200]",balanced,test,-0.3041551766164524,-0.20498352473451253,0.419096921605161,-0.3351779654998153,-0.4606103355633562,-0.010371298590408435,0.0,0.28029355318648275,-0.3330414004914136,0.21052631578947367,0.10526315789473684,0.10526315789473684,19,0.22765211872228935,57.97707713866867
bollinger_bull_10-20--5-200,bollinger_bull,"[10, 20, -5, 200]",balanced,full,-0.612231290797969,-0.23230199656542116,0.4540017739678166,-0.35233142958120217,-0.652941138247938,-0.01557974513771185,0.0,0.28029355318648275,-0.3330414004914136,0.23255813953488372,0.09302325581395349,0.13953488372093023,43,0.29695142595690427,74.31218189175908
bollinger_bull_10-20--5-200,bollinger_bull,"[10, 20, -5, 200]",aggressive,train,-0.6032626790978051,-0.3697307052101888,0.6972062286124294,-0.3069810978861243,-0.7585157371560619,-0.02790394581913055,0.0,0.18080642746526743,-0.37499256963073424,0.25,0.20833333333333334,0.20833333333333334,24,0.503320756812987,122.25309759182339
bollinger_bull_10-20--5-200,bollinger_bull,"[10, 20, -5, 200]",aggressive,test,-0.5174366727809308,-0.36930112950682714,0.6397561387100207,-0.39243614239893293,-0.679974374270419,-0.016813364987756273,0.0,0.39251555228419654,-0.4921088601960453,0.15789473684210525,0.15789473684210525,0.21052631578947367,19,0.34716801432582783,85.91868413252075
bollinger_bull_10-20--5-200,bollinger_bull,"[10, 20, -5, 200]",aggressive,full,-0.8085491183934578,-0.3695412419148534,0.6724579909750525,-0.34257326378222086,-0.8329075268141772,-0.023003456614569824,0.0,0.39251555228419654,-0.4921088601960453,0.20930232558139536,0.18604651162790697,0.20930232558139536,43,0.4344368635292784,106.22484333645824
bollinger_bull_10-20-0-200,bollinger_bull,"[10, 20, 0, 200]",conservative,train,-0.20649858237312468,-0.10907209397051121,0.25250536849912036,-0.3303976364469522,-0.3199097380611122,-0.00808261836118604,0.0,0.0907184056183139,-0.12322304288661234,0.3333333333333333,0.0,0.08333333333333333,24,0.22524557270123674,44.339560247800364
bollinger_bull_10-20-0-200,bollinger_bull,"[10, 20, 0, 200]",conservative,test,-0.19139869507043217,-0.12575242479538218,0.2150889251796643,-0.5167519229881745,-0.3432427976292085,-0.008177592474972675,0.0,0.10036862922529322,-0.2421301934057003,0.2631578947368421,0.05263157894736842,0.10526315789473684,19,0.1364927747041261,27.35249415971039
bollinger_bull_10-20-0-200,bollinger_bull,"[10, 20, 0, 200]",conservative,full,-0.3583737182434491,-0.11646918825843056,0.23672632292251405,-0.40407646453865514,-0.4988993616290086,-0.008124583667277809,0.0,0.10036862922529322,-0.2421301934057003,0.3023255813953488,0.023255813953488372,0.09302325581395349,43,0.18609391792728194,36.84603032973621
bollinger_bull_10-20-0-200,bollinger_bull,"[10, 20, 0, 200]",balanced,train,-0.4287474424489216,-0.24389796500029504,0.48240272592685657,-0.3355900442243993,-0.5490296942788822,-0.017392351949211866,0.0,0.16330645746968342,-0.234579547896552,0.3333333333333333,0.125,0.20833333333333334,24,0.4300765411548773,82.4585043520323
bollinger_bull_10-20-0-200,bollinger_bull,"[10, 20, 0, 200]",balanced,test,-0.3820250796827974,-0.26248330638708206,0.418696457050798,-0.5154531417701081,-0.5642120378534465,-0.01357089918505944,0.0,0.21191377278543966,-0.4334091500418241,0.2631578947368421,0.15789473684210525,0.10526315789473684,19,0.26632243143650874,52.304781581562224
bollinger_bull_10-20-0-200,bollinger_bull,"[10, 20, 0, 200]",balanced,full,-0.6469802462663733,-0.25215358823274814,0.45539283335863656,-0.407734276578638,-0.7540090659459252,-0.015703803053423584,0.0,0.21191377278543966,-0.4334091500418241,0.3023255813953488,0.13953488372093023,0.16279069767441862,43,0.35783944535403733,69.15674744181729
bollinger_bull_10-20-0-200,bollinger_bull,"[10, 20, 0, 200]",aggressive,train,-0.6299412841281713,-0.3912617110381226,0.7095000855638269,-0.33930809213270274,-0.7220217969538598,-0.028354190032607845,0.0,0.2318311479903119,-0.3535175497460341,0.3333333333333333,0.20833333333333334,0.2916666666666667,24,0.6286294239051405,117.38620172983983
bollinger_bull_10-20-0-200,bollinger_bull,"[10, 20, 0, 200]",aggressive,test,-0.6203917258751731,-0.4581299080526223,0.638705109923843,-0.6326769720658423,-0.7285818978262661,-0.022846277229848805,0.0,0.28203048655355545,-0.6075352634442259,0.21052631578947367,0.15789473684210525,0.21052631578947367,19,0.4059497888523247,76.84845187551593
bollinger_bull_10-20-0-200,bollinger_bull,"[10, 20, 0, 200]",aggressive,full,-0.859522649543045,-0.42172043491520306,0.6791704356386762,-0.4605620230496154,-0.8930787832486597,-0.025920461119760825,0.0,0.28203048655355545,-0.6075352634442259,0.27906976744186046,0.18604651162790697,0.2558139534883721,43,0.5303984228153281,99.50372339196147
bollinger_bull_10-20-5-200,bollinger_bull,"[10, 20, 5, 200]",conservative,train,-0.33927705679312137,-0.18692089658853206,0.25291997909082603,-0.6909300865119261,-0.3979014357667374,-0.01522868953678054,0.0,0.07911277227150548,-0.14255726485266307,0.3333333333333333,0.0,0.125,24,0.2360235559363056,37.06237135626563
bollinger_bull_10-20-5-200,bollinger_bull,"[10, 20, 5, 200]",conservative,test,-0.2124421041172665,-0.1402144603113732,0.21548647223097867,-0.5927732583291505,-0.32608747911966973,-0.009938301664189934,0.0,0.10036862922529322,-0.22390247777072747,0.2631578947368421,0.05263157894736842,0.10526315789473684,19,0.14060492669834865,24.68381346030127
bollinger_bull_10-20-5-200,bollinger_bull,"[10, 20, 5, 200]",conservative,full,-0.47964242908654253,-0.1666384190520891,0.23713289589019476,-0.6494672386177301,-0.5442739686583686,-0.012891076290752134,0.0,0.10036862922529322,-0.22390247777072747,0.3023255813953488,0.023255813953488372,0.11627906976744186,43,0.19393139303852186,31.60179956270948
bollinger_bull_10-20-5-200,bollinger_bull,"[10, 20, 5, 200]",balanced,train,-0.5987092141116093,-0.36612908358312446,0.48316266851081857,-0.6991605608415938,-0.65928748809594,-0.030150973137228865,0.0,0.1624663196416074,-0.26155928129481587,0.3333333333333333,0.125,0.2916666666666667,24,0.4516808853542874,69.27435975445852
bollinger_bull_10-20-5-200,bollinger_bull,"[10, 20, 5, 200]",balanced,test,-0.4148949318512356,-0.2875469425325138,0.41958053562677894,-0.5957238367329595,-0.5412246453586611,-0.017832957596736292,0.0,0.21191377278543966,-0.4059431528306987,0.2631578947368421,0.10526315789473684,0.10526315789473684,19,0.2745699084779777,47.04815840529347
bollinger_bull_10-20-5-200,bollinger_bull,"[10, 20, 5, 200]",balanced,full,-0.7652027273753023,-0.3325931740798932,0.4562014375493145,-0.6555285062426607,-0.803916444974242,-0.02470812906119726,0.0,0.21191377278543966,-0.4059431528306987,0.3023255813953488,0.11627906976744186,0.20930232558139536,43,0.37355165472918755,59.46968224798433
bollinger_bull_10-20-5-200,bollinger_bull,"[10, 20, 5, 200]",aggressive,train,-0.771946371266364,-0.5219673143111117,0.7130603092168198,-0.6728668571570396,-0.8168041635696892,-0.04351074055667372,0.0,0.2566885427158996,-0.3689950176473572,0.3333333333333333,0.125,0.3333333333333333,24,0.6669148819754795,100.6268928084082
bollinger_bull_10-20-5-200,bollinger_bull,"[10, 20, 5, 200]",aggressive,test,-0.6564694471418968,-0.49130215827342105,0.640159309230114,-0.7279689529887614,-0.7358934528052343,-0.03156119112161723,0.0,0.25477917460211863,-0.5759603201480252,0.2631578947368421,0.15789473684210525,0.21052631578947367,19,0.41861792567520706,68.6429867364444
bollinger_bull_10-20-5-200,bollinger_bull,"[10, 20, 5, 200]",aggressive,full,-0.9216566108398376,-0.5086746651673569,0.6818522401220877,-0.694749492932302,-0.9312517249027259,-0.038230707085369686,0.0,0.2566885427158996,-0.5759603201480252,0.3023255813953488,0.13953488372093023,0.27906976744186046,43,0.5573832735769648,86.51778439592877
bollinger_bull_10-25--5-200,bollinger_bull,"[10, 25, -5, 200]",conservative,train,-0.25334256529888177,-0.1357338947295902,0.24312699481655695,-0.47760454071159514,-0.3193488309423299,-0.01087278555261871,0.0,0.06745497698105352,-0.12418938341303976,0.3333333333333333,0.0,0.125,24,0.16428941354755514,33.07232793447621
bollinger_bull_10-25--5-200,bollinger_bull,"[10, 25, -5, 200]",conservative,test,0.1481634897770736,0.0913330323640642,0.20647746938686148,0.5267145469427998,-0.1645058233633534,0.00825646871088812,0.0,0.11601168623557023,-0.090159667219459,0.21052631578947367,0.05263157894736842,0.0,19,0.1098570168174995,30.412335463597426
bollinger_bull_10-25--5-200,bollinger_bull,"[10, 25, -5, 200]",conservative,full,-0.14271519410556766,-0.04205972321919871,0.22768771774410868,-0.07431180749962778,-0.3193488309423299,-0.002420324366418018,0.0,0.11601168623557023,-0.12418938341303976,0.27906976744186046,0.023255813953488372,0.06976744186046512,43,0.14027756881266057,31.89892146987601
bollinger_bull_10-25--5-200,bollinger_bull,"[10, 25, -5, 200]",balanced,train,-0.47196369661138127,-0.27302146576232633,0.45878342340835954,-0.46246742760894793,-0.5554397374471536,-0.02164593517020554,0.0,0.123015758068727,-0.23889526187817545,0.2916666666666667,0.041666666666666664,0.16666666666666666,24,0.3038928331965079,60.87712989631238
bollinger_bull_10-25--5-200,bollinger_bull,"[10, 25, -5, 200]",balanced,test,0.16805318160797955,0.10325437605399812,0.3942597185110196,0.44745098194849314,-0.33586680458121854,0.011503996362067845,0.0,0.2080232126330941,-0.18454608056857047,0.21052631578947367,0.15789473684210525,0.05263157894736842,19,0.20798956790238612,55.295114552046456
bollinger_bull_10-25--5-200,bollinger_bull,"[10, 25, -5, 200]",balanced,full,-0.3832255158224076,-0.1261551030691398,0.4315092269293657,-0.09444901274652925,-0.5846071834594292,-0.006998291004782416,0.0,0.2080232126330941,-0.23889526187817545,0.2558139534883721,0.09302325581395349,0.11627906976744186,43,0.2615868820690551,58.41472710300853
bollinger_bull_10-25--5-200,bollinger_bull,"[10, 25, -5, 200]",aggressive,train,-0.609522893569365,-0.37471626109958944,0.6604474113301788,-0.37341332162940155,-0.7098869997936752,-0.028601225717295817,0.0,0.18666233733972715,-0.3290850243065011,0.2916666666666667,0.125,0.16666666666666666,24,0.4181965227267628,82.20134727932788
bollinger_bull_10-25--5-200,bollinger_bull,"[10, 25, -5, 200]",aggressive,test,0.10395851479154428,0.06456247257885406,0.5697840074141073,0.39796037037679954,-0.49720878281691283,0.011545794792610822,0.0,0.2647224873427725,-0.28739177888167466,0.21052631578947367,0.15789473684210525,0.10526315789473684,19,0.29879955849972956,75.14608796045425
bollinger_bull_10-25--5-200,bollinger_bull,"[10, 25, -5, 200]",aggressive,full,-0.5689294735247363,-0.20928498632229986,0.6220793439499598,-0.060765341146149475,-0.769848955317123,-0.010861844561755674,0.0,0.2647224873427725,-0.3290850243065011,0.2558139534883721,0.13953488372093023,0.13953488372093023,43,0.36552676098440945,79.08905016389203
bollinger_bull_10-25-0-200,bollinger_bull,"[10, 25, 0, 200]",conservative,train,-0.1225354087269781,-0.06318544256107117,0.2529836570150614,-0.13096914569708426,-0.28254892295091827,-0.004131887476085297,0.0,0.09312853776000174,-0.11199625200965302,0.375,0.0,0.041666666666666664,24,0.2110955504341402,32.97165245130627
bollinger_bull_10-25-0-200,bollinger_bull,"[10, 25, 0, 200]",conservative,test,0.098534140852087,0.06125056814333618,0.20368088186156663,0.3935827652834016,-0.31669293106970464,0.00944236276201574,0.0,0.20566164875402193,-0.2855702416246184,0.2631578947368421,0.10526315789473684,0.05263157894736842,19,0.12783543581071044,26.160477495634783
bollinger_bull_10-25-0-200,bollinger_bull,"[10, 25, 0, 200]",conservative,full,-0.036075189097756755,-0.010200541735010615,0.232524092765387,0.07245017945784482,-0.42339641291546803,0.001866037047726789,0.0,0.20566164875402193,-0.2855702416246184,0.32558139534883723,0.046511627906976744,0.046511627906976744,43,0.17436689130744373,29.96702863676311
bollinger_bull_10-25-0-200,bollinger_bull,"[10, 25, 0, 200]",balanced,train,-0.29487109245756815,-0.16007976694920278,0.481002017754171,-0.12024369708442872,-0.4859494638775237,-0.009583329029605644,0.0,0.16269173899949796,-0.2146573715334158,0.375,0.125,0.20833333333333334,24,0.3975736649462828,61.07712393779255
bollinger_bull_10-25-0-200,bollinger_bull,"[10, 25, 0, 200]",balanced,test,0.054480634176235165,0.03412685481033262,0.3947264775434983,0.2821394961824791,-0.5394817556243479,0.018635874963605813,0.0,0.3767215933544641,-0.49788911742823705,0.2631578947368421,0.15789473684210525,0.05263157894736842,19,0.2461648348283963,48.83026310692443
bollinger_bull_10-25-0-200,bollinger_bull,"[10, 25, 0, 200]",balanced,full,-0.2564552223986615,-0.0793639048737228,0.44500392681770673,0.03776228813837416,-0.6823616627906459,0.00288562157204593,0.0,0.3767215933544641,-0.49788911742823705,0.32558139534883723,0.13953488372093023,0.13953488372093023,43,0.33078246083464635,55.67464786790653
bollinger_bull_10-25-0-200,bollinger_bull,"[10, 25, 0, 200]",aggressive,train,-0.4682694486566351,-0.2704863331583266,0.7053266871666553,-0.09001688388769505,-0.6429921730534084,-0.014738799940968161,0.0,0.2351254435272514,-0.3260406131922843,0.375,0.16666666666666666,0.20833333333333334,24,0.5645686530074587,85.2146514219424
bollinger_bull_10-25-0-200,bollinger_bull,"[10, 25, 0, 200]",aggressive,test,-0.12126235956336484,-0.0785190929719003,0.5836405994128869,0.15207669826797376,-0.6992948606506841,0.02436048581050858,0.0,0.4416841002357552,-0.6642825500191039,0.2631578947368421,0.21052631578947367,0.05263157894736842,19,0.36399971956385985,66.47943893680412
bollinger_bull_10-25-0-200,bollinger_bull,"[10, 25, 0, 200]",aggressive,full,-0.532748349964461,-0.1912998827449236,0.65443267613911,0.0056090042796079495,-0.838886688696865,0.002537628646893656,0.0,0.4416841002357552,-0.6642825500191039,0.32558139534883723,0.18604651162790697,0.13953488372093023,43,0.4760913788507641,76.94995906420174
bollinger_bull_10-25-5-200,bollinger_bull,"[10, 25, 5, 200]",conservative,train,-0.18398866180169382,-0.096540901518955,0.2551667772117504,-0.26972793978583054,-0.312572481278522,-0.006700424887198034,0.0,0.07636160688417659,-0.13085814741886936,0.375,0.0,0.125,24,0.22954786570204985,30.114892875868374
bollinger_bull_10-25-5-200,bollinger_bull,"[10, 25, 5, 200]",conservative,test,0.17681375548242229,0.10848153716873887,0.20307197130312588,0.6086685146470278,-0.29063451410495567,0.012383997648240075,0.0,0.2056616487540246,-0.2592561373545843,0.2631578947368421,0.10526315789473684,0.05263157894736842,19,0.13423704878976936,22.4756771617744
bollinger_bull_10-25-5-200,bollinger_bull,"[10, 25, 5, 200]",conservative,full,-0.0397066325786144,-0.011242521114679493,0.23362116426780197,0.06874779031636345,-0.42883030762389074,0.0017322269307862472,0.0,0.2056616487540246,-0.2592561373545843,0.32558139534883723,0.046511627906976744,0.09302325581395349,43,0.18750326221704539,26.744994200767287
bollinger_bull_10-25-5-200,bollinger_bull,"[10, 25, 5, 200]",balanced,train,-0.38889581666273176,-0.21800509342135355,0.48609468326731853,-0.26091484380358854,-0.5315518191486384,-0.013752278826536976,0.0,0.14890943305330406,-0.2484330775038589,0.375,0.16666666666666666,0.25,24,0.4338626717825011,55.42785601253268
bollinger_bull_10-25-5-200,bollinger_bull,"[10, 25, 5, 200]",balanced,test,0.2222784272944447,0.13538275573440983,0.3937084940149897,0.5194808257256895,-0.5035787415179017,0.024100588049637123,0.0,0.37672159335446365,-0.46012531340911955,0.2631578947368421,0.21052631578947367,0.05263157894736842,19,0.26033536371859606,42.63188580823973
bollinger_bull_10-25-5-200,bollinger_bull,"[10, 25, 5, 200]",balanced,full,-0.25306053987747423,-0.07819291890278757,0.4476931418917533,0.04320163001616169,-0.6903619039174764,0.0029734065373539058,0.0,0.37672159335446365,-0.46012531340911955,0.32558139534883723,0.18604651162790697,0.16279069767441862,43,0.3573143103506409,49.78315050192332
bollinger_bull_10-25-5-200,bollinger_bull,"[10, 25, 5, 200]",aggressive,train,-0.5636267964661171,-0.3390397040891149,0.7151883486951515,-0.2173093748342484,-0.6998021154487124,-0.018506587221570153,0.0,0.23725589462619756,-0.3599704913054558,0.375,0.20833333333333334,0.25,24,0.6185630296382445,77.36491571175428
bollinger_bull_10-25-5-200,bollinger_bull,"[10, 25, 5, 200]",aggressive,test,0.021890969164900964,0.013792698711876161,0.5907897726498867,0.31986765215892526,-0.6616037331759037,0.027435480243995787,0.0,0.4416841002357561,-0.6222028927504619,0.2631578947368421,0.21052631578947367,0.05263157894736842,19,0.3925242333904563,60.315762158263716
bollinger_bull_10-25-5-200,bollinger_bull,"[10, 25, 5, 200]",aggressive,full,-0.5540741641231683,-0.20177368476344903,0.6631872169602518,-0.005270184967195467,-0.8482437976078722,0.0017933960771682861,0.0,0.4416841002357561,-0.6222028927504619,0.32558139534883723,0.20930232558139536,0.16279069767441862,43,0.5188501967368884,69.8439970570417
bollinger_bull_20-15--5-200,bollinger_bull,"[20, 15, -5, 200]",conservative,train,-0.3180350547068759,-0.17397207107329227,0.2638488771282595,-0.5918813605734687,-0.4549200690898554,-0.013226346711903017,0.0,0.10042197852445023,-0.18184510824913525,0.4166666666666667,0.041666666666666664,0.20833333333333334,24,0.24068427092351954,47.07196606151275
bollinger_bull_20-15--5-200,bollinger_bull,"[20, 15, -5, 200]",conservative,test,-0.08646221772965967,-0.055599329323800295,0.19658623568363595,-0.19272316957112023,-0.3057284739356081,-0.0033392983437048563,0.0,0.10201184573174937,-0.1700277930054812,0.2631578947368421,0.05263157894736842,0.05263157894736842,19,0.1316202719304824,26.101211431051713
bollinger_bull_20-15--5-200,bollinger_bull,"[20, 15, -5, 200]",conservative,full,-0.3769992562908059,-0.12370239327858834,0.23654403127191057,-0.43962205780104324,-0.5748106247849876,-0.00885765092130383,0.0,0.10201184573174937,-0.18184510824913525,0.3488372093023256,0.046511627906976744,0.13953488372093023,43,0.1925727056184871,37.821105647310894
bollinger_bull_20-15--5-200,bollinger_bull,"[20, 15, -5, 200]",balanced,train,-0.571978653811388,-0.34538675251774464,0.49755691829084786,-0.6008764116403142,-0.705692073123718,-0.025112774489806724,0.0,0.20372849362960843,-0.33117323779487506,0.4166666666666667,0.08333333333333333,0.20833333333333334,24,0.45342364112141437,85.37885286919919
bollinger_bull_20-15--5-200,bollinger_bull,"[20, 15, -5, 200]",balanced,test,-0.19680931513250388,-0.1294575189830922,0.38122466373178787,-0.1731851950596033,-0.5182691182061432,-0.006130143315146053,0.0,0.19724695402401204,-0.31587007502681264,0.2631578947368421,0.10526315789473684,0.05263157894736842,19,0.2571776933950153,50.19924550797286
bollinger_bull_20-15--5-200,bollinger_bull,"[20, 15, -5, 200]",balanced,full,-0.6562172418168626,-0.25766633900668023,0.4499568770394992,-0.43606317975190345,-0.8217570670508605,-0.01672510024984038,0.0,0.20372849362960843,-0.33117323779487506,0.3488372093023256,0.09302325581395349,0.13953488372093023,43,0.36685337213201663,69.86001995832183
bollinger_bull_20-15--5-200,bollinger_bull,"[20, 15, -5, 200]",aggressive,train,-0.7734838924263276,-0.5235792661125385,0.709868448704871,-0.6854241689723461,-0.8505287468537445,-0.03935551456608921,0.0,0.28812380255599024,-0.46508153426321586,0.4166666666666667,0.20833333333333334,0.20833333333333334,24,0.6398387809016739,115.3536230415168
bollinger_bull_20-15--5-200,bollinger_bull,"[20, 15, -5, 200]",aggressive,test,-0.36721908718392593,-0.25135419455324703,0.5781191183041108,-0.21197535340696447,-0.6902792502791143,-0.011501528443951692,0.0,0.2581040618129735,-0.4624488634797519,0.2631578947368421,0.15789473684210525,0.15789473684210525,19,0.39136823386225617,75.84684010873455
bollinger_bull_20-15--5-200,bollinger_bull,"[20, 15, -5, 200]",aggressive,full,-0.8566649306819881,-0.41846149291377244,0.6550172872359884,-0.4976707672959784,-0.9337502866829007,-0.027047939302819145,0.0,0.28812380255599024,-0.46508153426321586,0.3488372093023256,0.18604651162790697,0.18604651162790697,43,0.5302305961602795,97.92593668661208
bollinger_bull_20-15-0-200,bollinger_bull,"[20, 15, 0, 200]",conservative,train,-0.32404603557044287,-0.17761553938093555,0.2597330299456929,-0.6223775807707753,-0.4158480154297415,-0.013735875576049253,0.0,0.1183062966580175,-0.1785738382682922,0.375,0.041666666666666664,0.16666666666666666,24,0.26141120399713225,41.03873155726717
bollinger_bull_20-15-0-200,bollinger_bull,"[20, 15, 0, 200]",conservative,test,-0.045677518057256616,-0.02914244614503947,0.19892469536636043,-0.049194498792093914,-0.32538218109482364,-0.0006980231932156753,0.0,0.13697343662681316,-0.16923276353918704,0.2631578947368421,0.05263157894736842,0.05263157894736842,19,0.13777205505555137,23.47115359970197
bollinger_bull_20-15-0-200,bollinger_bull,"[20, 15, 0, 200]",conservative,full,-0.35492193498654945,-0.11514537184516749,0.2348552580263779,-0.40305306866814916,-0.5455421189748488,-0.007974964058053022,0.0,0.13697343662681316,-0.1785738382682922,0.32558139534883723,0.046511627906976744,0.11627906976744186,43,0.2068700809548599,33.289119568341235
bollinger_bull_20-15-0-200,bollinger_bull,"[20, 15, 0, 200]",balanced,train,-0.5707611134413821,-0.34445763792840556,0.49488617416629366,-0.603740962914606,-0.666118309954973,-0.02517245806439453,0.0,0.2423772194067073,-0.32923524955132244,0.3333333333333333,0.125,0.25,24,0.49867665315635384,76.16582362578711
bollinger_bull_20-15-0-200,bollinger_bull,"[20, 15, 0, 200]",balanced,test,-0.1311678012333627,-0.08510356672046393,0.3855547841709231,-0.03784173906313751,-0.5481822753766121,-0.0006051562017099485,0.0,0.27244004019907786,-0.3144235932552847,0.2631578947368421,0.15789473684210525,0.10526315789473684,19,0.26944515334821545,44.93912984527338
bollinger_bull_20-15-0-200,bollinger_bull,"[20, 15, 0, 200]",balanced,full,-0.6270634343951362,-0.24061172719363966,0.44993917978424186,-0.385422258816041,-0.8009740435293413,-0.014317138636696692,0.0,0.27244004019907786,-0.32923524955132244,0.3023255813953488,0.13953488372093023,0.18604651162790697,43,0.39755541814924694,62.39074540609565
bollinger_bull_20-15-0-200,bollinger_bull,"[20, 15, 0, 200]",aggressive,train,-0.763213083776018,-0.5129127218882792,0.7181812630887094,-0.6381483054926442,-0.8265447892992241,-0.03618670102498392,0.0,0.3837710664342098,-0.46549900583091974,0.3333333333333333,0.125,0.25,24,0.7163070203853382,104.05104148323441
bollinger_bull_20-15-0-200,bollinger_bull,"[20, 15, 0, 200]",aggressive,test,-0.2979766812784671,-0.20052534707829994,0.5845798321996715,-0.09025462852606095,-0.7282469834911105,-0.002699903076286957,0.0,0.37619856044975064,-0.4604278508893156,0.2631578947368421,0.21052631578947367,0.15789473684210525,19,0.41089835171024247,67.58585414640692
bollinger_bull_20-15-0-200,bollinger_bull,"[20, 15, 0, 200]",aggressive,full,-0.8337700632426024,-0.3939096570822368,0.6625680014775652,-0.4217037779664261,-0.9271079388254899,-0.02139020890811782,0.0,0.3837710664342098,-0.46549900583091974,0.3023255813953488,0.16279069767441862,0.20930232558139536,43,0.581581636726676,87.96509875131586
bollinger_bull_20-15-5-200,bollinger_bull,"[20, 15, 5, 200]",conservative,train,-0.35379712233884175,-0.19589243031749104,0.25948679856257706,-0.7097888409758625,-0.43845373505567553,-0.01537348254452918,0.0,0.17645138679231298,-0.17946857685060535,0.375,0.041666666666666664,0.16666666666666666,24,0.2741626848381586,35.963030098256745
bollinger_bull_20-15-5-200,bollinger_bull,"[20, 15, 5, 200]",conservative,test,0.025407318574109272,0.01599805863435466,0.1949350332168617,0.17891663275964245,-0.30325311108816444,0.0030181064991655626,0.0,0.15978876630727057,-0.14954809909731104,0.2631578947368421,0.05263157894736842,0.05263157894736842,19,0.14840318852186035,22.067450050743986
bollinger_bull_20-15-5-200,bollinger_bull,"[20, 15, 5, 200]",conservative,full,-0.33737883996259876,-0.10849511587121297,0.23322326964085388,-0.3753805130389752,-0.5638247976721011,-0.007246966455454759,0.0,0.17645138679231298,-0.17946857685060535,0.32558139534883723,0.046511627906976744,0.11627906976744186,43,0.21868620978119827,29.83325204977443
bollinger_bull_20-15-5-200,bollinger_bull,"[20, 15, 5, 200]",balanced,train,-0.6099060669417846,-0.3750227107250337,0.49439829574473815,-0.7012027417640941,-0.6961799556343216,-0.028351294734293177,0.0,0.36466844222596073,-0.3303186056636097,0.375,0.041666666666666664,0.2916666666666667,24,0.5233931398905227,66.67974049136261
bollinger_bull_20-15-5-200,bollinger_bull,"[20, 15, 5, 200]",balanced,test,0.01180741825872711,0.007453049087500663,0.3785410384634601,0.20897023368201187,-0.5163083371422369,0.007090726971154286,0.0,0.32214640708499753,-0.2805927870500563,0.2631578947368421,0.15789473684210525,0.05263157894736842,19,0.291186875681666,42.031553866388776
bollinger_bull_20-15-5-200,bollinger_bull,"[20, 15, 5, 200]",balanced,full,-0.6053000647139746,-0.22849717753686827,0.44700599348044145,-0.3553636564443458,-0.8182608884566102,-0.012690866538862903,0.0,0.36466844222596073,-0.3303186056636097,0.32558139534883723,0.09302325581395349,0.18604651162790697,43,0.4209596426057289,55.80664899089633
bollinger_bull_20-15-5-200,bollinger_bull,"[20, 15, 5, 200]",aggressive,train,-0.8037687499692154,-0.5565263422742741,0.7212335481416202,-0.761578154299939,-0.8624372657655549,-0.0427005832976503,0.0,0.5741260429678512,-0.4655213141855832,0.375,0.125,0.2916666666666667,24,0.7530928901745029,90.75230410148554
bollinger_bull_20-15-5-200,bollinger_bull,"[20, 15, 5, 200]",aggressive,test,-0.08694337360394311,-0.05591401331264245,0.5736763932438519,0.1867877221516536,-0.6900825283635867,0.009961194770053382,0.0,0.4624988666646048,-0.41567478863668517,0.2631578947368421,0.21052631578947367,0.15789473684210525,19,0.445537201045459,63.08893167818295
bollinger_bull_20-15-5-200,bollinger_bull,"[20, 15, 5, 200]",aggressive,full,-0.82082975685341,-0.3810973242247633,0.6602184262108789,-0.3933594211298461,-0.9406687727384627,-0.019431425546804486,0.0,0.5741260429678512,-0.4655213141855832,0.32558139534883723,0.16279069767441862,0.23255813953488372,43,0.6174203881657427,78.54911917163417
bollinger_bull_20-20--5-200,bollinger_bull,"[20, 20, -5, 200]",conservative,train,-0.26767183765172187,-0.14405588883873854,0.256725130066225,-0.47691704115648426,-0.41878975130305396,-0.010802715935656232,0.0,0.09573296501887363,-0.16876622538388086,0.375,0.0,0.16666666666666666,24,0.19788018888465797,30.250408527036637
bollinger_bull_20-20--5-200,bollinger_bull,"[20, 20, -5, 200]",conservative,test,-0.09911895157958317,-0.06389744458251334,0.19313632123780863,-0.24508805680943718,-0.3542554947460851,-0.003337609861516135,0.0,0.08338334027360128,-0.23814040918416557,0.3157894736842105,0.0,0.05263157894736842,19,0.1290374821694753,21.108434233345804
bollinger_bull_20-20--5-200,bollinger_bull,"[20, 20, -5, 200]",conservative,full,-0.34025943731588737,-0.10957831386080841,0.23084038934990897,-0.38687810200171596,-0.5641237169870776,-0.007504180693594329,0.0,0.09573296501887363,-0.23814040918416557,0.3488372093023256,0.0,0.11627906976744186,43,0.16751150251259342,26.217595707877912
bollinger_bull_20-20--5-200,bollinger_bull,"[20, 20, -5, 200]",balanced,train,-0.509357119430173,-0.2991997220287448,0.48337891079418455,-0.4916807101878714,-0.6613765301635299,-0.021766425207351742,0.0,0.16170457973329677,-0.3102137544649428,0.375,0.08333333333333333,0.20833333333333334,24,0.37198857176720024,54.35788926674415
bollinger_bull_20-20--5-200,bollinger_bull,"[20, 20, -5, 200]",balanced,test,-0.22678339308939865,-0.15015192176858017,0.3741474014270263,-0.2468299219459246,-0.5850302583636935,-0.005343838247418289,0.0,0.1698758144320085,-0.42726537622293026,0.3157894736842105,0.10526315789473684,0.05263157894736842,19,0.2473218825043839,40.20276201003313
bollinger_bull_20-20--5-200,bollinger_bull,"[20, 20, -5, 200]",balanced,full,-0.620626776680954,-0.23697684256484286,0.4385540909220341,-0.3957642763605285,-0.8115088298547941,-0.014509933294823007,0.0,0.1698758144320085,-0.42726537622293026,0.3488372093023256,0.09302325581395349,0.13953488372093023,43,0.316994168323282,48.11361676894426
bollinger_bull_20-20--5-200,bollinger_bull,"[20, 20, -5, 200]",aggressive,train,-0.7134044510155224,-0.46419600755327795,0.6954424108111565,-0.544758014600659,-0.8153081432024074,-0.0345036833542071,0.0,0.19461630472168068,-0.44100270845040224,0.375,0.16666666666666666,0.25,24,0.5304793042350576,73.83615564786048
bollinger_bull_20-20--5-200,bollinger_bull,"[20, 20, -5, 200]",aggressive,test,-0.38742160878060805,-0.26656397684259203,0.5618850356109907,-0.2680691503048417,-0.7581732689494345,-0.006178991948183885,0.0,0.2773433829908123,-0.6007281157258403,0.3157894736842105,0.15789473684210525,0.05263157894736842,19,0.3606707509110685,59.45482410400825
bollinger_bull_20-20--5-200,bollinger_bull,"[20, 20, -5, 200]",aggressive,full,-0.8244377596724501,-0.3846006963093652,0.6399625243168288,-0.43466783923715,-0.92928499841562,-0.02198812203526661,0.0,0.2773433829908123,-0.6007281157258403,0.3488372093023256,0.16279069767441862,0.16279069767441862,43,0.4555714026540624,67.49209731391343
bollinger_bull_20-20-0-200,bollinger_bull,"[20, 20, 0, 200]",conservative,train,-0.32965369833779246,-0.18102919669679596,0.2563114932558462,-0.650390332260834,-0.44586522423053154,-0.014114478948578535,0.0,0.11600898475038313,-0.16664685403337298,0.3333333333333333,0.08333333333333333,0.125,24,0.21439902342894585,26.774573873634566
bollinger_bull_20-20-0-200,bollinger_bull,"[20, 20, 0, 200]",conservative,test,-0.16656278744059094,-0.10886071924033625,0.1931229536644719,-0.4999968837661877,-0.3644105474480954,-0.007644125597604978,0.0,0.07402598957339768,-0.22028312906359893,0.2631578947368421,0.0,0.05263157894736842,19,0.14488916690050793,18.69756030871435
bollinger_bull_20-20-0-200,bollinger_bull,"[20, 20, 0, 200]",conservative,full,-0.44130844689313964,-0.14994334174655333,0.23057838686685006,-0.5887838463827685,-0.5920686564667702,-0.011255485607450684,0.0,0.11600898475038313,-0.22028312906359893,0.3023255813953488,0.046511627906976744,0.09302325581395349,43,0.18373603626005547,23.211548776571135
bollinger_bull_20-20-0-200,bollinger_bull,"[20, 20, 0, 200]",balanced,train,-0.5967981056895106,-0.3646235668203921,0.48310008891928197,-0.6951570753247788,-0.6942773247169252,-0.02859847380217836,0.0,0.1974996085917906,-0.30944511569239574,0.3333333333333333,0.08333333333333333,0.2916666666666667,24,0.4035831067380084,47.94038265066655
bollinger_bull_20-20-0-200,bollinger_bull,"[20, 20, 0, 200]",balanced,test,-0.3382215564625076,-0.2298311122290061,0.37411986949371806,-0.510001548000188,-0.6000022133281445,-0.01425573196060161,0.0,0.14965048416667126,-0.39910614611797934,0.2631578947368421,0.10526315789473684,0.10526315789473684,19,0.2790252519664493,35.38101416077028
bollinger_bull_20-20-0-200,bollinger_bull,"[20, 20, 0, 200]",balanced,full,-0.7331696779518359,-0.3083445767581152,0.438371991852342,-0.6201438685501598,-0.8368566178307857,-0.02226098322101654,0.0,0.1974996085917906,-0.39910614611797934,0.3023255813953488,0.09302325581395349,0.20930232558139536,43,0.34863671361630383,42.4000496088698
bollinger_bull_20-20-0-200,bollinger_bull,"[20, 20, 0, 200]",aggressive,train,-0.7960971002486471,-0.5479525209629732,0.6959413203078991,-0.7882421620578934,-0.846721366228702,-0.046210123491987755,0.0,0.2391780717894969,-0.441302474331729,0.3333333333333333,0.125,0.2916666666666667,24,0.5781602679752686,64.26800790441764
bollinger_bull_20-20-0-200,bollinger_bull,"[20, 20, 0, 200]",aggressive,test,-0.5240988688610976,-0.3748232929849521,0.5625302845289198,-0.5510412638189568,-0.7741695379262122,-0.020835967966845958,0.0,0.24193045964102433,-0.5674335417106873,0.2631578947368421,0.15789473684210525,0.10526315789473684,19,0.4111566107583632,52.19707207643101
bollinger_bull_20-20-0-200,bollinger_bull,"[20, 20, 0, 200]",aggressive,full,-0.9029623793658289,-0.4784407740921709,0.6405155357483573,-0.6921291151311136,-0.945680008105714,-0.0349982873297158,0.0,0.24193045964102433,-0.5674335417106873,0.3023255813953488,0.13953488372093023,0.20930232558139536,43,0.5044896944170466,58.943137894671246
bollinger_bull_20-20-5-200,bollinger_bull,"[20, 20, 5, 200]",conservative,train,-0.34416986894349155,-0.18993289543094705,0.2566882785426942,-0.6916208076519577,-0.43405839513460487,-0.015269782139048666,0.0,0.11600898475038379,-0.16752199740739848,0.3333333333333333,0.041666666666666664,0.16666666666666666,24,0.23687034218815406,25.354510361785927
bollinger_bull_20-20-5-200,bollinger_bull,"[20, 20, 5, 200]",conservative,test,-0.06578779758246178,-0.042134859542475644,0.1918085227377328,-0.12832254485181654,-0.3553014798880476,-0.0015619603040772922,0.0,0.08546148119874308,-0.21271825796357724,0.2631578947368421,0.0,0.05263157894736842,19,0.160928142473842,16.69015995701639
bollinger_bull_20-20-5-200,bollinger_bull,"[20, 20, 5, 200]",conservative,full,-0.3873154888539202,-0.12777599615796376,0.23032964439203665,-0.4778984755104951,-0.5733123280870516,-0.009212837607317129,0.0,0.11600898475038379,-0.21271825796357724,0.3023255813953488,0.023255813953488372,0.11627906976744186,43,0.20336984583099954,21.53239248445258
bollinger_bull_20-20-5-200,bollinger_bull,"[20, 20, 5, 200]",balanced,train,-0.6124307552213379,-0.3770456537694762,0.48538709430203647,-0.7301847314874975,-0.6881142308423531,-0.03085588725676657,0.0,0.1974996085917906,-0.3105080633536399,0.3333333333333333,0.08333333333333333,0.25,24,0.4472532991386947,45.853735467194305
bollinger_bull_20-20-5-200,bollinger_bull,"[20, 20, 5, 200]",balanced,test,-0.18029303442213984,-0.11817588160593862,0.37224220275334474,-0.15086894334021822,-0.5877480925395575,-0.0027921031051263657,0.0,0.17441618051513785,-0.3871580205640426,0.2631578947368421,0.15789473684210525,0.10526315789473684,19,0.3098496449203902,31.38240406599309
bollinger_bull_20-20-5-200,bollinger_bull,"[20, 20, 5, 200]",balanced,full,-0.6823067904111807,-0.2738366539472248,0.4390803528664547,-0.5075364427683012,-0.825110545975732,-0.018455610538599967,0.0,0.1974996085917906,-0.3871580205640426,0.3023255813953488,0.11627906976744186,0.18604651162790697,43,0.38664021925799,39.469975361312734
bollinger_bull_20-20-5-200,bollinger_bull,"[20, 20, 5, 200]",aggressive,train,-0.8044147528265986,-0.5572559139169875,0.7042006572740122,-0.8003103511491614,-0.8449725513446241,-0.04908661682445137,0.0,0.2391780717894969,-0.44132533664840734,0.2916666666666667,0.125,0.2916666666666667,24,0.6424259305923922,62.49983581646056
bollinger_bull_20-20-5-200,bollinger_bull,"[20, 20, 5, 200]",aggressive,test,-0.33583607872488475,-0.2280761064228798,0.5603882349006898,-0.17934302723319884,-0.7621962958631302,-0.002882656271699941,0.0,0.2853353523308999,-0.5532435624143576,0.2631578947368421,0.15789473684210525,0.10526315789473684,19,0.45800582769024745,45.864481600171324
bollinger_bull_20-20-5-200,bollinger_bull,"[20, 20, 5, 200]",aggressive,full,-0.8700993352937503,-0.434214918605752,0.6447218644212186,-0.5572962366699953,-0.9403119551367117,-0.028670913324398414,0.0,0.2853353523308999,-0.5532435624143576,0.27906976744186046,0.13953488372093023,0.20930232558139536,43,0.5610724142510027,55.16145708343388
bollinger_bull_20-25--5-200,bollinger_bull,"[20, 25, -5, 200]",conservative,train,-0.3386183880796313,-0.18651627636013213,0.25704549440768304,-0.6730681156309564,-0.41738608664633525,-0.014875853139651197,0.0,0.07689606787237624,-0.16524819869089835,0.3333333333333333,0.0,0.16666666666666666,24,0.17555869264358215,23.780277334979296
bollinger_bull_20-25--5-200,bollinger_bull,"[20, 25, -5, 200]",conservative,test,-0.08051860075195405,-0.051717112577537305,0.20529366201814828,-0.1542495322837009,-0.33485706007308924,-0.0028289476097098994,0.0,0.06211892932716645,-0.19422715967648574,0.2631578947368421,0.0,0.05263157894736842,19,0.11407301327467886,17.70319569881126
bollinger_bull_20-25--5-200,bollinger_bull,"[20, 25, -5, 200]",conservative,full,-0.39187191003453203,-0.12959095919071584,0.23561910154091492,-0.46964961549174294,-0.5629984680060316,-0.00955280185897946,0.0,0.07689606787237624,-0.19422715967648574,0.3023255813953488,0.0,0.11627906976744186,43,0.14843542276907357,21.099485206486214
bollinger_bull_20-25--5-200,bollinger_bull,"[20, 25, -5, 200]",balanced,train,-0.5741176628960503,-0.3470222573478524,0.4773718810812074,-0.6491517222634556,-0.6532561852904262,-0.027075887800040162,0.0,0.15655449553835377,-0.2844428265574551,0.3333333333333333,0.08333333333333333,0.20833333333333334,24,0.32807587846772013,42.151297446762534
bollinger_bull_20-25--5-200,bollinger_bull,"[20, 25, -5, 200]",balanced,test,-0.17793761363920346,-0.11657381752730855,0.3969562901144362,-0.10577720330986405,-0.5546340627810961,-0.004351737906667097,0.0,0.11560524420877116,-0.3567468432883141,0.2631578947368421,0.15789473684210525,0.05263157894736842,19,0.21542047960096752,32.0503638933217
bollinger_bull_20-25--5-200,bollinger_bull,"[20, 25, -5, 200]",balanced,full,-0.6498981496514127,-0.25388367406832957,0.44369374396270483,-0.4320741507760081,-0.8049751806970764,-0.017034984358782295,0.0,0.15655449553835377,-0.3567468432883141,0.3023255813953488,0.11627906976744186,0.13953488372093023,43,0.27838003355478724,37.6954574923777
bollinger_bull_20-25--5-200,bollinger_bull,"[20, 25, -5, 200]",aggressive,train,-0.7055984717113102,-0.45695818499811824,0.6703237172441869,-0.5679767332799124,-0.7765539861481184,-0.033507865417657996,0.0,0.25547929707566275,-0.371677233906079,0.3333333333333333,0.08333333333333333,0.20833333333333334,24,0.4610459407997519,56.51551695894742
bollinger_bull_20-25--5-200,bollinger_bull,"[20, 25, -5, 200]",aggressive,test,-0.21886579491102676,-0.14465731408540305,0.5744328154455997,0.03282580647106161,-0.6819389374062259,-0.002083741018315327,0.0,0.16589338934827125,-0.4514524042488467,0.2631578947368421,0.21052631578947367,0.15789473684210525,19,0.30006848589444457,43.835073570789305
bollinger_bull_20-25--5-200,bollinger_bull,"[20, 25, -5, 200]",aggressive,full,-0.7700328962232359,-0.3364532152632519,0.6298193156115525,-0.3246311486273241,-0.9001958796843625,-0.01962278719469263,0.0,0.25547929707566275,-0.4514524042488467,0.3023255813953488,0.13953488372093023,0.18604651162790697,43,0.3900337148973342,50.921773965853205
bollinger_bull_20-25-0-200,bollinger_bull,"[20, 25, 0, 200]",conservative,train,-0.4482822732596309,-0.2569207514273566,0.25903841106498743,-1.0153230312029264,-0.5058150532204011,-0.021910608993543173,0.0,0.08720429045389788,-0.1894792100905457,0.2916666666666667,0.0,0.16666666666666666,24,0.1980372913385421,22.274654650268584
bollinger_bull_20-25-0-200,bollinger_bull,"[20, 25, 0, 200]",conservative,test,-0.18816429533137125,-0.12354191689027194,0.2119576733671019,-0.5143968319955871,-0.3777039048643306,-0.008917901223676545,0.0,0.0803869651450515,-0.21833937458961217,0.2631578947368421,0.0,0.05263157894736842,19,0.13777944531526276,16.40965740647656
bollinger_bull_20-25-0-200,bollinger_bull,"[20, 25, 0, 200]",conservative,full,-0.5520958505335611,-0.20078706379696376,0.2394113637914005,-0.814846131658548,-0.6430956788022907,-0.01616964509523001,0.0,0.08720429045389788,-0.21833937458961217,0.27906976744186046,0.0,0.11627906976744186,43,0.17145565742766122,19.687419627586628
bollinger_bull_20-25-0-200,bollinger_bull,"[20, 25, 0, 200]",balanced,train,-0.7041690588148195,-0.455643264566134,0.48093838596731603,-1.018999582025663,-0.7591411051390096,-0.04061771399389663,0.0,0.14647401769144786,-0.32842657855135227,0.2916666666666667,0.08333333333333333,0.25,24,0.3721374436950266,39.389708680464786
bollinger_bull_20-25-0-200,bollinger_bull,"[20, 25, 0, 200]",balanced,test,-0.3733687110388624,-0.25596489340398887,0.41221800486636595,-0.503260972285861,-0.620109780148325,-0.016391009767551246,0.0,0.16485924085958148,-0.40599003191865635,0.2631578947368421,0.15789473684210525,0.10526315789473684,19,0.2637237331212655,30.3334574150543
bollinger_bull_20-25-0-200,bollinger_bull,"[20, 25, 0, 200]",balanced,full,-0.8146230760105435,-0.3751878298204354,0.4519091870763342,-0.808574408596205,-0.8775806750953132,-0.029912891196209136,0.0,0.16485924085958148,-0.40599003191865635,0.27906976744186046,0.11627906976744186,0.18604651162790697,43,0.3243127410948277,35.39471098922484
bollinger_bull_20-25-0-200,bollinger_bull,"[20, 25, 0, 200]",aggressive,train,-0.8362866257292512,-0.594883770437032,0.6757138330965324,-0.9916707834136692,-0.875744188191956,-0.05538790045760108,0.0,0.1934461053083698,-0.41804660937096716,0.2916666666666667,0.125,0.25,24,0.5300624570193474,52.596290938342996
bollinger_bull_20-25-0-200,bollinger_bull,"[20, 25, 0, 200]",aggressive,test,-0.5065815849521735,-0.36036317906711524,0.604383731974112,-0.41990641048072097,-0.7608893103753153,-0.020687771595862017,0.0,0.27064248723719087,-0.5223848836082455,0.2631578947368421,0.15789473684210525,0.21052631578947367,19,0.376650753697731,41.3848955236833
bollinger_bull_20-25-0-200,bollinger_bull,"[20, 25, 0, 200]",aggressive,full,-0.9192208063451952,-0.504458812463294,0.6452144221829735,-0.7539232507288024,-0.9537605805429733,-0.040055285379158236,0.0,0.27064248723719087,-0.5223848836082455,0.27906976744186046,0.13953488372093023,0.23255813953488372,43,0.4623877224501021,47.65059127912386
bollinger_bull_20-25-5-200,bollinger_bull,"[20, 25, 5, 200]",conservative,train,-0.47700504763358864,-0.27649540306950027,0.25361964346610477,-1.1476900081732795,-0.5222790040997409,-0.024053977266391788,0.0,0.0831101404903416,-0.18947921009054491,0.25,0.0,0.16666666666666666,24,0.2089506538215138,20.912007831756892
bollinger_bull_20-25-5-200,bollinger_bull,"[20, 25, 5, 200]",conservative,test,-0.08163370108838086,-0.05244476296326128,0.20827611311080613,-0.15302747437803804,-0.358908556429146,-0.0025307454837909934,0.0,0.09309457270719523,-0.19600547103266452,0.2631578947368421,0.0,0.05263157894736842,19,0.14925698619909955,15.94851626260334
bollinger_bull_20-25-5-200,bollinger_bull,"[20, 25, 5, 200]",conservative,full,-0.5196990612458008,-0.18505989467647943,0.23469999382187318,-0.753018107238484,-0.6408911306642278,-0.014543712060126321,0.0,0.09309457270719523,-0.19600547103266452,0.2558139534883721,0.0,0.11627906976744186,43,0.1826178967740115,18.722455358208276
bollinger_bull_20-25-5-200,bollinger_bull,"[20, 25, 5, 200]",balanced,train,-0.7351706569412282,-0.48491637954431044,0.47432344103755764,-1.1562422620311341,-0.7748873742947047,-0.04476516731726792,0.0,0.13930382040397737,-0.32842657855135104,0.25,0.125,0.25,24,0.39403871842128013,37.57150874385359
bollinger_bull_20-25-5-200,bollinger_bull,"[20, 25, 5, 200]",balanced,test,-0.2072483244007941,-0.13663198401746512,0.4059963808926882,-0.1522845347505705,-0.5954998770445372,-0.004484968375476756,0.0,0.1925291845478243,-0.3697255247768094,0.2631578947368421,0.15789473684210525,0.10526315789473684,19,0.2862208497305889,29.460435515033748
bollinger_bull_20-25-5-200,bollinger_bull,"[20, 25, 5, 200]",balanced,full,-0.790056094542321,-0.3531083125315384,0.44547657912642075,-0.7492552052569388,-0.8756314096655599,-0.026966939877871823,0.0,0.1925291845478243,-0.3697255247768094,0.2558139534883721,0.13953488372093023,0.18604651162790697,43,0.3464768604438116,33.993458856216705
bollinger_bull_20-25-5-200,bollinger_bull,"[20, 25, 5, 200]",aggressive,train,-0.8609568682382164,-0.6266115742735237,0.6750675454461462,-1.1139225285551173,-0.889050023256524,-0.061492367737673415,0.0,0.19480176475817101,-0.41804660937096627,0.20833333333333334,0.125,0.25,24,0.5667756757904158,50.39594856823074
bollinger_bull_20-25-5-200,bollinger_bull,"[20, 25, 5, 200]",aggressive,test,-0.3376257597888699,-0.22939256469418312,0.6048969470912634,-0.11102055979433399,-0.7522601661552439,-0.004490832240661409,0.0,0.3213980575293067,-0.505987033021959,0.2631578947368421,0.15789473684210525,0.21052631578947367,19,0.4107939258803397,40.69428184874415
bollinger_bull_20-25-5-200,bollinger_bull,"[20, 25, 5, 200]",aggressive,full,-0.9079014112427136,-0.4859886202600575,0.6450549280257195,-0.69742683997656,-0.9555133177157077,-0.0363056427506216,0.0,0.3213980575293067,-0.505987033021959,0.23255813953488372,0.13953488372093023,0.23255813953488372,43,0.4979672127184632,46.116237790597886
bollinger_bull_40-15--5-200,bollinger_bull,"[40, 15, -5, 200]",conservative,train,-0.37089088704388107,-0.20658454033147278,0.24970567456194476,-0.8008909188835037,-0.4375584367325269,-0.016521358095012355,0.0,0.10621571849361588,-0.21162569422350785,0.2916666666666667,0.041666666666666664,0.125,24,0.1921649092186159,28.977796787081886
bollinger_bull_40-15--5-200,bollinger_bull,"[40, 15, -5, 200]",conservative,test,0.028559896747874847,0.01797290976460464,0.19983684972125945,0.18933493117276626,-0.23087594291770963,0.00271073549349591,0.0,0.12078958167788434,-0.15270736553184527,0.3157894736842105,0.05263157894736842,0.05263157894736842,19,0.13802250076939826,20.867113182566072
bollinger_bull_40-15--5-200,bollinger_bull,"[40, 15, -5, 200]",conservative,full,-0.35292359573470555,-0.11438130806767699,0.229049281064299,-0.4150885991085252,-0.4643516035887274,-0.008023456276834285,0.0,0.12078958167788434,-0.21162569422350785,0.3023255813953488,0.046511627906976744,0.09302325581395349,43,0.1682809874485864,25.399918774998078
bollinger_bull_40-15--5-200,bollinger_bull,"[40, 15, -5, 200]",balanced,train,-0.6177463040959152,-0.38132649755942294,0.47107554057904394,-0.7801532546138142,-0.6890692017421807,-0.03029749602480886,0.0,0.181623389601135,-0.35987167202700265,0.2916666666666667,0.125,0.20833333333333334,24,0.36048280366070573,52.66586011996002
bollinger_bull_40-15--5-200,bollinger_bull,"[40, 15, -5, 200]",balanced,test,-0.03772086240094008,-0.024029811168496562,0.3874318778355675,0.13244063972090278,-0.43409528507153217,0.0028739556091870178,0.0,0.2528083014049145,-0.29085653529111855,0.3157894736842105,0.05263157894736842,0.05263157894736842,19,0.2683443517776854,39.52018702454588
bollinger_bull_40-15--5-200,bollinger_bull,"[40, 15, -5, 200]",balanced,full,-0.6321652431613627,-0.24352506924822925,0.4361584910172903,-0.4190109147801102,-0.7325863270152684,-0.015640342977229285,0.0,0.2528083014049145,-0.35987167202700265,0.3023255813953488,0.09302325581395349,0.13953488372093023,43,0.31983763031475565,46.86688964897076
bollinger_bull_40-15--5-200,bollinger_bull,"[40, 15, -5, 200]",aggressive,train,-0.7581839774599909,-0.5077743631109173,0.6764356111140526,-0.7029808198807745,-0.8203704862404961,-0.04097558210870945,0.0,0.21944555488284956,-0.4440318782571646,0.2916666666666667,0.20833333333333334,0.2916666666666667,24,0.5202901901678861,72.49998432694231
bollinger_bull_40-15--5-200,bollinger_bull,"[40, 15, -5, 200]",aggressive,test,-0.14469981319231384,-0.09414349911008701,0.5876229363235441,0.13039443280350627,-0.6186025046109809,0.004212140085356385,0.0,0.426875659420513,-0.43720643768987966,0.2631578947368421,0.15789473684210525,0.05263157894736842,19,0.40495879934526513,58.8042229827743
bollinger_bull_40-15--5-200,bollinger_bull,"[40, 15, -5, 200]",aggressive,full,-0.7931747107484385,-0.3558042794656233,0.6387783389685451,-0.3631199235179598,-0.8683783586027907,-0.02100891416249431,0.0,0.426875659420513,-0.4440318782571646,0.27906976744186046,0.18604651162790697,0.18604651162790697,43,0.4694138809135649,66.45835260248897
bollinger_bull_40-15-0-200,bollinger_bull,"[40, 15, 0, 200]",conservative,train,-0.3516969800301327,-0.19458861355489687,0.24973078412657723,-0.7407551678868135,-0.44428637346077204,-0.015317784358284459,0.0,0.10176056648038201,-0.21162569422350586,0.25,0.041666666666666664,0.125,24,0.20295386103437518,24.99414737841339
bollinger_bull_40-15-0-200,bollinger_bull,"[40, 15, 0, 200]",conservative,test,-0.09684648207993107,-0.06240440945930603,0.19484186645048568,-0.233232353226706,-0.22906013520567536,-0.004661890570222628,0.0,0.05732833732504106,-0.09681627011641569,0.2631578947368421,0.0,0.0,19,0.15123945508310915,16.008949903204368
bollinger_bull_40-15-0-200,bollinger_bull,"[40, 15, 0, 200]",conservative,full,-0.4144828468360139,-0.13874556837709195,0.2271561582695521,-0.5433762368818219,-0.5024933624423634,-0.01060936617286179,0.0,0.10176056648038201,-0.21162569422350586,0.2558139534883721,0.023255813953488372,0.06976744186046512,43,0.1801410076445583,21.030493752117053
bollinger_bull_40-15-0-200,bollinger_bull,"[40, 15, 0, 200]",balanced,train,-0.5945877950894631,-0.3628867958529072,0.47041460183689376,-0.7197434140270487,-0.6880329458869803,-0.028122702666188496,0.0,0.18854689417645298,-0.3598716720270011,0.25,0.125,0.20833333333333334,24,0.38151735218928834,45.07691593646957
bollinger_bull_40-15-0-200,bollinger_bull,"[40, 15, 0, 200]",balanced,test,-0.23444620985463716,-0.1554894374567617,0.3770141799246102,-0.259267335454378,-0.43239994381508295,-0.0112289501423503,0.0,0.11052746812191372,-0.1891936380446526,0.2631578947368421,0.05263157894736842,0.15789473684210525,19,0.29410725044589536,30.580061804477488
bollinger_bull_40-15-0-200,bollinger_bull,"[40, 15, 0, 200]",balanced,full,-0.6896351499595492,-0.27855036266068856,0.43170619727634946,-0.5381900004446122,-0.7629012806011541,-0.02065802131844604,0.0,0.18854689417645298,-0.3598716720270011,0.2558139534883721,0.09302325581395349,0.18604651162790697,43,0.3429580030257274,38.68189695010914
bollinger_bull_40-15-0-200,bollinger_bull,"[40, 15, 0, 200]",aggressive,train,-0.7389507733333174,-0.48860065885161663,0.6738604431959812,-0.6526880751303464,-0.8264090686633964,-0.03822818554351828,0.0,0.3130781410603414,-0.4440318782571623,0.25,0.16666666666666666,0.25,24,0.5538560039117969,61.744874084989156
bollinger_bull_40-15-0-200,bollinger_bull,"[40, 15, 0, 200]",aggressive,test,-0.3848777622721382,-0.2646387686505032,0.5700156334445339,-0.25254740523737945,-0.6175550104168108,-0.018765368145433087,0.0,0.16790127720696701,-0.2935330604820001,0.2631578947368421,0.15789473684210525,0.15789473684210525,19,0.4444841614164028,45.76518407610239
bollinger_bull_40-15-0-200,bollinger_bull,"[40, 15, 0, 200]",aggressive,full,-0.839422815535662,-0.3997329614939983,0.6301564933558389,-0.49083908133331394,-0.8954988108317453,-0.029628335995527146,0.0,0.3130781410603414,-0.4440318782571623,0.2558139534883721,0.16279069767441862,0.20930232558139536,43,0.5056086391412752,54.695729486267695
bollinger_bull_40-15-5-200,bollinger_bull,"[40, 15, 5, 200]",conservative,train,-0.32447600700527146,-0.17787678080462488,0.2508271107022113,-0.6545522007911512,-0.4405575170043239,-0.013516299255665082,0.0,0.10176056648038201,-0.21193851745538994,0.25,0.041666666666666664,0.125,24,0.20426370754768397,24.450840358351492
bollinger_bull_40-15-5-200,bollinger_bull,"[40, 15, 5, 200]",conservative,test,-0.07013394860893707,-0.0449561805227342,0.19429905092416427,-0.13953414342470394,-0.22111179506156498,-0.0030888430185689905,0.0,0.06967827749404298,-0.09550213197152635,0.2631578947368421,0.0,0.0,19,0.1539360414876844,14.523899925075888
bollinger_bull_40-15-5-200,bollinger_bull,"[40, 15, 5, 200]",conservative,full,-0.37185317201406864,-0.12168850156703259,0.2276255896130997,-0.4556358864214104,-0.5009432650883777,-0.008908818592762158,0.0,0.10176056648038201,-0.21193851745538994,0.2558139534883721,0.023255813953488372,0.06976744186046512,43,0.18206258880409087,20.07175424978878
bollinger_bull_40-15-5-200,bollinger_bull,"[40, 15, 5, 200]",balanced,train,-0.5599569534532167,-0.3362700291372196,0.4727490701704488,-0.6273092951135518,-0.6837430743709261,-0.024405972495748954,0.0,0.18628323060839058,-0.35987167202700143,0.25,0.16666666666666666,0.25,24,0.3841479336464905,43.99030189634578
bollinger_bull_40-15-5-200,bollinger_bull,"[40, 15, 5, 200]",balanced,test,-0.18821351919496798,-0.12357553401693122,0.3758920355231149,-0.1625022754519797,-0.42057607856875734,-0.008009490854254753,0.0,0.13650413549629437,-0.18660863686790907,0.2631578947368421,0.10526315789473684,0.15789473684210525,19,0.2995004232550454,27.60996184822046
bollinger_bull_40-15-5-200,bollinger_bull,"[40, 15, 5, 200]",balanced,full,-0.6427790038410627,-0.24968060125464664,0.43269846688152114,-0.4453072205973041,-0.7612464648036051,-0.017161015491367795,0.0,0.18628323060839058,-0.35987167202700143,0.2558139534883721,0.13953488372093023,0.20930232558139536,43,0.3468072505456772,36.764417945452564
bollinger_bull_40-15-5-200,bollinger_bull,"[40, 15, 5, 200]",aggressive,train,-0.7029810187100716,-0.4545528023331664,0.6780286897688189,-0.5495224616631295,-0.8227436297906678,-0.0322058004017812,0.0,0.3088807225694774,-0.44403187825716295,0.25,0.20833333333333334,0.25,24,0.5580649342433202,60.006291620791075
bollinger_bull_40-15-5-200,bollinger_bull,"[40, 15, 5, 200]",aggressive,test,-0.3239197469428524,-0.21934364589535105,0.5681151202361783,-0.15013388117259172,-0.6046487839592538,-0.013465972377982317,0.0,0.2116785191601458,-0.2895376464404982,0.2631578947368421,0.15789473684210525,0.15789473684210525,19,0.45311323791104174,41.01302414609113
bollinger_bull_40-15-5-200,bollinger_bull,"[40, 15, 5, 200]",aggressive,full,-0.7991913319667296,-0.3610894517335048,0.6318956172686261,-0.38907613314539446,-0.8943383666093169,-0.023925411274986347,0.0,0.3088807225694774,-0.44403187825716295,0.2558139534883721,0.18604651162790697,0.20930232558139536,43,0.5117674351731942,51.627763078817175
bollinger_bull_40-20--5-200,bollinger_bull,"[40, 20, -5, 200]",conservative,train,-0.1305708647090924,-0.06747891929455296,0.2437535411070001,-0.16377663853861804,-0.3209490158672159,-0.003676749775811991,0.0,0.11303552961572927,-0.18874722557045753,0.2916666666666667,0.041666666666666664,0.041666666666666664,24,0.14097136842439195,20.372308153089403
bollinger_bull_40-20--5-200,bollinger_bull,"[40, 20, -5, 200]",conservative,test,0.35929141885082183,0.2143144930747467,0.19928283944212008,1.0748818630525314,-0.24314847413093466,0.01987296809340726,0.0,0.28334424344352316,-0.20827521082510014,0.3157894736842105,0.10526315789473684,0.05263157894736842,19,0.1180708371163603,19.35800359424496
bollinger_bull_40-20--5-200,bollinger_bull,"[40, 20, -5, 200]",conservative,full,0.18180756289981792,0.047717791829132716,0.22522173604931298,0.32049363230593897,-0.35212770695493834,0.006728939515238375,0.0,0.28334424344352316,-0.20827521082510014,0.3023255813953488,0.06976744186046512,0.046511627906976744,43,0.13086922273269908,19.924866463140436
bollinger_bull_40-20--5-200,bollinger_bull,"[40, 20, -5, 200]",balanced,train,-0.24866345216618346,-0.13303376032669534,0.4570027138590396,-0.08079799073521148,-0.530172357310797,-0.004709834156922693,0.0,0.22096500795467788,-0.3144688893838077,0.2916666666666667,0.16666666666666666,0.25,24,0.2661700979985045,36.500430259667176
bollinger_bull_40-20--5-200,bollinger_bull,"[40, 20, -5, 200]",balanced,test,0.6275264189755725,0.3608457560188063,0.38618505846327417,0.9950130116368683,-0.43614125485340005,0.03898836654753031,0.0,0.5397777758900766,-0.3862957907950496,0.3157894736842105,0.15789473684210525,0.05263157894736842,19,0.22628040011762382,36.64819019302633
bollinger_bull_40-20--5-200,bollinger_bull,"[40, 20, -5, 200]",balanced,full,0.22282008114144514,0.05773943607017151,0.42721163679540264,0.3484751848149739,-0.5835788725904107,0.014598673131091424,0.0,0.5397777758900766,-0.3862957907950496,0.3023255813953488,0.16279069767441862,0.16279069767441862,43,0.2485734957987582,36.56561182048386
bollinger_bull_40-20--5-200,bollinger_bull,"[40, 20, -5, 200]",aggressive,train,-0.31673929860372085,-0.17318877670858457,0.6518748877164853,0.039390048087653576,-0.671467961564721,-0.0021253985106441616,0.0,0.31544958750245544,-0.3749352212039144,0.2916666666666667,0.20833333333333334,0.25,24,0.38719692483831336,48.83045731837038
bollinger_bull_40-20--5-200,bollinger_bull,"[40, 20, -5, 200]",aggressive,test,0.6085637142873834,0.350794236142292,0.5836583455733073,0.8208962390661196,-0.6140211044908706,0.052448268538711144,0.0,0.6614461717371829,-0.5623368387011692,0.3157894736842105,0.21052631578947367,0.05263157894736842,19,0.3349703864750243,53.1924950341622
bollinger_bull_40-20--5-200,bollinger_bull,"[40, 20, -5, 200]",aggressive,full,0.09906837166460591,0.026710555366247668,0.6226992680240662,0.36246469695138134,-0.7303190350974932,0.021988547394884927,0.0,0.6614461717371829,-0.5623368387011692,0.3023255813953488,0.20930232558139536,0.16279069767441862,43,0.3641581537101652,50.754689552324415
bollinger_bull_40-20-0-200,bollinger_bull,"[40, 20, 0, 200]",conservative,train,-0.1381266949531711,-0.07153428570613785,0.24267715135978005,-0.18358615885989912,-0.36896790084043884,-0.004056762520238834,0.0,0.11303552961572927,-0.188406392411277,0.25,0.08333333333333333,0.041666666666666664,24,0.16110354224156723,18.003376823145917
bollinger_bull_40-20-0-200,bollinger_bull,"[40, 20, 0, 200]",conservative,test,0.04640521599396985,0.02911001781690503,0.204745626902256,0.2434985615040362,-0.25697404530162327,0.0047554865687998655,0.0,0.10775332581712727,-0.21968073977465596,0.2631578947368421,0.05263157894736842,0.05263157894736842,19,0.13535463059862154,14.692168881079944
bollinger_bull_40-20-0-200,bollinger_bull,"[40, 20, 0, 200]",conservative,full,-0.0981312780730389,-0.028410851187450126,0.2267250431883745,-0.012817614736483568,-0.4114895735983546,-0.00016297803903568778,0.0,0.11303552961572927,-0.21968073977465596,0.2558139534883721,0.06976744186046512,0.046511627906976744,43,0.14974488626451854,16.54269870191345
bollinger_bull_40-20-0-200,bollinger_bull,"[40, 20, 0, 200]",balanced,train,-0.2604009048021294,-0.13982306843668157,0.454715535396946,-0.10099647058478048,-0.5889601238654301,-0.005322400142232027,0.0,0.22096500795467833,-0.3144688893838078,0.25,0.20833333333333334,0.25,24,0.3064193210536954,32.01222560251618
bollinger_bull_40-20-0-200,bollinger_bull,"[40, 20, 0, 200]",balanced,test,-0.013540937749437876,-0.008587198519658612,0.3974110244268265,0.1816042429132085,-0.4705084683705225,0.008212909855058906,0.0,0.22338284709500544,-0.4042679264104322,0.2631578947368421,0.15789473684210525,0.10526315789473684,19,0.2615649745966784,28.11917311744585
bollinger_bull_40-20-0-200,bollinger_bull,"[40, 20, 0, 200]",balanced,full,-0.2704157701097448,-0.0842204761118932,0.4303720892408839,0.014339419960872428,-0.6609089077832724,0.0006583182286639664,0.0,0.22338284709500544,-0.4042679264104322,0.2558139534883721,0.18604651162790697,0.18604651162790697,43,0.2866326559881765,30.294877526151062
bollinger_bull_40-20-0-200,bollinger_bull,"[40, 20, 0, 200]",aggressive,train,-0.33414010238383207,-0.18377059757140501,0.6481972191562556,0.015395315454024493,-0.7144568157132105,-0.0028447723015342513,0.0,0.3462130074574401,-0.3749352212039144,0.25,0.20833333333333334,0.25,24,0.45188780895970476,42.58258526083716
bollinger_bull_40-20-0-200,bollinger_bull,"[40, 20, 0, 200]",aggressive,test,-0.20381209360912012,-0.13426653887586504,0.6034944231311843,0.0773554954087153,-0.7050876830364895,0.009634124045723683,0.0,0.3706311623061318,-0.5807380528895261,0.21052631578947367,0.15789473684210525,0.10526315789473684,19,0.38982768172514376,41.373325860049185
bollinger_bull_40-20-0-200,bollinger_bull,"[40, 20, 0, 200]",aggressive,full,-0.46985040216734,-0.16229166649726845,0.6288594128946793,0.041616092966534554,-0.8326738097140636,0.0026691586426029756,0.0,0.3706311623061318,-0.5807380528895261,0.23255813953488372,0.18604651162790697,0.18604651162790697,43,0.42451113203742524,42.049142849327474
bollinger_bull_40-20-5-200,bollinger_bull,"[40, 20, 5, 200]",conservative,train,-0.07905637011087463,-0.04028785995466144,0.24220287115113381,-0.047787992137055174,-0.3631170152594537,-0.0009492007478580459,0.0,0.1708583838779889,-0.18842081040654346,0.25,0.041666666666666664,0.041666666666666664,24,0.16468105067835964,17.66042617926425
bollinger_bull_40-20-5-200,bollinger_bull,"[40, 20, 5, 200]",conservative,test,0.2135061571512249,0.1302212631970565,0.1864883213742417,0.7497313387253225,-0.202844254065632,0.011442142195928259,0.0,0.10245364706526039,-0.1118616546761817,0.2631578947368421,0.10526315789473684,0.05263157894736842,19,0.13713906535398904,12.08395578623968
bollinger_bull_40-20-5-200,bollinger_bull,"[40, 20, 5, 200]",conservative,full,0.11757076525964782,0.031504777462336264,0.2193747912127307,0.25166401823152806,-0.3631170152594537,0.0045260438086986935,0.0,0.1708583838779889,-0.18842081040654346,0.2558139534883721,0.06976744186046512,0.046511627906976744,43,0.15253141342135518,15.200469438610444
bollinger_bull_40-20-5-200,bollinger_bull,"[40, 20, 5, 200]",balanced,train,-0.163466600499665,-0.08526633305530895,0.45432800675822066,0.03380433394488127,-0.5811952900593778,0.0010469887717004522,0.0,0.33744510339663125,-0.3144688893838077,0.25,0.20833333333333334,0.25,24,0.31357473057221136,31.326324314752842
bollinger_bull_40-20-5-200,bollinger_bull,"[40, 20, 5, 200]",balanced,test,0.34329051335084015,0.20525250598792222,0.35970123787483266,0.699385947220983,-0.36946316331438633,0.020083193180225455,0.0,0.20877011656890088,-0.2172103884392491,0.2631578947368421,0.21052631578947367,0.10526315789473684,19,0.2651699504043515,22.90274692776532
bollinger_bull_40-20-5-200,bollinger_bull,"[40, 20, 5, 200]",balanced,full,0.1237073796499244,0.03308221577993109,0.4152474016107003,0.287921590717899,-0.5811952900593778,0.009458334905699873,0.0,0.33744510339663125,-0.3144688893838077,0.2558139534883721,0.20930232558139536,0.18604651162790697,43,0.29222185736360656,27.610418999545043
bollinger_bull_40-20-5-200,bollinger_bull,"[40, 20, 5, 200]",aggressive,train,-0.20504938067468348,-0.1082600103524538,0.6486151546109813,0.15209472071460425,-0.7056055726966257,0.007056456093611339,0.0,0.4896633879117789,-0.3749352212039144,0.25,0.20833333333333334,0.25,24,0.4633364641893303,41.48514320041582
bollinger_bull_40-20-5-200,bollinger_bull,"[40, 20, 5, 200]",aggressive,test,0.33693759885580543,0.20164359529796716,0.540165028584613,0.6123211368044879,-0.5280318560544082,0.02611423354500639,0.0,0.34460382603709405,-0.334304865012105,0.21052631578947367,0.21052631578947367,0.10526315789473684,19,0.39597101816341257,33.76314953722429
bollinger_bull_40-20-5-200,bollinger_bull,"[40, 20, 5, 200]",aggressive,full,0.06279937220972442,0.017141290795451347,0.6031748278772242,0.3333015680603724,-0.7353750123486062,0.015477334502367292,0.0,0.4896633879117789,-0.3749352212039144,0.23255813953488372,0.20930232558139536,0.18604651162790697,43,0.43361944403875335,38.07872856458897
bollinger_bull_40-25--5-200,bollinger_bull,"[40, 25, -5, 200]",conservative,train,-0.3812559416730301,-0.2131388086597411,0.23911987803820584,-0.8788873024567121,-0.42324574906425916,-0.017915730594422793,0.0,0.08267808437099289,-0.1705006801675668,0.16666666666666666,0.0,0.125,24,0.11861499419504688,14.550202509125466
bollinger_bull_40-25--5-200,bollinger_bull,"[40, 25, -5, 200]",conservative,test,0.41075279308657375,0.24319715983035217,0.15949748114163767,1.4444977697687196,-0.12770137529679193,0.01900813815161507,0.0,0.11814573441671161,-0.02403686694783258,0.2631578947368421,0.10526315789473684,0.0,19,0.08726801519499386,10.00194530855493
bollinger_bull_40-25--5-200,bollinger_bull,"[40, 25, -5, 200]",conservative,full,-0.12710509150950555,-0.03722386258138477,0.2078016047970851,-0.07611846875486347,-0.42324574906425916,-0.0016005327764060642,0.0,0.11814573441671161,-0.1705006801675668,0.20930232558139536,0.046511627906976744,0.06976744186046512,43,0.10478685437621617,12.543822994806504
bollinger_bull_40-25--5-200,bollinger_bull,"[40, 25, -5, 200]",balanced,train,-0.6168148346544737,-0.38057420073049386,0.4434575009874459,-0.8448924121780887,-0.6578908309281366,-0.03293429087599496,0.0,0.13831387023722752,-0.2883289730253582,0.16666666666666666,0.08333333333333333,0.20833333333333334,24,0.22327309059448125,25.360833843103414
bollinger_bull_40-25--5-200,bollinger_bull,"[40, 25, -5, 200]",balanced,test,0.9241450913269615,0.5128776899588132,0.303578165818041,1.515061195465271,-0.22612429300055759,0.03778405122372617,0.0,0.2263910806765923,-0.04148200284339165,0.2631578947368421,0.15789473684210525,0.0,19,0.1663136521402879,18.603295780251706
bollinger_bull_40-25--5-200,bollinger_bull,"[40, 25, -5, 200]",balanced,full,-0.26269614503109695,-0.08152678855363349,0.3880383803796476,-0.016749962385612497,-0.6578908309281366,-0.0016866513435600423,0.0,0.2263910806765923,-0.2883289730253582,0.20930232558139536,0.11627906976744186,0.11627906976744186,43,0.1981464881571192,22.37987095146317
bollinger_bull_40-25--5-200,bollinger_bull,"[40, 25, -5, 200]",aggressive,train,-0.722995119520753,-0.4732251331716596,0.6090572928343315,-0.725598926887347,-0.7620092303204777,-0.04129827143425683,0.0,0.1840433769052634,-0.3524073662136836,0.16666666666666666,0.08333333333333333,0.20833333333333334,24,0.32521288738323817,32.04273535074983
bollinger_bull_40-25--5-200,bollinger_bull,"[40, 25, -5, 200]",aggressive,test,1.5357259063074657,0.8014739076849717,0.4430960074271645,1.5482348543878306,-0.3105586786673765,0.0559788844260748,0.0,0.3824066827896735,-0.050608700187773636,0.2631578947368421,0.21052631578947367,0.0,19,0.23577761261501823,25.823418354505595
bollinger_bull_40-25--5-200,bollinger_bull,"[40, 25, -5, 200]",aggressive,full,-0.29759154839517166,-0.09386989650743305,0.5421705927684116,0.10262835049504967,-0.7620092303204777,0.00168465789937808,0.0,0.3824066827896735,-0.3524073662136836,0.20930232558139536,0.13953488372093023,0.11627906976744186,43,0.28576017060857234,29.299198724730783
bollinger_bull_40-25-0-200,bollinger_bull,"[40, 25, 0, 200]",conservative,train,-0.29932539728378604,-0.16273323203228607,0.23486556499336247,-0.6349527249203196,-0.3468752544760013,-0.012718384901355734,0.0,0.09511678246490995,-0.16998884533464775,0.16666666666666666,0.0,0.125,24,0.12170794129907953,13.490368081062702
bollinger_bull_40-25-0-200,bollinger_bull,"[40, 25, 0, 200]",conservative,test,0.5207336964557063,0.3036578273035484,0.16191374365419073,1.7186596172005797,-0.1277013752967896,0.023131765169131985,0.0,0.1371440087980953,-0.013275985856207928,0.3157894736842105,0.05263157894736842,0.0,19,0.09823389811025346,9.74444272068831
bollinger_bull_40-25-0-200,bollinger_bull,"[40, 25, 0, 200]",conservative,full,0.06553947860126041,0.017872395079936654,0.20590493088661618,0.1914109504123796,-0.3468752544760013,0.0031223790832783744,0.0,0.1371440087980953,-0.16998884533464775,0.23255813953488372,0.023255813953488372,0.06976744186046512,43,0.11135280145202094,11.83792241368042
bollinger_bull_40-25-0-200,bollinger_bull,"[40, 25, 0, 200]",balanced,train,-0.5071786874871156,-0.2976478127542116,0.4346752661433164,-0.5827961341767032,-0.5600072628786166,-0.022395928845846833,0.0,0.1963904637258833,-0.288328973025357,0.16666666666666666,0.08333333333333333,0.16666666666666666,24,0.2297875564091984,23.556841995480877
bollinger_bull_40-25-0-200,bollinger_bull,"[40, 25, 0, 200]",balanced,test,1.224963814046371,0.6584804623325324,0.30854135850232667,1.7935349347372986,-0.22612429300055836,0.04607254088351658,0.0,0.26741291832280134,-0.02385037889906383,0.3157894736842105,0.21052631578947367,0.0,19,0.18820931167386895,18.08829060451847
bollinger_bull_40-25-0-200,bollinger_bull,"[40, 25, 0, 200]",balanced,full,0.09650958713200897,0.026042969762170465,0.3841910473182348,0.26688987749428844,-0.5600072628786166,0.00785758103456956,0.0,0.26741291832280134,-0.288328973025357,0.23255813953488372,0.13953488372093023,0.09302325581395349,43,0.2114460830053107,21.144491725920247
bollinger_bull_40-25-0-200,bollinger_bull,"[40, 25, 0, 200]",aggressive,train,-0.609571762070766,-0.37475533616144463,0.6043616034028969,-0.4534673635980945,-0.6741313225037739,-0.026599069374812507,0.0,0.3262184621155473,-0.3500082533982247,0.16666666666666666,0.125,0.16666666666666666,24,0.3379906774984271,30.700523116162014
bollinger_bull_40-25-0-200,bollinger_bull,"[40, 25, 0, 200]",aggressive,test,2.161711831109293,1.0712952042622916,0.45188274154741054,1.835949030087385,-0.31055867866737763,0.06898520097019478,0.0,0.3812626853714458,-0.02964182995507858,0.3157894736842105,0.21052631578947367,0.0,19,0.2705241169740726,25.084406492234905
bollinger_bull_40-25-0-200,bollinger_bull,"[40, 25, 0, 200]",aggressive,full,0.23442157906001349,0.06053027999848082,0.5424316156837584,0.3923352031926376,-0.6741313225037739,0.015635840777632578,0.0,0.3812626853714458,-0.3500082533982247,0.23255813953488372,0.16279069767441862,0.09302325581395349,43,0.30822905255763766,28.223077174261448
bollinger_bull_40-25-5-200,bollinger_bull,"[40, 25, 5, 200]",conservative,train,-0.28600561887648135,-0.1548233911610304,0.23555832062987228,-0.5924631273924289,-0.3360809276287292,-0.011928583059853814,0.0,0.08538559385243616,-0.16998884533464753,0.16666666666666666,0.0,0.125,24,0.12269970361639719,13.301538502031141
bollinger_bull_40-25-5-200,bollinger_bull,"[40, 25, 5, 200]",conservative,test,0.42349725186303533,0.25028981991050236,0.1706570156722401,1.3944494202589974,-0.12707651722332458,0.019805814164425943,0.0,0.1371440087980953,-0.05264392426338793,0.2631578947368421,0.15789473684210525,0.0,19,0.10850163453849879,9.07125266624177
bollinger_bull_40-25-5-200,bollinger_bull,"[40, 25, 5, 200]",conservative,full,0.01636903937497869,0.004541110383771141,0.2094289532197818,0.1288347363433184,-0.3360809276287292,0.0020935924578511958,0.0,0.1371440087980953,-0.16998884533464753,0.20930232558139536,0.06976744186046512,0.06976744186046512,43,0.11643648812866983,11.435426172328947
bollinger_bull_40-25-5-200,bollinger_bull,"[40, 25, 5, 200]",balanced,train,-0.4886176647411601,-0.2845618786160483,0.4361719223691959,-0.5369195732290153,-0.5434359113676119,-0.020841432973954813,0.0,0.17533342258425733,-0.28832897302535676,0.16666666666666666,0.125,0.16666666666666666,24,0.2317710810438337,23.179182837417752
bollinger_bull_40-25-5-200,bollinger_bull,"[40, 25, 5, 200]",balanced,test,0.9397437477407904,0.5206245436539645,0.32684665828260245,1.446475345740184,-0.22500387873658623,0.039481584016500905,0.0,0.2674129183228007,-0.11008285006376184,0.2631578947368421,0.21052631578947367,0.05263157894736842,19,0.2087447845303596,16.74191049562539
bollinger_bull_40-25-5-200,bollinger_bull,"[40, 25, 5, 200]",balanced,full,-0.008049312476578696,-0.002252724340752743,0.3917364917496112,0.19828439295123074,-0.5434359113676119,0.005812923370665157,0.0,0.2674129183228007,-0.28832897302535676,0.20930232558139536,0.16279069767441862,0.11627906976744186,43,0.22161345635860855,20.339499243217297
bollinger_bull_40-25-5-200,bollinger_bull,"[40, 25, 5, 200]",aggressive,train,-0.5863552926361695,-0.35645938584875925,0.6071150044609497,-0.40097468429890654,-0.654753830161238,-0.024171745028653865,0.0,0.2892787946281239,-0.3500082533982247,0.16666666666666666,0.125,0.16666666666666666,24,0.3411643169138436,30.096268463261016
bollinger_bull_40-25-5-200,bollinger_bull,"[40, 25, 5, 200]",aggressive,test,1.5123841204073885,0.7909660617461469,0.4837061589015879,1.4485388547900382,-0.30894150457219094,0.058553716827311655,0.0,0.3812626853714458,-0.1841588184367704,0.2631578947368421,0.21052631578947367,0.05263157894736842,19,0.30338087354445753,22.930198318005967
bollinger_bull_40-25-5-200,bollinger_bull,"[40, 25, 5, 200]",aggressive,full,0.03923439427144926,0.010796986863765401,0.5560760549716393,0.3111744626778142,-0.654753830161238,0.012381366023982066,0.0,0.3812626853714458,-0.3500082533982247,0.20930232558139536,0.16279069767441862,0.11627906976744186,43,0.32449684992291417,26.935089201936734
btc_rotation_30-1-200,btc_rotation,"[30, 1, 200]",conservative,train,0.906147355079665,0.3800239066802664,0.26527223165936664,1.346419087417349,-0.23583611630706391,0.032309623703479236,0.0,0.37528127677228307,-0.13417781580749155,0.4166666666666667,0.25,0.08333333333333333,24,0.23397971628468858,30.271120819985818
btc_rotation_30-1-200,btc_rotation,"[30, 1, 200]",conservative,test,0.40164113892340825,0.23811182110821405,0.1940511931539718,1.1976064692427022,-0.17686522455189524,0.019751796629464462,0.0,0.2556925068345559,-0.0481292267063167,0.2631578947368421,0.10526315789473684,0.0,19,0.15158360083837233,21.32992805774261
btc_rotation_30-1-200,btc_rotation,"[30, 1, 200]",conservative,full,1.6717345497297025,0.315520198326394,0.2365104316704605,1.2774376934271985,-0.23583611630706391,0.026760816391705265,0.0,0.37528127677228307,-0.13417781580749155,0.3488372093023256,0.18604651162790697,0.046511627906976744,43,0.19763219440966986,26.32687905865988
btc_rotation_30-1-200,btc_rotation,"[30, 1, 200]",balanced,train,2.1198052971107284,0.7649230093866604,0.5143454772890699,1.360542504377971,-0.43205302232420695,0.06768857401206625,0.0,0.7868172016452493,-0.25276451027312685,0.4166666666666667,0.2916666666666667,0.16666666666666666,24,0.45706537956765614,56.17505303320207
btc_rotation_30-1-200,btc_rotation,"[30, 1, 200]",balanced,test,0.8893839337988669,0.4955305370082761,0.3817637442397186,1.2446975880872768,-0.3199400219883739,0.041511518693079646,0.0,0.5620448997735226,-0.09492742525496156,0.2631578947368421,0.15789473684210525,0.0,19,0.3020860941128992,41.63342686133099
btc_rotation_30-1-200,btc_rotation,"[30, 1, 200]",balanced,full,4.8945100049416075,0.640570752036987,0.46058284020954326,1.3042322888994746,-0.43205302232420695,0.05612196817344426,0.0,0.7868172016452493,-0.25276451027312685,0.3488372093023256,0.23255813953488372,0.09302325581395349,43,0.38869913514304244,49.760283689800225
btc_rotation_30-1-200,btc_rotation,"[30, 1, 200]",aggressive,train,3.784102876863308,1.1849186675513277,0.7791871297874667,1.3909750517218797,-0.6154062131335585,0.1113888906689725,0.0,1.2755303325878393,-0.3765318152424745,0.4166666666666667,0.3333333333333333,0.20833333333333334,24,0.6987835186605797,79.64674998224181
btc_rotation_30-1-200,btc_rotation,"[30, 1, 200]",aggressive,test,1.5925212448935149,0.8268943325549611,0.5942930859846833,1.3100132937161495,-0.44990010430566485,0.0710409535287075,0.0,1.0052395998985544,-0.14928381442454375,0.2631578947368421,0.21052631578947367,0.05263157894736842,19,0.4792460316176089,64.08315368870149
btc_rotation_30-1-200,btc_rotation,"[30, 1, 200]",aggressive,full,11.402888346024215,1.0190623038142168,0.7036304339565499,1.3489372281910645,-0.6154062131335585,0.09356073239769264,0.0,1.2755303325878393,-0.3765318152424745,0.3488372093023256,0.27906976744186046,0.13953488372093023,43,0.6019386180307678,72.78115742767547
btc_rotation_30-7-200,btc_rotation,"[30, 7, 200]",conservative,train,1.0439504942959141,0.42896906250930056,0.2733700764072779,1.4418628408331349,-0.24793898543231185,0.034245337489489956,0.0,0.38089525720888173,-0.08901893298286034,0.4583333333333333,0.16666666666666666,0.0,24,0.22744805501369042,13.90063026126234
btc_rotation_30-7-200,btc_rotation,"[30, 7, 200]",conservative,test,0.24745136309144367,0.15011917923776585,0.2005925444513973,0.7976112095438216,-0.2052704211470534,0.014159746690906506,0.0,0.2646021138664676,-0.11965081313735793,0.2631578947368421,0.05263157894736842,0.05263157894736842,19,0.1593320407085618,10.062437362364614
btc_rotation_30-7-200,btc_rotation,"[30, 7, 200]",conservative,full,1.5497288302008707,0.2984731008372836,0.24395626773932563,1.1922775701788693,-0.24793898543231185,0.025370308997092618,0.0,0.38089525720888173,-0.11965081313735793,0.37209302325581395,0.11627906976744186,0.023255813953488372,43,0.1973999355534005,12.207482476351034
btc_rotation_30-7-200,btc_rotation,"[30, 7, 200]",balanced,train,2.365497488819827,0.8330070554085556,0.5261426503782682,1.4131594313561509,-0.4864359173878753,0.06720164084926446,0.0,0.799143525497793,-0.17594570789238229,0.4166666666666667,0.2916666666666667,0.08333333333333333,24,0.4484979275760029,25.297838589019698
btc_rotation_30-7-200,btc_rotation,"[30, 7, 200]",balanced,test,0.47265761302228304,0.2774332576692744,0.3948410067378607,0.8177596625015763,-0.37208914186376085,0.03061799991835535,0.0,0.5832737846330882,-0.22820842443706246,0.2631578947368421,0.15789473684210525,0.05263157894736842,19,0.31774781182775685,19.492292402372208
btc_rotation_30-7-200,btc_rotation,"[30, 7, 200]",balanced,full,3.9562254985178704,0.5630874798447845,0.4727365442860311,1.1802908143368274,-0.4864359173878753,0.05103677625188601,0.0,0.799143525497793,-0.22820842443706246,0.3488372093023256,0.23255813953488372,0.06976744186046512,43,0.39081993309072915,22.736829300261597
btc_rotation_30-7-200,btc_rotation,"[30, 7, 200]",aggressive,train,3.7048515534398776,1.1667706532534017,0.7917273273288594,1.37027786728854,-0.6957584149236986,0.10233211795902201,0.0,1.264120867734834,-0.27829961104451006,0.375,0.2916666666666667,0.20833333333333334,24,0.6934718421898828,35.43289978078316
btc_rotation_30-7-200,btc_rotation,"[30, 7, 200]",aggressive,test,0.702186453324191,0.4000096420014101,0.6152984806877916,0.8548785694293273,-0.5304041470242854,0.05483649543833866,0.0,1.0462682181663263,-0.3446162257085602,0.2631578947368421,0.21052631578947367,0.15789473684210525,19,0.5057194443719537,29.9225031990815
btc_rotation_30-7-200,btc_rotation,"[30, 7, 200]",aggressive,full,7.008534579166627,0.7870564695597213,0.7192488760204926,1.1655860317382902,-0.6957584149236986,0.08134568010104565,0.0,1.264120867734834,-0.3446162257085602,0.32558139534883723,0.2558139534883721,0.18604651162790697,43,0.6106483455989461,33.002090279527906
btc_rotation_30-30-200,btc_rotation,"[30, 30, 200]",conservative,train,0.6348387424682471,0.27817831393004666,0.2796580678473202,1.017299038284902,-0.2944709476562185,0.024949637361111967,0.0,0.23433601765188938,-0.10112111291158998,0.4166666666666667,0.20833333333333334,0.041666666666666664,24,0.23803666219652184,10.458145033711473
btc_rotation_30-30-200,btc_rotation,"[30, 30, 200]",conservative,test,0.21066001997112216,0.12854368932789173,0.19240599105395198,0.7246396506749814,-0.16660675179083595,0.011431704289370646,0.0,0.17675062926266238,-0.07067471552240112,0.21052631578947367,0.05263157894736842,0.0,19,0.15983940783446968,4.721647096711039
btc_rotation_30-30-200,btc_rotation,"[30, 30, 200]",conservative,full,0.9792339046061711,0.20986833730019439,0.24502631224636373,0.8999056048879603,-0.2944709476562185,0.018976597166621614,0.0,0.23433601765188938,-0.10112111291158998,0.32558139534883723,0.13953488372093023,0.023255813953488372,43,0.20354139020347592,7.927595102786968
btc_rotation_30-30-200,btc_rotation,"[30, 30, 200]",balanced,train,1.2105785456816132,0.48599495570692186,0.5374167029480865,1.0052612041087918,-0.5257048880029536,0.049580533197107424,0.0,0.47318004035327754,-0.20051989144587123,0.375,0.25,0.25,24,0.4598074636158448,17.920381940945557
btc_rotation_30-30-200,btc_rotation,"[30, 30, 200]",balanced,test,0.40562742456586887,0.24033811159016727,0.3783470817182318,0.7582608600438724,-0.3017597946256807,0.02347231943167988,0.0,0.3777075185862324,-0.1391803965302113,0.21052631578947367,0.21052631578947367,0.05263157894736842,19,0.31811005943631965,8.81071187106506
btc_rotation_30-30-200,btc_rotation,"[30, 30, 200]",balanced,full,2.1072498279670278,0.37214039440517777,0.4738693903564483,0.904214978955214,-0.5257048880029536,0.03804434571936037,0.0,0.47318004035327754,-0.20051989144587123,0.3023255813953488,0.23255813953488372,0.16279069767441862,43,0.3973002753806873,13.901819532443225
btc_rotation_30-30-200,btc_rotation,"[30, 30, 200]",aggressive,train,1.5451385663078754,0.5943299756392177,0.8039632856329293,0.9815294880110162,-0.7225757156618293,0.07580627115254397,0.0,0.8025263399126874,-0.3150570382825719,0.375,0.2916666666666667,0.25,24,0.6881290239900628,22.68079283709714
btc_rotation_30-30-200,btc_rotation,"[30, 30, 200]",aggressive,test,0.48745989720719196,0.28554068752382067,0.5890203506885612,0.72081489974406,-0.42511930289663113,0.034728286571208584,0.0,0.6535701220781573,-0.2181580573165608,0.21052631578947367,0.21052631578947367,0.15789473684210525,19,0.5033670032610496,12.831974348990054
btc_rotation_30-30-200,btc_rotation,"[30, 30, 200]",aggressive,full,2.7857915502183794,0.4498924076861206,0.7171229911443838,0.8761454208145595,-0.7225757156618293,0.05765553377939578,0.0,0.8025263399126874,-0.3150570382825719,0.3023255813953488,0.2558139534883721,0.20930232558139536,43,0.6066246769253528,18.336168779270082
btc_rotation_60-1-200,btc_rotation,"[60, 1, 200]",conservative,train,0.31827757936087786,0.14794570871011192,0.2475977627620442,0.6812067683101715,-0.3140322996487207,0.015222044128450457,0.0,0.1769135996245963,-0.12675329324084317,0.375,0.25,0.041666666666666664,24,0.22700485460873512,25.61814842629902
btc_rotation_60-1-200,btc_rotation,"[60, 1, 200]",conservative,test,0.193343287479248,0.11830542464623073,0.1839534612686858,0.6996921703334251,-0.1988142877909519,0.011660412002171553,0.0,0.19505540353248607,-0.11563855692470859,0.2631578947368421,0.10526315789473684,0.05263157894736842,19,0.18165528519823337,17.99675773982703
btc_rotation_60-1-200,btc_rotation,"[60, 1, 200]",conservative,full,0.5731577003647013,0.1347748198000982,0.2217819065760778,0.6810298306260466,-0.3140322996487207,0.01364829970055978,0.0,0.19505540353248607,-0.12675329324084317,0.32558139534883723,0.18604651162790697,0.046511627906976744,43,0.20699973109966827,22.2561129323431
btc_rotation_60-1-200,btc_rotation,"[60, 1, 200]",balanced,train,0.5836907092009056,0.2580520536538511,0.48363598255354895,0.7169373986241562,-0.5339271636625523,0.03346310654200004,0.0,0.3648788176504636,-0.23105808031992592,0.3333333333333333,0.2916666666666667,0.25,24,0.44834343200196997,49.239032830710215
btc_rotation_60-1-200,btc_rotation,"[60, 1, 200]",balanced,test,0.36692824975266514,0.2186257261073401,0.3613174040887177,0.7273781869001014,-0.3651372928365454,0.025660063716506507,0.0,0.39986206097542176,-0.22219315018493768,0.2631578947368421,0.15789473684210525,0.10526315789473684,19,0.3546777277539492,34.72835083494001
btc_rotation_60-1-200,btc_rotation,"[60, 1, 200]",balanced,full,1.1647915692775608,0.24050501991990392,0.4339422398546592,0.7137261916805445,-0.5339271636625523,0.030015250409805225,0.0,0.39986206097542176,-0.23105808031992592,0.3023255813953488,0.23255813953488372,0.18604651162790697,43,0.40702453953170387,42.837913938080696
btc_rotation_60-1-200,btc_rotation,"[60, 1, 200]",aggressive,train,0.8392581560461609,0.35562737782703313,0.7431774283919731,0.7816876504388778,-0.7096844791200929,0.06012143848470286,0.0,0.61798661645319,-0.30495157525546557,0.3333333333333333,0.2916666666666667,0.2916666666666667,24,0.6971205274797113,74.01570208377238
btc_rotation_60-1-200,btc_rotation,"[60, 1, 200]",aggressive,test,0.4024109915502445,0.23854195520360477,0.5589432332935601,0.6614342345159723,-0.526772582271152,0.03793214773157509,0.0,0.6544223341772022,-0.3380964911997122,0.2631578947368421,0.15789473684210525,0.15789473684210525,19,0.545123148676875,52.290944295449165
btc_rotation_60-1-200,btc_rotation,"[60, 1, 200]",aggressive,full,1.579395854337578,0.30267151049643726,0.6681880829865708,0.7299637889738978,-0.7096844791200929,0.050316868151925466,0.0,0.6544223341772022,-0.3380964911997122,0.3023255813953488,0.23255813953488372,0.23255813953488372,43,0.6300696960047598,64.43222712669095
btc_rotation_60-7-200,btc_rotation,"[60, 7, 200]",conservative,train,0.3759737409018613,0.17276302321313874,0.24886701662088062,0.7646389815060356,-0.34352020551708606,0.016587611658662644,0.0,0.19013268346831902,-0.13038062220524982,0.375,0.16666666666666666,0.08333333333333333,24,0.2224949666434993,10.26112747824195
btc_rotation_60-7-200,btc_rotation,"[60, 7, 200]",conservative,test,0.1249105833612778,0.0772992186875161,0.18164880886035092,0.5007465073895554,-0.15755706431521144,0.006969758670068671,0.0,0.08835413612229481,-0.08128732956302709,0.2631578947368421,0.0,0.0,19,0.18985080704552706,9.42227256467953
btc_rotation_60-7-200,btc_rotation,"[60, 7, 200]",conservative,full,0.5478474235677033,0.12965028703194204,0.22173842025699314,0.6605725950288892,-0.34352020551708606,0.012337862663702516,0.0,0.19013268346831902,-0.13038062220524982,0.32558139534883723,0.09302325581395349,0.046511627906976744,43,0.208094599603721,9.891082153222444
btc_rotation_60-7-200,btc_rotation,"[60, 7, 200]",balanced,train,0.6999156038063996,0.3033350332894973,0.4855593627315238,0.7876031177554076,-0.5741858828646609,0.034683342660333016,0.0,0.36521333000043255,-0.24941403634947124,0.3333333333333333,0.3333333333333333,0.16666666666666666,24,0.4391479889571876,19.02430694006803
btc_rotation_60-7-200,btc_rotation,"[60, 7, 200]",balanced,test,0.19025276438669003,0.11647247345523204,0.35674259633273714,0.48732773299317295,-0.2973634259752591,0.012031607907323804,0.0,0.17899351745947123,-0.16044199627049915,0.2631578947368421,0.15789473684210525,0.05263157894736842,19,0.370880007577314,18.211960174766496
btc_rotation_60-7-200,btc_rotation,"[60, 7, 200]",balanced,full,1.0233292466546526,0.21733043946364616,0.43347389674773934,0.6699779659602341,-0.5741858828646609,0.024674436606677782,0.0,0.36521333000043255,-0.24941403634947124,0.3023255813953488,0.2558139534883721,0.11627906976744186,43,0.4090328320334971,18.66595519421254
btc_rotation_60-7-200,btc_rotation,"[60, 7, 200]",aggressive,train,0.8574027282829173,0.36228855902925683,0.7432153027178361,0.7858573647511172,-0.7489942774256466,0.05642680404720548,0.0,0.5799098686635504,-0.37721393403119785,0.3333333333333333,0.3333333333333333,0.25,24,0.6846163563357401,27.442991668412194
btc_rotation_60-7-200,btc_rotation,"[60, 7, 200]",aggressive,test,0.12401839301063466,0.07675864337037441,0.5537233043840507,0.4108560353080971,-0.4423221963542687,0.012483791123547267,0.0,0.28984242628705603,-0.2517881380447903,0.2631578947368421,0.15789473684210525,0.10526315789473684,19,0.5699772772440672,27.216265130987217
btc_rotation_60-7-200,btc_rotation,"[60, 7, 200]",aggressive,full,1.0877548298181159,0.22802497423124146,0.6662935478416615,0.6405151053533823,-0.7489942774256466,0.037010123918147196,0.0,0.5799098686635504,-0.37721393403119785,0.3023255813953488,0.2558139534883721,0.18604651162790697,43,0.6340454475927009,27.34297545121479
btc_rotation_60-30-200,btc_rotation,"[60, 30, 200]",conservative,train,0.5897761182822259,0.2604634929761154,0.2520141225357115,1.0442990075163876,-0.2325786105947778,0.02329241171592143,0.0,0.23433601765188938,-0.11612385689359894,0.4166666666666667,0.16666666666666666,0.041666666666666664,24,0.21524121155418707,7.540696589020853
btc_rotation_60-30-200,btc_rotation,"[60, 30, 200]",conservative,test,0.11916972662527692,0.07381809039933818,0.17921612583142202,0.48714579574557026,-0.18120135965279438,0.0069495129865273855,0.0,0.1723315862713939,-0.04602620428061954,0.15789473684210525,0.05263157894736842,0.0,19,0.14672830747657642,4.327576034509904
btc_rotation_60-30-200,btc_rotation,"[60, 30, 200]",conservative,full,0.7792293036933029,0.17443156568812612,0.22285021016954001,0.8328224689740422,-0.2325786105947778,0.01607113088200313,0.0,0.23433601765188938,-0.11612385689359894,0.3023255813953488,0.11627906976744186,0.023255813953488372,43,0.1850180115138344,6.123287904041634
btc_rotation_60-30-200,btc_rotation,"[60, 30, 200]",balanced,train,1.2352466569998102,0.49425180912141675,0.4916121236040934,1.0620932425141072,-0.42768030771713694,0.0487526908744124,0.0,0.47318004035327754,-0.22432084579509348,0.375,0.25,0.20833333333333334,24,0.4259445496160663,13.583441857866609
btc_rotation_60-30-200,btc_rotation,"[60, 30, 200]",balanced,test,0.19454398490035207,0.11901707295258546,0.3499186903003583,0.49673690043630075,-0.33687868146073163,0.013539536215240587,0.0,0.36761040369660747,-0.09386594294735295,0.15789473684210525,0.10526315789473684,0.0,19,0.2919797756332674,8.02256974666279
btc_rotation_60-30-200,btc_rotation,"[60, 30, 200]",balanced,full,1.6701004488877471,0.31529562200570904,0.4348333791130208,0.8474115306261533,-0.42768030771713694,0.03319338997849927,0.0,0.47318004035327754,-0.22432084579509348,0.27906976744186046,0.18604651162790697,0.11627906976744186,43,0.3668484681267124,11.130366010645963
btc_rotation_60-30-200,btc_rotation,"[60, 30, 200]",aggressive,train,1.8484257152516674,0.6865200230450845,0.7563994871617298,1.0682304900092299,-0.6125003848005577,0.07904380183363093,0.0,0.8025263399126874,-0.3430779689509086,0.375,0.3333333333333333,0.25,24,0.6671627146448211,18.73759206205649
btc_rotation_60-30-200,btc_rotation,"[60, 30, 200]",aggressive,test,0.17869615608865486,0.10960283836993412,0.5421910926952146,0.46373423933748653,-0.492675066606319,0.019792908528850954,0.0,0.6347458284346197,-0.15298601424135583,0.15789473684210525,0.15789473684210525,0.21052631578947367,19,0.4634310868024036,11.570944248257703
btc_rotation_60-30-200,btc_rotation,"[60, 30, 200]",aggressive,full,2.35742844147122,0.40211370186838225,0.6703928098546134,0.8390388381177066,-0.6125003848005577,0.052863174559425824,0.0,0.8025263399126874,-0.3430779689509086,0.27906976744186046,0.2558139534883721,0.23255813953488372,43,0.5772902763687698,15.576157972941886
btc_rotation_90-1-200,btc_rotation,"[90, 1, 200]",conservative,train,0.5954277151184544,0.26269889157703963,0.25225544270419104,1.05066491548091,-0.24950591783270626,0.02349648803660957,0.0,0.209321258252831,-0.12675329324084317,0.4583333333333333,0.20833333333333334,0.125,24,0.22149825235110465,27.88205867568093
btc_rotation_90-1-200,btc_rotation,"[90, 1, 200]",conservative,test,0.24273986683936455,0.14736940603590254,0.18666960796071155,0.8297704121361309,-0.14954048512017581,0.012965618130478444,0.0,0.20634605877234713,-0.0423243358868296,0.21052631578947367,0.05263157894736842,0.0,19,0.19784762696827388,14.195009905793839
btc_rotation_90-1-200,btc_rotation,"[90, 1, 200]",conservative,full,0.982701626238129,0.21045948532009517,0.22568266547805713,0.9590829002627969,-0.24950591783270626,0.018843312961807444,0.0,0.209321258252831,-0.12675329324084317,0.3488372093023256,0.13953488372093023,0.06976744186046512,43,0.21106521653620147,21.844270342175694
btc_rotation_90-1-200,btc_rotation,"[90, 1, 200]",balanced,train,1.212770119719333,0.4867303754275527,0.49606587752998355,1.0469600698852721,-0.43130716226758825,0.04834642135500463,0.0,0.4420836642260271,-0.23105808031992592,0.4166666666666667,0.375,0.25,24,0.4406263406985644,53.928450489281595
btc_rotation_90-1-200,btc_rotation,"[90, 1, 200]",balanced,test,0.4263234344036293,0.25185950681749536,0.3668509292196563,0.7957771394591732,-0.2831963772195537,0.024604008437450545,0.0,0.44613283923013736,-0.09007178738264665,0.21052631578947367,0.15789473684210525,0.0,19,0.3889777124274656,27.757433617496105
btc_rotation_90-1-200,btc_rotation,"[90, 1, 200]",balanced,full,2.156125876703808,0.37812942011786377,0.44372291145513515,0.944361452510476,-0.43130716226758825,0.037855587740271424,0.0,0.44613283923013736,-0.23105808031992592,0.32558139534883723,0.27906976744186046,0.13953488372093023,43,0.41784250391536565,42.383590600122396
btc_rotation_90-1-200,btc_rotation,"[90, 1, 200]",aggressive,train,1.825475027105063,0.6797211571989807,0.7663378067703811,1.0586376079673916,-0.5614802825344972,0.07903880685220172,0.0,0.7322092345058286,-0.318526979416327,0.4166666666666667,0.4166666666666667,0.25,24,0.690399552889178,80.79895099028552
btc_rotation_90-1-200,btc_rotation,"[90, 1, 200]",aggressive,test,0.5012932555423903,0.29309066663913264,0.5702000867179736,0.7361760385012933,-0.4278322675253754,0.036108798814596076,0.0,0.7828234315359535,-0.15312927506819185,0.21052631578947367,0.15789473684210525,0.15789473684210525,19,0.6012204914385069,43.146719998544796
btc_rotation_90-1-200,btc_rotation,"[90, 1, 200]",aggressive,full,3.241866601896292,0.4966526885129374,0.6867483320534051,0.9298431405604819,-0.5614802825344972,0.06006973353325969,0.0,0.7828234315359535,-0.318526979416327,0.32558139534883723,0.3023255813953488,0.20930232558139536,43,0.6510598598792107,64.18936591212467
btc_rotation_90-7-200,btc_rotation,"[90, 7, 200]",conservative,train,0.8395916337304055,0.35575009919674794,0.25588504938576145,1.316900249712719,-0.21272130288196844,0.02909827276036378,0.0,0.23005155012616685,-0.10045556391595478,0.4166666666666667,0.25,0.041666666666666664,24,0.211424823806104,12.140178119201721
btc_rotation_90-7-200,btc_rotation,"[90, 7, 200]",conservative,test,0.17393592306551886,0.106766006209289,0.18841730479458138,0.6326131176677645,-0.17104968923512798,0.009841361403277843,0.0,0.20773758957803423,-0.059838694538591586,0.21052631578947367,0.05263157894736842,0.0,19,0.19784039839729764,8.076974628320794
btc_rotation_90-7-200,btc_rotation,"[90, 7, 200]",conservative,full,1.1595627026069093,0.23966815835157007,0.22859035203179073,1.0538745049756597,-0.21272130288196844,0.02058940495141883,0.0,0.23005155012616685,-0.10045556391595478,0.32558139534883723,0.16279069767441862,0.023255813953488372,43,0.20543230586965042,10.347771074677029
btc_rotation_90-7-200,btc_rotation,"[90, 7, 200]",balanced,train,1.9821388277772707,0.7255969092066354,0.49865866917214585,1.3420060985304822,-0.3685162827444458,0.059294158256356234,0.0,0.4294235605987755,-0.19377829426844717,0.375,0.3333333333333333,0.16666666666666666,24,0.4200771334092217,22.78240822198757
btc_rotation_90-7-200,btc_rotation,"[90, 7, 200]",balanced,test,0.30667003809359783,0.18436213877672958,0.37031157811583093,0.6421726756346565,-0.3189314872680554,0.019763627821974966,0.0,0.4491235069770181,-0.11825006088682877,0.21052631578947367,0.15789473684210525,0.05263157894736842,19,0.3887094013801985,15.521366934284568
btc_rotation_90-7-200,btc_rotation,"[90, 7, 200]",balanced,full,2.8966714556921214,0.46161932449087484,0.44660996518551854,1.072298707912857,-0.3685162827444458,0.041827179692327306,0.0,0.4491235069770181,-0.19377829426844717,0.3023255813953488,0.2558139534883721,0.11627906976744186,43,0.40623983877562353,19.579334198283725
btc_rotation_90-7-200,btc_rotation,"[90, 7, 200]",aggressive,train,3.1665489658847576,1.0392211241632894,0.7632672888894823,1.3132606711529344,-0.5265869957010939,0.09072135156728427,0.0,0.5709510649832714,-0.29652688491787393,0.375,0.3333333333333333,0.20833333333333334,24,0.6612269777992864,32.75742919176139
btc_rotation_90-7-200,btc_rotation,"[90, 7, 200]",aggressive,test,0.3678436519835635,0.2191419049797323,0.5757275733996343,0.6324093434016419,-0.47270652854401396,0.03132343782889254,0.0,0.787919051415177,-0.1862375603134544,0.15789473684210525,0.15789473684210525,0.10526315789473684,19,0.6044117446136417,23.56902245014128
btc_rotation_90-7-200,btc_rotation,"[90, 7, 200]",aggressive,full,4.699187553664159,0.6252160623291356,0.6868767875249964,1.0493969471612503,-0.5265869957010939,0.06447576177590188,0.0,0.787919051415177,-0.29652688491787393,0.27906976744186046,0.2558139534883721,0.16279069767441862,43,0.6361639888481265,28.704133557269948
btc_rotation_90-30-200,btc_rotation,"[90, 30, 200]",conservative,train,0.7044722783206883,0.3050782888680501,0.2640963958338903,1.1400298288873343,-0.2572869462102271,0.026695126003944695,0.0,0.23433601765188938,-0.10112111291158887,0.4583333333333333,0.20833333333333334,0.041666666666666664,24,0.20474509027117394,8.120717797840188
btc_rotation_90-30-200,btc_rotation,"[90, 30, 200]",conservative,test,0.04188998849643322,0.026298742327471203,0.19452493361380516,0.23075406365155718,-0.19823468671533995,0.0036898234694632153,0.0,0.196636485673102,-0.09580889231312284,0.2631578947368421,0.05263157894736842,0.0,19,0.2201714793689931,4.733017340370197
btc_rotation_90-30-200,btc_rotation,"[90, 30, 200]",conservative,full,0.7758726024520246,0.1738128527850631,0.23594901173033275,0.7970541371055273,-0.2572869462102271,0.016529992325917994,0.0,0.23433601765188938,-0.10112111291158887,0.37209302325581395,0.13953488372093023,0.023255813953488372,43,0.2115501564098908,6.626296418665734
btc_rotation_90-30-200,btc_rotation,"[90, 30, 200]",balanced,train,1.5886996752373084,0.6078972373328075,0.5124321576375245,1.182255670856909,-0.4629144520926306,0.05693190710826521,0.0,0.47318004035327754,-0.20051989144586924,0.4166666666666667,0.2916666666666667,0.25,24,0.4037838208886633,14.244168270033319
btc_rotation_90-30-200,btc_rotation,"[90, 30, 200]",balanced,test,0.007781416232834459,0.004915374570226838,0.3827807097609052,0.20440774241054252,-0.38410325127671396,0.006659127152075442,0.0,0.42343534312301867,-0.18599326793776783,0.21052631578947367,0.10526315789473684,0.10526315789473684,19,0.43748352192747353,8.833452358383374
btc_rotation_90-30-200,btc_rotation,"[90, 30, 200]",balanced,full,1.6088434249121493,0.3068045753127606,0.4597695505353998,0.8114773418881062,-0.4629144520926306,0.034718353174134846,0.0,0.47318004035327754,-0.20051989144586924,0.32558139534883723,0.20930232558139536,0.18604651162790697,43,0.41864982050593663,11.857331052126577
btc_rotation_90-30-200,btc_rotation,"[90, 30, 200]",aggressive,train,2.599224279220784,0.8955009701377625,0.7806046018769557,1.2081809958872656,-0.6523036460125506,0.09414650744654689,0.0,0.8025263399126874,-0.31505703828257026,0.4166666666666667,0.3333333333333333,0.25,24,0.6283298026957312,18.796122310579303
btc_rotation_90-30-200,btc_rotation,"[90, 30, 200]",aggressive,test,-0.09388798688525579,-0.06046271514834112,0.5965270773780733,0.19432211076252043,-0.562248231219028,0.01122618645946173,0.0,0.7394085283165626,-0.28656198168943936,0.21052631578947367,0.15789473684210525,0.21052631578947367,19,0.685282630018399,12.868356557005846
btc_rotation_90-30-200,btc_rotation,"[90, 30, 200]",aggressive,full,2.2613003572962054,0.3907937254314753,0.705352049887362,0.8197475996797905,-0.6539163340083245,0.05750729584760227,0.0,0.8025263399126874,-0.31505703828257026,0.32558139534883723,0.2558139534883721,0.23255813953488372,43,0.6534534887547369,16.181198121120676
btc_rotation_180-1-200,btc_rotation,"[180, 1, 200]",conservative,train,0.6167783891359682,0.27110823383386595,0.24410052298090548,1.1042911284525694,-0.22200345256964504,0.026295014873205593,0.0,0.38835424154193277,-0.15408331565064037,0.4583333333333333,0.25,0.125,24,0.23333352237530047,20.40762665502585
btc_rotation_180-1-200,btc_rotation,"[180, 1, 200]",conservative,test,0.166353021471632,0.10223827684517128,0.19473335417969903,0.5971678576461615,-0.19352365474687105,0.009399567445618592,0.0,0.11206106941499727,-0.09358431507414222,0.3157894736842105,0.05263157894736842,0.0,19,0.26841106341265447,13.588735340343696
btc_rotation_180-1-200,btc_rotation,"[180, 1, 200]",conservative,full,0.885734359218775,0.19364005800106865,0.22366838703339006,0.902881367823858,-0.25847532027659936,0.01882958461450436,0.0,0.38835424154193277,-0.15408331565064037,0.3953488372093023,0.16279069767441862,0.06976744186046512,43,0.24880733061578458,17.399598911469578
btc_rotation_180-1-200,btc_rotation,"[180, 1, 200]",balanced,train,1.2010753587266025,0.4828017691475226,0.47482607308309704,1.0659254287893236,-0.3969632170382916,0.05615211081230415,0.0,0.8195348201596169,-0.2914853519040792,0.4166666666666667,0.375,0.20833333333333334,24,0.45177104843144,38.31867233081274
btc_rotation_180-1-200,btc_rotation,"[180, 1, 200]",balanced,test,0.27432078756837397,0.16572869597807105,0.38683708584602616,0.589582763486937,-0.3469167206223245,0.017749123076040346,0.0,0.22077165761834006,-0.18118349033738768,0.3157894736842105,0.21052631578947367,0.05263157894736842,19,0.534637587921139,25.912306035973355
btc_rotation_180-1-200,btc_rotation,"[180, 1, 200]",balanced,full,1.8048760846298446,0.3334944196614329,0.43819052278146375,0.875120737655383,-0.46185437796385587,0.039183348789303865,0.0,0.8195348201596169,-0.2914853519040792,0.37209302325581395,0.3023255813953488,0.13953488372093023,43,0.4883260891696329,32.845833376590775
btc_rotation_180-1-200,btc_rotation,"[180, 1, 200]",aggressive,train,1.7793763913509144,0.6659809249203796,0.7218185228849552,1.066843866356953,-0.5618290744008786,0.09431141447751712,0.0,1.307583896991138,-0.38480549621066285,0.4166666666666667,0.375,0.20833333333333334,24,0.6773645993254354,56.21737165295637
btc_rotation_180-1-200,btc_rotation,"[180, 1, 200]",aggressive,test,0.2242343138477354,0.13653171667242292,0.6043616676524991,0.51356199166477,-0.48993026711846455,0.021793088800409106,0.0,0.3156248230764769,-0.27844684425129607,0.2631578947368421,0.2631578947368421,0.15789473684210525,19,0.8370617317969415,38.25454385463069
btc_rotation_180-1-200,btc_rotation,"[180, 1, 200]",aggressive,full,2.402607949390054,0.40735341486213517,0.6725321630171965,0.8435042125624652,-0.6822334495837182,0.062268433364376374,0.0,1.307583896991138,-0.38480549621066285,0.3488372093023256,0.32558139534883723,0.18604651162790697,43,0.7478120346741044,48.29340250950536
btc_rotation_180-7-200,btc_rotation,"[180, 7, 200]",conservative,train,0.5358074651371438,0.23891335298446315,0.2469848430968001,0.9903876181659559,-0.20502505911952285,0.021498871385556007,0.0,0.23084395071825758,-0.12330136582326634,0.4166666666666667,0.16666666666666666,0.041666666666666664,24,0.2302403953272378,10.399600947522366
btc_rotation_180-7-200,btc_rotation,"[180, 7, 200]",conservative,test,0.2554417030323235,0.15477387904365192,0.20144231509170468,0.8150597751833873,-0.16624645979869157,0.013368723293092261,0.0,0.11695504842295001,-0.09580889231312317,0.3684210526315789,0.10526315789473684,0.0,19,0.27746447434996074,6.982774760878628
btc_rotation_180-7-200,btc_rotation,"[180, 7, 200]",conservative,full,0.9281167395615206,0.2010664095691157,0.22801557887209128,0.9171896223667287,-0.20640614829744874,0.017906480367955748,0.0,0.23084395071825758,-0.12330136582326634,0.3953488372093023,0.13953488372093023,0.023255813953488372,43,0.25107242407044206,8.892331291793438
btc_rotation_180-7-200,btc_rotation,"[180, 7, 200]",balanced,train,0.9840787447399328,0.407913339115233,0.4801837314543641,0.9515068437452504,-0.3796314489744105,0.04193690567805253,0.0,0.4309760321868452,-0.24026780552830806,0.375,0.3333333333333333,0.20833333333333334,24,0.44567479883702904,19.30125378335919
btc_rotation_180-7-200,btc_rotation,"[180, 7, 200]",balanced,test,0.482392311798874,0.2827684474327572,0.3968386767716008,0.825771552716394,-0.3108559680884434,0.026119215809063658,0.0,0.23761628378283373,-0.18599326793776672,0.3684210526315789,0.21052631578947367,0.05263157894736842,19,0.5490949562111541,13.332967199400237
btc_rotation_180-7-200,btc_rotation,"[180, 7, 200]",balanced,full,1.94118307720602,0.3512696166132965,0.4453382118416529,0.897977984476725,-0.3903784735956016,0.03494769387547605,0.0,0.4309760321868452,-0.24026780552830806,0.37209302325581395,0.27906976744186046,0.13953488372093023,43,0.49129668783157815,16.66845457927332
btc_rotation_180-7-200,btc_rotation,"[180, 7, 200]",aggressive,train,1.441534641642805,0.5615873636256734,0.7304936542737156,0.9740109191668287,-0.5554299598567025,0.0666201006305599,0.0,0.5730102993268631,-0.29493325904142553,0.375,0.3333333333333333,0.20833333333333334,24,0.6732899319887699,27.886110020542972
btc_rotation_180-7-200,btc_rotation,"[180, 7, 200]",aggressive,test,0.5723391021109583,0.3314708446316621,0.6193822599890636,0.771602866731737,-0.462186557925516,0.03598370893560112,0.0,0.3223916438035406,-0.2865619816894417,0.3684210526315789,0.2631578947368421,0.15789473684210525,19,0.8599392741123232,20.04448106390079
btc_rotation_180-7-200,btc_rotation,"[180, 7, 200]",aggressive,full,2.8389203862134855,0.4555419013130271,0.6836990378449929,0.8899590599454478,-0.6123580503531167,0.0530830903467409,0.0,0.5730102993268631,-0.29493325904142553,0.37209302325581395,0.3023255813953488,0.18604651162790697,43,0.7556268359683495,24.42692048844623
btc_rotation_180-30-200,btc_rotation,"[180, 30, 200]",conservative,train,0.7658585773011404,0.3283393651797244,0.24628865057981425,1.2758974014651574,-0.233320661190632,0.02831979382543771,0.0,0.24357396669590026,-0.14878494893026606,0.4583333333333333,0.20833333333333334,0.041666666666666664,24,0.22356648781741834,6.8369092946820755
btc_rotation_180-30-200,btc_rotation,"[180, 30, 200]",conservative,test,0.14968562717578981,0.092248027438804,0.20352515675118285,0.5351391971009589,-0.1740298439432778,0.008792031098445256,0.0,0.15966708630133275,-0.0958088923131234,0.3684210526315789,0.10526315789473684,0.0,19,0.29922397530223344,5.6821563023598065
btc_rotation_180-30-200,btc_rotation,"[180, 30, 200]",conservative,full,1.0301822259482156,0.2184795900140981,0.22841248341335937,0.9792101848084733,-0.233320661190632,0.019691247504208486,0.0,0.24357396669590026,-0.14878494893026606,0.4186046511627907,0.16279069767441862,0.023255813953488372,43,0.25694138864214183,6.327511376815141
btc_rotation_180-30-200,btc_rotation,"[180, 30, 200]",balanced,train,1.8056307632477586,0.6738202088755951,0.47793727818433523,1.3164685226521915,-0.4226381716758876,0.06040820307417158,0.0,0.49000393706722334,-0.2510718750021784,0.4166666666666667,0.2916666666666667,0.20833333333333334,24,0.43153746749522703,12.175870572948282
btc_rotation_180-30-200,btc_rotation,"[180, 30, 200]",balanced,test,0.18143402529003017,0.11123254816071171,0.4010839944612145,0.46297889944885456,-0.3299964229910578,0.013764017642266108,0.0,0.2726875424443982,-0.18599326793776672,0.3157894736842105,0.15789473684210525,0.10526315789473684,19,0.5927650935714621,10.731696336346564
btc_rotation_180-30-200,btc_rotation,"[180, 30, 200]",balanced,full,2.3146676461013453,0.3971074660884608,0.44567092007130277,0.9728015162907223,-0.4226381716758876,0.03979798160425986,0.0,0.49000393706722334,-0.2510718750021784,0.37209302325581395,0.23255813953488372,0.16279069767441862,43,0.5026600517811504,11.538799827903029
btc_rotation_180-30-200,btc_rotation,"[180, 30, 200]",aggressive,train,3.228295483694712,1.0542550863950493,0.7312996517920926,1.3491200582511256,-0.6032225508772331,0.09982677785586115,0.0,0.8025263399126874,-0.3033707821914704,0.4166666666666667,0.3333333333333333,0.20833333333333334,24,0.6569798652643367,16.485487915465068
btc_rotation_180-30-200,btc_rotation,"[180, 30, 200]",aggressive,test,0.05101219462558326,0.03197382951747629,0.6264665104096679,0.36241971804774764,-0.496153144443351,0.013259427691879109,0.0,0.33230978835191194,-0.28656198168943836,0.3157894736842105,0.21052631578947367,0.15789473684210525,19,0.9265486071418656,15.90541774929243
btc_rotation_180-30-200,btc_rotation,"[180, 30, 200]",aggressive,full,3.443990115843425,0.5162205090749175,0.687030382820722,0.9483452586149292,-0.6032225508772331,0.06157608824852025,0.0,0.8025263399126874,-0.3033707821914704,0.37209302325581395,0.27906976744186046,0.18604651162790697,43,0.7758951283096993,16.229600693843043
