candidate,family,cost_profile,split,total_return,cagr,ann_vol,sharpe,max_drawdown,avg_month,median_month,best_month,worst_month,positive_month_pct,month_ge_10_pct,month_le_minus10_pct,funding_return_sum,basis_return_sum,annual_turnover,active_time_pct,months
fixed_BTC,fixed,taker,train,0.21498430922849887,0.10212256903444228,0.021766056440523318,4.47829879506091,-0.018433937297851255,0.008166318933034914,0.00608398648279318,0.031827914043908834,0.0009125166218211245,1.0,0.0,0.0,0.19812595000000005,-0.0009202140781240375,0.4993444678789261,0.9999429972068631,24
fixed_BTC,fixed,taker,test,0.06275522532675004,0.039252806574175736,0.010031206290781207,3.84324613787522,-0.004411795893239034,0.003211482435108288,0.0037642427355133457,0.00745845870169437,-0.0018203358437989259,0.8421052631578947,0.0,0.0,0.06250959,0.00043488073959829787,0.6325823223570191,1.0,19
fixed_BTC,fixed,taker,full,0.2912309233225838,0.07393216707124739,0.017585310349311826,4.0648416193484085,-0.018433937297851255,0.00597697257348594,0.004569509656187298,0.031827914043908834,-0.0018203358437989259,0.9302325581395349,0.0,0.0,0.26063554,-0.0004853333385257397,0.5581217546430506,0.9999681437354656,43
fixed_BTC,fixed,optimistic_limit,train,0.21571483173751838,0.10245341642943595,0.021741151587559654,4.497209387358189,-0.018433937297851144,0.00819151932775189,0.006196415709794345,0.031827914043908834,0.0009125166218211245,1.0,0.0,0.0,0.19812595000000005,-0.0009202140781240375,0.4993444678789261,0.9999429972068631,24
fixed_BTC,fixed,optimistic_limit,test,0.06339421012796786,0.039648034457855585,0.009963301982131034,3.907534299222517,-0.004411795893239034,0.003243246450586712,0.004004744615194511,0.00745845870169437,-0.0018203358437989259,0.8421052631578947,0.0,0.0,0.06250959,0.00043488073959829787,0.6325823223570191,1.0,19
fixed_BTC,fixed,optimistic_limit,full,0.2927841132363458,0.07429250354844097,0.017551023441896324,4.091862488109545,-0.018433937297851144,0.006005073172725416,0.004569509656187298,0.031827914043908834,-0.0018203358437989259,0.9302325581395349,0.0,0.0,0.26063554,-0.0004853333385257397,0.5581217546430506,0.9999681437354656,43
fixed_ETH,fixed,taker,train,0.2302590333984802,0.10901976354491971,0.026541655609916563,3.9118731283732453,-0.02505575636517965,0.008691985514712711,0.007012059126365822,0.032333169944833484,0.00154547343968936,1.0,0.0,0.0,0.21246426000000002,-0.0025364745896603313,0.4993444678789261,0.9999429972068631,24
fixed_ETH,fixed,taker,test,0.05382459731130784,0.03371982131255624,0.010852900718651668,3.061183853849112,-0.006710090538165292,0.0027668590661238507,0.0028137302782964557,0.008144495107843097,-0.0033324849355338415,0.8421052631578947,0.0,0.0,0.05489733,-0.0003781190243041799,0.6325823223570191,1.0,19
fixed_ETH,fixed,taker,full,0.29647723045974517,0.07514804660274033,0.021113482615428378,3.4423770171450965,-0.02505575636517965,0.006073906386266471,0.004577790237983548,0.032333169944833484,-0.0033324849355338415,0.9302325581395349,0.0,0.0,0.26736159000000004,-0.0029145936139645112,0.5581217546430506,0.9999681437354656,43
fixed_ETH,fixed,optimistic_limit,train,0.2309988794066664,0.10935274414876628,0.02651910313248102,3.926497646753381,-0.025055756365179982,0.008717232201155603,0.007012059126365822,0.032333169944833484,0.00154547343968936,1.0,0.0,0.0,0.21246426000000002,-0.0025364745896603313,0.4993444678789261,0.9999429972068631,24
fixed_ETH,fixed,optimistic_limit,test,0.054458142311235136,0.034112901430090936,0.010794081072108084,3.113027743288535,-0.006710090538165292,0.0027985501266417807,0.0028137302782964557,0.008144495107843097,-0.0033324849355338415,0.8421052631578947,0.0,0.0,0.05489733,-0.0003781190243041799,0.6325823223570191,1.0,19
fixed_ETH,fixed,optimistic_limit,full,0.29803679156635865,0.07550880504186996,0.021084316911443916,3.4630213853595837,-0.025055756365179982,0.006102000586835542,0.004577790237983548,0.032333169944833484,-0.0033324849355338415,0.9302325581395349,0.0,0.0,0.26736159000000004,-0.0029145936139645112,0.5581217546430506,0.9999681437354656,43
fixed_SOL,fixed,taker,train,0.1632217286795199,0.07842068442704364,0.042141147136859694,1.812636410676072,-0.05322040584221266,0.006397898756801611,0.006118639696867878,0.03950010051377606,-0.03495257810385721,0.875,0.0,0.0,0.15045976000000003,0.004513953741934751,0.4993444678789261,0.9999429972068631,24
fixed_SOL,fixed,taker,test,-0.013901791190012891,-0.008816629756610905,0.020837431864697956,-0.41459567495516775,-0.03995448492228637,-0.0007274028481121242,-0.0001441294006230276,0.005181918475840819,-0.010849202768056787,0.47368421052631576,0.0,0.0,-0.011564449999999999,-9.244306031697125e-05,0.6325823223570191,1.0,19
fixed_SOL,fixed,taker,full,0.14705086309972426,0.039027862791195744,0.03441179890946074,1.1297832556602931,-0.05322040584221266,0.0032495096755606584,0.0024244642558703955,0.03950010051377606,-0.03495257810385721,0.6976744186046512,0.0,0.0,0.13889531000000002,0.00442151068161778,0.5581217546430506,0.9999681437354656,43
fixed_SOL,fixed,optimistic_limit,train,0.16392127497432307,0.07874448457354077,0.042126818855721754,1.8203649468832668,-0.05322040584221266,0.006422080709520934,0.006118639696867878,0.03950010051377606,-0.034372211238593464,0.875,0.0,0.0,0.15045976000000003,0.004513953741934751,0.4993444678789261,0.9999429972068631,24
fixed_SOL,fixed,optimistic_limit,test,-0.013308946485903639,-0.008439714360853001,0.02080645628924235,-0.39697099881122144,-0.03995448492228637,-0.0006957651720746793,0.00043159624774991023,0.005181918475840819,-0.010849202768056787,0.5263157894736842,0.0,0.0,-0.011564449999999999,-9.244306031697125e-05,0.6325823223570191,1.0,19
fixed_SOL,fixed,optimistic_limit,full,0.1484307090118786,0.039376509710067564,0.03439371657147311,1.1401136942079593,-0.05322040584221266,0.003276986017653105,0.0024244642558703955,0.03950010051377606,-0.034372211238593464,0.7209302325581395,0.0,0.0,0.13889531000000002,0.00442151068161778,0.5581217546430506,0.9999681437354656,43
fixed_BTC_ETH,fixed,taker,train,0.22269643708761788,0.10561031826498746,0.022547692910106828,4.463926630905121,-0.021658165982275435,0.008432347571995735,0.006647316684078919,0.0320848223854866,0.0013690572416611424,1.0,0.0,0.0,0.205295105,-0.0017283443338921844,0.4993444678789261,0.9999429972068631,24
fixed_BTC_ETH,fixed,taker,test,0.05831650761505136,0.03650493603426175,0.008132863742367904,4.412659645871608,-0.005385544692887323,0.00299079366238056,0.003230797233908511,0.007803377058017924,-0.0019246538282590153,0.8421052631578947,0.0,0.0,0.05870346,2.8380857647059e-05,0.6325823223570191,1.0,19
fixed_BTC_ETH,fixed,taker,full,0.2939998231719374,0.07457432775814699,0.017703371471469494,4.0715992695689,-0.021658165982275435,0.006027940030537867,0.0046430467634428485,0.0320848223854866,-0.0019246538282590153,0.9302325581395349,0.0,0.0,0.263998565,-0.0016999634762451254,0.5581217546430506,0.9999681437354656,43
fixed_BTC_ETH,fixed,optimistic_limit,train,0.22343166586496732,0.10594224391811391,0.022522396841299037,4.482242908646005,-0.0216581659822751,0.00845757121301711,0.006761559642708415,0.0320848223854866,0.0013690572416611424,1.0,0.0,0.0,0.205295105,-0.0017283443338921844,0.4993444678789261,0.9999429972068631,24
fixed_BTC_ETH,fixed,optimistic_limit,test,0.05895278835508688,0.03689909705694361,0.008051582584346531,4.5043454072298825,-0.005385544692887323,0.0030225212348728467,0.0032710180334849515,0.007803377058017924,-0.0019246538282590153,0.8421052631578947,0.0,0.0,0.05870346,2.8380857647059e-05,0.6325823223570191,1.0,19
fixed_BTC_ETH,fixed,optimistic_limit,full,0.2955563739296059,0.07493488669256831,0.01766894561314093,4.098484934554897,-0.0216581659822751,0.006056037501744063,0.0046430467634428485,0.0320848223854866,-0.0019246538282590153,0.9302325581395349,0.0,0.0,0.263998565,-0.0016999634762451254,0.5581217546430506,0.9999681437354656,43
fixed_MAJORS3,fixed,taker,train,0.20298336195238464,0.09667311700686398,0.023752059268560072,3.897052577518217,-0.01951752108955096,0.007759885423435309,0.006041324377770274,0.03455730410263769,-0.007220360334008191,0.9166666666666666,0.0,0.0,0.18701665666666667,0.0003524216913834606,0.4993444678789261,0.9999429972068631,24
fixed_MAJORS3,fixed,taker,test,0.033751216488535185,0.021220038587048462,0.009726944418715851,2.163612313608649,-0.009246372525981261,0.0017526547991039785,0.0017504660911356051,0.006502714031616952,-0.0049057140610382355,0.7368421052631579,0.0,0.0,0.035280823333333336,-1.1893781674284399e-05,0.6325823223570191,1.0,19
fixed_MAJORS3,fixed,taker,full,0.24358551383374683,0.06272346806515117,0.018898575204486647,3.2284610687809447,-0.01951752108955096,0.005105527705707512,0.0037454631203288624,0.03455730410263769,-0.007220360334008191,0.8372093023255814,0.0,0.0,0.22229748,0.0003405279097091718,0.5581217546430506,0.9999681437354656,43
fixed_MAJORS3,fixed,optimistic_limit,train,0.2037067647301789,0.09700237219816077,0.023727574333117556,3.9137009612070894,-0.019517521089551515,0.0077847603708576145,0.006041324377770274,0.03455730410263769,-0.006623361595872845,0.9166666666666666,0.0,0.0,0.18701665666666667,0.0003524216913834606,0.4993444678789261,0.9999429972068631,24
fixed_MAJORS3,fixed,optimistic_limit,test,0.03437272216078302,0.02160838337943294,0.009659527571191822,2.2180055860528265,-0.009246372525981261,0.0017843524706104372,0.002335065149698723,0.006502714031616952,-0.0049057140610382355,0.7368421052631579,0.0,0.0,0.035280823333333336,-1.1893781674284399e-05,0.6325823223570191,1.0,19
fixed_MAJORS3,fixed,optimistic_limit,full,0.24508144291729272,0.06308005575827469,0.01886609679592078,3.25176892812108,-0.019517521089551515,0.005133417345167001,0.0037454631203288624,0.03455730410263769,-0.006623361595872845,0.8372093023255814,0.0,0.0,0.22229748,0.0003405279097091718,0.5581217546430506,0.9999681437354656,43
fixed_TOP5,fixed,taker,train,0.13979101630109625,0.06751838689658274,0.021649289358036894,3.0287765139095373,-0.018550194292877964,0.005493758281517135,0.0035317879097789273,0.03311617412331613,-0.00468902235624058,0.875,0.0,0.0,0.13369339800000002,-0.0003795187675329492,0.4993444678789261,0.9999429972068631,24
fixed_TOP5,fixed,taker,test,0.023477695769234197,0.014788195675480953,0.008321937560990807,1.7681638933212533,-0.006944297596603088,0.00122540273717834,0.0017109472132681436,0.0059929267201115355,-0.004045763057173968,0.631578947368421,0.0,0.0,0.024986102000000003,0.00027498038844087015,0.6325823223570191,1.0,19
fixed_TOP5,fixed,taker,full,0.16655068302232934,0.04392712132204135,0.017103999772992245,2.521972928810751,-0.018550194292877964,0.0036077407154139467,0.002190052906569262,0.03311617412331613,-0.00468902235624058,0.7674418604651163,0.0,0.0,0.1586795,-0.00010453837909207364,0.5581217546430506,0.9999681437354656,43
fixed_TOP5,fixed,optimistic_limit,train,0.14047651550228224,0.06783893407653041,0.02162051868059601,3.0466644581611555,-0.018550194292878297,0.005518700166709083,0.0035317879097789273,0.03311617412331613,-0.004090417111633826,0.875,0.0,0.0,0.13369339800000002,-0.0003795187675329492,0.4993444678789261,0.9999429972068631,24
fixed_TOP5,fixed,optimistic_limit,test,0.024093034803281066,0.01517410083349735,0.00824232812080215,1.8312907093734,-0.006944297596603088,0.0012570979471748672,0.001784773147179397,0.0059929267201115355,-0.004045763057173968,0.631578947368421,0.0,0.0,0.024986102000000003,0.00027498038844087015,0.6325823223570191,1.0,19
fixed_TOP5,fixed,optimistic_limit,full,0.1679540558826107,0.0442774295636863,0.01706660995753459,2.5471196425547884,-0.018550194292878297,0.003635666627845127,0.002241037808684121,0.03311617412331613,-0.004090417111633826,0.7674418604651163,0.0,0.0,0.1586795,-0.00010453837909207364,0.5581217546430506,0.9999681437354656,43
fixed_ALL10,fixed,taker,train,0.19044397587984374,0.09095001141761228,0.019473683609056405,4.479822943565818,-0.015382332264087695,0.007317404579864101,0.004841867219498752,0.036038620894192075,0.0006173840066032721,1.0,0.0,0.0,0.17729285900000002,-0.0005864984826649535,0.4993444678789261,0.9999429972068631,24
fixed_ALL10,fixed,taker,test,0.03572189831199957,0.02245111459355842,0.011026143175010533,2.0191657556294307,-0.004623519312995872,0.0018518292155885448,0.0014746521486208586,0.006649755840832938,-0.002736351173705742,0.7894736842105263,0.0,0.0,0.03634111,0.0008536937888469689,0.6325823223570191,1.0,19
fixed_ALL10,fixed,taker,full,0.2329688945323447,0.06018383594914467,0.016299545370295675,3.593670972494751,-0.015382332264087695,0.004902382907277228,0.0029777833060506964,0.036038620894192075,-0.002736351173705742,0.9069767441860465,0.0,0.0,0.213633969,0.0002671953061820088,0.5581217546430506,0.9999681437354656,43
fixed_ALL10,fixed,optimistic_limit,train,0.19115980066237337,0.09127753117615556,0.01944462776253256,4.501925281233486,-0.015382332264087695,0.00734248159840901,0.004841867219498752,0.036038620894192075,0.0006173840066032721,1.0,0.0,0.0,0.17729285900000002,-0.0005864984826649535,0.4993444678789261,0.9999429972068631,24
fixed_ALL10,fixed,optimistic_limit,test,0.03634462717026343,0.022839951498774713,0.010964581783933896,2.0651184473119666,-0.004623519312995872,0.0018835176874895403,0.0015226027183858903,0.006649755840832938,-0.002736351173705742,0.7894736842105263,0.0,0.0,0.03634111,0.0008536937888469689,0.6325823223570191,1.0,19
fixed_ALL10,fixed,optimistic_limit,full,0.23445205951762693,0.06053957312195202,0.01626178828117033,3.622607495332547,-0.015382332264087695,0.0049303812656771515,0.0029777833060506964,0.036038620894192075,-0.002736351173705742,0.9069767441860465,0.0,0.0,0.213633969,0.0002671953061820088,0.5581217546430506,0.9999681437354656,43
slowrank_lb30_k1_d7_th0,slow_rank,taker,train,-0.06702013995026312,-0.034047248004176245,0.04063314989404234,-0.8321901446530376,-0.08852331621780285,-0.0028416668869030853,-0.004165119630949621,0.028112422879470023,-0.017749221275761617,0.375,0.0,0.0,0.23304308,0.0012391238428379747,75.40101464971782,0.9807900587128769,24
slowrank_lb30_k1_d7_th0,slow_rank,taker,test,-0.10727543398047923,-0.06926777095810288,0.04230541017692096,-1.6756240266276752,-0.10951324090282222,-0.005936701404154628,-0.005616659837502258,0.008825516822822399,-0.019138942946826942,0.10526315789473684,0.0,0.0,0.07256091,0.0013778463587656997,58.83015597920277,1.0,19
slowrank_lb30_k1_d7_th0,slow_rank,taker,full,-0.16710595933214334,-0.04974599805574009,0.041378993536653294,-1.2124339497460757,-0.178051684124804,-0.004209240278246791,-0.005083347319437936,0.028112422879470023,-0.019138942946826942,0.2558139534883721,0.0,0.0,0.30560399000000005,0.0026169702016036744,68.09085406645217,0.9892644388519002,43
slowrank_lb30_k1_d7_th0,slow_rank,optimistic_limit,train,0.021768045486338927,0.01081115852305281,0.03669376204009263,0.31139085409979417,-0.05090200879713047,0.0009362755551118642,0.00013527471518182121,0.03183306704141087,-0.011817647787988994,0.5,0.0,0.0,0.23304308,0.0012391238428379747,75.40101464971782,0.9807900587128769,24
slowrank_lb30_k1_d7_th0,slow_rank,optimistic_limit,test,-0.055871735068043105,-0.03571579799669622,0.03947450431145019,-0.9015912620577905,-0.06211281920802547,-0.0030103600433709805,-0.003218612869068549,0.008825516822822399,-0.013216392908036112,0.21052631578947367,0.0,0.0,0.07256091,0.0013778463587656997,58.83015597920277,1.0,19
slowrank_lb30_k1_d7_th0,slow_rank,optimistic_limit,full,-0.035319908052058424,-0.00998449911808963,0.037945806800370775,-0.24547598050279348,-0.0703486105912966,-0.00080758668607823,-0.0018713155678971027,0.03183306704141087,-0.013216392908036112,0.37209302325581395,0.0,0.0,0.30560399000000005,0.0026169702016036744,68.09085406645217,0.9892644388519002,43
slowrank_lb30_k1_d7_th0.5,slow_rank,taker,train,-0.0488303678190547,-0.024688734380872934,0.03931389259200156,-0.6162104912093886,-0.07797261443433012,-0.0020441139358385644,-0.0024910242307786823,0.028112422879470023,-0.015908977457596896,0.375,0.0,0.0,0.22797677,0.0015083577548461458,69.40888103517072,0.894601835489939,24
slowrank_lb30_k1_d7_th0.5,slow_rank,taker,test,-0.06156711141856186,-0.039399596609270726,0.02663794963762968,-1.4956703185109084,-0.06391949612282188,-0.0033273769303556917,-0.002454641095105403,0.005650877303443158,-0.016422548391068936,0.10526315789473684,0.0,0.0,0.05821683000000001,0.000800710309156516,38.58752166377816,0.6239168110918544,19
slowrank_lb30_k1_d7_th0.5,slow_rank,taker,full,-0.1073911345414883,-0.031205933925317675,0.03430388009090472,-0.9070269365044333,-0.11912161946723498,-0.0026111371194624112,-0.002454641095105403,0.028112422879470023,-0.016422548391068936,0.2558139534883721,0.0,0.0,0.28619360000000005,0.0023090680640026617,55.81217546430506,0.7751903411805932,43
slowrank_lb30_k1_d7_th0.5,slow_rank,optimistic_limit,train,0.03418045869761466,0.016924230040501254,0.03570325137208063,0.48790221859889016,-0.04660757386934389,0.0014365697730188882,0.00031705425158634615,0.03183306704141087,-0.009967879138146118,0.5416666666666666,0.0,0.0,0.22797677,0.0015083577548461458,69.40888103517072,0.894601835489939,24
slowrank_lb30_k1_d7_th0.5,slow_rank,optimistic_limit,test,-0.02648007427730359,-0.016833312569609515,0.023975828078336724,-0.6960792997929265,-0.032046448867456,-0.0014049382412441435,-0.0006521040305645931,0.0062555040045455534,-0.011676222884963394,0.21052631578947367,0.0,0.0,0.05821683000000001,0.000800710309156516,38.58752166377816,0.6239168110918544,19
slowrank_lb30_k1_d7_th0.5,slow_rank,optimistic_limit,full,0.006795283335164326,0.0018916707847453917,0.031080170509405047,0.07634327516949392,-0.04660757386934389,0.00018101972020499057,-0.00038389095267621354,0.03183306704141087,-0.011676222884963394,0.3953488372093023,0.0,0.0,0.28619360000000005,0.0023090680640026617,55.81217546430506,0.7751903411805932,43
slowrank_lb30_k1_d7_th1,slow_rank,taker,train,0.03374356443171855,0.01670968682254248,0.025416096499019807,0.6647319613310372,-0.02454844737503581,0.0014042427750198168,0.0,0.028112422879470023,-0.004921360892948479,0.2916666666666667,0.0,0.0,0.16101963,0.004814512084195033,32.95673488000912,0.4309411161146896,24
slowrank_lb30_k1_d7_th1,slow_rank,taker,test,9.34865666879503e-07,5.913793930112377e-07,0.0031009679818560032,0.0017419310529381514,-0.0021776745325866598,2.4764145661589735e-07,0.0,0.0019440857227257524,-0.0019393805350500504,0.05263157894736842,0.0,0.0,0.00320301,0.0008055290821571415,1.2651646447140381,0.024263431542461005,19
slowrank_lb30_k1_d7_th1,slow_rank,taker,full,0.033744530843084375,0.009304401491572856,0.019111475422699416,0.4941621768237584,-0.02454844737503581,0.0007838728322825885,0.0,0.028112422879470023,-0.004921360892948479,0.18604651162790697,0.0,0.0,0.16422264000000003,0.005620041166352174,18.97613965786372,0.2515370647637858,43
slowrank_lb30_k1_d7_th1,slow_rank,optimistic_limit,train,0.07562888899840403,0.037075735525905484,0.022970024775791284,1.596381935200356,-0.011804711130122603,0.0030665657585651485,0.0,0.03183306704141087,-0.0027608703720796157,0.4166666666666667,0.0,0.0,0.16101963,0.004814512084195033,32.95673488000912,0.4309411161146896,24
slowrank_lb30_k1_d7_th1,slow_rank,optimistic_limit,test,0.0012035442618909542,0.0007611725827607607,0.002689578965766634,0.28424540382746216,-0.0015779388941974393,6.352392800197744e-05,0.0,0.0025462987225195466,-0.0013393440904819753,0.05263157894736842,0.0,0.0,0.00320301,0.0008055290821571415,1.2651646447140381,0.024263431542461005,19
slowrank_lb30_k1_d7_th1,slow_rank,optimistic_limit,full,0.07692345597568218,0.020896062147209626,0.017265104552373723,1.206471239645595,-0.011804711130122603,0.0017396402985488636,0.0,0.03183306704141087,-0.0027608703720796157,0.2558139534883721,0.0,0.0,0.16422264000000003,0.005620041166352174,18.97613965786372,0.2515370647637858,43
slowrank_lb30_k1_d14_th0,slow_rank,taker,train,0.07208002624084431,0.035365733606123495,0.03666751439571618,0.9661826552650477,-0.027905636119580968,0.002938299171626959,0.0021683805435653847,0.03620347866640472,-0.007927715307454841,0.625,0.0,0.0,0.23445848,0.002489570293434662,41.44559083395087,0.9807900587128769,24
slowrank_lb30_k1_d14_th0,slow_rank,taker,test,-0.05614059519981529,-0.03588951416162833,0.04067150676240674,-0.878301789344751,-0.05893235812134001,-0.0030286856565156007,-0.003377195133508093,0.008825516822822399,-0.009453884941587054,0.10526315789473684,0.0,0.0,0.07018143,0.003348675249118638,41.117850953206236,1.0,19
slowrank_lb30_k1_d14_th0,slow_rank,taker,full,0.011892815465860629,0.003304688032522707,0.03848646529102204,0.10497941957389698,-0.06418658255356424,0.0003017244801221068,-0.0007947963579764128,0.03620347866640472,-0.009453884941587054,0.3953488372093023,0.0,0.0,0.30463991,0.0058382455425533,41.30100984358574,0.9892644388519002,43
slowrank_lb30_k1_d14_th0,slow_rank,optimistic_limit,train,0.12701506940509288,0.06152645000800683,0.034251362895608976,1.7603641380624517,-0.017242096211854685,0.005026730470101669,0.003757015532828256,0.037451884398713275,-0.005535819768188066,0.7916666666666666,0.0,0.0,0.23445848,0.002489570293434662,41.44559083395087,0.9807900587128769,24
slowrank_lb30_k1_d14_th0,slow_rank,optimistic_limit,test,-0.01847690570240057,-0.011728175712045763,0.03863270776608432,-0.28605674393206887,-0.02921976392948289,-0.0009758735579223734,-0.0014918628314909421,0.008825516822822399,-0.0058701000242441514,0.3684210526315789,0.0,0.0,0.07018143,0.003348675249118638,41.117850953206236,1.0,19
slowrank_lb30_k1_d14_th0,slow_rank,optimistic_limit,full,0.1061913182425247,0.02856396914594872,0.03625089215217836,0.7950395420026094,-0.02921976392947523,0.002374417062370115,0.0006478190002563444,0.037451884398713275,-0.0058701000242441514,0.6046511627906976,0.0,0.0,0.30463991,0.0058382455425533,41.30100984358574,0.9892644388519002,43
slowrank_lb30_k1_d14_th0.5,slow_rank,taker,train,0.09109258881569815,0.04449408146930023,0.03524247107932119,1.252867180668542,-0.021249372554841273,0.003668648891562723,0.0021683805435653847,0.03620347866640472,-0.0038371994354401417,0.7083333333333334,0.0,0.0,0.22759981999999998,0.0028243805693906054,35.45345721940375,0.8658724277489597,24
slowrank_lb30_k1_d14_th0.5,slow_rank,taker,test,-0.0287321562044216,-0.018272668724162666,0.023228078128590682,-0.7823163243145836,-0.031604988259055666,-0.0015295918630361394,-0.0007366747763316583,0.004309185184006914,-0.008150945059935188,0.21052631578947367,0.0,0.0,0.05129281000000001,0.001980960922426722,25.935875216637783,0.6117850953206239,19
slowrank_lb30_k1_d14_th0.5,slow_rank,taker,full,0.05974314612036413,0.016324760047420783,0.0305321880900692,0.5456329644530299,-0.03310589334646563,0.0013717518139492722,0.0,0.03620347866640472,-0.008150945059935188,0.4883720930232558,0.0,0.0,0.27889263,0.004805341491817328,31.254818260010833,0.7537829314134624,43
slowrank_lb30_k1_d14_th0.5,slow_rank,optimistic_limit,train,0.1387375454739519,0.0670255838225895,0.03319276723312155,1.9710983797487727,-0.017242096211854685,0.005457223854871777,0.003757015532828256,0.037451884398713275,-0.0014654156793433293,0.875,0.0,0.0,0.22759981999999998,0.0028243805693906054,35.45345721940375,0.8658724277489597,24
slowrank_lb30_k1_d14_th0.5,slow_rank,optimistic_limit,test,-0.00447420872673121,-0.002832636478269368,0.02128025587076709,-0.12265733966357036,-0.016741753027443296,-0.0002338372848393479,-0.0001359152621690507,0.004913000011747659,-0.005162695480431023,0.3157894736842105,0.0,0.0,0.05129281000000001,0.001980960922426722,25.935875216637783,0.6117850953206239,19
slowrank_lb30_k1_d14_th0.5,slow_rank,optimistic_limit,full,0.1336425960105352,0.035624137014999224,0.028558756026780586,1.239979053065935,-0.017242096211854685,0.002942568932673838,0.0009674179814325168,0.037451884398713275,-0.005162695480431023,0.627906976744186,0.0,0.0,0.27889263,0.004805341491817328,31.254818260010833,0.7537829314134624,43
slowrank_lb30_k1_d14_th1,slow_rank,taker,train,0.08644966063388604,0.04227230713465957,0.02454161447405804,1.699344010874492,-0.012383300770158923,0.0034890582972452087,0.0004931345909938711,0.03620347866640472,-0.0015357329756825466,0.5,0.0,0.0,0.16233037,0.005188419646014908,20.972467650914894,0.4596705238556689,24
slowrank_lb30_k1_d14_th1,slow_rank,taker,test,-0.0014448264221208484,-0.0009142144065122926,0.0029317301825707584,-0.31051013852106496,-0.0020952752501474103,-7.606995688776226e-05,0.0,0.0,-0.0008622545704216611,0.0,0.0,0.0,0.00239511,0.00016581730871056966,1.2651646447140381,0.024263431542461005,19
slowrank_lb30_k1_d14_th1,slow_rank,taker,full,0.08487992945789768,0.022995306532203053,0.018450665950597127,1.2414314954819758,-0.012383300770158923,0.001913769068674826,0.0,0.03620347866640472,-0.0015357329756825466,0.27906976744186046,0.0,0.0,0.16472548,0.0053542369547254776,12.278678602147112,0.2675926220891338,43
slowrank_lb30_k1_d14_th1,slow_rank,optimistic_limit,train,0.11425930842831789,0.055509956731875976,0.0229736051764643,2.363065167492589,-0.011193401504581924,0.004549550583747559,0.0007940322671007305,0.037451884398713275,-0.0009354539186066102,0.5,0.0,0.0,0.16233037,0.005188419646014908,20.972467650914894,0.4596705238556689,24
slowrank_lb30_k1_d14_th1,slow_rank,optimistic_limit,test,-0.0002437976949221099,-0.00015422902007455885,0.002452280878871826,-0.06167040634333263,-0.001495332268473759,-1.2831212890587898e-05,0.0,1.777724850593465e-05,-0.0002615702934271047,0.05263157894736842,0.0,0.0,0.00239511,0.00016581730871056966,1.2651646447140381,0.024263431542461005,19
slowrank_lb30_k1_d14_th1,slow_rank,optimistic_limit,full,0.1139876545773788,0.030581825654033334,0.017253540130708466,1.7545642665586323,-0.011193401504581924,0.0025336144410469824,0.0,0.037451884398713275,-0.0009354539186066102,0.3023255813953488,0.0,0.0,0.16472548,0.0053542369547254776,12.278678602147112,0.2675926220891338,43
slowrank_lb30_k1_d30_th0,slow_rank,taker,train,0.138812666775447,0.06706073236883148,0.04016723335261961,1.6360360838272696,-0.02396623527564168,0.005460145170486115,0.00492443730142289,0.03332186746603716,-0.00297745423930329,0.75,0.0,0.0,0.22003605999999998,-0.002433434198346962,21.47181211879382,0.9589009861483213,24
slowrank_lb30_k1_d30_th0,slow_rank,taker,test,0.013406664074297137,0.008460057731355608,0.03864561572186904,0.2373198623896178,-0.00888648292243821,0.0007031608149003294,0.0008569248752423597,0.003664833470625073,-0.002678187786729569,0.5789473684210527,0.0,0.0,0.07081783000000001,0.0016804761981612515,18.344887348353552,1.0,19
slowrank_lb30_k1_d30_th0,slow_rank,taker,full,0.15408034564245643,0.04080086692517204,0.03950371940727602,1.0320814058296306,-0.02396623527564168,0.003358221850576117,0.0021922554864681754,0.03332186746603716,-0.00297745423930329,0.6744186046511628,0.0,0.0,0.29085389,-0.0007529580001857106,20.09238316714982,0.9770316332706827,43
slowrank_lb30_k1_d30_th0,slow_rank,optimistic_limit,train,0.16867841956786278,0.0809438526415589,0.03906724336953682,2.0118678372111622,-0.022789087503563565,0.006544844541823469,0.005705963417249715,0.03456661449340204,-0.0012511928382547,0.8333333333333334,0.0,0.0,0.22003605999999998,-0.002433434198346962,21.47181211879382,0.9589009861483213,24
slowrank_lb30_k1_d30_th0,slow_rank,optimistic_limit,test,0.031256011526944016,0.01966005755598288,0.03765536941770983,0.5358679233830067,-0.006495693417669091,0.001622772301956469,0.0013267120216975403,0.004873955151642795,-0.001476772109090474,0.7368421052631579,0.0,0.0,0.07081783000000001,0.0016804761981612515,18.344887348353552,1.0,19
slowrank_lb30_k1_d30_th0,slow_rank,optimistic_limit,full,0.20520664572116054,0.0534673940486694,0.03845143436790248,1.3738495073085686,-0.022789087503563565,0.004369975412579911,0.0024970891542415163,0.03456661449340204,-0.001476772109090474,0.7906976744186046,0.0,0.0,0.29085389,-0.0007529580001857106,20.09238316714982,0.9770316332706827,43
slowrank_lb30_k1_d30_th0.5,slow_rank,taker,train,0.14009171019910416,0.06765900664422464,0.03968233692374722,1.6696645414533489,-0.02396623527564168,0.005506771903699859,0.00492443730142289,0.03332186746603716,-0.00297745423930329,0.75,0.0,0.0,0.21727688,-0.0025905379142986407,20.47312318303597,0.9178589750897794,24
slowrank_lb30_k1_d30_th0.5,slow_rank,taker,test,0.0008722182321461158,0.0005516614608305215,0.02685664925269,0.03396701340431769,-0.013487965194798557,4.724169690362741e-05,-0.00021208092970192993,0.003664833470625073,-0.002678187786729569,0.3684210526315789,0.0,0.0,0.049699480000000004,0.0017426092473917798,15.814558058925478,0.6360485268630849,19
slowrank_lb30_k1_d30_th0.5,slow_rank,taker,full,0.14108611897506806,0.037517257393812065,0.034616409528227136,1.081279030138915,-0.02396623527564168,0.0030944213472085006,0.0004849896485283889,0.03332186746603716,-0.00297745423930329,0.5813953488372093,0.0,0.0,0.26697636,-0.0008479286669068609,18.41801790322067,0.7935395495524195,43
slowrank_lb30_k1_d30_th0.5,slow_rank,optimistic_limit,train,0.16858110149229044,0.08089890458487847,0.03864315995867339,2.032444160296449,-0.022789087503563565,0.006541245607361214,0.005705963417249715,0.03456661449340204,-0.0012364325544662602,0.875,0.0,0.0,0.21727688,-0.0025905379142986407,20.47312318303597,0.9178589750897794,24
slowrank_lb30_k1_d30_th0.5,slow_rank,optimistic_limit,test,0.01603980837378649,0.010116817537087597,0.02588312880608887,0.401843806382082,-0.009607832526431381,0.0008394820963820131,9.452487875760696e-05,0.004873955151642795,-0.001476772109090474,0.5789473684210527,0.0,0.0,0.049699480000000004,0.0017426092473917798,15.814558058925478,0.6360485268630849,19
slowrank_lb30_k1_d30_th0.5,slow_rank,optimistic_limit,full,0.18732491842943366,0.049082042443959306,0.03361801736975623,1.4421079009590887,-0.022789087503563565,0.004021861730416915,0.0016906862019918645,0.03456661449340204,-0.001476772109090474,0.7441860465116279,0.0,0.0,0.26697636,-0.0008479286669068609,18.41801790322067,0.7935395495524195,43
slowrank_lb30_k1_d30_th1,slow_rank,taker,train,0.10912602742676603,0.05307902335694292,0.024433616870826125,2.1289107287370133,-0.008341855164781364,0.004356179329216919,0.0,0.03332186746603716,-0.002131616789909141,0.4166666666666667,0.0,0.0,0.14296593000000002,0.0012046224827477747,9.986889357578521,0.41042011058541866,24
slowrank_lb30_k1_d30_th1,slow_rank,taker,test,0.0032829267926162142,0.002075470848892813,0.0036422313386796582,0.5710662657212748,-0.002243936420408099,0.00017266514067021692,0.0,0.0022739796300899062,0.0,0.10526315789473684,0.0,0.0,0.006404870000000002,0.0008831691625912352,1.2651646447140381,0.05199306759098787,19
slowrank_lb30_k1_d30_th1,slow_rank,taker,full,0.112767206978593,0.030266621611442,0.01842690278948425,1.6273754305252484,-0.008341855164781364,0.0025076498040451207,0.0,0.03332186746603716,-0.002131616789909141,0.27906976744186046,0.0,0.0,0.1493708,0.00208779164533901,6.139339301073556,0.2523016151126119,43
slowrank_lb30_k1_d30_th1,slow_rank,optimistic_limit,train,0.1225522154221288,0.05942535756258738,0.02376022230218363,2.441438551160666,-0.0071489904040852315,0.004862297043986663,0.0,0.03456661449340204,-0.0015316959182397616,0.4166666666666667,0.0,0.0,0.14296593000000002,0.0012046224827477747,9.986889357578521,0.41042011058541866,24
slowrank_lb30_k1_d30_th1,slow_rank,optimistic_limit,test,0.0044895176976411655,0.0028376519905830566,0.003292403411239256,0.8623044875392711,-0.0016440830755705127,0.0002360468982190941,0.0,0.002876425413472994,0.0,0.10526315789473684,0.0,0.0,0.006404870000000002,0.0008831691625912352,1.2651646447140381,0.05199306759098787,19
slowrank_lb30_k1_d30_th1,slow_rank,optimistic_limit,full,0.12759193345979725,0.0340786505008881,0.017898596936713723,1.8812140728115727,-0.0071489904040852315,0.0028181400028335513,0.0,0.03456661449340204,-0.0015316959182397616,0.27906976744186046,0.0,0.0,0.1493708,0.00208779164533901,6.139339301073556,0.2523016151126119,43
slowrank_lb30_k1_d60_th0,slow_rank,taker,train,0.15897282507695043,0.07645188952455739,0.03719394007156638,1.9993168942494395,-0.02044864414082259,0.0062022044231053635,0.005142171142571761,0.03770723254898356,-0.0071679484386736325,0.7916666666666666,0.0,0.0,0.19356166,0.0013585294328670727,11.484922761215298,0.9178589750897794,24
slowrank_lb30_k1_d60_th0,slow_rank,taker,test,0.03500322648235099,0.02200226334057187,0.03666344667064767,0.6119420325013665,-0.009291607513189248,0.0018178903159493957,0.0024970891542415163,0.007963793589480517,-0.004674108523831655,0.6842105263157895,0.0,0.0,0.06818865,0.0012785189062457514,10.753899480069324,1.0,19
slowrank_lb30_k1_d60_th0,slow_rank,taker,full,0.19954061336001083,0.052082951497994134,0.036961293694033524,1.3921400698541422,-0.02044864414082259,0.004264949352501564,0.0030664781203069147,0.03770723254898356,-0.0071679484386736325,0.7441860465116279,0.0,0.0,0.26175031000000004,0.002637048339112824,11.162435092861012,0.9540951228058998,43
slowrank_lb30_k1_d60_th0,slow_rank,optimistic_limit,train,0.17513247226230155,0.08392059820160602,0.0365611952903346,2.222395240644482,-0.02044864414082259,0.006781234813332264,0.0054434780711341,0.03770723254898356,-0.005971474533397525,0.8333333333333334,0.0,0.0,0.19356166,0.0013585294328670727,11.484922761215298,0.9178589750897794,24
slowrank_lb30_k1_d60_th0,slow_rank,optimistic_limit,test,0.04565107628673992,0.028640785101221145,0.03605283894731236,0.8012751451945431,-0.007734000966912902,0.002356326240799219,0.0026586877659342534,0.007963793589480517,-0.0034750564373159376,0.7368421052631579,0.0,0.0,0.06818865,0.0012785189062457514,10.753899480069324,1.0,19
slowrank_lb30_k1_d60_th0,slow_rank,optimistic_limit,full,0.22877853440057172,0.05917710800207243,0.03633829781325075,1.600315990024786,-0.02044864414082259,0.004826042653375802,0.003425333420018495,0.03770723254898356,-0.005971474533397525,0.7906976744186046,0.0,0.0,0.26175031000000004,0.002637048339112824,11.162435092861012,0.9540951228058998,43
slowrank_lb30_k1_d60_th0.5,slow_rank,taker,train,0.15211762204464008,0.07326779163455654,0.03630935525387824,1.9655424309537495,-0.02044864414082259,0.005954206449276883,0.004381586732918441,0.03770723254898356,-0.0071679484386736325,0.75,0.0,0.0,0.18319753,0.0017250074123406067,10.486233825457447,0.8357749529726957,24
slowrank_lb30_k1_d60_th0.5,slow_rank,taker,test,0.03250213588245576,0.02043929710264636,0.023403846347605287,0.8762289655175044,-0.006175278373776849,0.0016885813613261552,0.0,0.007963793589480517,-0.003133232368327188,0.47368421052631576,0.0,0.0,0.04493868,0.0014794375311423247,4.428076256499134,0.5009387637203928,19
slowrank_lb30_k1_d60_th0.5,slow_rank,taker,full,0.18956390554890046,0.04963373284442829,0.031280251516547626,1.5642686559848873,-0.02044864414082259,0.004069395363903306,0.0012384738678454799,0.03770723254898356,-0.0071679484386736325,0.627906976744186,0.0,0.0,0.22813621000000003,0.0032044449434829314,7.813704565002708,0.6880634576789526,43
slowrank_lb30_k1_d60_th0.5,slow_rank,optimistic_limit,train,0.16677335385230374,0.0800636237034158,0.035748923710104005,2.172354035525722,-0.02044864414082259,0.006482880971517321,0.004906741172652884,0.03770723254898356,-0.005971474533397525,0.7916666666666666,0.0,0.0,0.18319753,0.0017250074123406067,10.486233825457447,0.8357749529726957,24
slowrank_lb30_k1_d60_th0.5,slow_rank,optimistic_limit,test,0.036862194795518555,0.02316305956392406,0.023025614733659966,1.0060089207664047,-0.005776095535481085,0.0019105264960656944,0.0,0.007963793589480517,-0.0019323097816820178,0.47368421052631576,0.0,0.0,0.04493868,0.0014794375311423247,4.428076256499134,0.5009387637203928,19
slowrank_lb30_k1_d60_th0.5,slow_rank,optimistic_limit,full,0.20978318050422962,0.05458220627178734,0.03079204715319825,1.7413242929543784,-0.02044864414082259,0.004462538296317765,0.0024447674997263302,0.03770723254898356,-0.005971474533397525,0.6511627906976745,0.0,0.0,0.22813621000000003,0.0032044449434829314,7.813704565002708,0.6880634576789526,43
slowrank_lb30_k1_d60_th1,slow_rank,taker,train,0.11430286182800509,0.05553055800774809,0.023472357882951527,2.314177377660058,-0.01881076547546867,0.004557340138813977,0.0,0.03770723254898356,-0.0014870338141929063,0.375,0.0,0.0,0.12184126,0.002939758129227976,3.994755743031409,0.32833608846833495,24
slowrank_lb30_k1_d60_th1,slow_rank,taker,test,0.0,0.0,0.0,,0.0,0.0,0.0,0.0,0.0,0.0,0.0,0.0,0.0,0.0,0.0,0.0,19
slowrank_lb30_k1_d60_th1,slow_rank,taker,full,0.11430286182800509,0.030663193527154853,0.017549274715284054,1.729788087973398,-0.01881076547546867,0.0025436317053845452,0.0,0.03770723254898356,-0.0014870338141929063,0.20930232558139536,0.0,0.0,0.12184126,0.002939758129227976,2.2324870185722023,0.1834920837182632,43
slowrank_lb30_k1_d60_th1,slow_rank,optimistic_limit,train,0.11967844610253087,0.05807018517837381,0.023203526094357354,2.4442859601704345,-0.01762880231975794,0.0047591027172366,0.0,0.03770723254898356,-0.0008865927776746663,0.375,0.0,0.0,0.12184126,0.002939758129227976,3.994755743031409,0.32833608846833495,24
slowrank_lb30_k1_d60_th1,slow_rank,optimistic_limit,test,0.0,0.0,0.0,,0.0,0.0,0.0,0.0,0.0,0.0,0.0,0.0,0.0,0.0,0.0,0.0,19
slowrank_lb30_k1_d60_th1,slow_rank,optimistic_limit,full,0.11967844610253087,0.03204830382242174,0.017348551107495957,1.827012432901052,-0.01762880231975794,0.0026562433770622885,0.0,0.03770723254898356,-0.0008865927776746663,0.20930232558139536,0.0,0.0,0.12184126,0.002939758129227976,2.2324870185722023,0.1834920837182632,43
slowrank_lb30_k1_d90_th0,slow_rank,taker,train,0.19130390433652988,0.09134345271399846,0.033276345188748196,2.6434272807319372,-0.010929638357673022,0.007354992493924499,0.005734790279004143,0.03485887982198266,-0.005852035370368158,0.75,0.0,0.0,0.20619029,-3.213799596479827e-05,7.490167018183891,0.8768739668243744,24
slowrank_lb30_k1_d90_th0,slow_rank,taker,test,0.05428758737699835,0.03400708993358115,0.03113966731756232,1.0894966396656367,-0.009954965354357803,0.002791277937270362,0.003372773837233778,0.007963793589480517,-0.004320226791298953,0.8421052631578947,0.0,0.0,0.07008558000000001,0.001546274232629652,5.693240901213172,1.0,19
slowrank_lb30_k1_d90_th0,slow_rank,taker,full,0.25597691913576104,0.06566795960255245,0.03235192231277268,1.982120262288262,-0.010929638357673022,0.005338467457263368,0.00446320174464554,0.03485887982198266,-0.005852035370368158,0.7906976744186046,0.0,0.0,0.27627587,0.0015141362366648536,6.697461055716606,0.9311904686056514,43
slowrank_lb30_k1_d90_th0,slow_rank,optimistic_limit,train,0.2021103772620687,0.09627564791556242,0.03281963639677842,2.8171457406815126,-0.00973769771038735,0.00773483397214253,0.006173998364544575,0.036105478345594966,-0.004653975642348485,0.7916666666666666,0.0,0.0,0.20619029,-3.213799596479827e-05,7.490167018183891,0.8768739668243744,24
slowrank_lb30_k1_d90_th0,slow_rank,optimistic_limit,test,0.06001605836806889,0.03755757379213698,0.030756499626425172,1.2141338545376665,-0.008760740075276052,0.0030763815257418615,0.003425333420018495,0.007963793589480517,-0.0033324849355338415,0.8421052631578947,0.0,0.0,0.07008558000000001,0.001546274232629652,5.693240901213172,1.0,19
slowrank_lb30_k1_d90_th0,slow_rank,optimistic_limit,full,0.2742563038286796,0.06997357565999174,0.03192676986045769,2.134380573775199,-0.00973769771038735,0.005676448007453863,0.00446320174464554,0.036105478345594966,-0.004653975642348485,0.813953488372093,0.0,0.0,0.27627587,0.0015141362366648536,6.697461055716606,0.9311904686056514,43
slowrank_lb30_k1_d90_th0.5,slow_rank,taker,train,0.19130390433652988,0.09134345271399846,0.033276345188748196,2.6434272807319372,-0.010929638357673022,0.007354992493924499,0.005734790279004143,0.03485887982198266,-0.005852035370368158,0.75,0.0,0.0,0.20619029,-3.213799596479827e-05,7.490167018183891,0.8768739668243744,24
slowrank_lb30_k1_d90_th0.5,slow_rank,taker,test,0.0308768854478616,0.01942290983244166,0.013580579996674794,1.4232781070548395,-0.0052889683580920055,0.001605729257965801,0.0,0.007963793589480517,-0.0016744787454844312,0.3684210526315789,0.0,0.0,0.039376390000000004,0.0011792254625914156,3.1629116117850953,0.448945696129405,19
slowrank_lb30_k1_d90_th0.5,slow_rank,taker,full,0.22808765852432256,0.059010888494079206,0.026463241589164386,2.1798435051620637,-0.010929638357673022,0.0048146203664078645,0.0031557189815971665,0.03485887982198266,-0.005852035370368158,0.5813953488372093,0.0,0.0,0.24556668,0.0011470874666266173,5.581217546430506,0.688095313943487,43
slowrank_lb30_k1_d90_th0.5,slow_rank,optimistic_limit,train,0.2021103772620687,0.09627564791556242,0.03281963639677842,2.8171457406815126,-0.00973769771038735,0.00773483397214253,0.006173998364544575,0.036105478345594966,-0.004653975642348485,0.7916666666666666,0.0,0.0,0.20619029,-3.213799596479827e-05,7.490167018183891,0.8768739668243744,24
slowrank_lb30_k1_d90_th0.5,slow_rank,optimistic_limit,test,0.03398149867371569,0.021363939290217182,0.01324639624952638,1.6024501122865122,-0.004090522079876924,0.001764010326201747,0.0,0.007963793589480517,-0.0010742830413232873,0.42105263157894735,0.0,0.0,0.039376390000000004,0.0011792254625914156,3.1629116117850953,0.448945696129405,19
slowrank_lb30_k1_d90_th0.5,slow_rank,optimistic_limit,full,0.2429598894526659,0.06257424498157427,0.026067011789153997,2.3414442869484646,-0.00973769771038735,0.005096563058819858,0.0031557189815971665,0.036105478345594966,-0.004653975642348485,0.627906976744186,0.0,0.0,0.24556668,0.0011470874666266173,5.581217546430506,0.688095313943487,43
slowrank_lb30_k1_d90_th1,slow_rank,taker,train,0.09652010347503093,0.0470853107144551,0.012355532045052965,3.7300588832516417,-0.0042193159862260465,0.0038781229168328712,0.0,0.03485887982198266,0.0,0.2916666666666667,0.0,0.0,0.09859097,0.0017037584420994678,1.9973778715157045,0.24625206635125121,24
slowrank_lb30_k1_d90_th1,slow_rank,taker,test,0.0,0.0,0.0,,0.0,0.0,0.0,0.0,0.0,0.0,0.0,0.0,0.0,0.0,0.0,0.0,19
slowrank_lb30_k1_d90_th1,slow_rank,taker,full,0.09652010347503093,0.02604655620041152,0.009239691039037103,2.787522632779321,-0.0042193159862260465,0.002164533721022998,0.0,0.03485887982198266,0.0,0.16279069767441862,0.0,0.0,0.09859097,0.0017037584420994678,1.1162435092861012,0.1376190627886974,43
slowrank_lb30_k1_d90_th1,slow_rank,optimistic_limit,train,0.09916131828560326,0.04834396890069148,0.012117813207001225,3.902130522819074,-0.003019791341138389,0.003980438981320555,0.0,0.036105478345594966,0.0,0.2916666666666667,0.0,0.0,0.09859097,0.0017037584420994678,1.9973778715157045,0.24625206635125121,24
slowrank_lb30_k1_d90_th1,slow_rank,optimistic_limit,test,0.0,0.0,0.0,,0.0,0.0,0.0,0.0,0.0,0.0,0.0,0.0,0.0,0.0,0.0,0.0,19
slowrank_lb30_k1_d90_th1,slow_rank,optimistic_limit,full,0.09916131828560326,0.026735646948465197,0.009062220039550878,2.916017695602712,-0.003019791341138389,0.002221640361667287,0.0,0.036105478345594966,0.0,0.16279069767441862,0.0,0.0,0.09859097,0.0017037584420994678,1.1162435092861012,0.1376190627886974,43
slowrank_lb30_k3_d7_th0,slow_rank,taker,train,0.05226702352533863,0.02576641592834794,0.029646752539526193,0.8729096786421183,-0.03688518601309876,0.002149656808256068,0.00013988831867967066,0.026879416346014207,-0.004637138527834539,0.5,0.0,0.0,0.23498038666666665,0.0015121014454374895,46.10613920082084,0.9807900587128769,24
slowrank_lb30_k3_d7_th0,slow_rank,taker,test,-0.05436817346988776,-0.034744650168385016,0.023328566148878193,-1.5041782183690144,-0.05768085889219954,-0.0029338701170101788,-0.0033624641020518764,0.0032265364351469206,-0.007592964314154127,0.15789473684210525,0.0,0.0,0.07141822666666667,0.0017768913544801436,40.696129404968225,1.0,19
slowrank_lb30_k3_d7_th0,slow_rank,taker,full,-0.0049428125463283346,-0.0013818102237816987,0.02704362395412868,-0.037619951847267456,-0.05768085889219876,-9.655276337320355e-05,-0.0023429008311354194,0.026879416346014207,-0.007592964314154127,0.3488372093023256,0.0,0.0,0.30639861333333335,0.0032889927999176383,43.71953744703896,0.9892644388519002,43
slowrank_lb30_k3_d7_th0,slow_rank,optimistic_limit,train,0.1123418136841936,0.054602558987348226,0.027540835974896066,1.9441174843551485,-0.022574116177918824,0.0044713113102151465,0.0021142456062585024,0.030590919484537737,-0.0018396236100305385,0.7083333333333334,0.0,0.0,0.23498038666666665,0.0015121014454374895,46.10613920082084,0.9807900587128769,24
slowrank_lb30_k3_d7_th0,slow_rank,optimistic_limit,test,-0.01708906663525589,-0.010844446323713508,0.021494326757665144,-0.4965330407539455,-0.02708686910761049,-0.000903594419334338,-0.001150992209583701,0.0048357428445211514,-0.004804925752981637,0.3157894736842105,0.0,0.0,0.07141822666666667,0.0017768913544801436,40.696129404968225,1.0,19
slowrank_lb30_k3_d7_th0,slow_rank,optimistic_limit,full,0.09333293030896717,0.025213430297508,0.025055915124990568,1.0063229585314513,-0.02708686910760605,0.002096352964600258,0.0002613028276221563,0.030590919484537737,-0.004804925752981637,0.5348837209302325,0.0,0.0,0.30639861333333335,0.0032889927999176383,43.71953744703896,0.9892644388519002,43
slowrank_lb30_k3_d7_th0.5,slow_rank,taker,train,0.04208259281693394,0.020796883025932633,0.030160552070092984,0.6975277613554348,-0.0402297119453523,0.001747237279518037,0.0002529317579050283,0.026879416346014207,-0.011014156750166815,0.5,0.0,0.0,0.22854985333333333,0.0009143610249940207,46.771931824659404,0.894601835489939,24
slowrank_lb30_k3_d7_th0.5,slow_rank,taker,test,-0.056890501399114335,-0.03637414037487052,0.022187386142781075,-1.6588617364537008,-0.06078283411049201,-0.0030709709980669742,-0.0025771325177128546,0.0032265364351469206,-0.013651854238093564,0.10526315789473684,0.0,0.0,0.05896229666666668,0.0008542786574063232,37.32235701906412,0.6239168110918544,19
slowrank_lb30_k3_d7_th0.5,slow_rank,taker,full,-0.017202008387720125,-0.004830471133843495,0.026937088200014853,-0.1662999683265308,-0.06580743534380129,-0.000381738471042782,-0.0009924786235308014,0.026879416346014207,-0.013651854238093564,0.32558139534883723,0.0,0.0,0.28751215,0.0017686396824003504,42.60329393775285,0.7751903411805932,43
slowrank_lb30_k3_d7_th0.5,slow_rank,optimistic_limit,train,0.10246268536952807,0.04991509216578116,0.028011111449833256,1.7529108600145857,-0.02471830619411919,0.004100961056677325,0.002259635558436779,0.030590919484537737,-0.007240095930731827,0.7083333333333334,0.0,0.0,0.22854985333333333,0.0009143610249940207,46.771931824659404,0.894601835489939,24
slowrank_lb30_k3_d7_th0.5,slow_rank,optimistic_limit,test,-0.022834429386492827,-0.01450588938487185,0.01998407616124057,-0.7211937933211633,-0.029593036315571974,-0.0012108463522067894,-0.0007329594020347718,0.0048357428445211514,-0.009489747997238784,0.2631578947368421,0.0,0.0,0.05896229666666668,0.0008542786574063232,37.32235701906412,0.6239168110918544,19
slowrank_lb30_k3_d7_th0.5,slow_rank,optimistic_limit,full,0.0772885790292206,0.02099264095331055,0.024794403358250578,0.8502862175614695,-0.029593036315565757,0.001753883364379693,7.46829442146435e-05,0.030590919484537737,-0.009489747997238784,0.5116279069767442,0.0,0.0,0.28751215,0.0017686396824003504,42.60329393775285,0.7751903411805932,43
slowrank_lb30_k3_d7_th1,slow_rank,taker,train,0.06494162439498652,0.03191752514544821,0.01864975574634421,1.694007825931099,-0.013791712538473111,0.002645331220842368,0.0,0.026879416346014207,-0.003959119880569406,0.4166666666666667,0.0,0.0,0.161194475,0.0034074719222812275,25.300119705865587,0.4309411161146896,24
slowrank_lb30_k3_d7_th1,slow_rank,taker,test,-0.002127933445890906,-0.0013466198070082314,0.0034809135247539226,-0.3853767560955314,-0.003140702359868075,-0.0001120188853036377,0.0,0.0,-0.0019050735412025066,0.0,0.0,0.0,0.0035726333333333336,0.0009734189642494802,2.1086077411900632,0.024263431542461005,19
slowrank_lb30_k3_d7_th1,slow_rank,taker,full,0.06267549949451401,0.0171087571197881,0.014133213991491695,1.2073696980052715,-0.013791712538473111,0.0014269672204522727,0.0,0.026879416346014207,-0.003959119880569406,0.23255813953488372,0.0,0.0,0.16476710833333336,0.00438089088653071,15.069287375362364,0.2515370647637858,43
slowrank_lb30_k3_d7_th1,slow_rank,optimistic_limit,train,0.09788624915883681,0.04773653013072132,0.016768181623589513,2.789384386422062,-0.009038192167612369,0.003924128014049261,0.0,0.030590919484537737,-0.0027608703720796157,0.4583333333333333,0.0,0.0,0.161194475,0.0034074719222812275,25.300119705865587,0.4309411161146896,24
slowrank_lb30_k3_d7_th1,slow_rank,optimistic_limit,test,-0.00012659100129142065,-8.008109200730029e-05,0.0027510742051858788,-0.02773408203997728,-0.00204343326179357,-6.581638267441479e-06,0.0,0.0011799653441058044,-0.0013050164711871926,0.05263157894736842,0.0,0.0,0.0035726333333333336,0.0009734189642494802,2.1086077411900632,0.024263431542461005,19
slowrank_lb30_k3_d7_th1,slow_rank,optimistic_limit,full,0.09774726663925182,0.026366870708521173,0.012670068342680455,2.060414042600639,-0.009038192167612369,0.002187302818839555,0.0,0.030590919484537737,-0.0027608703720796157,0.27906976744186046,0.0,0.0,0.16476710833333336,0.00438089088653071,15.069287375362364,0.2515370647637858,43
slowrank_lb30_k3_d14_th0,slow_rank,taker,train,0.14306084380317108,0.06904652875051065,0.02718070380185607,2.4700186676128824,-0.0181278110202282,0.005619570020870703,0.003502842513973592,0.038532254748646855,-0.003174488427236999,0.7916666666666666,0.0,0.0,0.23261585333333332,0.001167444119196634,24.80077523798666,0.9807900587128769,24
slowrank_lb30_k3_d14_th0,slow_rank,taker,test,-0.01577500538933707,-0.010008118636253283,0.02233015943595309,-0.4392768844202752,-0.028034452598187376,-0.000832875795712264,-0.0009232368057918716,0.004360793607449898,-0.005372260278772911,0.3684210526315789,0.0,0.0,0.06944429666666667,0.0023825602461994893,27.622761409589828,1.0,19
slowrank_lb30_k3_d14_th0,slow_rank,taker,full,0.12502905283184496,0.03342222554624352,0.025159389536238006,1.319287734747345,-0.028034452598183157,0.002768489311217764,0.0005906135566859927,0.038532254748646855,-0.005372260278772911,0.6046511627906976,0.0,0.0,0.30206015,0.0035500043653961307,26.045681883342358,0.9892644388519002,43
slowrank_lb30_k3_d14_th0,slow_rank,optimistic_limit,train,0.17771335747276762,0.08510866539283635,0.025955185655941286,3.159958553926148,-0.017734532955297477,0.006870344719022675,0.004472711452333744,0.03894819792968862,-0.0015747666131031846,0.9583333333333334,0.0,0.0,0.23261585333333332,0.001167444119196634,24.80077523798666,0.9807900587128769,24
slowrank_lb30_k3_d14_th0,slow_rank,optimistic_limit,test,0.010405085438192074,0.0065695507436698275,0.020806061785306154,0.32512322850534486,-0.014301751076150282,0.0005479314655852706,0.0002786089113959722,0.005568972335266764,-0.003776505380445383,0.5789473684210527,0.0,0.0,0.06944429666666667,0.0023825602461994893,27.622761409589828,1.0,19
slowrank_lb30_k3_d14_th0,slow_rank,optimistic_limit,full,0.18996756557898142,0.04973311572700112,0.023824254087164605,2.049167330917478,-0.017734532955297477,0.0040767202582014965,0.0018566256037453321,0.03894819792968862,-0.003776505380445383,0.7906976744186046,0.0,0.0,0.30206015,0.0035500043653961307,26.045681883342358,0.9892644388519002,43
slowrank_lb30_k3_d14_th0.5,slow_rank,taker,train,0.13675469314257582,0.06609740589742752,0.02769339750386155,2.3250459790329105,-0.0181278110202282,0.005388449902114424,0.003465591172701954,0.038532254748646855,-0.0016136956014460857,0.7083333333333334,0.0,0.0,0.22369348333333333,0.001919084718036998,24.13498261414809,0.8658724277489597,24
slowrank_lb30_k3_d14_th0.5,slow_rank,taker,test,-0.019932657465129733,-0.012655643132229555,0.019633434426566374,-0.638887479789238,-0.02749687246290733,-0.0010556574114950772,-0.0004385862507214622,0.00430154484580636,-0.00817775193272452,0.3157894736842105,0.0,0.0,0.05201612666666666,0.0021547459659124026,23.405545927209708,0.6117850953206239,19
slowrank_lb30_k3_d14_th0.5,slow_rank,taker,full,0.11409615122228933,0.030609834945226844,0.024470331340727902,1.2443731253069237,-0.02749687246290644,0.002541053647263714,0.0003661545523883092,0.038532254748646855,-0.00817775193272452,0.5348837209302325,0.0,0.0,0.27570961000000005,0.0040738306839494046,23.813194864770153,0.7537829314134624,43
slowrank_lb30_k3_d14_th0.5,slow_rank,optimistic_limit,train,0.17027625434074167,0.08168157281646393,0.02654293475732564,2.971390044156095,-0.017734532955297477,0.006605673436285177,0.004399101890985135,0.03894819792968862,-0.0006132314643932935,0.9166666666666666,0.0,0.0,0.22369348333333333,0.001919084718036998,24.13498261414809,0.8658724277489597,24
slowrank_lb30_k3_d14_th0.5,slow_rank,optimistic_limit,test,0.002119135446674081,0.0013400062530513068,0.01792397712118961,0.08367406997839498,-0.01346302900678964,0.00011388900918458444,0.0,0.005509616643984305,-0.005189447603941355,0.3684210526315789,0.0,0.0,0.05201612666666666,0.0021547459659124026,23.405545927209708,0.6117850953206239,19
slowrank_lb30_k3_d14_th0.5,slow_rank,optimistic_limit,full,0.17275622823370873,0.045473851030690904,0.023143195258949683,1.9331012466534407,-0.017734532955297477,0.0037372105498918915,0.001681994312903834,0.03894819792968862,-0.005189447603941355,0.6744186046511628,0.0,0.0,0.27570961000000005,0.0040738306839494046,23.813194864770153,0.7537829314134624,43
slowrank_lb30_k3_d14_th1,slow_rank,taker,train,0.10846436168134277,0.05276527328771441,0.01753094284615898,2.9418945362021955,-0.008711703446040997,0.004333678374025716,0.0004931345909938711,0.038532254748646855,-0.0015357329756825466,0.5,0.0,0.0,0.16125624833333332,0.006027533286718643,15.979022972125634,0.4596705238556689,24
slowrank_lb30_k3_d14_th1,slow_rank,taker,test,-0.0007478769018051112,-0.0004731587286482819,0.002452303590770121,-0.19176293925444415,-0.0020000000000000018,-3.936929080820755e-05,0.0,0.0,-0.00039009024541369897,0.0,0.0,0.0,0.0028587233333333332,0.00039787785849558033,1.2651646447140381,0.024263431542461005,19
slowrank_lb30_k3_d14_th1,slow_rank,taker,full,0.10763536678876728,0.028938491333071026,0.013209076925111614,2.1663140695296343,-0.008711703446040997,0.0024014014988665406,0.0,0.038532254748646855,-0.0015357329756825466,0.27906976744186046,0.0,0.0,0.16411497166666666,0.006425411145214223,9.48806982893186,0.2675926220891338,43
slowrank_lb30_k3_d14_th1,slow_rank,optimistic_limit,train,0.13000127765909797,0.06293001864914394,0.01625452699803876,3.762742451025679,-0.005948445586132944,0.00514124421303389,0.0007940322671007305,0.03894819792968862,-0.0009354539186066102,0.5,0.0,0.0,0.16125624833333332,0.006027533286718643,15.979022972125634,0.4596705238556689,24
slowrank_lb30_k3_d14_th1,slow_rank,optimistic_limit,test,0.00045391374661596373,0.00028711387309821035,0.001878455271933429,0.1537634920744352,-0.0013999999999999568,2.3887500344234096e-05,0.0,0.00024298487033802552,0.0,0.10526315789473684,0.0,0.0,0.0028587233333333332,0.00039787785849558033,1.2651646447140381,0.024263431542461005,19
slowrank_lb30_k3_d14_th1,slow_rank,optimistic_limit,full,0.1305142007727198,0.03482581323933687,0.012219323766786798,2.807671827059647,-0.005948445586132944,0.002880086595798926,0.0,0.03894819792968862,-0.0009354539186066102,0.32558139534883723,0.0,0.0,0.16411497166666666,0.006425411145214223,9.48806982893186,0.2675926220891338,43
slowrank_lb30_k3_d30_th0,slow_rank,taker,train,0.17973153548308773,0.08603679187171087,0.024386239168857866,3.396705906480603,-0.013518308359750209,0.006937275831379962,0.005861501657583479,0.03574100706857308,-0.0016765222549706138,0.9166666666666666,0.0,0.0,0.21974680666666666,0.00013644217267417126,13.482300632731004,0.9589009861483213,24
slowrank_lb30_k3_d30_th0,slow_rank,taker,test,0.02523793373659755,0.015891888778292174,0.019936929001084767,0.8008122521671522,-0.005892021336668107,0.0013141854453300476,0.0012290686267633077,0.004702641911164207,-0.0032660028014068754,0.8421052631578947,0.0,0.0,0.06647543,0.0007635570067290718,13.2842287694974,1.0,19
slowrank_lb30_k3_d30_th0,slow_rank,taker,full,0.2095055218025863,0.05451465724846627,0.022534459045312975,2.3668080384627217,-0.013518308359750209,0.00445265449800907,0.0028334247778973864,0.03574100706857308,-0.0032660028014068754,0.8837209302325582,0.0,0.0,0.2862222366666667,0.0008999991794032402,13.39492211143321,0.9770316332706827,43
slowrank_lb30_k3_d30_th0,slow_rank,optimistic_limit,train,0.19904353197312652,0.09487816934998339,0.023609055246604962,3.851160584429636,-0.01351830835975043,0.0076192186161224374,0.0060627748155280825,0.03657170863277237,-0.0010763751370926888,0.9166666666666666,0.0,0.0,0.21974680666666666,0.00013644217267417126,13.482300632731004,0.9589009861483213,24
slowrank_lb30_k3_d30_th0,slow_rank,optimistic_limit,test,0.03826677804099465,0.02403961688499434,0.019027456940859933,1.2579859910208244,-0.005094542680472269,0.0019799704834022836,0.0019298491879167212,0.0055085155120169205,-0.0024665792737728065,0.9473684210526315,0.0,0.0,0.06647543,0.0007635570067290718,13.2842287694974,1.0,19
slowrank_lb30_k3_d30_th0,slow_rank,optimistic_limit,full,0.24492706467260228,0.06304327059604442,0.021710012389849417,2.8268842493342,-0.01351830835975043,0.005127457813292602,0.0032793989913164623,0.03657170863277237,-0.0024665792737728065,0.9302325581395349,0.0,0.0,0.2862222366666667,0.0008999991794032402,13.39492211143321,0.9770316332706827,43
slowrank_lb30_k3_d30_th0.5,slow_rank,taker,train,0.16677738670944708,0.08006548783061063,0.027415798560494812,2.823112475603805,-0.013518308359750209,0.006475541611564111,0.00404148259907211,0.03574100706857308,-0.0016765222549706138,0.9166666666666666,0.0,0.0,0.21666596333333332,0.0003330161758180136,15.479678504246708,0.9178589750897794,24
slowrank_lb30_k3_d30_th0.5,slow_rank,taker,test,0.005348930576008604,0.0033803220880608276,0.018894898275632538,0.18805042850409576,-0.014652103830647523,0.00028278756436889445,-0.00021208092970192993,0.004702641911164207,-0.0030223152944713894,0.3684210526315789,0.0,0.0,0.0488311,0.0014525331731518615,14.127671865973426,0.6360485268630849,19
slowrank_lb30_k3_d30_th0.5,slow_rank,taker,full,0.17301839794861618,0.045539066693152774,0.024035029301356692,1.8648459398558028,-0.014652103830650964,0.003739208427919713,0.0018932185283182523,0.03574100706857308,-0.0030223152944713894,0.6744186046511628,0.0,0.0,0.26549706333333334,0.0017855493489698725,14.883246790481348,0.7935395495524195,43
slowrank_lb30_k3_d30_th0.5,slow_rank,optimistic_limit,train,0.18873533627294736,0.0901678385889646,0.02659328578093052,3.2596833186172973,-0.01351830835975043,0.007258073377188756,0.004846922380387753,0.03657170863277237,-0.0010763751370926888,0.9166666666666666,0.0,0.0,0.21666596333333332,0.0003330161758180136,15.479678504246708,0.9178589750897794,24
slowrank_lb30_k3_d30_th0.5,slow_rank,optimistic_limit,test,0.018943391538418952,0.011941908160938874,0.01781067638866173,0.6754261643042495,-0.009902736515411514,0.0009902912158467527,0.00016824657790759368,0.0055085155120169205,-0.0024229299128848414,0.5789473684210527,0.0,0.0,0.0488311,0.0014525331731518615,14.127671865973426,0.6360485268630849,19
slowrank_lb30_k3_d30_th0.5,slow_rank,optimistic_limit,full,0.2112540151835267,0.05493984576722144,0.023136659461207087,2.3232210756856926,-0.01351830835975043,0.004488588236130662,0.003098262604339652,0.03657170863277237,-0.0024229299128848414,0.7674418604651163,0.0,0.0,0.26549706333333334,0.0017855493489698725,14.883246790481348,0.7935395495524195,43
slowrank_lb30_k3_d30_th1,slow_rank,taker,train,0.10989951560999356,0.05344567884860463,0.021468660927057265,2.4359716191780794,-0.008341855164782919,0.004387703189643581,0.0,0.03574100706857308,-0.0020609520729816255,0.4166666666666667,0.0,0.0,0.14047931666666666,0.0015854237096081987,9.321096733739951,0.41042011058541866,24
slowrank_lb30_k3_d30_th1,slow_rank,taker,test,0.0032829267926162142,0.002075470848892813,0.0036422313386796582,0.5710662657212748,-0.002243936420408099,0.00017266514067021692,0.0,0.0022739796300899062,0.0,0.10526315789473684,0.0,0.0,0.006404870000000002,0.0008831691625912352,1.2651646447140381,0.05199306759098787,19
slowrank_lb30_k3_d30_th1,slow_rank,taker,full,0.11354323446689807,0.03046707445705943,0.016232508938651483,1.857014312440939,-0.008341855164782919,0.0025252445168413968,0.0,0.03574100706857308,-0.0020609520729816255,0.27906976744186046,0.0,0.0,0.14688418666666667,0.0024685928721994294,5.7672581313115225,0.2523016151126119,43
slowrank_lb30_k3_d30_th1,slow_rank,optimistic_limit,train,0.12243187980318959,0.05936864622301474,0.02080331235341781,2.7827158375960273,-0.007148990404082234,0.0048596559149008955,0.0,0.03657170863277237,-0.0014609887175144332,0.4166666666666667,0.0,0.0,0.14047931666666666,0.0015854237096081987,9.321096733739951,0.41042011058541866,24
slowrank_lb30_k3_d30_th1,slow_rank,optimistic_limit,test,0.0044895176976411655,0.0028376519905830566,0.003292403411239256,0.8623044875392711,-0.0016440830755705127,0.0002360468982190941,0.0,0.002876425413472994,0.0,0.10526315789473684,0.0,0.0,0.006404870000000002,0.0008831691625912352,1.2651646447140381,0.05199306759098787,19
slowrank_lb30_k3_d30_th1,slow_rank,optimistic_limit,full,0.12747105759196842,0.03404771501409187,0.01570734867511199,2.139403472842854,-0.007148990404082234,0.002816665884274053,0.0,0.03657170863277237,-0.0014609887175144332,0.27906976744186046,0.0,0.0,0.14688418666666667,0.0024685928721994294,5.7672581313115225,0.2523016151126119,43
slowrank_lb30_k3_d60_th0,slow_rank,taker,train,0.2011286993047372,0.09582851822323923,0.022395895870301673,4.097268535206902,-0.013518308359750875,0.007696330786944229,0.006294826542247223,0.039032557018794156,-0.0006356905580083838,0.8333333333333334,0.0,0.0,0.21366679666666666,9.812989181956781e-05,7.490167018183891,0.9178589750897794,24
slowrank_lb30_k3_d60_th0,slow_rank,taker,test,0.04707854158258851,0.029528862256880783,0.018295878405757512,1.5997434437634726,-0.004714058610426286,0.0024275526928563508,0.0025689554388099722,0.007861682093510458,-0.003253751874809807,0.7894736842105263,0.0,0.0,0.06492609666666667,0.0006758573553515086,6.114962449451183,1.0,19
slowrank_lb30_k3_d60_th0,slow_rank,taker,full,0.25767608672102105,0.06607008707242357,0.020689941143083427,3.1026363518505082,-0.013518308359750875,0.005368266047696096,0.003766354659035409,0.039032557018794156,-0.003253751874809807,0.813953488372093,0.0,0.0,0.27859289333333337,0.0007739872471710847,6.883501640597623,0.9540951228058998,43
slowrank_lb30_k3_d60_th0,slow_rank,optimistic_limit,train,0.21201233848763712,0.10077556104071039,0.02193591295311483,4.3880598853488575,-0.013518308359750653,0.008074653803324791,0.006294826542247223,0.039032557018794156,0.0,0.9166666666666666,0.0,0.0,0.21366679666666666,9.812989181956781e-05,7.490167018183891,0.9178589750897794,24
slowrank_lb30_k3_d60_th0,slow_rank,optimistic_limit,test,0.05318146465155338,0.03332070375785623,0.01789027242423621,1.841094881962436,-0.00391563498632419,0.00273369246493976,0.0027791171378106494,0.007861682093510458,-0.0024543185214048746,0.9473684210526315,0.0,0.0,0.06492609666666667,0.0006758573553515086,6.114962449451183,1.0,19
slowrank_lb30_k3_d60_th0,slow_rank,optimistic_limit,full,0.2764689298241938,0.07049172097853518,0.0202535480855891,3.3734071780317096,-0.013518308359750653,0.005714694142177917,0.003904220294400629,0.039032557018794156,-0.0024543185214048746,0.9302325581395349,0.0,0.0,0.27859289333333337,0.0007739872471710847,6.883501640597623,0.9540951228058998,43
slowrank_lb30_k3_d60_th0.5,slow_rank,taker,train,0.18649913098617832,0.08914330839387619,0.023296372024451742,3.6771062683666953,-0.013518308359750875,0.0071839291162373075,0.006306617041391904,0.039032557018794156,-0.0006356905580083838,0.7916666666666666,0.0,0.0,0.20340701666666666,0.0008110360906223497,8.155959642022461,0.8357749529726957,24
slowrank_lb30_k3_d60_th0.5,slow_rank,taker,test,0.02909159533344452,0.018305759299547253,0.019436040667853028,0.9430494380821252,-0.00603721614121866,0.0015139066828744271,0.0,0.007861682093510458,-0.002951958753766859,0.47368421052631576,0.0,0.0,0.04331662000000001,0.00099183100982044,4.849797804737146,0.5009387637203928,19
slowrank_lb30_k3_d60_th0.5,slow_rank,taker,full,0.22101628356831693,0.05730568054307694,0.02168091944676009,2.581029933019285,-0.013518308359750875,0.0046785703666118485,0.0026586877659342534,0.039032557018794156,-0.002951958753766859,0.6511627906976745,0.0,0.0,0.2467236366666667,0.0018028671004427972,6.697461055716606,0.6880634576789526,43
slowrank_lb30_k3_d60_th0.5,slow_rank,optimistic_limit,train,0.198212547674796,0.09449920420284874,0.022778857995671146,3.9754763563536306,-0.013518308359750653,0.007595822166089015,0.006306617041391904,0.039032557018794156,0.0,0.875,0.0,0.0,0.20340701666666666,0.0008110360906223497,8.155959642022461,0.8357749529726957,24
slowrank_lb30_k3_d60_th0.5,slow_rank,optimistic_limit,test,0.03384967743149159,0.02128156714513052,0.019011826824563382,1.1171480841473624,-0.0048396429991707235,0.0017569236247210185,0.0,0.007861682093510458,-0.0017506683484143082,0.47368421052631576,0.0,0.0,0.04331662000000001,0.00099183100982044,4.849797804737146,0.5009387637203928,19
slowrank_lb30_k3_d60_th0.5,slow_rank,optimistic_limit,full,0.2387716559079498,0.06157387598666264,0.021202588014179798,2.8287857435510264,-0.013518308359750653,0.005015843740833388,0.0032161597022448696,0.039032557018794156,-0.0017506683484143082,0.6976744186046512,0.0,0.0,0.2467236366666667,0.0018028671004427972,6.697461055716606,0.6880634576789526,43
slowrank_lb30_k3_d60_th1,slow_rank,taker,train,0.1160721583644353,0.056367115740347584,0.021702087048225956,2.5376108012602927,-0.018705208326301404,0.004626209501744527,0.0,0.039032557018794156,-0.0014870338141929063,0.3333333333333333,0.0,0.0,0.12199805666666666,0.0029561049979865235,3.6618594311121244,0.32833608846833495,24
slowrank_lb30_k3_d60_th1,slow_rank,taker,test,0.0,0.0,0.0,,0.0,0.0,0.0,0.0,0.0,0.0,0.0,0.0,0.0,0.0,0.0,0.0,19
slowrank_lb30_k3_d60_th1,slow_rank,taker,full,0.1160721583644353,0.03111961354954884,0.016226161975881007,1.8967470654785201,-0.018705208326301404,0.0025820704195783405,0.0,0.039032557018794156,-0.0014870338141929063,0.18604651162790697,0.0,0.0,0.12199805666666666,0.0029561049979865217,2.046446433691185,0.1834920837182632,43
slowrank_lb30_k3_d60_th1,slow_rank,optimistic_limit,train,0.12100553705600903,0.058696212507373335,0.02145762307722409,2.6689147235009236,-0.01752290820279767,0.004810972480635371,0.0,0.039032557018794156,-0.0008865927776746663,0.375,0.0,0.0,0.12199805666666666,0.0029561049979865235,3.6618594311121244,0.32833608846833495,24
slowrank_lb30_k3_d60_th1,slow_rank,optimistic_limit,test,0.0,0.0,0.0,,0.0,0.0,0.0,0.0,0.0,0.0,0.0,0.0,0.0,0.0,0.0,0.0,19
slowrank_lb30_k3_d60_th1,slow_rank,optimistic_limit,full,0.12100553705600903,0.03238951314381033,0.01604365785693146,1.994856363638975,-0.01752290820279767,0.002685193942680207,0.0,0.039032557018794156,-0.0008865927776746663,0.20930232558139536,0.0,0.0,0.12199805666666666,0.0029561049979865217,2.046446433691185,0.1834920837182632,43
slowrank_lb30_k3_d90_th0,slow_rank,taker,train,0.20161759134955126,0.09605121914995451,0.018038549276933144,5.0933764419708485,-0.006464063115576346,0.007712359998870062,0.006168706869082552,0.033724480413968916,-0.002431177565632048,0.7916666666666666,0.0,0.0,0.20736500333333335,-3.619624471928938e-05,5.82568545858747,0.8768739668243744,24
slowrank_lb30_k3_d90_th0,slow_rank,taker,test,0.054444479225724374,0.03410442514640866,0.014285268716686738,2.3547247667558215,-0.004805633322898628,0.0027979278857630575,0.0029359411116598455,0.007861682093510458,-0.0025626736217957413,0.8421052631578947,0.0,0.0,0.06604352666666667,0.0011319650568591597,4.428076256499134,1.0,19
slowrank_lb30_k3_d90_th0,slow_rank,taker,full,0.26703903533902773,0.06827893842303268,0.016491106025463047,4.0133837960604914,-0.006464063115576346,0.0055408667395902235,0.004208760264517553,0.033724480413968916,-0.0025626736217957413,0.813953488372093,0.0,0.0,0.27340853,0.0010957688121398784,5.2091363766684715,0.9311904686056514,43
slowrank_lb30_k3_d90_th0,slow_rank,optimistic_limit,train,0.21008169118253095,0.09989963345462338,0.01749760650688415,5.450604525372728,-0.005667089663561664,0.00800786300248621,0.006399790508339387,0.03496977138346735,-0.0016309690995681692,0.8333333333333334,0.0,0.0,0.20736500333333335,-3.619624471928938e-05,5.82568545858747,0.8768739668243744,24
slowrank_lb30_k3_d90_th0,slow_rank,optimistic_limit,test,0.058892951909230495,0.03686203348706951,0.013839914429993832,2.62246721137134,-0.004007113554955755,0.0030195845167190496,0.003289771208329517,0.007861682093510458,-0.0017623541575099155,0.8421052631578947,0.0,0.0,0.06604352666666667,0.0011319650568591597,4.428076256499134,1.0,19
slowrank_lb30_k3_d90_th0,slow_rank,optimistic_limit,full,0.281346974027594,0.07163176176997932,0.01599035090270278,4.334527737974452,-0.005667089663561664,0.005803739950635604,0.004208760264517553,0.03496977138346735,-0.0017623541575099155,0.8372093023255814,0.0,0.0,0.27340853,0.0010957688121398784,5.2091363766684715,0.9311904686056514,43
slowrank_lb30_k3_d90_th0.5,slow_rank,taker,train,0.2031723679793629,0.09675915225049536,0.025332468290047722,3.6585845988978525,-0.0065316919736417844,0.007767046162393321,0.006079399346554548,0.033724480413968916,-0.002431177565632048,0.7916666666666666,0.0,0.0,0.20889318333333334,4.544714431279793e-05,5.82568545858747,0.8768739668243744,24
slowrank_lb30_k3_d90_th0.5,slow_rank,taker,test,0.030698185608571293,0.019311119915897956,0.008160428548166773,2.347958531214244,-0.004380323497976679,0.0015965691848972739,0.0,0.007861682093510458,-0.001959892319547407,0.3684210526315789,0.0,0.0,0.03799092,0.0009648444660494613,2.7411900635470823,0.448945696129405,19
slowrank_lb30_k3_d90_th0.5,slow_rank,taker,full,0.2401075766507057,0.061893228144924706,0.019701645181350213,3.0580024514307387,-0.0065316919736417844,0.005040556335127625,0.003289771208329517,0.033724480413968916,-0.002431177565632048,0.6046511627906976,0.0,0.0,0.24688410333333333,0.0010102916103622598,4.464974037144405,0.688095313943487,43
slowrank_lb30_k3_d90_th0.5,slow_rank,optimistic_limit,train,0.21164699969077727,0.10060986178827647,0.024957044880785734,3.8536769907095407,-0.006531691973641118,0.008062653284735849,0.006137995048962508,0.03496977138346735,-0.0016309690995681692,0.8333333333333334,0.0,0.0,0.20889318333333334,4.544714431279793e-05,5.82568545858747,0.8768739668243744,24
slowrank_lb30_k3_d90_th0.5,slow_rank,optimistic_limit,test,0.033386536991420135,0.020992130444251966,0.007772691107764145,2.6766870801514946,-0.0035817084441048808,0.001733715250297664,0.0,0.007861682093510458,-0.0013598682067134105,0.42105263157894735,0.0,0.0,0.03799092,0.0009648444660494613,2.7411900635470823,0.448945696129405,19
slowrank_lb30_k3_d90_th0.5,slow_rank,optimistic_limit,full,0.25209969706649793,0.06474889986339893,0.01936198649057886,3.2500107215079925,-0.006531691973641118,0.005266145781146883,0.0032934273996030328,0.03496977138346735,-0.0016309690995681692,0.6511627906976745,0.0,0.0,0.24688410333333333,0.0010102916103622598,4.464974037144405,0.688095313943487,43
slowrank_lb30_k3_d90_th1,slow_rank,taker,train,0.09182783978120135,0.044845485697116994,0.008396940255801786,5.2286171835374775,-0.003871860568106844,0.003696292471957315,0.0,0.033724480413968916,0.0,0.2916666666666667,0.0,0.0,0.09454671999999999,0.0013773262943671148,1.9973778715157045,0.24625206635125121,24
slowrank_lb30_k3_d90_th1,slow_rank,taker,test,0.0,0.0,0.0,,0.0,0.0,0.0,0.0,0.0,0.0,0.0,0.0,0.0,0.0,0.0,0.0,19
slowrank_lb30_k3_d90_th1,slow_rank,taker,full,0.09182783978120135,0.024819391431685656,0.006281505221034262,3.906095853331881,-0.003871860568106844,0.002063046961092455,0.0,0.033724480413968916,0.0,0.16279069767441862,0.0,0.0,0.09454672,0.001377326294367118,1.1162435092861012,0.1376190627886974,43
slowrank_lb30_k3_d90_th1,slow_rank,optimistic_limit,train,0.09445793102634292,0.046101536822211076,0.008032992831641534,5.614696014152363,-0.0026718605681068652,0.003798531783690051,0.0,0.03496977138346735,0.0,0.2916666666666667,0.0,0.0,0.09454671999999999,0.0013773262943671148,1.9973778715157045,0.24625206635125121,24
slowrank_lb30_k3_d90_th1,slow_rank,optimistic_limit,test,0.0,0.0,0.0,,0.0,0.0,0.0,0.0,0.0,0.0,0.0,0.0,0.0,0.0,0.0,0.0,19
slowrank_lb30_k3_d90_th1,slow_rank,optimistic_limit,full,0.09445793102634292,0.025507704772377737,0.006009879378360568,4.1940787851572585,-0.0026718605681068652,0.002120110762989796,0.0,0.03496977138346735,0.0,0.16279069767441862,0.0,0.0,0.09454672,0.001377326294367118,1.1162435092861012,0.1376190627886974,43
slowrank_lb30_k5_d7_th0,slow_rank,taker,train,0.13548805007345766,0.06550406291077082,0.02435114571709109,2.617709430290582,-0.020351385392079924,0.005337922517789635,0.0025935069378905107,0.03396211051257381,-0.0031210187929762157,0.875,0.0,0.0,0.23177251750000002,0.0026832950351360794,26.66499458473465,0.9807900587128769,24
slowrank_lb30_k5_d7_th0,slow_rank,taker,test,-0.017496615197917453,-0.011103912009616246,0.0190072532715078,-0.577955598393194,-0.03374804328373093,-0.0009220954636029075,-0.0004879996425072308,0.004887094630896316,-0.00951618193069792,0.3684210526315789,0.0,0.0,0.06730309816666669,0.0016643555805701431,27.306470248411326,1.0,19
slowrank_lb30_k5_d7_th0,slow_rank,taker,full,0.11562085259950083,0.031003241167476547,0.022156401419592294,1.3891066904608158,-0.03374804328372949,0.0025718680608952556,0.00086776216637241,0.03396211051257381,-0.00951618193069792,0.6511627906976745,0.0,0.0,0.29907561566666674,0.004347650615706216,26.947978720015293,0.9892644388519002,43
slowrank_lb30_k5_d7_th0,slow_rank,optimistic_limit,train,0.17250120736523145,0.082707993940621,0.02358212882228237,3.381510682678579,-0.019880468622122782,0.006682024562561899,0.003859166373948786,0.0354534566509741,-0.0014426373852386432,0.9583333333333334,0.0,0.0,0.23177251750000002,0.0026832950351360794,26.66499458473465,0.9807900587128769,24
slowrank_lb30_k5_d7_th0,slow_rank,optimistic_limit,test,0.0083135549759632,0.005251006257211532,0.017959031899109745,0.30060271294295765,-0.019145592974798786,0.00044053069163380325,0.0006106252668178769,0.005853184212877505,-0.006296629888058458,0.6842105263157895,0.0,0.0,0.06730309816666669,0.0016643555805701431,27.306470248411326,1.0,19
slowrank_lb30_k5_d7_th0,slow_rank,optimistic_limit,full,0.18224886061204182,0.04782850936847205,0.021288767507055956,2.2052189101572184,-0.019880468622122782,0.003924155177733205,0.0022243291242856067,0.0354534566509741,-0.006296629888058458,0.8372093023255814,0.0,0.0,0.29907561566666674,0.004347650615706216,26.947978720015293,0.9892644388519002,43
slowrank_lb30_k5_d7_th0.5,slow_rank,taker,train,0.1021934366259043,0.04978704476670304,0.02609429124009009,1.8750263434917758,-0.024788011585348158,0.004101129580439793,0.0019921888164400325,0.03396211051257381,-0.011656555997316853,0.625,0.0,0.0,0.22596658416666668,0.0017501787173047237,32.39081114974634,0.894601835489939,24
slowrank_lb30_k5_d7_th0.5,slow_rank,taker,test,-0.046849439121600556,-0.029896797700234234,0.021255473635573525,-1.417364374205957,-0.052048489402933384,-0.002514961263606502,-0.0011643333478268403,0.004887094630896316,-0.013651854238093564,0.05263157894736842,0.0,0.0,0.05780384916666667,0.00037112240117166554,33.46360485268631,0.6239168110918544,19
slowrank_lb30_k5_d7_th0.5,slow_rank,taker,full,0.050556292316469076,0.013858383259075513,0.02408311486711278,0.5835233388278093,-0.05204848940293316,0.001177740602837942,-9.692111182690866e-05,0.03396211051257381,-0.013651854238093564,0.37209302325581395,0.0,0.0,0.2837704333333333,0.0021213011184763866,32.864069319231625,0.7751903411805932,43
slowrank_lb30_k5_d7_th0.5,slow_rank,optimistic_limit,train,0.1460048015111095,0.07042050536482392,0.024924973398873767,2.742709855122748,-0.019880468622123115,0.005730185415150524,0.0034982104765683975,0.0354534566509741,-0.007725312276666951,0.7916666666666666,0.0,0.0,0.22596658416666668,0.0017501787173047237,32.39081114974634,0.894601835489939,24
slowrank_lb30_k5_d7_th0.5,slow_rank,optimistic_limit,test,-0.01605010009501351,-0.010183167311719199,0.019325825875985952,-0.5199564686552601,-0.023532128388463858,-0.0008467945229799007,-0.0005638309430259225,0.005853184212877505,-0.009489747997238784,0.3157894736842105,0.0,0.0,0.05780384916666667,0.00037112240117166554,33.46360485268631,0.6239168110918544,19
slowrank_lb30_k5_d7_th0.5,slow_rank,optimistic_limit,full,0.1276113097374889,0.034083609205365795,0.022629864225817385,1.492342192209969,-0.023532128388461415,0.002824078000627778,0.0011063636344470495,0.0354534566509741,-0.009489747997238784,0.5813953488372093,0.0,0.0,0.2837704333333333,0.0021213011184763866,32.864069319231625,0.7751903411805932,43
slowrank_lb30_k5_d7_th1,slow_rank,taker,train,0.08829173385180988,0.043154359788130536,0.016219460198256038,2.612963603834713,-0.014705497618391017,0.0035630865758897964,0.0,0.03396211051257381,-0.003959119880569406,0.4166666666666667,0.0,0.0,0.16044719500000001,0.003025797289091881,19.624237587641794,0.4309411161146896,24
slowrank_lb30_k5_d7_th1,slow_rank,taker,test,-0.002719591609989136,-0.0017212261607256751,0.003908195433543961,-0.43883768553976044,-0.0037317600331655543,-0.0001432267399374906,0.0,0.0,-0.0017279829905981758,0.0,0.0,0.0,0.0035913560000000004,0.0008974341256817952,2.2772963604852685,0.024263431542461005,19
slowrank_lb30_k5_d7_th1,slow_rank,taker,full,0.0853320247832059,0.023114254139604107,0.012401900913545722,1.8487600604778438,-0.014705497618391017,0.001925413250291693,0.0,0.03396211051257381,-0.003959119880569406,0.23255813953488372,0.0,0.0,0.164038551,0.0039232314147736765,11.971711637093435,0.2515370647637858,43
slowrank_lb30_k5_d7_th1,slow_rank,optimistic_limit,train,0.1143032395273198,0.05553073666225128,0.01493348604710348,3.626440708730425,-0.009042310118172359,0.004553637584483026,0.0,0.0354534566509741,-0.0027608703720796157,0.4583333333333333,0.0,0.0,0.16044719500000001,0.003025797289091881,19.624237587641794,0.4309411161146896,24
slowrank_lb30_k5_d7_th1,slow_rank,optimistic_limit,test,-0.0005587011810314069,-0.00035346077474607274,0.003109692564860916,-0.11212864780989235,-0.002526269643365664,-2.937150492898777e-05,0.0,0.00056976085966709,-0.0011278194533178576,0.05263157894736842,0.0,0.0,0.0035913560000000004,0.0008974341256817952,2.2772963604852685,0.024263431542461005,19
slowrank_lb30_k5_d7_th1,slow_rank,optimistic_limit,full,0.11368067699136764,0.030502566238060247,0.011356752927253747,2.65138867228174,-0.009042310118172359,0.002528587056603299,0.0,0.0354534566509741,-0.0027608703720796157,0.27906976744186046,0.0,0.0,0.164038551,0.0039232314147736765,11.971711637093435,0.2515370647637858,43
slowrank_lb30_k5_d14_th0,slow_rank,taker,train,0.17880926143059095,0.08561275209428865,0.02387387384521627,3.452707577287388,-0.01992156638855358,0.006905783106320072,0.004694309229964055,0.0364102775469779,-0.0008617378904518525,0.9583333333333334,0.0,0.0,0.22990885500000002,0.001966579748919085,16.678105227156134,0.9807900587128769,24
slowrank_lb30_k5_d14_th0,slow_rank,taker,test,0.011788384979630306,0.007441060745482675,0.018015532804424233,0.4205161143975761,-0.01451859716896442,0.0006214154911608804,0.0005970252074209981,0.0069747598155178725,-0.007000971548618007,0.631578947368421,0.0,0.0,0.06638998550000001,0.0013860397317687666,17.64904679376083,1.0,19
slowrank_lb30_k5_d14_th0,slow_rank,taker,full,0.19270551882189957,0.05040657119255809,0.021490639083279375,2.2990538141655033,-0.01992156638855358,0.00412896950892415,0.002212064033522143,0.0364102775469779,-0.007000971548618007,0.813953488372093,0.0,0.0,0.29629884050000005,0.0033526194806878613,17.106431779809498,0.9892644388519002,43
slowrank_lb30_k5_d14_th0,slow_rank,optimistic_limit,train,0.202702781296781,0.09654538465633489,0.023309285154804182,3.9656457779368397,-0.019450443004740414,0.007748088370612749,0.005384806965839428,0.03715763502400704,9.918715195489369e-05,1.0,0.0,0.0,0.22990885500000002,0.001966579748919085,16.678105227156134,0.9807900587128769,24
slowrank_lb30_k5_d14_th0,slow_rank,optimistic_limit,test,0.02889325424032374,0.018181602845463996,0.017142642331015007,1.059652857430847,-0.00912706129394969,0.0015038476552300863,0.001245373988803422,0.007216610949075886,-0.005148117238298333,0.7894736842105263,0.0,0.0,0.06638998550000001,0.0013860397317687666,17.64904679376083,1.0,19
slowrank_lb30_k5_d14_th0,slow_rank,optimistic_limit,full,0.23745277853230462,0.061258354398339154,0.02081874772207109,2.8662624485281527,-0.019450443004740414,0.004989005263815759,0.0031763771321862144,0.03715763502400704,-0.005148117238298333,0.9069767441860465,0.0,0.0,0.29629884050000005,0.0033526194806878613,17.106431779809498,0.9892644388519002,43
slowrank_lb30_k5_d14_th0.5,slow_rank,taker,train,0.15703646567813978,0.07555344899794947,0.025107098048342723,2.9135514566139564,-0.019150110200547688,0.00612746864637749,0.004459896735500957,0.0364102775469779,-0.0012211589389583555,0.7916666666666666,0.0,0.0,0.22096965850000003,0.0019240483409355556,19.074958672974976,0.8658724277489597,24
slowrank_lb30_k5_d14_th0.5,slow_rank,taker,test,-0.013658627122743128,-0.008662022236193612,0.01873714978301872,-0.45493186361722326,-0.02364391567593016,-0.0007194111616116015,-0.0001951429746487321,0.005528841263601425,-0.00817775193272452,0.3157894736842105,0.0,0.0,0.05182065200000001,0.0015042220465863333,21.12824956672444,0.6117850953206239,19
slowrank_lb30_k5_d14_th0.5,slow_rank,taker,full,0.14123293602602538,0.037554507903301726,0.022524062956325586,1.6480277982934421,-0.02364391567593216,0.0031021031498241706,0.0014241005238531113,0.0364102775469779,-0.00817775193272452,0.5813953488372093,0.0,0.0,0.2727903105,0.0034282703875218967,19.980758816221208,0.7537829314134624,43
slowrank_lb30_k5_d14_th0.5,slow_rank,optimistic_limit,train,0.18390750666390399,0.08795473076484206,0.02432767667901658,3.4773479773697415,-0.018442301794605043,0.0070900243603074274,0.0052107807904960834,0.03715763502400704,-0.0004761334333279743,0.9166666666666666,0.0,0.0,0.22096965850000003,0.0019240483409355556,19.074958672974976,0.8658724277489597,24
slowrank_lb30_k5_d14_th0.5,slow_rank,optimistic_limit,test,0.006350140943853111,0.00401231429385418,0.01723452748442009,0.2409595084126926,-0.01349306609770129,0.0003361765013254528,0.0,0.006253874064353404,-0.005189447603941355,0.3684210526315789,0.0,0.0,0.05182065200000001,0.0015042220465863333,21.12824956672444,0.6117850953206239,19
slowrank_lb30_k5_d14_th0.5,slow_rank,optimistic_limit,full,0.19142548619571476,0.05009185993462162,0.021493059615975495,2.2848648842795294,-0.018442301794605043,0.004105766004013067,0.0022667940114184937,0.03715763502400704,-0.005189447603941355,0.6744186046511628,0.0,0.0,0.2727903105,0.0034282703875218967,19.980758816221208,0.7537829314134624,43
slowrank_lb30_k5_d14_th1,slow_rank,taker,train,0.1156983134009717,0.05619040994361879,0.0157145110882093,3.4867239458686603,-0.008350348178850941,0.0046053753363954385,0.0004931345909938711,0.0364102775469779,-0.0015357329756825466,0.5,0.0,0.0,0.16069652450000002,0.005631660417356829,14.131448440973609,0.4596705238556689,24
slowrank_lb30_k5_d14_th1,slow_rank,taker,test,-0.0008634679071714002,-0.0005463012123192446,0.002829985236450899,-0.19167703407916434,-0.002074195688529845,-4.545411869095213e-05,0.0,0.0,-0.0005934169816791401,0.0,0.0,0.0,0.0029426219999999998,0.00019987193724824132,1.2651646447140381,0.024263431542461005,19
slowrank_lb30_k5_d14_th1,slow_rank,taker,full,0.11473494371326587,0.030774704560685207,0.011900521330611983,2.5529593462098985,-0.008350348178850941,0.0025503576701944755,0.0,0.0364102775469779,-0.0015357329756825466,0.27906976744186046,0.0,0.0,0.1636391465,0.0058315323546050705,8.455544582842217,0.2675926220891338,43
slowrank_lb30_k5_d14_th1,slow_rank,optimistic_limit,train,0.1348395010894714,0.06520013003733327,0.014703675736533943,4.303075795955824,-0.00555667744745636,0.0053196553508415055,0.0007940322671007305,0.03715763502400704,-0.0009354539186066102,0.5,0.0,0.0,0.16069652450000002,0.005631660417356829,14.131448440973609,0.4596705238556689,24
slowrank_lb30_k5_d14_th1,slow_rank,optimistic_limit,test,0.00033821923542731724,0.00021393821782766942,0.00234069533160929,0.09256036327834921,-0.0014742807829555282,1.7800883748902108e-05,0.0,0.00033082867969325136,0.0,0.10526315789473684,0.0,0.0,0.0029426219999999998,0.00019987193724824132,1.2651646447140381,0.024263431542461005,19
slowrank_lb30_k5_d14_th1,slow_rank,optimistic_limit,full,0.13522332563786432,0.036026913758124834,0.011106259178398244,3.192332659985231,-0.00555667744745636,0.002976975470033146,0.0,0.03715763502400704,-0.0009354539186066102,0.32558139534883723,0.0,0.0,0.1636391465,0.0058315323546050705,8.455544582842217,0.2675926220891338,43
slowrank_lb30_k5_d30_th0,slow_rank,taker,train,0.19071469890658999,0.0910738901086765,0.021459503961216438,4.072461109298016,-0.01470433754787126,0.007327310977372982,0.005037935872190813,0.03688527905273986,-0.0017158978571123473,0.9583333333333334,0.0,0.0,0.2184878335,0.00012761360828851087,10.88570939976059,0.9589009861483213,24
slowrank_lb30_k5_d30_th0,slow_rank,taker,test,0.035805775887513214,0.02250349343075908,0.01674059805166966,1.3377169988452013,-0.0056327647925134006,0.0018559135531164867,0.00202210894359367,0.006015103263776966,-0.0040142092007944274,0.8421052631578947,0.0,0.0,0.06074903333333334,0.0014521813277277257,8.476603119584055,1.0,19
slowrank_lb30_k5_d30_th0,slow_rank,taker,full,0.23334916256158933,0.060275072645371575,0.01952167184906106,3.0078908553749497,-0.01470433754787126,0.004909716766654996,0.0035138476087741566,0.03688527905273986,-0.0040142092007944274,0.9069767441860465,0.0,0.0,0.2792368668333334,0.0015797949360162405,9.82294288171769,0.9770316332706827,43
slowrank_lb30_k5_d30_th0,slow_rank,optimistic_limit,train,0.2064191383293994,0.09823602187233083,0.02091841610044061,4.4900350244375655,-0.01470433754787126,0.007877614889729509,0.00552118900253018,0.03738371572334498,-0.001115815721161928,0.9583333333333334,0.0,0.0,0.2184878335,0.00012761360828851087,10.88570939976059,0.9589009861483213,24
slowrank_lb30_k5_d30_th0,slow_rank,optimistic_limit,test,0.0441797144264755,0.02772493200082926,0.016282087800426004,1.6877531182201835,-0.005154647172641469,0.0022804823320794533,0.0025037917485015715,0.0064987580901922914,-0.0032954602661093846,0.8421052631578947,0.0,0.0,0.06074903333333334,0.0014521813277277257,8.476603119584055,1.0,19
slowrank_lb30_k5_d30_th0,slow_rank,optimistic_limit,full,0.2597183913393992,0.06655290387337276,0.019015979811882928,3.3978172360635304,-0.01470433754787126,0.005404463294488787,0.003946397204708463,0.03738371572334498,-0.0032954602661093846,0.9069767441860465,0.0,0.0,0.2792368668333334,0.0015797949360162405,9.82294288171769,0.9770316332706827,43
slowrank_lb30_k5_d30_th0.5,slow_rank,taker,train,0.17728009511133624,0.08490931144681757,0.02531399435267037,3.2320885017256265,-0.01470433754787126,0.006853382239479289,0.004407472804894841,0.03688527905273986,-0.0017158978571123473,0.9166666666666666,0.0,0.0,0.21665527150000002,0.00019368516822761811,13.23262839879154,0.9178589750897794,24
slowrank_lb30_k5_d30_th0.5,slow_rank,taker,test,0.0061272735890920416,0.0038716541336016874,0.017848396749292898,0.22542659497019507,-0.01679530529954598,0.00032468312126747955,-0.0003639518673029807,0.006015103263776966,-0.0040369730119710345,0.3157894736842105,0.0,0.0,0.04492395566666667,0.0018364865440459394,12.778162911611785,0.6360485268630849,19
slowrank_lb30_k5_d30_th0.5,slow_rank,taker,full,0.1844936123450871,0.0483833286626727,0.02233388197308902,2.126758986044597,-0.016795305299544316,0.003968608210501978,0.0033967602668867336,0.03688527905273986,-0.0040369730119710345,0.6511627906976745,0.0,0.0,0.2615792271666667,0.0020301717122735586,13.032142970915231,0.7935395495524195,43
slowrank_lb30_k5_d30_th0.5,slow_rank,optimistic_limit,train,0.19618962140453,0.09357611101914931,0.02462424714793846,3.6450514235032236,-0.01470433754787126,0.007521819662504055,0.004890484445122523,0.03738371572334498,-0.001115815721161928,0.9166666666666666,0.0,0.0,0.21665527150000002,0.00019368516822761811,13.23262839879154,0.9178589750897794,24
slowrank_lb30_k5_d30_th0.5,slow_rank,optimistic_limit,test,0.01842140297002648,0.011613945464928888,0.016933194336190262,0.6903836818816931,-0.012056280436288591,0.0009642244881763286,0.0,0.0064987580901922914,-0.003438197645044272,0.47368421052631576,0.0,0.0,0.04492395566666667,0.0018364865440459394,12.778162911611785,0.6360485268630849,19
slowrank_lb30_k5_d30_th0.5,slow_rank,optimistic_limit,full,0.2182251124489878,0.05663065110331278,0.02157573383394269,2.563902131340252,-0.01470433754787126,0.004624277608731339,0.003946397204708463,0.03738371572334498,-0.003438197645044272,0.7209302325581395,0.0,0.0,0.2615792271666667,0.0020301717122735586,13.032142970915231,0.7935395495524195,43
slowrank_lb30_k5_d30_th1,slow_rank,taker,train,0.11756486214042816,0.05707237880935856,0.02036613820165652,2.735461117556292,-0.008341855164781253,0.004678741913142835,0.0,0.03688527905273986,-0.001950784867044253,0.4166666666666667,0.0,0.0,0.14257176600000002,0.0009960649245176027,7.989511486062818,0.41042011058541866,24
slowrank_lb30_k5_d30_th1,slow_rank,taker,test,0.0032829267926162142,0.002075470848892813,0.0036422313386796582,0.5710662657212748,-0.002243936420408099,0.00017266514067021692,0.0,0.0022739796300899062,0.0,0.10526315789473684,0.0,0.0,0.006404870000000002,0.0008831691625912352,1.2651646447140381,0.05199306759098787,19
slowrank_lb30_k5_d30_th1,slow_rank,taker,full,0.1212337457688355,0.03244815870361406,0.015418445831823929,2.0787944661634,-0.008341855164781253,0.0026876847346084223,0.0,0.03688527905273986,-0.001950784867044253,0.27906976744186046,0.0,0.0,0.148976636,0.0018792340871088401,5.023095791787455,0.2523016151126119,43
slowrank_lb30_k5_d30_th1,slow_rank,optimistic_limit,train,0.12836854215013793,0.06216283562023772,0.01985090894934065,3.0479453717436242,-0.0071489904040857866,0.005082681133382089,0.0,0.03738371572334498,-0.0013507552787879185,0.4166666666666667,0.0,0.0,0.14257176600000002,0.0009960649245176027,7.989511486062818,0.41042011058541866,24
slowrank_lb30_k5_d30_th1,slow_rank,optimistic_limit,test,0.0044895176976411655,0.0028376519905830566,0.003292403411239256,0.8623044875392711,-0.0016440830755705127,0.0002360468982190941,0.0,0.002876425413472994,0.0,0.10526315789473684,0.0,0.0,0.006404870000000002,0.0008831691625912352,1.2651646447140381,0.05199306759098787,19
slowrank_lb30_k5_d30_th1,slow_rank,optimistic_limit,full,0.13343437268958702,0.03557105063780486,0.015003040818361037,2.337235349262939,-0.0071489904040857866,0.0029411450759844865,0.0,0.03738371572334498,-0.0013507552787879185,0.27906976744186046,0.0,0.0,0.148976636,0.0018792340871088401,5.023095791787455,0.2523016151126119,43
slowrank_lb30_k5_d60_th0,slow_rank,taker,train,0.21224226014118552,0.10087982908618165,0.02026961064369117,4.751719982484448,-0.014704337547871371,0.008083881573827473,0.006585676251975481,0.038810748831734854,0.0,0.9166666666666666,0.0,0.0,0.21162015350000002,6.375756429559832e-05,4.693837998061905,0.9178589750897794,24
slowrank_lb30_k5_d60_th0,slow_rank,taker,test,0.046191358279898065,0.02897696619022394,0.01582779946722923,1.8126580122073228,-0.005458841778816725,0.002382588476893222,0.0019001241551803716,0.008259390195843652,-0.0026853386463453477,0.8947368421052632,0.0,0.0,0.06162358933333334,0.0009308040885104654,5.440207972270365,1.0,19
slowrank_lb30_k5_d60_th0,slow_rank,taker,full,0.2682373767014026,0.06856079369947854,0.01844568370701479,3.6042573058005773,-0.014704337547871371,0.005564705554251873,0.0033958220447423138,0.038810748831734854,-0.0026853386463453477,0.9069767441860465,0.0,0.0,0.27324374283333336,0.000994561652806073,5.023095791787455,0.9540951228058998,43
slowrank_lb30_k5_d60_th0,slow_rank,optimistic_limit,train,0.21910901888801937,0.1039893108070793,0.020057203642895254,4.942454516423023,-0.014704337547871482,0.008320674693192975,0.006585676251975481,0.038810748831734854,0.0,0.9166666666666666,0.0,0.0,0.21162015350000002,6.375756429559832e-05,4.693837998061905,0.9178589750897794,24
slowrank_lb30_k5_d60_th0,slow_rank,optimistic_limit,test,0.05161336699626906,0.03234719259394425,0.015454404389933606,2.067663786775244,-0.004740964618943577,0.002654960783176794,0.002140756014263223,0.008259390195843652,-0.0019656307378445037,0.9473684210526315,0.0,0.0,0.06162358933333334,0.0009308040885104654,5.440207972270365,1.0,19
slowrank_lb30_k5_d60_th0,slow_rank,optimistic_limit,full,0.2820313400883263,0.07179145358346362,0.018174213725649577,3.823925963767286,-0.014704337547871482,0.005817219709697453,0.003900341650561634,0.038810748831734854,-0.0019656307378445037,0.9302325581395349,0.0,0.0,0.27324374283333336,0.000994561652806073,5.023095791787455,0.9540951228058998,43
slowrank_lb30_k5_d60_th0.5,slow_rank,taker,train,0.19418449706273289,0.09266036953746459,0.021670871114218854,4.099999437282093,-0.014704337547871371,0.007456247116934045,0.006347519534680823,0.038810748831734854,-0.0002833609523016367,0.7916666666666666,0.0,0.0,0.20293045800000004,0.001003944179565681,6.491478082426038,0.8357749529726957,24
slowrank_lb30_k5_d60_th0.5,slow_rank,taker,test,0.027069812269519877,0.017039762429709615,0.019567701439471244,0.8732607597509181,-0.006037216141216217,0.0014106483287573222,0.0,0.008259390195843652,-0.002951958753766859,0.3684210526315789,0.0,0.0,0.04212277733333333,0.0012898425608529772,5.187175043327556,0.5009387637203928,19
slowrank_lb30_k5_d60_th0.5,slow_rank,taker,full,0.2265108472133952,0.05863126695531373,0.020772502692923425,2.753288644599338,-0.014704337547871371,0.0047849360244838655,0.00262519389276461,0.038810748831734854,-0.002951958753766859,0.6046511627906976,0.0,0.0,0.2450532353333334,0.0022937867404186655,5.916090599216336,0.6880634576789526,43
slowrank_lb30_k5_d60_th0.5,slow_rank,optimistic_limit,train,0.20355502172876871,0.09693331491570878,0.021293917448644863,4.355490080528511,-0.014704337547871482,0.007783666424162515,0.006347519534680823,0.038810748831734854,0.0,0.875,0.0,0.0,0.20293045800000004,0.001003944179565681,6.491478082426038,0.8357749529726957,24
slowrank_lb30_k5_d60_th0.5,slow_rank,optimistic_limit,test,0.032150418198358066,0.020219392330667274,0.019094127861466675,1.057917439233944,-0.0048396429991710566,0.0016705114137774337,0.0,0.008259390195843652,-0.0017506683484143082,0.42105263157894735,0.0,0.0,0.04212277733333333,0.0012898425608529772,5.187175043327556,0.5009387637203928,19
slowrank_lb30_k5_d60_th0.5,slow_rank,optimistic_limit,full,0.24224981900210207,0.06240481431509037,0.020356141837583847,2.9839814749038314,-0.014704337547871482,0.005082504907945851,0.0030664781203069147,0.038810748831734854,-0.0017506683484143082,0.6744186046511628,0.0,0.0,0.2450532353333334,0.0022937867404186655,5.916090599216336,0.6880634576789526,43
slowrank_lb30_k5_d60_th1,slow_rank,taker,train,0.11652938502432741,0.056583193394203146,0.021283543683547224,2.596700174040517,-0.018695269989279728,0.0046433498881560025,0.0,0.038810748831734854,-0.0014870338141929063,0.3333333333333333,0.0,0.0,0.121282526,0.0029965445462794213,3.395542381576697,0.32833608846833495,24
slowrank_lb30_k5_d60_th1,slow_rank,taker,test,0.0,0.0,0.0,,0.0,0.0,0.0,0.0,0.0,0.0,0.0,0.0,0.0,0.0,0.0,0.0,19
slowrank_lb30_k5_d60_th1,slow_rank,taker,full,0.11652938502432741,0.031237478085275105,0.015913348052432615,1.9408988244340113,-0.018695269989279728,0.002591637146877769,0.0,0.038810748831734854,-0.0014870338141929063,0.18604651162790697,0.0,0.0,0.121282526,0.0029965445462794248,1.8976139657863718,0.1834920837182632,43
slowrank_lb30_k5_d60_th1,slow_rank,optimistic_limit,train,0.1211046866028993,0.05874296932699763,0.021061422187005928,2.720818494943164,-0.01751291805630595,0.004814533734653024,0.0,0.038810748831734854,-0.0008865927776746663,0.375,0.0,0.0,0.121282526,0.0029965445462794213,3.395542381576697,0.32833608846833495,24
slowrank_lb30_k5_d60_th1,slow_rank,optimistic_limit,test,0.0,0.0,0.0,,0.0,0.0,0.0,0.0,0.0,0.0,0.0,0.0,0.0,0.0,0.0,0.0,19
slowrank_lb30_k5_d60_th1,slow_rank,optimistic_limit,full,0.1211046866028993,0.03241499386230284,0.01574753316154465,2.0336370515130437,-0.01751291805630595,0.0026871816193412227,0.0,0.038810748831734854,-0.0008865927776746663,0.20930232558139536,0.0,0.0,0.121282526,0.0029965445462794248,1.8976139657863718,0.1834920837182632,43
slowrank_lb30_k5_d90_th0,slow_rank,taker,train,0.20730083974896507,0.09863674076323647,0.01463785180657199,6.433848615257335,-0.003795910691874127,0.007910954350467014,0.006224989897093858,0.03575773153525286,-0.0002912255284985843,0.8333333333333334,0.0,0.0,0.20240875000000003,0.00019396542828056156,3.495411275152483,0.8768739668243744,24
slowrank_lb30_k5_d90_th0,slow_rank,taker,test,0.04831523707609864,0.030297895130809938,0.01608845592453087,1.8632893560941632,-0.005088496079212024,0.0024899337075961216,0.002565619180256551,0.008259390195843652,-0.0022998384916000925,0.7894736842105263,0.0,0.0,0.059125084666666675,0.0014639232469146814,4.175043327556326,1.0,19
slowrank_lb30_k5_d90_th0,slow_rank,taker,full,0.26563186604359834,0.06794772043365027,0.015298290707888802,4.304798399630291,-0.0050884960792156875,0.005515619647803132,0.0036102277084597567,0.03575773153525286,-0.0022998384916000925,0.813953488372093,0.0,0.0,0.2615338346666667,0.0016578886751952425,3.795227931572744,0.9311904686056514,43
slowrank_lb30_k5_d90_th0,slow_rank,optimistic_limit,train,0.2123902962107891,0.10094695728706049,0.014406088062840307,6.682936333665947,-0.003253663487636671,0.008087923984488302,0.0063512235968835595,0.03625562618733191,0.0,0.875,0.0,0.0,0.20240875000000003,0.00019396542828056156,3.495411275152483,0.8768739668243744,24
slowrank_lb30_k5_d90_th0,slow_rank,optimistic_limit,test,0.05248224284277114,0.032886676581929564,0.01580775901699045,2.0548437410887606,-0.004370465329862294,0.002698907986462095,0.002565619180256551,0.008259390195843652,-0.001579553816778878,0.8421052631578947,0.0,0.0,0.059125084666666675,0.0014639232469146814,4.175043327556326,1.0,19
slowrank_lb30_k5_d90_th0,slow_rank,optimistic_limit,full,0.27601925815674533,0.07038647083388949,0.01504410176971577,4.528897448201027,-0.0043704653298591856,0.005706730869081374,0.0036254171459630946,0.03625562618733191,-0.001579553816778878,0.8604651162790697,0.0,0.0,0.2615338346666667,0.0016578886751952425,3.795227931572744,0.9311904686056514,43
slowrank_lb30_k5_d90_th0.5,slow_rank,taker,train,0.20756516017845827,0.0987568415328206,0.023964188077829573,3.9420090244439874,-0.00653169197364134,0.00792165796000697,0.006134986680662813,0.03575773153525286,-0.0004536830537238412,0.8333333333333334,0.0,0.0,0.206213947,0.0001681742469749317,4.2943624237587645,0.8768739668243744,24
slowrank_lb30_k5_d90_th0.5,slow_rank,taker,test,0.02464949547892825,0.015523007529057775,0.009810236620571608,1.5750788277867,-0.004570770202465768,0.0012863939781327996,0.0,0.008259390195843652,-0.002517514766948392,0.3684210526315789,0.0,0.0,0.03232541933333334,0.0013012765298483953,2.9098786828422876,0.448945696129405,19
slowrank_lb30_k5_d90_th0.5,slow_rank,taker,full,0.237331032134789,0.06122921618194965,0.01906731053433739,3.1262858911866496,-0.00653169197364134,0.004989797130806756,0.0024440828748464316,0.03575773153525286,-0.002517514766948392,0.627906976744186,0.0,0.0,0.2385393663333334,0.0014694507768233229,3.6836035806441334,0.688095313943487,43
slowrank_lb30_k5_d90_th0.5,slow_rank,optimistic_limit,train,0.21382572278465695,0.10159765084927419,0.0237320110146191,4.089146219456615,-0.006531691973640785,0.008139007704568435,0.006224989897093858,0.03625562618733191,0.0,0.875,0.0,0.0,0.206213947,0.0001681742469749317,4.2943624237587645,0.8768739668243744,24
slowrank_lb30_k5_d90_th0.5,slow_rank,optimistic_limit,test,0.027487211474579887,0.01730120374376276,0.009441162737003121,1.821578939524192,-0.003974396713312123,0.0014319516603909482,0.0,0.008259390195843652,-0.0019178258980706575,0.3684210526315789,0.0,0.0,0.03232541933333334,0.0013012765298483953,2.9098786828422876,0.448945696129405,19
slowrank_lb30_k5_d90_th0.5,slow_rank,optimistic_limit,full,0.24719040712011742,0.06358224959699088,0.01882134881075815,3.284569383222107,-0.006531691973640785,0.0051754248013272195,0.002476452780942884,0.03625562618733191,-0.0019178258980706575,0.6511627906976745,0.0,0.0,0.2385393663333334,0.0014694507768233229,3.6836035806441334,0.688095313943487,43
slowrank_lb30_k5_d90_th1,slow_rank,taker,train,0.09329262373971603,0.045545208369210055,0.006885025192897668,6.472350331166167,-0.002202596004228896,0.0037545878110700295,0.0,0.03575773153525286,0.0,0.2916666666666667,0.0,0.0,0.09355546000000001,0.001286131634381449,1.3981645100609927,0.24625206635125121,24
slowrank_lb30_k5_d90_th1,slow_rank,taker,test,0.0,0.0,0.0,,0.0,0.0,0.0,0.0,0.0,0.0,0.0,0.0,0.0,0.0,0.0,0.0,19
slowrank_lb30_k5_d90_th1,slow_rank,taker,full,0.09329262373971603,0.025202882970313034,0.005152370302619151,4.833471857098506,-0.002202596004228896,0.002095583894550714,0.0,0.03575773153525286,0.0,0.16279069767441862,0.0,0.0,0.09355546000000001,0.0012861316343814474,0.7813704565002707,0.1376190627886974,43
slowrank_lb30_k5_d90_th1,slow_rank,optimistic_limit,train,0.09513381503516705,0.046424074206309784,0.006688794407819215,6.78764976544968,-0.0016026889032080271,0.00382568463420808,0.0,0.03625562618733191,0.0,0.2916666666666667,0.0,0.0,0.09355546000000001,0.001286131634381449,1.3981645100609927,0.24625206635125121,24
slowrank_lb30_k5_d90_th1,slow_rank,optimistic_limit,test,0.0,0.0,0.0,,0.0,0.0,0.0,0.0,0.0,0.0,0.0,0.0,0.0,0.0,0.0,0.0,19
slowrank_lb30_k5_d90_th1,slow_rank,optimistic_limit,full,0.09513381503516705,0.025684395731131016,0.005006047922519911,5.06840116628129,-0.0016026889032080271,0.002135265842348696,0.0,0.03625562618733191,0.0,0.16279069767441862,0.0,0.0,0.09355546000000001,0.0012861316343814474,0.7813704565002707,0.1376190627886974,43
slowrank_lb30_k10_d7_th0,slow_rank,taker,train,0.1972405064644176,0.09405574392053406,0.019911226125306037,4.524584936434772,-0.016405268441310517,0.0075594666330845205,0.005075844679334085,0.036268463460855216,-0.00036698656719791334,0.9583333333333334,0.0,0.0,0.20941300887301587,0.0015797869481444789,7.634025781549009,0.9807900587128769,24
slowrank_lb30_k10_d7_th0,slow_rank,taker,test,-0.006534904543196052,-0.0041388427187232235,0.01729566553695538,-0.23114690860178214,-0.027951091440845177,-0.00033593087156766197,-0.0010009570553740632,0.006281838561848607,-0.00951618193069792,0.47368421052631576,0.0,0.0,0.05669560561111111,0.001314680622166003,20.347060603559736,1.0,19
slowrank_lb30_k10_d7_th0,slow_rank,taker,full,0.18941665403942665,0.04959747282005078,0.01880862217367921,2.583048697495056,-0.027951091440844733,0.0040708026194009985,0.003088635327815892,0.036268463460855216,-0.00951618193069792,0.7441860465116279,0.0,0.0,0.266108614484127,0.0028944675703104802,13.242324536453427,0.9892644388519002,43
slowrank_lb30_k10_d7_th0,slow_rank,optimistic_limit,train,0.20828201924126089,0.09908249860709706,0.01972394883214472,4.799771590724688,-0.01627407753793153,0.007943526875995791,0.005270226324437188,0.03639287560199089,0.0003629895110710546,1.0,0.0,0.0,0.20941300887301587,0.0015797869481444789,7.634025781549009,0.9807900587128769,24
slowrank_lb30_k10_d7_th0,slow_rank,optimistic_limit,test,0.01284753536010741,0.008108053550819116,0.016433680876573317,0.49960789689925,-0.01687096403595878,0.0006781721353450688,0.00032961503511108603,0.006402645658147854,-0.006296629888058458,0.5789473684210527,0.0,0.0,0.05669560561111111,0.001314680622166003,20.347060603559736,1.0,19
slowrank_lb30_k10_d7_th0,slow_rank,optimistic_limit,full,0.22380546520843203,0.05797911847527737,0.018350802112188994,3.0804638066323555,-0.01687096403595767,0.0047332538510571,0.003614351328199872,0.03639287560199089,-0.006296629888058458,0.813953488372093,0.0,0.0,0.266108614484127,0.0028944675703104802,13.242324536453427,0.9892644388519002,43
slowrank_lb30_k10_d7_th0.5,slow_rank,taker,train,0.1297286560462152,0.06280195894493246,0.02457408192368391,2.4908558069595537,-0.02971354242629043,0.005142375503072495,0.0030864842308770957,0.036268463460855216,-0.012134650184250084,0.6666666666666666,0.0,0.0,0.21611935801984128,-0.0001424181180071562,23.318197734546136,0.894601835489939,24
slowrank_lb30_k10_d7_th0.5,slow_rank,taker,test,-0.041203604465778754,-0.02626576578391382,0.020902981044869633,-1.2628939133735821,-0.047354876212041375,-0.0022031959027841775,-0.0011643333478268403,0.005710776021166986,-0.013651854238093564,0.21052631578947367,0.0,0.0,0.05682615299603175,-8.406541479714057e-05,31.146144535225993,0.6239168110918544,19
slowrank_lb30_k10_d7_th0.5,slow_rank,taker,full,0.08317976334884025,0.022547667689166273,0.023031187803964806,0.9796406499400809,-0.04735487621203205,0.001896657905135826,0.0,0.036268463460855216,-0.013651854238093564,0.46511627906976744,0.0,0.0,0.27294551101587305,-0.00022648353280429784,26.771461641265088,0.7751903411805932,43
slowrank_lb30_k10_d7_th0.5,slow_rank,optimistic_limit,train,0.161885247622499,0.07780179406964005,0.02357914820402285,3.189318488112536,-0.019956583003964412,0.006311164317803093,0.004229822619722379,0.03639287560199089,-0.008115450846871486,0.7916666666666666,0.0,0.0,0.21611935801984128,-0.0001424181180071562,23.318197734546136,0.894601835489939,24
slowrank_lb30_k10_d7_th0.5,slow_rank,optimistic_limit,test,-0.012397214277061752,-0.007860220840212095,0.01900939336459296,-0.40561845735463464,-0.024280887766156223,-0.0006509426030950557,-0.0005638309430259225,0.006314776754656526,-0.009489747997238784,0.3157894736842105,0.0,0.0,0.05682615299603175,-8.406541479714057e-05,31.146144535225993,0.6239168110918544,19
slowrank_lb30_k10_d7_th0.5,slow_rank,optimistic_limit,full,0.1474811072423745,0.03913660539514208,0.02168640280127001,1.7810775317548382,-0.024280887766159664,0.0032348845155457714,0.0008458711495586968,0.03639287560199089,-0.009489747997238784,0.5813953488372093,0.0,0.0,0.27294551101587305,-0.00022648353280429784,26.771461641265088,0.7751903411805932,43
slowrank_lb30_k10_d7_th1,slow_rank,taker,train,0.10159709591310717,0.0495033855339575,0.014965811623076735,3.235993073557885,-0.015435863539569383,0.0040762281646906885,0.0,0.036268463460855216,-0.003959119880569406,0.4166666666666667,0.0,0.0,0.15484518515873016,0.0013944630571333478,14.794070623746277,0.4309411161146896,24
slowrank_lb30_k10_d7_th1,slow_rank,taker,test,-0.002825548216146667,-0.0017883208455269362,0.003930208610790961,-0.4534591059751238,-0.0038376091009315605,-0.00014881446127025302,0.0,0.0,-0.0016822618633599573,0.0,0.0,0.0,0.003606108333333334,0.0009099017521663939,2.3194685153090697,0.024263431542461005,19
slowrank_lb30_k10_d7_th1,slow_rank,taker,full,0.09848448020383671,0.026559174314219725,0.01149136289057209,2.286822241260203,-0.015435863539569383,0.0022093488648474817,0.0,0.036268463460855216,-0.003959119880569406,0.23255813953488372,0.0,0.0,0.1584512934920635,0.0023043648092997454,9.290955399712686,0.2515370647637858,43
slowrank_lb30_k10_d7_th1,slow_rank,optimistic_limit,train,0.12139121074017978,0.05887807638756648,0.013825139210439808,4.145036390188592,-0.009306625981294614,0.004821419932470705,0.0,0.03639287560199089,-0.0027608703720796157,0.4583333333333333,0.0,0.0,0.15484518515873016,0.0013944630571333478,14.794070623746277,0.4309411161146896,24
slowrank_lb30_k10_d7_th1,slow_rank,optimistic_limit,test,-0.0006246886843521704,-0.0003952123813113495,0.003091881568608474,-0.12630101286037018,-0.0025584467698038793,-3.2852275175903876e-05,0.0,0.00045787761008586614,-0.0010820708384280397,0.05263157894736842,0.0,0.0,0.003606108333333334,0.0009099017521663939,2.3194685153090697,0.024263431542461005,19
slowrank_lb30_k10_d7_th1,slow_rank,optimistic_limit,full,0.12069069034009594,0.0323085890354069,0.01054155662877442,3.02168632224891,-0.009306625981294614,0.0026765089569989477,0.0,0.03639287560199089,-0.0027608703720796157,0.27906976744186046,0.0,0.0,0.1584512934920635,0.0023043648092997454,9.290955399712686,0.2515370647637858,43
slowrank_lb30_k10_d14_th0,slow_rank,taker,train,0.20455693259814178,0.097389197639981,0.019905840669305782,4.678637093205949,-0.01640526844131107,0.007814778002775405,0.005574102506374912,0.036268463460855216,-0.00022091141659297264,0.9583333333333334,0.0,0.0,0.2088449744404762,0.001192531236352354,5.87443098997565,0.9807900587128769,24
slowrank_lb30_k10_d14_th0,slow_rank,taker,test,0.016338922686863322,0.01030491876870121,0.016448342148578852,0.6315214673338438,-0.015387954111434898,0.0008585844846505813,9.880256390326636e-05,0.006459703904041492,-0.007054826501938449,0.5789473684210527,0.0,0.0,0.05723219738492064,0.001382211311315206,13.345478803884351,1.0,19
slowrank_lb30_k10_d14_th0,slow_rank,taker,full,0.22423809519179216,0.058083476282056345,0.018465514300846832,3.0667836813840608,-0.01640526844131107,0.0047411110994179245,0.0031714575477552742,0.036268463460855216,-0.007054826501938449,0.7906976744186046,0.0,0.0,0.2660771718253968,0.002574742547667566,9.170250496426789,0.9892644388519002,43
slowrank_lb30_k10_d14_th0,slow_rank,optimistic_limit,train,0.21309811216442243,0.10126786568115365,0.01972446383733817,4.900354398372882,-0.016274077537931864,0.008110467173737673,0.005698057558795044,0.03639287560199089,0.0003109891541499543,1.0,0.0,0.0,0.2088449744404762,0.001192531236352354,5.87443098997565,0.9807900587128769,24
slowrank_lb30_k10_d14_th0,slow_rank,optimistic_limit,test,0.02930272227061881,0.018437909705133038,0.01579602218936995,1.1645190308474707,-0.009151804671102215,0.0015251737023831366,0.0010004045044496035,0.006580523603760158,-0.005262047242427292,0.7894736842105263,0.0,0.0,0.05723219738492064,0.001382211311315206,13.345478803884351,1.0,19
slowrank_lb30_k10_d14_th0,slow_rank,optimistic_limit,full,0.2486451892321866,0.0639283106324744,0.01810136533452823,3.432442087975595,-0.016274077537931864,0.005200686337557762,0.0035732710834033288,0.03639287560199089,-0.005262047242427292,0.9069767441860465,0.0,0.0,0.2660771718253968,0.002574742547667566,9.170250496426789,0.9892644388519002,43
slowrank_lb30_k10_d14_th0.5,slow_rank,taker,train,0.1665247324008272,0.07994869596914755,0.023519478873983354,3.281978193641753,-0.019366318208228317,0.006473792839360601,0.004008371077694695,0.036268463460855216,-0.002223146575352386,0.7916666666666666,0.0,0.0,0.21138806981746033,0.0006827342528352197,14.352983010453226,0.8658724277489597,24
slowrank_lb30_k10_d14_th0.5,slow_rank,taker,test,-0.007352840609667899,-0.004657580998033817,0.018065611257980785,-0.24938022587375241,-0.023932486582652346,-0.000382903308143676,0.0,0.006805108756917422,-0.00817775193272452,0.3684210526315789,0.0,0.0,0.05144012690476191,0.0012871507138467663,18.929774971802704,0.6117850953206239,19
slowrank_lb30_k10_d14_th0.5,slow_rank,taker,full,0.15794746197624798,0.04177292880463135,0.021290573448612102,1.9328157713496934,-0.02393248658265712,0.0034440898904633623,0.0009454047638255414,0.036268463460855216,-0.00817775193272452,0.6046511627906976,0.0,0.0,0.26282819672222224,0.001969884966681985,16.372014423303007,0.7537829314134624,43
slowrank_lb30_k10_d14_th0.5,slow_rank,optimistic_limit,train,0.1868526144676519,0.08930532315485151,0.022877188040838294,3.75055738683167,-0.018579794009004003,0.007195855038611199,0.004624857372218294,0.03639287560199089,-0.0010898950991915513,0.9166666666666666,0.0,0.0,0.21138806981746033,0.0006827342528352197,14.352983010453226,0.8658724277489597,24
slowrank_lb30_k10_d14_th0.5,slow_rank,optimistic_limit,test,0.010668696648653775,0.006735665563140092,0.016706704620834293,0.41017417393453387,-0.01390378417313154,0.0005624759839647732,0.0,0.007128919710058357,-0.005189447603941355,0.3684210526315789,0.0,0.0,0.05144012690476191,0.0012871507138467663,18.929774971802704,0.6117850953206239,19
slowrank_lb30_k10_d14_th0.5,slow_rank,optimistic_limit,full,0.19951478497806696,0.05207662978823713,0.02039064143349301,2.4998705883185277,-0.018579794009004003,0.004264827084232545,0.001691750463151731,0.03639287560199089,-0.005189447603941355,0.6744186046511628,0.0,0.0,0.26282819672222224,0.001969884966681985,16.372014423303007,0.7537829314134624,43
slowrank_lb30_k10_d14_th1,slow_rank,taker,train,0.12427390629279045,0.06023641682195979,0.0144742917345816,4.048342901038746,-0.008262720658820832,0.0049272604302348505,0.0004931345909938711,0.036268463460855216,-0.0015357329756825466,0.5,0.0,0.0,0.15560882952777777,0.004161035375177945,10.591650990898554,0.4596705238556689,24
slowrank_lb30_k10_d14_th1,slow_rank,taker,test,-0.0008824352973628713,-0.0005583034987066693,0.0027110978246307326,-0.20463349875341322,-0.002028050459839559,-4.645268479604243e-05,0.0,0.0,-0.0006116894028498354,0.0,0.0,0.0,0.0029098,0.000213189350619499,1.2651646447140381,0.024263431542461005,19
slowrank_lb30_k10_d14_th1,slow_rank,taker,full,0.12328180731397209,0.03297408913566713,0.01097363709011264,2.9618618230182694,-0.008262720658820832,0.0027295732398723628,0.0,0.036268463460855216,-0.0015357329756825466,0.27906976744186046,0.0,0.0,0.1585186295277778,0.004374224725797444,6.477313030274071,0.2675926220891338,43
slowrank_lb30_k10_d14_th1,slow_rank,optimistic_limit,train,0.13870064363600298,0.06700831737655188,0.013628848949718829,4.765764667685774,-0.00555667744745636,0.005461789869205577,0.0007940322671007305,0.03639287560199089,-0.0009354539186066102,0.5,0.0,0.0,0.15560882952777777,0.004161035375177945,10.591650990898554,0.4596705238556689,24
slowrank_lb30_k10_d14_th1,slow_rank,optimistic_limit,test,0.00031923159355939923,0.00020192842162547464,0.0021947353336765714,0.0930943017941032,-0.001428067323843707,1.680185208172585e-05,0.0,0.00033012792382436373,-1.0892734271572557e-05,0.05263157894736842,0.0,0.0,0.0029098,0.000213189350619499,1.2651646447140381,0.024263431542461005,19
slowrank_lb30_k10_d14_th1,slow_rank,optimistic_limit,full,0.13906415285705775,0.037003891123535526,0.01029781247127592,3.5336421862921834,-0.00555667744745636,0.003055864931406666,0.0,0.03639287560199089,-0.0009354539186066102,0.3023255813953488,0.0,0.0,0.1585186295277778,0.004374224725797444,6.477313030274071,0.2675926220891338,43
slowrank_lb30_k10_d30_th0,slow_rank,taker,train,0.20526812997416788,0.09771268667442756,0.019680197519158983,4.74702920804641,-0.015983601236529088,0.007840672419431066,0.005943066126807284,0.03701707387048381,-0.0017087969603655218,0.875,0.0,0.0,0.2003725175634921,0.00028438130380833916,3.387219973778715,0.9589009861483213,24
slowrank_lb30_k10_d30_th0,slow_rank,taker,test,0.0331491602836993,0.020843764892051198,0.014556477424608066,1.424484879495944,-0.006015561388555857,0.001721199524140755,0.001817014632047087,0.006572505269512252,-0.004117369530329706,0.7894736842105263,0.0,0.0,0.05201737819444445,0.0011093452594078874,6.4357720557893865,1.0,19
slowrank_lb30_k10_d30_th0,slow_rank,taker,full,0.24522175639950516,0.06311348672434369,0.01760864229310724,3.4844781868066987,-0.015983601236529088,0.005136719279651626,0.0039955879314135245,0.03701707387048381,-0.004117369530329706,0.8372093023255814,0.0,0.0,0.2523898957579365,0.0013937265632162229,4.7320751625807205,0.9770316332706827,43
slowrank_lb30_k10_d30_th0,slow_rank,optimistic_limit,train,0.21018933505585546,0.09994848949388402,0.019557965959348424,4.880610009560396,-0.015983601236528866,0.008011021162921248,0.006063856385227995,0.037141557511278345,-0.0011087161660081613,0.9583333333333334,0.0,0.0,0.2003725175634921,0.00028438130380833916,3.387219973778715,0.9589009861483213,24
slowrank_lb30_k10_d30_th0,slow_rank,optimistic_limit,test,0.039484299293385705,0.024799082095096514,0.014166016700621871,1.7363346199127456,-0.004842409802434555,0.002043053167701469,0.0020807323692739743,0.006693336012570272,-0.0032785796764220887,0.8421052631578947,0.0,0.0,0.05201737819444445,0.0011093452594078874,6.4357720557893865,1.0,19
slowrank_lb30_k10_d30_th0,slow_rank,optimistic_limit,full,0.25797281296286,0.06614027055811889,0.01739049641771024,3.69145155636765,-0.015983601236528866,0.0053740120487543695,0.004116089353675578,0.037141557511278345,-0.0032785796764220887,0.9069767441860465,0.0,0.0,0.2523898957579365,0.0013937265632162229,4.7320751625807205,0.9770316332706827,43
slowrank_lb30_k10_d30_th0.5,slow_rank,taker,train,0.18728016098515798,0.08950125151028665,0.02450081012429751,3.51091628079778,-0.016454513791274605,0.00721149492298941,0.0049283962518059665,0.03701707387048381,-0.0016366557807951931,0.875,0.0,0.0,0.2099237442579365,0.0002458690293814527,9.463370276572123,0.9178589750897794,24
slowrank_lb30_k10_d30_th0.5,slow_rank,taker,test,0.00966022873510508,0.006100092598861684,0.017059766995214876,0.3650175683109448,-0.017208975099734958,0.0005098511125494433,-0.00021208092970192993,0.006315537776369062,-0.0040369730119710345,0.3684210526315789,0.0,0.0,0.04325652690873016,0.0015715594218139737,11.065170146625952,0.6360485268630849,19
slowrank_lb30_k10_d30_th0.5,slow_rank,taker,full,0.19874955891293755,0.051889289849655906,0.021541337594471622,2.359179750138767,-0.01720897509973285,0.004250303471864774,0.0029201557320626126,0.03701707387048381,-0.0040369730119710345,0.6511627906976745,0.0,0.0,0.2531802711666667,0.0018174284511954268,10.16999716327549,0.7935395495524195,43
slowrank_lb30_k10_d30_th0.5,slow_rank,optimistic_limit,train,0.2008854481153024,0.0957176951247074,0.024024292733758796,3.816899683178625,-0.016060503339293875,0.0076881096982493735,0.0053731739239178955,0.037141557511278345,-0.001036509431215915,0.9166666666666666,0.0,0.0,0.2099237442579365,0.0002458690293814527,9.463370276572123,0.9178589750897794,24
slowrank_lb30_k10_d30_th0.5,slow_rank,optimistic_limit,test,0.020334180155609838,0.012815432194818843,0.0162599729313627,0.7912815603587809,-0.01247194411576047,0.0010634094801719816,0.0,0.006584124389127366,-0.003438197645044272,0.42105263157894735,0.0,0.0,0.04325652690873016,0.0015715594218139737,11.065170146625952,0.6360485268630849,19
slowrank_lb30_k10_d30_th0.5,slow_rank,optimistic_limit,full,0.22530446916353508,0.058340590573913165,0.02096061198416263,2.7156595324962165,-0.016060503339293875,0.004760916578633782,0.003623213380047119,0.037141557511278345,-0.003438197645044272,0.6976744186046512,0.0,0.0,0.2531802711666667,0.0018174284511954268,10.16999716327549,0.7935395495524195,43
slowrank_lb30_k10_d30_th1,slow_rank,taker,train,0.12364307073598746,0.05993931315843981,0.019844974988054223,2.943253146276185,-0.008341855164780476,0.004908786420141642,0.0,0.03701707387048381,-0.0019024685542893272,0.4166666666666667,0.0,0.0,0.14103115491666668,0.0008286605141077713,6.214064489159968,0.41042011058541866,24
slowrank_lb30_k10_d30_th1,slow_rank,taker,test,0.0032829267926162142,0.002075470848892813,0.0036422313386796582,0.5710662657212748,-0.002243936420408099,0.00017266514067021692,0.0,0.0022739796300899062,0.0,0.10526315789473684,0.0,0.0,0.006404870000000002,0.0008831691625912352,1.2651646447140381,0.05199306759098787,19
slowrank_lb30_k10_d30_th1,slow_rank,taker,full,0.1273319086782423,0.03401209998737853,0.015034142913555653,2.232223856606502,-0.008341855164780476,0.0028160816687472913,0.0,0.03701707387048381,-0.0019024685542893272,0.27906976744186046,0.0,0.0,0.14743602491666669,0.0017118296766990078,4.030879339088699,0.2523016151126119,43
slowrank_lb30_k10_d30_th1,slow_rank,optimistic_limit,train,0.13208235210725405,0.06390706129042778,0.019440135823751453,3.196336914937658,-0.007148990404085009,0.005222052042368359,0.0,0.037141557511278345,-0.0013024099181495608,0.4166666666666667,0.0,0.0,0.14103115491666668,0.0008286605141077713,6.214064489159968,0.41042011058541866,24
slowrank_lb30_k10_d30_th1,slow_rank,optimistic_limit,test,0.0044895176976411655,0.0028376519905830566,0.003292403411239256,0.8623044875392711,-0.0016440830755705127,0.0002360468982190941,0.0,0.002876425413472994,0.0,0.10526315789473684,0.0,0.0,0.006404870000000002,0.0008831691625912352,1.2651646447140381,0.05199306759098787,19
slowrank_lb30_k10_d30_th1,slow_rank,optimistic_limit,full,0.13716485586223226,0.036521071132663785,0.014699560852952029,2.447562919643171,-0.007148990404085009,0.0030189334903024047,0.0,0.037141557511278345,-0.0013024099181495608,0.27906976744186046,0.0,0.0,0.14743602491666669,0.0017118296766990078,4.030879339088699,0.2523016151126119,43
slowrank_lb30_k10_d60_th0,slow_rank,taker,train,0.20356201446207955,0.09693649736032128,0.01944238254985269,4.768472513347976,-0.01598360123652931,0.007782443938942674,0.005224903776319456,0.03759566366180933,-0.00034944454848273576,0.8333333333333334,0.0,0.0,0.19685484635714284,-3.493934341119e-05,2.785232476391343,0.9178589750897794,24
slowrank_lb30_k10_d60_th0,slow_rank,taker,test,0.04256774899361804,0.02672101536073468,0.014400508147074935,1.8384054826147975,-0.005200996097245003,0.0021996965556157926,0.0019933575779214063,0.007208318059263696,-0.002631571013822942,0.7894736842105263,0.0,0.0,0.05495390593650794,0.0009586358008008683,4.44765618552447,1.0,19
slowrank_lb30_k10_d60_th0,slow_rank,taker,full,0.2547949401919476,0.06538799938247153,0.017402509542176203,3.648354975596927,-0.01598360123652931,0.005315648583519168,0.0037613922161794378,0.03759566366180933,-0.002631571013822942,0.813953488372093,0.0,0.0,0.25180875229365074,0.0009236964573896727,3.5186033000056125,0.9540951228058998,43
slowrank_lb30_k10_d60_th0,slow_rank,optimistic_limit,train,0.20760252708795002,0.09877381908510197,0.01931696684099478,4.885943380536612,-0.015983601236528866,0.007922495318048367,0.0054060997147552525,0.03759566366180933,0.0,0.9166666666666666,0.0,0.0,0.19685484635714284,-3.493934341119e-05,2.785232476391343,0.9178589750897794,24
slowrank_lb30_k10_d60_th0,slow_rank,optimistic_limit,test,0.04698184589697374,0.029468718468066868,0.014118163862209775,2.0641895876660343,-0.004842409802433223,0.002422142125764999,0.0021652161803284997,0.007208318059263696,-0.001946176466831706,0.8421052631578947,0.0,0.0,0.05495390593650794,0.0009586358008008683,4.44765618552447,1.0,19
slowrank_lb30_k10_d60_th0,slow_rank,optimistic_limit,full,0.2643379229204026,0.06764291910874798,0.017221356193888357,3.8093221879561456,-0.015983601236528866,0.005492106698202228,0.0037613922161794378,0.03759566366180933,-0.001946176466831706,0.8837209302325582,0.0,0.0,0.25180875229365074,0.0009236964573896727,3.5186033000056125,0.9540951228058998,43
slowrank_lb30_k10_d60_th0.5,slow_rank,taker,train,0.1916009122683502,0.09147930910417501,0.021452550499164204,4.0910841563932685,-0.01598360123652931,0.007364401832305097,0.006320450762943852,0.03759566366180933,-0.00018110024741768704,0.7916666666666666,0.0,0.0,0.19936571348015875,0.000932779073289654,6.126877359847775,0.8357749529726957,24
slowrank_lb30_k10_d60_th0.5,slow_rank,taker,test,0.024227903639973736,0.015258671406523927,0.01930237478788225,0.7941903075597394,-0.006037216141217994,0.001264475176359794,0.0,0.0074758798831564555,-0.002951958753766859,0.3684210526315789,0.0,0.0,0.039204251111111116,0.0012515900846898533,5.130945503562487,0.5009387637203928,19
slowrank_lb30_k10_d60_th0.5,slow_rank,taker,full,0.22047090434809613,0.05717387108072791,0.020535062521913377,2.717793658106236,-0.01598360123652931,0.004669085402933917,0.0024716429654785266,0.03759566366180933,-0.002951958753766859,0.6046511627906976,0.0,0.0,0.23856996459126983,0.0021843691579795104,5.687526452076801,0.6880634576789526,43
slowrank_lb30_k10_d60_th0.5,slow_rank,optimistic_limit,train,0.20042582344199578,0.0955082634884854,0.02105862406208224,4.342179033525344,-0.015983601236528866,0.00767319648243293,0.006404405198134677,0.03759566366180933,0.0,0.875,0.0,0.0,0.19936571348015875,0.000932779073289654,6.126877359847775,0.8357749529726957,24
slowrank_lb30_k10_d60_th0.5,slow_rank,optimistic_limit,test,0.02923927106503066,0.01839819482250915,0.018831471845024934,0.9775298724949283,-0.005334438617061843,0.0015214242380182652,0.0,0.0074758798831564555,-0.0017506683484143082,0.3684210526315789,0.0,0.0,0.039204251111111116,0.0012515900846898533,5.130945503562487,0.5009387637203928,19
slowrank_lb30_k10_d60_th0.5,slow_rank,optimistic_limit,full,0.23552539948707563,0.06079682161279587,0.02010997918368443,2.9449348515569627,-0.015983601236528866,0.00495497153722645,0.0030664781203069147,0.03759566366180933,-0.0017506683484143082,0.6511627906976745,0.0,0.0,0.23856996459126983,0.0021843691579795104,5.687526452076801,0.6880634576789526,43
slowrank_lb30_k10_d60_th1,slow_rank,taker,train,0.11649532903177362,0.05656710063022086,0.021058299299746456,2.6235252695564513,-0.018596761909209336,0.0046408871137455,0.0,0.03759566366180933,-0.0014870338141929063,0.3333333333333333,0.0,0.0,0.11962613999999998,0.003012875550610337,2.9960668072735563,0.32833608846833495,24
slowrank_lb30_k10_d60_th1,slow_rank,taker,test,0.0,0.0,0.0,,0.0,0.0,0.0,0.0,0.0,0.0,0.0,0.0,0.0,0.0,0.0,0.0,19
slowrank_lb30_k10_d60_th1,slow_rank,taker,full,0.11649532903177362,0.03122870028281044,0.015744992111089397,1.9609422810569415,-0.018596761909209336,0.0025902625751137677,0.0,0.03759566366180933,-0.0014870338141929063,0.18604651162790697,0.0,0.0,0.11962613999999999,0.003012875550610336,1.6743652639291515,0.1834920837182632,43
slowrank_lb30_k10_d60_th1,slow_rank,optimistic_limit,train,0.12053153052946897,0.05847265248587208,0.02085466149275149,2.7353414703450847,-0.01741447394067852,0.004791738537806132,0.0,0.03759566366180933,-0.0008865927776746663,0.375,0.0,0.0,0.11962613999999998,0.003012875550610337,2.9960668072735563,0.32833608846833495,24
slowrank_lb30_k10_d60_th1,slow_rank,optimistic_limit,test,0.0,0.0,0.0,,0.0,0.0,0.0,0.0,0.0,0.0,0.0,0.0,0.0,0.0,0.0,0.0,19
slowrank_lb30_k10_d60_th1,slow_rank,optimistic_limit,full,0.12053153052946897,0.032267674428790194,0.015592970197126799,2.0444879648250023,-0.01741447394067852,0.0026744587187755155,0.0,0.03759566366180933,-0.0008865927776746663,0.20930232558139536,0.0,0.0,0.11962613999999999,0.003012875550610336,1.6743652639291515,0.1834920837182632,43
slowrank_lb30_k10_d90_th0,slow_rank,taker,train,0.19546992130227592,0.09324751203488901,0.0124246589700669,7.181707844422082,-0.003219263303021691,0.007498845183087188,0.004889501750208636,0.03701707387048381,0.0,0.875,0.0,0.0,0.1838926629722222,0.00013549233165093943,1.331585247677136,0.8768739668243744,24
slowrank_lb30_k10_d90_th0,slow_rank,taker,test,0.04284952868640213,0.0268965461664763,0.014299150521270707,1.8632899740858604,-0.004440062646802301,0.002213831585642613,0.002565619180256551,0.007208318059263696,-0.0025055340842414786,0.7894736842105263,0.0,0.0,0.05142741133333334,0.00111020783376835,3.295452669802756,1.0,19
slowrank_lb30_k10_d90_th0,slow_rank,taker,full,0.2466952439888357,0.06346439467129428,0.013288157661293286,4.637240232265933,-0.004440062646803855,0.005163606616774469,0.0037613922161794378,0.03701707387048381,-0.0025055340842414786,0.8372093023255814,0.0,0.0,0.23532007430555554,0.0012457001654192852,2.197936624237156,0.9311904686056514,43
slowrank_lb30_k10_d90_th0,slow_rank,optimistic_limit,train,0.19738603289313206,0.09412214680561792,0.012362547299909144,7.2824167830578554,-0.00321926330302047,0.007566150703254458,0.005109210884415183,0.037141557511278345,0.0,0.875,0.0,0.0,0.1838926629722222,0.00013549233165093943,1.331585247677136,0.8768739668243744,24
slowrank_lb30_k10_d90_th0,slow_rank,optimistic_limit,test,0.046119165670321705,0.028932049285341987,0.014090835464443896,2.0311595773245728,-0.003935670455012974,0.002378674792480083,0.002565619180256551,0.007208318059263696,-0.0018197686939993574,0.8421052631578947,0.0,0.0,0.05142741133333334,0.00111020783376835,3.295452669802756,1.0,19
slowrank_lb30_k10_d90_th0,slow_rank,optimistic_limit,full,0.25260847771547423,0.06486961847365746,0.013156815296611162,4.783767186455504,-0.003935670455013418,0.005274010184540199,0.0037613922161794378,0.037141557511278345,-0.0018197686939993574,0.8604651162790697,0.0,0.0,0.23532007430555554,0.0012457001654192852,2.197936624237156,0.9311904686056514,43
slowrank_lb30_k10_d90_th0.5,slow_rank,taker,train,0.20037067939477837,0.09548313396793007,0.023583784365652335,3.8786845483306713,-0.00653169197364134,0.007671332953225807,0.005733469164836524,0.03701707387048381,0.0,0.875,0.0,0.0,0.20020266555555555,9.67371947402098e-05,4.272169336297479,0.8768739668243744,24
slowrank_lb30_k10_d90_th0.5,slow_rank,taker,test,0.02193493544341396,0.013820290377823952,0.00788898189223171,1.7437985556328994,-0.0047942238249151226,0.0011460357570133599,0.0,0.0074758798831564555,-0.0018094342324037616,0.3684210526315789,0.0,0.0,0.02923161555555556,0.0011820945280525757,2.7411900635470827,0.448945696129405,19
slowrank_lb30_k10_d90_th0.5,slow_rank,taker,full,0.22670073275547442,0.05867700103479234,0.018396961762832936,3.108634737203298,-0.00653169197364134,0.004788062099085423,0.0017380039053558338,0.03701707387048381,-0.0018094342324037616,0.6511627906976745,0.0,0.0,0.22943428111111108,0.001278831722792785,3.596784641032992,0.688095313943487,43
slowrank_lb30_k10_d90_th0.5,slow_rank,optimistic_limit,train,0.2065622517612684,0.0983010745547559,0.02333932009997375,4.029138861337371,-0.006531691973640785,0.007887401010923464,0.005739466042674279,0.037141557511278345,0.0,0.875,0.0,0.0,0.20020266555555555,9.67371947402098e-05,4.272169336297479,0.8768739668243744,24
slowrank_lb30_k10_d90_th0.5,slow_rank,optimistic_limit,test,0.024600402403713195,0.01549222845518683,0.007489584573709913,2.0563903265447707,-0.00434288942633676,0.0012831167260888522,0.0,0.0074758798831564555,-0.0012093196638059966,0.3684210526315789,0.0,0.0,0.02923161555555556,0.0011820945280525757,2.7411900635470827,0.448945696129405,19
slowrank_lb30_k10_d90_th0.5,slow_rank,optimistic_limit,full,0.23624416867973452,0.06096899970414782,0.018147514905978053,3.270282762518254,-0.006531691973640785,0.004969228885066309,0.002437120234537682,0.037141557511278345,-0.0012093196638059966,0.6511627906976745,0.0,0.0,0.22943428111111108,0.001278831722792785,3.596784641032992,0.688095313943487,43
slowrank_lb30_k10_d90_th1,slow_rank,taker,train,0.08954746517582057,0.04375522191308123,0.006448181063644058,6.644648074071388,-0.002102741230778693,0.003612209655305454,0.0,0.03701707387048381,0.0,0.2916666666666667,0.0,0.0,0.08885587444444444,0.0013484082540368655,1.0985578293336375,0.24625206635125121,24
slowrank_lb30_k10_d90_th1,slow_rank,taker,test,0.0,0.0,0.0,,0.0,0.0,0.0,0.0,0.0,0.0,0.0,0.0,0.0,0.0,0.0,0.0,19
slowrank_lb30_k10_d90_th1,slow_rank,taker,full,0.08954746517582057,0.02422163320953241,0.00482573445837822,4.961859922941017,-0.002102741230778693,0.002016117016914672,0.0,0.03701707387048381,0.0,0.16279069767441862,0.0,0.0,0.08885587444444445,0.0013484082540368644,0.6139339301073556,0.1376190627886974,43
slowrank_lb30_k10_d90_th1,slow_rank,optimistic_limit,train,0.09098881332744746,0.04444447369456728,0.006290122325435635,6.916404218004337,-0.0015028665843279665,0.0036677339597214476,0.0,0.037141557511278345,0.0,0.2916666666666667,0.0,0.0,0.08885587444444444,0.0013484082540368655,1.0985578293336375,0.24625206635125121,24
slowrank_lb30_k10_d90_th1,slow_rank,optimistic_limit,test,0.0,0.0,0.0,,0.0,0.0,0.0,0.0,0.0,0.0,0.0,0.0,0.0,0.0,0.0,0.0,19
slowrank_lb30_k10_d90_th1,slow_rank,optimistic_limit,full,0.09098881332744746,0.024599560845188995,0.0047078812227255165,5.1643143944424645,-0.0015028665843279665,0.0020471073263561568,0.0,0.037141557511278345,0.0,0.16279069767441862,0.0,0.0,0.08885587444444445,0.0013484082540368644,0.6139339301073556,0.1376190627886974,43
slowrank_lb90_k1_d7_th0,slow_rank,taker,train,0.05500442179125464,0.027098029475261187,0.03680114613322183,0.7449505650617885,-0.02688515708426209,0.0022660565918778777,0.0010046389160226488,0.031779466560384995,-0.007454351457142461,0.5833333333333334,0.0,0.0,0.22561697000000003,0.0032850793274239454,43.44296870546657,0.9520606509718976,24
slowrank_lb90_k1_d7_th0,slow_rank,taker,test,-0.028778766089878283,-0.01830247109312244,0.044282395243607935,-0.3949936629248674,-0.03236637136867204,-0.0015247083634789549,-0.000622247157937017,0.004527131348070146,-0.011363793251162657,0.42105263157894735,0.0,0.0,0.07576311000000001,0.0025863141268290812,33.52686308492201,1.0,19
slowrank_lb90_k1_d7_th0,slow_rank,taker,full,0.024642696312727308,0.006816575440276695,0.04027317694231857,0.18883089609096762,-0.03941439046958861,0.0005910674255574168,8.954763279156452e-05,0.031779466560384995,-0.011363793251162657,0.5116279069767442,0.0,0.0,0.30138008000000005,0.005871393454253027,39.06852282501354,0.9732088815265522,43
slowrank_lb90_k1_d7_th0,slow_rank,optimistic_limit,train,0.11173392826388628,0.054314731708088315,0.03433613589393266,1.557566523948762,-0.01604525274662727,0.004453094371911298,0.0028002609184757388,0.03426754400611021,-0.003862964521160972,0.7083333333333334,0.0,0.0,0.22561697000000003,0.0032850793274239454,43.44296870546657,0.9520606509718976,24
slowrank_lb90_k1_d7_th0,slow_rank,optimistic_limit,test,0.0027100621036455497,0.0017134849278119813,0.04272649045082396,0.06143383935581742,-0.019430939800927693,0.0001490708533729188,0.0009407464072643812,0.005737459107190812,-0.007785740123298912,0.6842105263157895,0.0,0.0,0.07576311000000001,0.0025863141268290812,33.52686308492201,1.0,19
slowrank_lb90_k1_d7_th0,slow_rank,optimistic_limit,full,0.11474679625221418,0.030777763006698988,0.03826527218678405,0.811334455793543,-0.01943093980092836,0.002551316538138526,0.0013217474226998593,0.03426754400611021,-0.007785740123298912,0.6976744186046512,0.0,0.0,0.30138008000000005,0.005871393454253027,39.06852282501354,0.9732088815265522,43
slowrank_lb90_k1_d7_th0.5,slow_rank,taker,train,0.056171848595029994,0.02766540065080525,0.03547329030090033,0.7870504555771579,-0.02784022199566194,0.002311595604209742,0.0009907242801744376,0.031779466560384995,-0.006464201834040728,0.5416666666666666,0.0,0.0,0.21776037999999998,0.004151462601836631,41.44559083395087,0.8754488969959529,24
slowrank_lb90_k1_d7_th0.5,slow_rank,taker,test,-0.01609802893283785,-0.010213667300898344,0.022595120431623775,-0.4430504686036727,-0.020317248992762327,-0.000851712749967794,-0.001544200451793043,0.004309185184006914,-0.0048301275656313925,0.15789473684210525,0.0,0.0,0.04275253,0.0034222116240041345,19.61005199306759,0.4904679376083189,19
slowrank_lb90_k1_d7_th0.5,slow_rank,taker,full,0.0391695636182996,0.01077973562271306,0.030470852369786437,0.36712453026021963,-0.02784022199566194,0.0009138547035266447,-0.000622247157937017,0.031779466560384995,-0.006464201834040728,0.37209302325581395,0.0,0.0,0.26051291000000004,0.007573674225840765,31.812940014653883,0.7056162594374183,43
slowrank_lb90_k1_d7_th0.5,slow_rank,optimistic_limit,train,0.1102830648051305,0.05362744467632585,0.033087742771861786,1.5953528216317399,-0.01604525274662727,0.00439854738745922,0.0028002609184757388,0.03426754400611021,-0.0037420189771297796,0.6666666666666666,0.0,0.0,0.21776037999999998,0.004151462601836631,41.44559083395087,0.8754488969959529,24
slowrank_lb90_k1_d7_th0.5,slow_rank,optimistic_limit,test,0.0024253753556091606,0.0015335667250058194,0.02111048807754124,0.083145993309391,-0.014043573564043177,0.0001291610509551616,0.0,0.004913000011747659,-0.0030319698065528478,0.3157894736842105,0.0,0.0,0.04275253,0.0034222116240041345,19.61005199306759,0.4904679376083189,19
slowrank_lb90_k1_d7_th0.5,slow_rank,optimistic_limit,full,0.11297591798825479,0.030320542900390324,0.028433797114717097,1.064731567491171,-0.01604525274662727,0.00251207435505045,0.00021023269802245004,0.03426754400611021,-0.0037420189771297796,0.5116279069767442,0.0,0.0,0.26051291000000004,0.007573674225840765,31.812940014653883,0.7056162594374183,43
slowrank_lb90_k1_d7_th1,slow_rank,taker,train,0.07396779700542422,0.03627569878849757,0.02123734843764205,1.6884858570876513,-0.012514391872959885,0.0030019944474819573,0.0,0.031779466560384995,-0.002582263783759031,0.3333333333333333,0.0,0.0,0.1382271,0.007584975201954003,18.475745311520264,0.37752949894544835,24
slowrank_lb90_k1_d7_th1,slow_rank,taker,test,0.0011667599689468844,0.0007379136135305941,0.005136510566531602,0.1461757531056514,-0.0020748374316926776,6.140841941825708e-05,0.0,0.0011667599689468844,0.0,0.05263157894736842,0.0,0.0,0.00280852,0.0003784137378892716,0.6325823223570191,0.01913633737723859,19
slowrank_lb90_k1_d7_th1,slow_rank,taker,full,0.07522085963890879,0.020445395934954425,0.01623958933975151,1.2544139542057067,-0.012514391872959885,0.0017026657374072992,0.0,0.031779466560384995,-0.002582263783759031,0.20930232558139536,0.0,0.0,0.14103562,0.007963388939843274,10.604313338217962,0.21942595011308974,43
slowrank_lb90_k1_d7_th1,slow_rank,optimistic_limit,train,0.09815186360173223,0.0478630970968732,0.01956013194445311,2.4000047545295757,-0.010876196347010314,0.003937223019297216,0.0,0.03426754400611021,-0.0005710214863569041,0.4583333333333333,0.0,0.0,0.1382271,0.007584975201954003,18.475745311520264,0.37752949894544835,24
slowrank_lb90_k1_d7_th1,slow_rank,optimistic_limit,test,0.0017686638326557258,0.001118462239633411,0.005009301164168236,0.2256567646397035,-0.0015775064472348665,9.308757013977504e-05,0.0,0.0017686638326557258,0.0,0.05263157894736842,0.0,0.0,0.00280852,0.0003784137378892716,0.6325823223570191,0.01913633737723859,19
slowrank_lb90_k1_d7_th1,slow_rank,optimistic_limit,full,0.10009412508565041,0.02697873020759478,0.014997999124920693,1.7824881344915182,-0.010876196347010314,0.0022386515417625323,0.0,0.03426754400611021,-0.0005710214863569041,0.27906976744186046,0.0,0.0,0.14103562,0.007963388939843274,10.604313338217962,0.21942595011308974,43
slowrank_lb90_k1_d14_th0,slow_rank,taker,train,0.07133046746902316,0.035004200105337,0.03630185282046024,0.965924359282247,-0.01851598676592703,0.0028998650653937197,0.002228168071374159,0.03081642386293959,-0.006468257019301538,0.6666666666666666,0.0,0.0,0.21612841,9.334308220998455e-05,36.4521461551616,0.9424841817249046,24
slowrank_lb90_k1_d14_th0,slow_rank,taker,test,-0.005828344218602788,-0.0036908656844255594,0.04324945979811752,-0.0638668612105164,-0.015569594793900854,-0.00030262393787906577,-0.000553030328458326,0.004670373970161235,-0.005734736703542187,0.42105263157894735,0.0,0.0,0.07770551,0.0039279322434314645,27.20103986135182,1.0,19
slowrank_lb90_k1_d14_th0,slow_rank,taker,full,0.06508638473273054,0.0177521664752609,0.039517467726149426,0.4650502585618136,-0.01851598676592703,0.0014848117848778378,0.0012309817412938795,0.03081642386293959,-0.006468257019301538,0.5581395348837209,0.0,0.0,0.29383392,0.004021275325641449,32.37106176929693,0.9678570290847696,43
slowrank_lb90_k1_d14_th0,slow_rank,optimistic_limit,train,0.11946287784749088,0.05796846030919278,0.03421390221354686,1.6641227084852896,-0.01453570482094102,0.004738195342194255,0.0034355955187551634,0.03330202341603106,-0.004072817242823379,0.75,0.0,0.0,0.21612841,9.334308220998455e-05,36.4521461551616,0.9424841817249046,24
slowrank_lb90_k1_d14_th0,slow_rank,optimistic_limit,test,0.02024512409454049,0.012759511137736768,0.041942187232772855,0.323264416211957,-0.007173751033141107,0.0010582341162274078,0.0012527047556121218,0.005880863855142193,-0.0033371600114963096,0.6842105263157895,0.0,0.0,0.07770551,0.0039279322434314645,27.20103986135182,1.0,19
slowrank_lb90_k1_d14_th0,slow_rank,optimistic_limit,full,0.14212654272875858,0.03778115985015695,0.03781844969300926,0.9995186463796122,-0.01453570482094102,0.0031121659632786713,0.002304748720464156,0.03330202341603106,-0.004072817242823379,0.7209302325581395,0.0,0.0,0.29383392,0.004021275325641449,32.37106176929693,0.9678570290847696,43
slowrank_lb90_k1_d14_th0.5,slow_rank,taker,train,0.06640208062804143,0.03262393859509993,0.034712908900460436,0.9421852740581087,-0.021043898455639698,0.0027075979679695994,0.002059864030145908,0.03081642386293959,-0.006468257019301538,0.5416666666666666,0.0,0.0,0.2078433,-0.0003454449328150755,35.45345721940375,0.8658724277489597,24
slowrank_lb90_k1_d14_th0.5,slow_rank,taker,test,-0.011502790618468706,-0.007291919534813562,0.02290053852476751,-0.3081276313112643,-0.014703366299357312,-0.0006073613003049731,-0.000622247157937017,0.004309185184006914,-0.0028009166175232414,0.15789473684210525,0.0,0.0,0.04196597,0.004879294178270044,18.344887348353552,0.4662045060658579,19
slowrank_lb90_k1_d14_th0.5,slow_rank,taker,full,0.054135480779475165,0.014821122883005744,0.030079595354725805,0.5041636482866566,-0.021043898455639698,0.0012428485238482766,0.0,0.03081642386293959,-0.006468257019301538,0.37209302325581395,0.0,0.0,0.24980927000000003,0.004533849245454968,27.90608773215253,0.6895607021120703,43
slowrank_lb90_k1_d14_th0.5,slow_rank,optimistic_limit,train,0.11296841832143367,0.05489916720302346,0.03263696061762502,1.6538937724558462,-0.01453570482094102,0.00449551465693276,0.00326732796030782,0.03330202341603106,-0.004072817242823379,0.6666666666666666,0.0,0.0,0.2078433,-0.0003454449328150755,35.45345721940375,0.8658724277489597,24
slowrank_lb90_k1_d14_th0.5,slow_rank,optimistic_limit,test,0.005896670272417692,0.0037260994588688146,0.021514435598246267,0.1836275787753037,-0.007933664230415305,0.0003105700405822435,0.0,0.004913000011747659,-0.0016014997075511905,0.3684210526315789,0.0,0.0,0.04196597,0.004879294178270044,18.344887348353552,0.4662045060658579,19
slowrank_lb90_k1_d14_th0.5,slow_rank,optimistic_limit,full,0.11953122610789957,0.03201043401958503,0.028275720079912737,1.1284837691891214,-0.01453570482094102,0.0026463530822662526,0.000410833209429029,0.03330202341603106,-0.004072817242823379,0.5348837209302325,0.0,0.0,0.24980927000000003,0.004533849245454968,27.90608773215253,0.6895607021120703,43
slowrank_lb90_k1_d14_th1,slow_rank,taker,train,0.06786623397303093,0.03333165428400808,0.020604016688560087,1.601660973340738,-0.012066641617267115,0.0027619036897600785,0.0,0.03081642386293959,-0.004333624655936341,0.4166666666666667,0.0,0.0,0.12751204,0.004575904388981367,16.47836744000456,0.3679530296984552,24
slowrank_lb90_k1_d14_th1,slow_rank,taker,test,0.0011667599689468844,0.0007379136135305941,0.005136510566531602,0.1461757531056514,-0.0020748374316926776,6.140841941825708e-05,0.0,0.0011667599689468844,0.0,0.05263157894736842,0.0,0.0,0.00280852,0.0003784137378892716,0.6325823223570191,0.01913633737723859,19
slowrank_lb90_k1_d14_th1,slow_rank,taker,full,0.06911217754702204,0.018824220648258283,0.01577687775937878,1.189955756652984,-0.012066641617267115,0.0015686615935625295,0.0,0.03081642386293959,-0.004333624655936341,0.2558139534883721,0.0,0.0,0.13032056,0.004954318126870638,9.48806982893186,0.21407409767130706,43
slowrank_lb90_k1_d14_th1,slow_rank,optimistic_limit,train,0.08928610207410648,0.043630189357988014,0.019096171849936703,2.245877876736475,-0.010876196347010425,0.0035961178700488114,0.0,0.03330202341603106,-0.002534849191928479,0.4583333333333333,0.0,0.0,0.12751204,0.004575904388981367,16.47836744000456,0.3679530296984552,24
slowrank_lb90_k1_d14_th1,slow_rank,optimistic_limit,test,0.0017686638326557258,0.001118462239633411,0.005009301164168236,0.2256567646397035,-0.0015775064472348665,9.308757013977504e-05,0.0,0.0017686638326557258,0.0,0.05263157894736842,0.0,0.0,0.00280852,0.0003784137378892716,0.6325823223570191,0.01913633737723859,19
slowrank_lb90_k1_d14_th1,slow_rank,optimistic_limit,full,0.09121268300626006,0.024658228128517035,0.014659713051399334,1.668970485531221,-0.010876196347010425,0.002048267272414586,0.0,0.03330202341603106,-0.002534849191928479,0.27906976744186046,0.0,0.0,0.13032056,0.004954318126870638,9.48806982893186,0.21407409767130706,43
slowrank_lb90_k1_d30_th0,slow_rank,taker,train,0.1630824902569339,0.0783562232762649,0.033342048109729114,2.279231120314757,-0.01735137048779356,0.006343390478785363,0.0045473172655545735,0.03377653746327125,-0.002233982951559965,0.875,0.0,0.0,0.23044541,-0.00025741442746785026,19.47443424727812,0.9589009861483213,24
slowrank_lb90_k1_d30_th0,slow_rank,taker,test,0.01856623872462282,0.011704951204117853,0.04276793242018763,0.2934820658737904,-0.012128827561911582,0.0009714956833791112,0.00151800862527951,0.0043020185725655136,-0.003133232368327188,0.5789473684210527,0.0,0.0,0.06970408,0.00413779783348045,17.079722703639515,1.0,19
slowrank_lb90_k1_d30_th0,slow_rank,taker,full,0.18467655742748423,0.048428512478080776,0.03779202019490066,1.270289525423953,-0.01735137048779356,0.003969762545931438,0.0025537151985224327,0.03377653746327125,-0.003133232368327188,0.7441860465116279,0.0,0.0,0.30014949,0.0038803834060125997,18.41801790322067,0.9770316332706827,43
slowrank_lb90_k1_d30_th0,slow_rank,optimistic_limit,train,0.19071125703137093,0.0910723152480446,0.03216837598384572,2.72562389407298,-0.016167456076615072,0.007328039540387091,0.005757395863204562,0.03502217804475083,-0.0014584975602738304,0.9166666666666666,0.0,0.0,0.23044541,-0.00025741442746785026,19.47443424727812,0.9589009861483213,24
slowrank_lb90_k1_d30_th0,slow_rank,optimistic_limit,test,0.035257369533065575,0.02216100315019154,0.04196274650043912,0.5433260852402129,-0.008748094137537188,0.0018276223438411158,0.0023130336182712874,0.005511907874702349,-0.0019323097816820178,0.7368421052631579,0.0,0.0,0.06970408,0.00413779783348045,17.079722703639515,1.0,19
slowrank_lb90_k1_d30_th0,slow_rank,optimistic_limit,full,0.23269260382770418,0.06011753353052618,0.036812749379334465,1.6042707794402973,-0.016167456076615072,0.0048976226395877065,0.0035422333236752035,0.03502217804475083,-0.0019323097816820178,0.8372093023255814,0.0,0.0,0.30014949,0.0038803834060125997,18.41801790322067,0.9770316332706827,43
slowrank_lb90_k1_d30_th0.5,slow_rank,taker,train,0.161124318134664,0.07744926775697603,0.03028544788673014,2.478271296394535,-0.01735137048779356,0.00627303864408472,0.0045473172655545735,0.03377653746327125,-0.002233982951559965,0.875,0.0,0.0,0.21850236,0.0018058160672158596,17.477056375762412,0.8768169640312375,24
slowrank_lb90_k1_d30_th0.5,slow_rank,taker,test,-0.001508510177526623,-0.0009545215034070242,0.026459293309713455,-0.02286051694554261,-0.01480494736475868,-7.784653569449591e-05,-0.00021208092970192993,0.0043020185725655136,-0.003133232368327188,0.21052631578947367,0.0,0.0,0.038760300000000004,0.0022835033095518487,13.2842287694974,0.5529318313113807,19
slowrank_lb90_k1_d30_th0.5,slow_rank,taker,full,0.15937275028338727,0.042130607678914966,0.028662958141584143,1.4540821009719993,-0.01735137048779356,0.003466833564647392,0.0005782093570503299,0.03377653746327125,-0.003133232368327188,0.5813953488372093,0.0,0.0,0.25726266000000003,0.004089319376767708,15.627409130005416,0.7339364786085184,43
slowrank_lb90_k1_d30_th0.5,slow_rank,optimistic_limit,train,0.18584295659181227,0.088842494936612,0.029192596520055524,2.930256305321298,-0.016167456076615072,0.0071570010754780046,0.005757395863204562,0.03502217804475083,-0.0014584975602738304,0.9166666666666666,0.0,0.0,0.21850236,0.0018058160672158596,17.477056375762412,0.8768169640312375,24
slowrank_lb90_k1_d30_th0.5,slow_rank,optimistic_limit,test,0.01118820432677281,0.007062987158267253,0.025593369182664263,0.28779579921872134,-0.011243319858306067,0.0005876321447998843,0.0,0.005511907874702349,-0.0019323097816820178,0.3684210526315789,0.0,0.0,0.038760300000000004,0.0022835033095518487,13.2842287694974,0.5529318313113807,19
slowrank_lb90_k1_d30_th0.5,slow_rank,optimistic_limit,full,0.19911040988962347,0.051977642848280325,0.02766528194773521,1.8454444082313046,-0.016167456076615072,0.004254256664248137,0.0016906862019918645,0.03502217804475083,-0.0019323097816820178,0.6744186046511628,0.0,0.0,0.25726266000000003,0.004089319376767708,15.627409130005416,0.7339364786085184,43
slowrank_lb90_k1_d30_th1,slow_rank,taker,train,0.10849612953170884,0.05278033917700209,0.02410418195308913,2.145908527947064,-0.01720968219683139,0.004332512643676424,0.0,0.03377653746327125,-0.0022937298405877327,0.4583333333333333,0.0,0.0,0.14330218,0.0022843678434885106,10.486233825457447,0.425354842387277,24
slowrank_lb90_k1_d30_th1,slow_rank,taker,test,0.002840517441388357,0.0017959246790006933,0.006840207463156458,0.26573851196753756,-0.0024058043799795037,0.00014950091796780827,0.0,0.002840517441388357,0.0,0.05263157894736842,0.0,0.0,0.004784910000000001,8.856035882320867e-05,0.6325823223570191,0.03300115540150202,19
slowrank_lb90_k1_d30_th1,slow_rank,taker,full,0.1116448321213559,0.029976526667125025,0.018585008059675393,1.5985371641383919,-0.01720968219683139,0.002484205136967966,0.0,0.03377653746327125,-0.0022937298405877327,0.27906976744186046,0.0,0.0,0.14808709,0.0023729282023117193,6.139339301073556,0.25226975884807745,43
slowrank_lb90_k1_d30_th1,slow_rank,optimistic_limit,train,0.12259048382251025,0.05944339191940329,0.023375053887473924,2.4820096752241496,-0.016027838180345366,0.00486392178301423,0.0,0.03502217804475083,-0.0016939064316742192,0.4583333333333333,0.0,0.0,0.14330218,0.0022843678434885106,10.486233825457447,0.425354842387277,24
slowrank_lb90_k1_d30_th1,slow_rank,optimistic_limit,test,0.003443427572114688,0.0021768756328777172,0.006745198517135677,0.32575111624078773,-0.0018060483505485392,0.00018123303011129935,0.0,0.003443427572114688,0.0,0.05263157894736842,0.0,0.0,0.004784910000000001,8.856035882320867e-05,0.6325823223570191,0.03300115540150202,19
slowrank_lb90_k1_d30_th1,slow_rank,optimistic_limit,full,0.12645604284669898,0.03378785020645192,0.01804174474386266,1.8508425949882723,-0.016027838180345366,0.002794826752661772,0.0,0.03502217804475083,-0.0016939064316742192,0.27906976744186046,0.0,0.0,0.14808709,0.0023729282023117193,6.139339301073556,0.25226975884807745,43
slowrank_lb90_k1_d60_th0,slow_rank,taker,train,0.20194017990144464,0.09619814038905106,0.030503948207976025,3.0262898989309908,-0.014535704820941242,0.007728220789908415,0.006416145977453325,0.03770723254898356,-0.0011858711821653989,0.8333333333333334,0.0,0.0,0.22259183000000002,0.00027812706878416193,9.487544889699594,0.9178589750897794,24
slowrank_lb90_k1_d60_th0,slow_rank,taker,test,0.03304982745274865,0.020781676017343154,0.03988474465942309,0.5356472531162112,-0.010556334909108789,0.0017192346565202,0.0020089188805854086,0.008460505757966308,-0.004674108523831655,0.6842105263157895,0.0,0.0,0.06505575000000001,0.002717172769099885,10.753899480069324,1.0,19
slowrank_lb90_k1_d60_th0,slow_rank,taker,full,0.24166409545571366,0.06226500163729032,0.034955406187296555,1.745500353814759,-0.014535704820941242,0.005073087382132227,0.0037642427355133457,0.03770723254898356,-0.004674108523831655,0.7674418604651163,0.0,0.0,0.28764758000000007,0.0029952998378840467,10.04619158357491,0.9540951228058998,43
slowrank_lb90_k1_d60_th0,slow_rank,optimistic_limit,train,0.21576498288613144,0.10247612580406185,0.029901602581479784,3.277627578858736,-0.014535704820940465,0.008207064359523139,0.00673325700647287,0.03770723254898356,0.0,0.9166666666666666,0.0,0.0,0.22259183000000002,0.00027812706878416193,9.487544889699594,0.9178589750897794,24
slowrank_lb90_k1_d60_th0,slow_rank,optimistic_limit,test,0.043676143163236425,0.0274113738357884,0.03934621356220679,0.7069674839772034,-0.0071572678728890615,0.0022575058625287606,0.003028562414970626,0.008460505757966308,-0.0034750564373159376,0.7368421052631579,0.0,0.0,0.06505575000000001,0.002717172769099885,10.753899480069324,1.0,19
slowrank_lb90_k1_d60_th0,slow_rank,optimistic_limit,full,0.2688649083315029,0.06870831536828015,0.034390722564419066,1.9494323997476088,-0.014535704820940465,0.005578189674804692,0.004253823510000698,0.03770723254898356,-0.0034750564373159376,0.8372093023255814,0.0,0.0,0.28764758000000007,0.0029952998378840467,10.04619158357491,0.9540951228058998,43
slowrank_lb90_k1_d60_th0.5,slow_rank,taker,train,0.20194017990144464,0.09619814038905106,0.030503948207976025,3.0262898989309908,-0.014535704820941242,0.007728220789908415,0.006416145977453325,0.03770723254898356,-0.0011858711821653989,0.8333333333333334,0.0,0.0,0.22259183000000002,0.00027812706878416193,9.487544889699594,0.9178589750897794,24
slowrank_lb90_k1_d60_th0.5,slow_rank,taker,test,0.02046816386809791,0.01289956133630854,0.0167114172647656,0.7753232042935302,-0.007593154424312187,0.0010713891867727655,0.0,0.008460505757966308,-0.0031728966003657932,0.3684210526315789,0.0,0.0,0.036598,0.0018843137227848583,5.693240901213172,0.5009387637203928,19
slowrank_lb90_k1_d60_th0.5,slow_rank,taker,full,0.2265416884633118,0.05863869544137401,0.02536469023530099,2.2592739873995416,-0.014535704820941242,0.0047868300815461515,0.0026586877659342534,0.03770723254898356,-0.0031728966003657932,0.627906976744186,0.0,0.0,0.25918983000000007,0.0021624407915690202,7.813704565002708,0.7339364786085184,43
slowrank_lb90_k1_d60_th0.5,slow_rank,optimistic_limit,train,0.21576498288613144,0.10247612580406185,0.029901602581479784,3.277627578858736,-0.014535704820940465,0.008207064359523139,0.00673325700647287,0.03770723254898356,0.0,0.9166666666666666,0.0,0.0,0.22259183000000002,0.00027812706878416193,9.487544889699594,0.9178589750897794,24
slowrank_lb90_k1_d60_th0.5,slow_rank,optimistic_limit,test,0.02600925171804369,0.016375296213695156,0.01612497016145955,1.0153627547085158,-0.0060768394610296594,0.001356337567821918,0.0,0.008460505757966308,-0.0020981012016145772,0.42105263157894735,0.0,0.0,0.036598,0.0018843137227848583,5.693240901213172,0.5009387637203928,19
slowrank_lb90_k1_d60_th0.5,slow_rank,optimistic_limit,full,0.24738612035599306,0.06362882245682244,0.024790112879414013,2.5007553570901577,-0.014535704820940465,0.0051799990329574825,0.003028562414970626,0.03770723254898356,-0.0020981012016145772,0.6976744186046512,0.0,0.0,0.25918983000000007,0.0021624407915690202,7.813704565002708,0.7339364786085184,43
slowrank_lb90_k1_d60_th1,slow_rank,taker,train,0.10959673111676893,0.053302165592655326,0.02319833562228106,2.250137786486874,-0.014535704820941242,0.004374577099142597,0.0003919805923368047,0.03770723254898356,-0.002430852028027064,0.5,0.0,0.0,0.12540974000000002,0.0011262164891698845,5.492789146668186,0.425354842387277,24
slowrank_lb90_k1_d60_th1,slow_rank,taker,test,0.006309411649835228,0.003986609324500678,0.01142094161925911,0.35407741884028693,-0.0031838195517546186,0.0003330241215815085,0.0,0.008460505757966308,-0.0021330474479176464,0.05263157894736842,0.0,0.0,0.007648580000000001,0.0007441018476450623,0.6325823223570191,0.08499422299248989,19
slowrank_lb90_k1_d60_th1,slow_rank,taker,full,0.11659763365869869,0.031255068330043656,0.018930191332466338,1.635263087978554,-0.014535704820941242,0.002588774620685372,0.0,0.03770723254898356,-0.002430852028027064,0.3023255813953488,0.0,0.0,0.13305832,0.0018703183368149467,3.348730527858303,0.27520626931286035,43
slowrank_lb90_k1_d60_th1,slow_rank,optimistic_limit,train,0.11696318185042376,0.05678815755152722,0.022831527572759164,2.4306356584529443,-0.014535704820940465,0.0046518748909960455,0.0006928174544164056,0.03770723254898356,-0.0018311110573023814,0.5,0.0,0.0,0.12540974000000002,0.0011262164891698845,5.492789146668186,0.425354842387277,24
slowrank_lb90_k1_d60_th1,slow_rank,optimistic_limit,test,0.006914407288101776,0.004368393325692832,0.011364285258753033,0.3892411024512117,-0.002584531266915935,0.0003645988590317401,0.0,0.008460505757966308,-0.0015331274363632463,0.05263157894736842,0.0,0.0,0.007648580000000001,0.0007441018476450623,0.6325823223570191,0.08499422299248989,19
slowrank_lb90_k1_d60_th1,slow_rank,optimistic_limit,full,0.12468632021555837,0.03333436049861316,0.018664278523361975,1.766212468904519,-0.014535704820940465,0.0027574971094304224,0.0,0.03770723254898356,-0.0018311110573023814,0.3023255813953488,0.0,0.0,0.13305832,0.0018703183368149467,3.348730527858303,0.27520626931286035,43
slowrank_lb90_k1_d90_th0,slow_rank,taker,train,0.2085787073017722,0.0992172507250153,0.030965118205091853,3.070496873938013,-0.006835429614467814,0.007957106118507898,0.005995492017034754,0.03531422611711088,-0.0008784570904861733,0.7916666666666666,0.0,0.0,0.21610735999999997,0.00029887210210233217,6.491478082426038,0.8768739668243744,24
slowrank_lb90_k1_d90_th0,slow_rank,taker,test,0.03434465168013756,0.021590845525262248,0.0333243573046024,0.6576684325794204,-0.009954965354355916,0.0017848941824121806,0.0027935761922468494,0.008460505757966308,-0.004320226791298953,0.5789473684210527,0.0,0.0,0.05885271000000001,0.001793180440904818,8.223570190641247,1.0,19
slowrank_lb90_k1_d90_th0,slow_rank,taker,full,0.2500869220320623,0.06427098086154825,0.03202914866589813,1.9608152378645787,-0.009954965354360024,0.005229849681628395,0.003892849834686851,0.03531422611711088,-0.004320226791298953,0.6976744186046512,0.0,0.0,0.27496007,0.00209205254300715,7.255582810359657,0.9311904686056514,43
slowrank_lb90_k1_d90_th0,slow_rank,optimistic_limit,train,0.21807370142706572,0.1035210492972174,0.030548986866053195,3.239818915542915,-0.006531691973641118,0.00828646642686732,0.00640117543586749,0.03656171952395337,0.0,0.875,0.0,0.0,0.21610735999999997,0.00029887210210233217,6.491478082426038,0.8768739668243744,24
slowrank_lb90_k1_d90_th0,slow_rank,optimistic_limit,test,0.04247234249258014,0.026661579235850663,0.03280723438876369,0.8184328990198373,-0.008760740075280937,0.0021964940355185055,0.0027935761922468494,0.008460505757966308,-0.0033324849355338415,0.631578947368421,0.0,0.0,0.05885271000000001,0.001793180440904818,8.223570190641247,1.0,19
slowrank_lb90_k1_d90_th0,slow_rank,optimistic_limit,full,0.2698081448552838,0.06892995479877895,0.031566931908000924,2.127434894270398,-0.008760740075278162,0.005595548393480635,0.004261980301685675,0.03656171952395337,-0.0033324849355338415,0.7674418604651163,0.0,0.0,0.27496007,0.00209205254300715,7.255582810359657,0.9311904686056514,43
slowrank_lb90_k1_d90_th0.5,slow_rank,taker,train,0.13118241619997106,0.06348466125825669,0.021576731709030208,2.863452477315332,-0.006835429614467814,0.00517818262759541,0.003019550513579161,0.03531422611711088,-0.00040395873628240597,0.6666666666666666,0.0,0.0,0.1441257,0.00160440985188548,5.492789146668186,0.6306219004731232,24
slowrank_lb90_k1_d90_th0.5,slow_rank,taker,test,0.023915593595800422,0.015062828684070606,0.01890062746332103,0.8004563446403321,-0.007613468923948097,0.0012483590442376779,0.0,0.008460505757966308,-0.0015193955760312017,0.2631578947368421,0.0,0.0,0.03229775000000001,0.0016187058287482348,3.1629116117850953,0.448945696129405,19
slowrank_lb90_k1_d90_th0.5,slow_rank,taker,full,0.15823531514852696,0.0418451916861049,0.020440599378182246,2.015712914775198,-0.007613468923947986,0.0034417489512280396,0.0,0.03531422611711088,-0.0015193955760312017,0.4883720930232558,0.0,0.0,0.17642345,0.0032231156806337147,4.464974037144405,0.5504762511547896,43
slowrank_lb90_k1_d90_th0.5,slow_rank,optimistic_limit,train,0.13869249181278365,0.06700450308388728,0.021175096972581756,3.0734036040948984,-0.005638554986737043,0.005456383918708961,0.003019550513579161,0.03656171952395337,0.0,0.7083333333333334,0.0,0.0,0.1441257,0.00160440985188548,5.492789146668186,0.6306219004731232,24
slowrank_lb90_k1_d90_th0.5,slow_rank,optimistic_limit,test,0.026999194857478592,0.016995526790965387,0.018663550660843416,0.9123062619318454,-0.006417868885022937,0.0014065992549834785,0.0,0.008460505757966308,-0.000919106635495659,0.3684210526315789,0.0,0.0,0.03229775000000001,0.0016187058287482348,3.1629116117850953,0.448945696129405,19
slowrank_lb90_k1_d90_th0.5,slow_rank,optimistic_limit,full,0.16943627228199065,0.04464708928161465,0.02010715514831369,2.1823755897320294,-0.006417868885022493,0.0036669441835744452,0.001048398148639551,0.03656171952395337,-0.000919106635495659,0.5581395348837209,0.0,0.0,0.17642345,0.0032231156806337147,4.464974037144405,0.5504762511547896,43
slowrank_lb90_k1_d90_th1,slow_rank,taker,train,0.10597042182811012,0.05158184800981336,0.018120081301672253,2.7847487404539693,-0.005343006013136198,0.004236167770826481,0.0,0.03531422611711088,0.0,0.4583333333333333,0.0,0.0,0.11318281,0.0018694231329604571,3.495411275152483,0.384369834121872,24
slowrank_lb90_k1_d90_th1,slow_rank,taker,test,0.00807467690085284,0.005100348618566342,0.016061551010370673,0.3247734167506661,-0.0035668438011910997,0.00042515168703972125,0.0,0.008460505757966308,-0.0002608233685780226,0.05263157894736842,0.0,0.0,0.009101890000000001,0.0011442538070493002,0.6325823223570191,0.13698729058347775,19
slowrank_lb90_k1_d90_th1,slow_rank,taker,full,0.1149007756462741,0.030817493938133156,0.017243694996375247,1.768814686475805,-0.005343006013136198,0.0025522304314788426,0.0,0.03531422611711088,-0.0002608233685780226,0.27906976744186046,0.0,0.0,0.12228470000000001,0.0030136769400097574,2.2324870185722023,0.2752381255773948,43
slowrank_lb90_k1_d90_th1,slow_rank,optimistic_limit,train,0.11063722217316507,0.053795253660811504,0.017821121073067832,2.949147819116372,-0.004144877327382557,0.004413919307822922,0.0,0.03656171952395337,0.0,0.4583333333333333,0.0,0.0,0.11318281,0.0018694231329604571,3.495411275152483,0.384369834121872,24
slowrank_lb90_k1_d90_th1,slow_rank,optimistic_limit,test,0.008680733820833453,0.005482556139196015,0.016021310533876593,0.3492794288916011,-0.0030087390937300063,0.0004567856658383177,0.0,0.008460505757966308,-0.00012180033563358172,0.10526315789473684,0.0,0.0,0.009101890000000001,0.0011442538070493002,0.6325823223570191,0.13698729058347775,19
slowrank_lb90_k1_d90_th1,slow_rank,optimistic_limit,full,0.12027836827036165,0.032202586337469974,0.01705213274403064,1.8672381717757518,-0.004144877327382557,0.0026654183962483294,0.0,0.03656171952395337,-0.00012180033563358172,0.3023255813953488,0.0,0.0,0.12228470000000001,0.0030136769400097574,2.2324870185722023,0.2752381255773948,43
slowrank_lb90_k3_d7_th0,slow_rank,taker,train,0.14002490783649413,0.0676277680691415,0.0254407778469652,2.584937764585264,-0.017059200701966093,0.005501782169611627,0.0041176688465872635,0.03402392731045123,-0.0032288003365301687,0.8333333333333334,0.0,0.0,0.22605037,0.002314616458585884,24.13498261414809,0.9520606509718976,24
slowrank_lb90_k3_d7_th0,slow_rank,taker,test,0.009704806734034843,0.006128192192395687,0.022705497358475886,0.28042892862811714,-0.011803389910144402,0.0005109786550697539,0.0008834518083975507,0.005279704393762463,-0.004493569051703394,0.6842105263157895,0.0,0.0,0.07163057666666667,0.0037682897572552257,20.66435586366262,1.0,19
slowrank_lb90_k3_d7_th0,slow_rank,taker,full,0.15108862923904853,0.0400472385942936,0.02427381634641672,1.629770308603006,-0.017059200701966093,0.003296543407372195,0.0016175434036216352,0.03402392731045123,-0.004493569051703394,0.7674418604651163,0.0,0.0,0.29768094666666667,0.00608290621584111,22.603931063043547,0.9732088815265522,43
slowrank_lb90_k3_d7_th0,slow_rank,optimistic_limit,train,0.17361530780465428,0.08322158726342299,0.02466217722499118,3.2537199069439455,-0.017059200701966204,0.006719977259317546,0.005033457217839987,0.03568155389805172,-0.0016307018200156786,0.9166666666666666,0.0,0.0,0.22605037,0.002314616458585884,24.13498261414809,0.9520606509718976,24
slowrank_lb90_k3_d7_th0,slow_rank,optimistic_limit,test,0.029717105535705057,0.018697255123262035,0.021966823739866262,0.8542833519598203,-0.00612926267423719,0.0015445572969694042,0.0017670196924910453,0.006085081916035406,-0.0026978713309034896,0.7368421052631579,0.0,0.0,0.07163057666666667,0.0037682897572552257,20.66435586366262,1.0,19
slowrank_lb90_k3_d7_th0,slow_rank,optimistic_limit,full,0.20849175776500672,0.05426793298611976,0.023513152119674103,2.2592931617725904,-0.017059200701966204,0.004433163787582321,0.0028419472204115337,0.03568155389805172,-0.0026978713309034896,0.8372093023255814,0.0,0.0,0.29768094666666667,0.00608290621584111,22.603931063043547,0.9732088815265522,43
slowrank_lb90_k3_d7_th0.5,slow_rank,taker,train,0.12650758517818028,0.06128773877820026,0.025433252011443027,2.351507101472856,-0.017059200701966093,0.005005204772915735,0.003826395175709929,0.03402392731045123,-0.004774873020125581,0.7916666666666666,0.0,0.0,0.21812588500000002,0.0029774198972480166,25.300119705865587,0.8754488969959529,24
slowrank_lb90_k3_d7_th0.5,slow_rank,taker,test,-0.023325802227481374,-0.014819401410100408,0.016959290096966742,-0.8718786945992435,-0.02656877986803685,-0.0012391180415111407,-0.000561105854236188,0.002238571934054967,-0.004962708853925912,0.21052631578947367,0.0,0.0,0.04284003833333334,0.0024518940284312483,21.718659734257656,0.4904679376083189,19
slowrank_lb90_k3_d7_th0.5,slow_rank,taker,full,0.1002308920385635,0.02701435827524379,0.02210246023378869,1.2170653942855463,-0.0265687798680323,0.0022460853897968832,0.0005042417156506662,0.03402392731045123,-0.004962708853925912,0.5348837209302325,0.0,0.0,0.26096592333333335,0.005429313925679269,23.720174572329647,0.7056162594374183,43
slowrank_lb90_k3_d7_th0.5,slow_rank,optimistic_limit,train,0.1613299333507705,0.07754453735929423,0.02455845363023623,3.0533903180961457,-0.017059200701966204,0.006281358089468027,0.004782660906287428,0.03568155389805172,-0.002579001747154863,0.7916666666666666,0.0,0.0,0.21812588500000002,0.0029774198972480166,25.300119705865587,0.8754488969959529,24
slowrank_lb90_k3_d7_th0.5,slow_rank,optimistic_limit,test,-0.0029645782918247265,-0.0018763625493343206,0.015676162573527396,-0.11196923113586263,-0.013596107858969253,-0.00015430107377582166,0.0,0.0034994634335305808,-0.003046561686896987,0.3157894736842105,0.0,0.0,0.04284003833333334,0.0024518940284312483,21.718659734257656,0.4904679376083189,19
slowrank_lb90_k3_d7_th0.5,slow_rank,optimistic_limit,full,0.15788707984070793,0.0417577687837265,0.021109616298488728,1.9485074309692287,-0.017059200701966204,0.003437694738267256,0.002108247687936382,0.03568155389805172,-0.003046561686896987,0.5813953488372093,0.0,0.0,0.26096592333333335,0.005429313925679269,23.720174572329647,0.7056162594374183,43
slowrank_lb90_k3_d7_th1,slow_rank,taker,train,0.09716826197037665,0.04739432793416909,0.013411930867844079,3.45927616499649,-0.005331530618800762,0.0038996113980814726,0.0,0.03402392731045123,-0.0014209639148639042,0.4166666666666667,0.0,0.0,0.13918153833333335,0.006398088748793586,13.14940432081172,0.37752949894544835,24
slowrank_lb90_k3_d7_th1,slow_rank,taker,test,0.001324828316925819,0.0008378591265134627,0.0026971677032302755,0.31186308437096205,-0.0019999999999998908,6.972780615399048e-05,0.0,0.001324828316925819,0.0,0.05263157894736842,0.0,0.0,0.0029591133333333342,0.0003705903420096656,0.6325823223570191,0.01913633737723859,19
slowrank_lb90_k3_d7_th1,slow_rank,taker,full,0.09862182155226895,0.026594989792351198,0.010187817813244055,2.581459641740782,-0.005331530618800762,0.0022073372528111897,0.0,0.03402392731045123,-0.0014209639148639042,0.2558139534883721,0.0,0.0,0.14214065166666667,0.006768679090803252,7.6276639801216914,0.21942595011308974,43
slowrank_lb90_k3_d7_th1,slow_rank,optimistic_limit,train,0.11466747762497409,0.05570300980274934,0.012501236822879831,4.342387568472238,-0.0034161170587454492,0.004565426550470181,0.0,0.03568155389805172,-0.0008206157969770089,0.4583333333333333,0.0,0.0,0.13918153833333335,0.006398088748793586,13.14940432081172,0.37752949894544835,24
slowrank_lb90_k3_d7_th1,slow_rank,optimistic_limit,test,0.0019268272117054508,0.0012184457586985609,0.0024462344830131354,0.4990103936830141,-0.0014000000000000679,0.0001014119585108132,0.0,0.0019268272117054508,0.0,0.05263157894736842,0.0,0.0,0.0029591133333333342,0.0003705903420096656,0.6325823223570191,0.01913633737723859,19
slowrank_lb90_k3_d7_th1,slow_rank,optimistic_limit,full,0.11681524925286602,0.03131115089312586,0.009489735426037746,3.2536248403357293,-0.0034161170587454492,0.002592954986581158,0.0,0.03568155389805172,-0.0008206157969770089,0.27906976744186046,0.0,0.0,0.14214065166666667,0.006768679090803252,7.6276639801216914,0.21942595011308974,43
slowrank_lb90_k3_d14_th0,slow_rank,taker,train,0.1632360508345383,0.07842731472396092,0.025690366479848542,2.9518488723097636,-0.01812781102022809,0.006349081040873543,0.003981235009330009,0.03665998406466886,-0.003239350671270347,0.875,0.0,0.0,0.22402861333333335,0.0005053197213783864,18.14284899960098,0.9424841817249046,24
slowrank_lb90_k3_d14_th0,slow_rank,taker,test,0.022118445911344153,0.013935450283582007,0.021533941835568917,0.6534403564371716,-0.005312763284452293,0.0011541650345022571,0.0016747029549550874,0.00499131164798472,-0.002474996670216334,0.631578947368421,0.0,0.0,0.07127219333333334,0.0023051169990757694,16.23627960716349,1.0,19
slowrank_lb90_k3_d14_th0,slow_rank,taker,full,0.18896502450703445,0.04948624088271192,0.023947751946203254,2.028901770834268,-0.01812781102022809,0.004053653038058324,0.002659400269125145,0.03665998406466886,-0.003239350671270347,0.7674418604651163,0.0,0.0,0.2953008066666667,0.0028104367204541654,17.301774393934565,0.9678570290847696,43
slowrank_lb90_k3_d14_th0,slow_rank,optimistic_limit,train,0.18891707318393802,0.09025105997754435,0.024957218415137022,3.4747377404017463,-0.017734532955298143,0.007265399272108851,0.005188798612440038,0.037490676620460794,-0.0016396862109897548,0.9166666666666666,0.0,0.0,0.22402861333333335,0.0005053197213783864,18.14284899960098,0.9424841817249046,24
slowrank_lb90_k3_d14_th0,slow_rank,optimistic_limit,test,0.03800933842206278,0.023878989340623047,0.020714100530728332,1.1495992479858972,-0.0041162290785148326,0.001967052134557454,0.0023856863214080093,0.0057964895708217945,-0.0008739079534988425,0.7894736842105263,0.0,0.0,0.07127219333333334,0.0023051169990757694,16.23627960716349,1.0,19
slowrank_lb90_k3_d14_th0,slow_rank,optimistic_limit,full,0.2341070245743584,0.060456843993958564,0.02318337055848834,2.5435775535202123,-0.017734532955298143,0.004924269141562885,0.003530626178754881,0.037490676620460794,-0.0016396862109897548,0.8604651162790697,0.0,0.0,0.2953008066666667,0.0028104367204541654,17.301774393934565,0.9678570290847696,43
slowrank_lb90_k3_d14_th0.5,slow_rank,taker,train,0.14903872405864727,0.07183462185557676,0.025688857921577973,2.7133160678531527,-0.01812781102022809,0.005836952870323982,0.003375281370534111,0.03665998406466886,-0.00439416773097967,0.7916666666666666,0.0,0.0,0.21571922666666668,0.0005344294373488987,19.14153793535883,0.8658724277489597,24
slowrank_lb90_k3_d14_th0.5,slow_rank,taker,test,-0.006754847793752017,-0.004278316166104745,0.016083505655328442,-0.25853260477870715,-0.010995446067546766,-0.00035490103355085905,0.0,0.0030773408030357885,-0.004251476094444651,0.3157894736842105,0.0,0.0,0.04105242666666667,0.002374340942722264,15.814558058925478,0.4662045060658579,19
slowrank_lb90_k3_d14_th0.5,slow_rank,taker,full,0.14127714236850286,0.03756572328606489,0.021978457658344462,1.6888780966485197,-0.01812781102022809,0.003101017424425796,0.0013888837951350208,0.03665998406466886,-0.00439416773097967,0.5813953488372093,0.0,0.0,0.25677165333333335,0.0029087703800711765,17.673855563696602,0.6895607021120703,43
slowrank_lb90_k3_d14_th0.5,slow_rank,optimistic_limit,train,0.17582173705533632,0.08423801742756098,0.024865768149121205,3.2650072677324,-0.017734532955298143,0.0068031462606876385,0.004582511474336193,0.037490676620460794,-0.002395221123350444,0.8333333333333334,0.0,0.0,0.21571922666666668,0.0005344294373488987,19.14153793535883,0.8658724277489597,24
slowrank_lb90_k3_d14_th0.5,slow_rank,optimistic_limit,test,0.008284664961765387,0.005232786356603514,0.014931345054245794,0.3570089770843765,-0.006643608537444945,0.00043598877984157554,0.0,0.0042687006125083915,-0.0019288598543391045,0.3684210526315789,0.0,0.0,0.04105242666666667,0.002374340942722264,15.814558058925478,0.4662045060658579,19
slowrank_lb90_k3_d14_th0.5,slow_rank,optimistic_limit,full,0.18556302620159326,0.048647381510228405,0.02107234701762598,2.26473344595145,-0.017734532955298143,0.003989751094732401,0.0025937006297633847,0.037490676620460794,-0.002395221123350444,0.627906976744186,0.0,0.0,0.25677165333333335,0.0029087703800711765,17.673855563696602,0.6895607021120703,43
slowrank_lb90_k3_d14_th1,slow_rank,taker,train,0.10084187945636436,0.049144044096817385,0.013497273548803528,3.5611547363799607,-0.006158098360688036,0.00404386681018111,0.0,0.03665998406466886,-0.0019177860385710677,0.4166666666666667,0.0,0.0,0.13434638999999998,0.003911569621957746,10.486233825457447,0.3679530296984552,24
slowrank_lb90_k3_d14_th1,slow_rank,taker,test,0.001324828316925819,0.0008378591265134627,0.0026971677032302755,0.31186308437096205,-0.0019999999999998908,6.972780615399048e-05,0.0,0.001324828316925819,0.0,0.05263157894736842,0.0,0.0,0.0029591133333333342,0.0003705903420096656,0.6325823223570191,0.01913633737723859,19
slowrank_lb90_k3_d14_th1,slow_rank,taker,full,0.1023003059507277,0.027553055532703485,0.01025082300661728,2.6566548771666945,-0.006158098360688036,0.002287851901424941,0.0,0.03665998406466886,-0.0019177860385710677,0.2558139534883721,0.0,0.0,0.13730550333333333,0.004282159963967414,6.139339301073556,0.21407409767130706,43
slowrank_lb90_k3_d14_th1,slow_rank,optimistic_limit,train,0.1148251269617433,0.05577756423124813,0.0126432796368901,4.299329088886829,-0.0038973167921406704,0.004574543028368692,0.0,0.037490676620460794,-0.0011117005654884826,0.4583333333333333,0.0,0.0,0.13434638999999998,0.003911569621957746,10.486233825457447,0.3679530296984552,24
slowrank_lb90_k3_d14_th1,slow_rank,optimistic_limit,test,0.0019268272117054508,0.0012184457586985609,0.0024462344830131354,0.4990103936830141,-0.0014000000000000679,0.0001014119585108132,0.0,0.0019268272117054508,0.0,0.05263157894736842,0.0,0.0,0.0029591133333333342,0.0003705903420096656,0.6325823223570191,0.01913633737723859,19
slowrank_lb90_k3_d14_th1,slow_rank,optimistic_limit,full,0.11697320235266773,0.031351852667910185,0.009594334163354722,3.222370827381765,-0.0038973167921406704,0.002598043253315211,0.0,0.037490676620460794,-0.0011117005654884826,0.27906976744186046,0.0,0.0,0.13730550333333333,0.004282159963967414,6.139339301073556,0.21407409767130706,43
slowrank_lb90_k3_d30_th0,slow_rank,taker,train,0.20054876487650963,0.09556428666295513,0.022540396896920622,4.060441970280672,-0.012189444062139065,0.007674327076367116,0.005505870551056002,0.03630974296035561,-0.0017693875552320382,0.9166666666666666,0.0,0.0,0.22584589666666668,0.0007756865111250297,10.81913013737673,0.9589009861483213,24
slowrank_lb90_k3_d30_th0,slow_rank,taker,test,0.034511809033062946,0.021695279393103784,0.021914423923868987,0.9903732012716033,-0.00851223065549378,0.0017896813232180012,0.001879513383918674,0.006558632999518643,-0.0011939752489092958,0.6842105263157895,0.0,0.0,0.06611892833333334,0.00219037404273918,10.753899480069324,1.0,19
slowrank_lb90_k3_d30_th0,slow_rank,taker,full,0.24198187458479992,0.06234086166795594,0.02226914946024653,2.726775170918698,-0.012189444062139065,0.005074134766836111,0.0034861002446999745,0.03630974296035561,-0.0017693875552320382,0.813953488372093,0.0,0.0,0.291964825,0.0029660605538642127,10.790353923098976,0.9770316332706827,43
slowrank_lb90_k3_d30_th0,slow_rank,optimistic_limit,train,0.21628582800515073,0.10271194645676851,0.02202153286232229,4.450891419877776,-0.012189444062139287,0.00822149615880075,0.0059086439132184365,0.03714094355586428,-0.0011691256485295565,0.9166666666666666,0.0,0.0,0.22584589666666668,0.0007756865111250297,10.81913013737673,0.9589009861483213,24
slowrank_lb90_k3_d30_th0,slow_rank,optimistic_limit,test,0.045139260847179896,0.028322257959934927,0.021314736597787102,1.3209545299504135,-0.006674140087148839,0.002328519227072679,0.0022808200964967718,0.006961618297604,-0.00039275860537713037,0.7894736842105263,0.0,0.0,0.06611892833333334,0.00219037404273918,10.753899480069324,1.0,19
slowrank_lb90_k3_d30_th0,slow_rank,optimistic_limit,full,0.27118807126019107,0.06925399281595124,0.021715388791948207,3.0944496008495603,-0.012189444062139287,0.005617622630827881,0.003861333308895709,0.03714094355586428,-0.0011691256485295565,0.8604651162790697,0.0,0.0,0.291964825,0.0029660605538642127,10.790353923098976,0.9770316332706827,43
slowrank_lb90_k3_d30_th0.5,slow_rank,taker,train,0.1840411806536113,0.08801606852732058,0.022159479852471665,3.81785839180328,-0.012189444062139065,0.007096370473201695,0.005057531392894443,0.03630974296035561,-0.002353780750885326,0.8333333333333334,0.0,0.0,0.21304222666666664,0.002383413457312188,11.484922761215298,0.8768169640312375,24
slowrank_lb90_k3_d30_th0.5,slow_rank,taker,test,0.005376928196593411,0.0033979981173508644,0.016688397375069837,0.21161637232582467,-0.01267280558208872,0.0002844167314659529,-0.00024072738479530287,0.004923633104220837,-0.0021150221959933546,0.21052631578947367,0.0,0.0,0.03898405666666667,0.0019320095183933596,11.175621028307337,0.5529318313113807,19
slowrank_lb90_k3_d30_th0.5,slow_rank,taker,full,0.19040768506379546,0.049841447395506,0.019936263788707716,2.449706254833761,-0.012672805582090607,0.004086437424527763,0.002789635839300253,0.03630974296035561,-0.002353780750885326,0.5581395348837209,0.0,0.0,0.2520262833333333,0.004315422975705552,11.348475677742028,0.7339364786085184,43
slowrank_lb90_k3_d30_th0.5,slow_rank,optimistic_limit,train,0.20052558684029198,0.09555372488482239,0.02156060577571468,4.2435129476992195,-0.012189444062139287,0.0076767336725852425,0.005460051276037214,0.03714094355586428,-0.0011691256485295565,0.875,0.0,0.0,0.21304222666666664,0.002383413457312188,11.484922761215298,0.8768169640312375,24
slowrank_lb90_k3_d30_th0.5,slow_rank,optimistic_limit,test,0.016116051145516508,0.010164765550560562,0.015712693654536578,0.6515057796263273,-0.009501926107463365,0.0008440490668610739,0.0,0.005481012608880009,-0.0013945847565028924,0.47368421052631576,0.0,0.0,0.03898405666666667,0.0019320095183933596,11.175621028307337,0.5529318313113807,19
slowrank_lb90_k3_d30_th0.5,slow_rank,optimistic_limit,full,0.21987331859930515,0.057029395368362934,0.019206188789516333,2.8973512713898337,-0.012189444062139287,0.004657640474707122,0.0035930325034430055,0.03714094355586428,-0.0013945847565028924,0.6976744186046512,0.0,0.0,0.2520262833333333,0.004315422975705552,11.348475677742028,0.7339364786085184,43
slowrank_lb90_k3_d30_th1,slow_rank,taker,train,0.11846245084138451,0.05749623869404075,0.01950624831465349,2.875723235898208,-0.0169907150973303,0.004712581720435038,0.0,0.03630974296035561,-0.0022937298405877327,0.4583333333333333,0.0,0.0,0.14344857666666666,0.0015545133149976738,8.15595964202246,0.425354842387277,24
slowrank_lb90_k3_d30_th1,slow_rank,taker,test,0.001952013103188266,0.0012343665705671913,0.003300247856142686,0.3754422243724169,-0.0020614609523869065,0.00010273753174675084,0.0,0.001952013103188266,0.0,0.05263157894736842,0.0,0.0,0.003949656666666667,9.064518386002669e-06,0.6325823223570191,0.03300115540150202,19
slowrank_lb90_k3_d30_th1,slow_rank,taker,full,0.12064570420085219,0.03229702504456111,0.014748713680899354,2.1625820385327073,-0.0169907150973303,0.0026756738231076553,0.0,0.03630974296035561,-0.0022937298405877327,0.27906976744186046,0.0,0.0,0.14739823333333332,0.0015635778333836794,4.837055206906438,0.25226975884807745,43
slowrank_lb90_k3_d30_th1,slow_rank,optimistic_limit,train,0.12950012156296653,0.06269459655327769,0.018980647308473885,3.2131753104982193,-0.015808536262805095,0.005125084282582788,0.00012107198213984205,0.03714094355586428,-0.0016939064316742192,0.5,0.0,0.0,0.14344857666666666,0.0015545133149976738,8.15595964202246,0.425354842387277,24
slowrank_lb90_k3_d30_th1,slow_rank,optimistic_limit,test,0.0025543890629697863,0.001615103981853494,0.0030985401329472564,0.5223756091760369,-0.00146149790285921,0.00013444152962998875,0.0,0.0025543890629697863,0.0,0.05263157894736842,0.0,0.0,0.003949656666666667,9.064518386002669e-06,0.6325823223570191,0.03300115540150202,19
slowrank_lb90_k3_d30_th1,slow_rank,optimistic_limit,full,0.13238530432011086,0.03530348445653542,0.014341027392627029,2.426432602716346,-0.015808536262805095,0.0029199165545338765,0.0,0.03714094355586428,-0.0016939064316742192,0.3023255813953488,0.0,0.0,0.14739823333333332,0.0015635778333836794,4.837055206906438,0.25226975884807745,43
slowrank_lb90_k3_d60_th0,slow_rank,taker,train,0.21625670275954567,0.10269876088777141,0.021576413515996054,4.54170927089565,-0.012189444062139065,0.00822322327354478,0.0060733178570056,0.03885533780993544,-0.000183288154887995,0.875,0.0,0.0,0.21744253666666663,0.0008023475803289695,5.492789146668186,0.9178589750897794,24
slowrank_lb90_k3_d60_th0,slow_rank,taker,test,0.044141480620358386,0.027701126948153076,0.019618162795711776,1.4026232816068456,-0.004633506254561159,0.0022793644201196672,0.0024581119345650215,0.007957617319868993,-0.0015541347419554263,0.8421052631578947,0.0,0.0,0.06429041333333334,0.001208892459926725,6.958405545927208,1.0,19
slowrank_lb90_k3_d60_th0,slow_rank,taker,full,0.26994407443379087,0.06896188541552206,0.020738397030503907,3.2260557027124586,-0.012189444062139065,0.005596867035984847,0.003843497118976469,0.03885533780993544,-0.0015541347419554263,0.8604651162790697,0.0,0.0,0.28173295,0.002011240040255694,6.139339301073556,0.9540951228058998,43
slowrank_lb90_k3_d60_th0,slow_rank,optimistic_limit,train,0.22432522893746,0.10634551660060687,0.021295826033257272,4.756306265279244,-0.012189444062139176,0.008500904754950162,0.0062528594964216255,0.03885533780993544,0.0,0.9166666666666666,0.0,0.0,0.21744253666666663,0.0008023475803289695,5.492789146668186,0.9178589750897794,24
slowrank_lb90_k3_d60_th0,slow_rank,optimistic_limit,test,0.05107088855494735,0.0320102853239177,0.019144008905894083,1.6554492511449654,-0.003554103910429429,0.0026277777122141305,0.0025229269054889425,0.007957617319868993,-0.001082987115775258,0.8421052631578947,0.0,0.0,0.06429041333333334,0.001208892459926725,6.958405545927208,1.0,19
slowrank_lb90_k3_d60_th0,slow_rank,optimistic_limit,full,0.286852606259538,0.07291472278619926,0.020377623315732545,3.4639381880967353,-0.012189444062139176,0.005905802108159822,0.0041146367235669334,0.03885533780993544,-0.001082987115775258,0.8837209302325582,0.0,0.0,0.28173295,0.002011240040255694,6.139339301073556,0.9540951228058998,43
slowrank_lb90_k3_d60_th0.5,slow_rank,taker,train,0.21307138435334627,0.10125574957496175,0.022197548645664904,4.356242634644398,-0.012189444062139065,0.008113569910940968,0.0060733178570056,0.03885533780993544,-0.000183288154887995,0.875,0.0,0.0,0.21730071,0.001015659457174817,6.158581770506754,0.9178589750897794,24
slowrank_lb90_k3_d60_th0.5,slow_rank,taker,test,0.026369379437655383,0.016600953013929498,0.011114575853590358,1.4869183028463349,-0.0043474951460975575,0.0013737706476687483,0.0,0.007012468127137517,-0.0018408729363645904,0.47368421052631576,0.0,0.0,0.03859637833333334,0.001529021762419201,4.428076256499134,0.5009387637203928,19
slowrank_lb90_k3_d60_th0.5,slow_rank,taker,full,0.24505932397232755,0.06307478547019785,0.018166814830164354,3.375970614454352,-0.012189444062139065,0.00513551907368115,0.0025229269054889425,0.03885533780993544,-0.0018408729363645904,0.6976744186046512,0.0,0.0,0.25589708833333336,0.00254468121959402,5.395176961549488,0.7339364786085184,43
slowrank_lb90_k3_d60_th0.5,slow_rank,optimistic_limit,train,0.22209947970251598,0.10534074296526397,0.02186117639530536,4.592298924896911,-0.012189444062139176,0.008424772036364695,0.0060733178570056,0.03885533780993544,0.0,0.9166666666666666,0.0,0.0,0.21730071,0.001015659457174817,6.158581770506754,0.9178589750897794,24
slowrank_lb90_k3_d60_th0.5,slow_rank,optimistic_limit,test,0.03069914198348389,0.019311718217827067,0.010552084268691395,1.8179642552604356,-0.003554103910427653,0.001595521268773235,0.0,0.007012468127137517,-0.0012407772687912377,0.47368421052631576,0.0,0.0,0.03859637833333334,0.001529021762419201,4.428076256499134,0.5009387637203928,19
slowrank_lb90_k3_d60_th0.5,slow_rank,optimistic_limit,full,0.2596168851478464,0.06652892034715041,0.01778706344336583,3.6300392927355523,-0.012189444062139176,0.005407196115801027,0.0029080513522263818,0.03885533780993544,-0.0012407772687912377,0.7209302325581395,0.0,0.0,0.25589708833333336,0.00254468121959402,5.395176961549488,0.7339364786085184,43
slowrank_lb90_k3_d60_th1,slow_rank,taker,train,0.11348614948813363,0.05514417623662138,0.018875164666263353,2.853260866127057,-0.014535704820941242,0.004523635116402168,9.135255967107625e-05,0.03885533780993544,-0.002430852028027064,0.5,0.0,0.0,0.12297891999999999,0.0015406861669628282,4.16120389899105,0.425354842387277,24
slowrank_lb90_k3_d60_th1,slow_rank,taker,test,0.00637292914040799,0.0040266961562489545,0.005344137901579623,0.7546384408865378,-0.0024193425044439776,0.0003355510267120928,0.0,0.006751724088726263,-0.0003762545811965001,0.05263157894736842,0.0,0.0,0.007701476666666668,0.0006738072314100838,0.6325823223570191,0.08499422299248989,19
slowrank_lb90_k3_d60_th1,slow_rank,taker,full,0.12058231781764883,0.0322807305787558,0.014552232962606404,2.1904973840330686,-0.014535704820941242,0.0026730863325856234,0.0,0.03885533780993544,-0.002430852028027064,0.3023255813953488,0.0,0.0,0.13068039666666667,0.00221449339837291,2.6045681883342358,0.27520626931286035,43
slowrank_lb90_k3_d60_th1,slow_rank,optimistic_limit,train,0.11907754276658267,0.05778659944837572,0.01863635953072769,3.023792867401698,-0.014535704820940465,0.004733438244476242,0.00039200868345445894,0.03885533780993544,-0.0018311110573023814,0.5,0.0,0.0,0.12297891999999999,0.0015406861669628282,4.16120389899105,0.425354842387277,24
slowrank_lb90_k3_d60_th1,slow_rank,optimistic_limit,test,0.00697796296554265,0.004408495401181378,0.0052219615889673,0.8449777372294921,-0.0018195946141660313,0.000367181353009493,0.0,0.006751724088726263,0.0,0.10526315789473684,0.0,0.0,0.007701476666666668,0.0006738072314100838,0.6325823223570191,0.08499422299248989,19
slowrank_lb90_k3_d60_th1,slow_rank,optimistic_limit,full,0.12688642441558473,0.0338980574120642,0.014359596889015015,2.3287122478354907,-0.014535704820940465,0.0028041619435955857,0.0,0.03885533780993544,-0.0018311110573023814,0.32558139534883723,0.0,0.0,0.13068039666666667,0.00221449339837291,2.6045681883342358,0.27520626931286035,43
slowrank_lb90_k3_d90_th0,slow_rank,taker,train,0.21866648173500125,0.10378918100127565,0.016422592759842595,6.021240534887152,-0.003150186803216215,0.008304489785817335,0.006355718908550356,0.03634272017949547,0.0,0.875,0.0,0.0,0.21408014000000003,0.0006149170352259853,4.16120389899105,0.8768739668243744,24
slowrank_lb90_k3_d90_th0,slow_rank,taker,test,0.040126730618749606,0.025199686072380212,0.021326693511297626,1.177626686440999,-0.009687345958696136,0.002076893391966302,0.0023061471362881836,0.007957617319868993,-0.002711564692563173,0.6842105263157895,0.0,0.0,0.05775930666666667,0.001276184828269137,6.114962449451183,1.0,19
slowrank_lb90_k3_d90_th0,slow_rank,taker,full,0.2675675833616584,0.06840327897313925,0.018748612473304067,3.5384642748052424,-0.00968734595869536,0.005552761146673856,0.004389990921377818,0.03634272017949547,-0.002711564692563173,0.7906976744186046,0.0,0.0,0.2718394466666667,0.001891101863495108,5.023095791787455,0.9311904686056514,43
slowrank_lb90_k3_d90_th0,slow_rank,optimistic_limit,train,0.2247866746995144,0.106553713336764,0.016130812690037532,6.2849346465672244,-0.003150186803215438,0.008515616737517606,0.006502526426920174,0.03717394722528633,0.0,0.875,0.0,0.0,0.21408014000000003,0.0006149170352259853,4.16120389899105,0.8768739668243744,24
slowrank_lb90_k3_d90_th0,slow_rank,optimistic_limit,test,0.04619328462560501,0.02897816471125325,0.020860502617702073,1.3798258560509038,-0.008494196259077214,0.002382994675927134,0.0023061471362881836,0.007957617319868993,-0.001510010423657615,0.7368421052631579,0.0,0.0,0.05775930666666667,0.001276184828269137,6.114962449451183,1.0,19
slowrank_lb90_k3_d90_th0,slow_rank,optimistic_limit,full,0.2813635941695507,0.07163564068694539,0.018371764904652647,3.775094732268356,-0.00849419625908232,0.0058058535010008855,0.004389990921377818,0.03717394722528633,-0.001510010423657615,0.813953488372093,0.0,0.0,0.2718394466666667,0.001891101863495108,5.023095791787455,0.9311904686056514,43
slowrank_lb90_k3_d90_th0.5,slow_rank,taker,train,0.13728432112627553,0.06634540531100708,0.012690928606558053,5.068034468196685,-0.004346740502294666,0.005403952755715462,0.003921078817813339,0.03634272017949547,0.0,0.7083333333333334,0.0,0.0,0.14363093,0.0018407355177893347,4.16120389899105,0.6306219004731232,24
slowrank_lb90_k3_d90_th0.5,slow_rank,taker,test,0.01750668107660225,0.011039081483731783,0.011977531837237506,0.9225893161967601,-0.007518843078080151,0.0009170818437834796,0.0,0.007012468127137517,-0.00299797049101036,0.3157894736842105,0.0,0.0,0.026330406666666674,0.0011382176007140483,3.1629116117850953,0.448945696129405,19
slowrank_lb90_k3_d90_th0.5,slow_rank,taker,full,0.15719439502965527,0.041583817020582,0.012384314815610965,3.296043923640674,-0.007518843078079818,0.0034213818876524926,0.000131675253348007,0.03634272017949547,-0.00299797049101036,0.5348837209302325,0.0,0.0,0.16996133666666668,0.0029789531185033724,3.720811697620337,0.5504762511547896,43
slowrank_lb90_k3_d90_th0.5,slow_rank,optimistic_limit,train,0.14299520781491082,0.06901587555368272,0.012333044824869101,5.417541807366561,-0.003149349349745867,0.0056145149974143145,0.004423931570686213,0.03717394722528633,0.0,0.7083333333333334,0.0,0.0,0.14363093,0.0018407355177893347,4.16120389899105,0.6306219004731232,24
slowrank_lb90_k3_d90_th0.5,slow_rank,optimistic_limit,test,0.020570834997980958,0.012964026381067528,0.011607659015564575,1.1154781388005102,-0.0069221610198135775,0.0010752789536953022,0.0,0.007012468127137517,-0.0023985704732694124,0.3684210526315789,0.0,0.0,0.026330406666666674,0.0011382176007140483,3.1629116117850953,0.448945696129405,19
slowrank_lb90_k3_d90_th0.5,slow_rank,optimistic_limit,full,0.166507573638365,0.04391635560091256,0.012021650458777327,3.5811831963211582,-0.0069221610198089145,0.003608806047864053,0.0008547186430334364,0.03717394722528633,-0.0023985704732694124,0.5581395348837209,0.0,0.0,0.16996133666666668,0.0029789531185033724,3.720811697620337,0.5504762511547896,43
slowrank_lb90_k3_d90_th1,slow_rank,taker,train,0.1058884977914003,0.05154295073205195,0.010204474729876524,4.930266103954698,-0.004346740502294888,0.004234146770830939,0.0,0.03634272017949547,0.0,0.4583333333333333,0.0,0.0,0.11017041,0.0019165695749316946,2.829618651313914,0.384369834121872,24
slowrank_lb90_k3_d90_th1,slow_rank,taker,test,0.008417696313473,0.00531668288921483,0.007094322250795745,0.7509900567210256,-0.002323583388604389,0.0004424849667122573,0.0,0.006751724088726263,-0.00034527044119347927,0.10526315789473684,0.0,0.0,0.009407666666666668,0.0010145817604960306,0.6325823223570191,0.13698729058347775,19
slowrank_lb90_k3_d90_th1,slow_rank,taker,full,0.11519753132237431,0.03089405393158362,0.008969471946397373,3.3967128868566205,-0.004346740502294888,0.0025587613224994287,0.0,0.03634272017949547,-0.00034527044119347927,0.3023255813953488,0.0,0.0,0.11957807666666667,0.0029311513354277167,1.8604058488101685,0.2752381255773948,43
slowrank_lb90_k3_d90_th1,slow_rank,optimistic_limit,train,0.10966197969886293,0.053333093656771524,0.009887762719507953,5.259890284133856,-0.0031493493497462,0.004377706024932343,0.0,0.03717394722528633,0.0,0.4583333333333333,0.0,0.0,0.11017041,0.0019165695749316946,2.829618651313914,0.384369834121872,24
slowrank_lb90_k3_d90_th1,slow_rank,optimistic_limit,test,0.009023959457549191,0.005698972674849534,0.007002740100001334,0.8150116642106215,-0.0017237779277158305,0.0004741162734170035,0.0,0.006751724088726263,0.0,0.15789473684210525,0.0,0.0,0.009407666666666668,0.0010145817604960306,0.6325823223570191,0.13698729058347775,19
slowrank_lb90_k3_d90_th1,slow_rank,optimistic_limit,full,0.11967552441524942,0.03204755230370715,0.008736655303138056,3.614994910760522,-0.0031493493497462,0.002652864041704635,0.0,0.03717394722528633,0.0,0.32558139534883723,0.0,0.0,0.11957807666666667,0.0029311513354277167,1.8604058488101685,0.2752381255773948,43
slowrank_lb90_k5_d7_th0,slow_rank,taker,train,0.17856038768904603,0.08549829738387871,0.02308322440360981,3.565597583240525,-0.018485064815383034,0.006900263743541847,0.004567322554751896,0.03685527051933635,-0.0027711458140398104,0.9166666666666666,0.0,0.0,0.22387078600000004,0.002156291180849264,15.279940717095139,0.9520606509718976,24
slowrank_lb90_k5_d7_th0,slow_rank,taker,test,0.0257934556003383,0.016240063960519358,0.019113856763054625,0.8523807581538401,-0.008500359728882079,0.0013444259078293907,0.001147683953066192,0.006944271575740624,-0.004784996385119311,0.7894736842105263,0.0,0.0,0.06751999166666667,0.0025685408607113375,14.022241478913926,1.0,19
slowrank_lb90_k5_d7_th0,slow_rank,taker,full,0.20895953272122325,0.05438179599059767,0.02142554331459837,2.4822734465209177,-0.018485064815383034,0.00444535865334332,0.002705736998800168,0.03685527051933635,-0.004784996385119311,0.8604651162790697,0.0,0.0,0.29139077766666666,0.004724832041560604,14.725112293332483,0.9732088815265522,43
slowrank_lb90_k5_d7_th0,slow_rank,optimistic_limit,train,0.20041869554554692,0.09550501528970745,0.022714916101493694,4.027021414846951,-0.018485064815382923,0.007671288345723472,0.005170693247146141,0.03760254828688092,-0.001332355350678216,0.9166666666666666,0.0,0.0,0.22387078600000004,0.002156291180849264,15.279940717095139,0.9520606509718976,24
slowrank_lb90_k5_d7_th0,slow_rank,optimistic_limit,test,0.03954008365744377,0.02483387142390625,0.018712804985957236,1.320252555660402,-0.005991278398437494,0.002045646851485549,0.001909218835491,0.00718614136177842,-0.002889727981608692,0.8421052631578947,0.0,0.0,0.06751999166666667,0.0025685408607113375,14.022241478913926,1.0,19
slowrank_lb90_k5_d7_th0,slow_rank,optimistic_limit,full,0.24788335119136695,0.0637471222007846,0.021046096839464856,2.9468231138618943,-0.018485064815382923,0.0051855397785020635,0.0036102277084597567,0.03760254828688092,-0.002889727981608692,0.8837209302325582,0.0,0.0,0.29139077766666666,0.004724832041560604,14.725112293332483,0.9732088815265522,43
slowrank_lb90_k5_d7_th0.5,slow_rank,taker,train,0.15312411671488357,0.07373588022545086,0.023776585937269376,3.0040712569870567,-0.018485064815383034,0.005991266471256519,0.003535742885148907,0.03685527051933635,-0.004933078752288322,0.7916666666666666,0.0,0.0,0.2169035465,0.0029371057912597615,19.174827566550764,0.8754488969959529,24
slowrank_lb90_k5_d7_th0.5,slow_rank,taker,test,-0.01954076979690822,-0.012405919592902492,0.016325831804582937,-0.7564821667208517,-0.0261730927254481,-0.00103441877893098,-0.0008425708167151269,0.005559111297462227,-0.005345220879989565,0.21052631578947367,0.0,0.0,0.04243972033333333,0.0018368118419037059,20.17937608318891,0.4904679376083189,19
slowrank_lb90_k5_d7_th0.5,slow_rank,taker,full,0.13059118380289525,0.034845477359897625,0.0208254547513487,1.6551289886850133,-0.026173092725445546,0.0028868939188480894,0.001052197881327599,0.03685527051933635,-0.005345220879989565,0.5348837209302325,0.0,0.0,0.25934326683333336,0.004773917633163471,19.61797967570323,0.7056162594374183,43
slowrank_lb90_k5_d7_th0.5,slow_rank,optimistic_limit,train,0.18003299586218025,0.08617536022480143,0.023187975912819715,3.576485298033906,-0.018485064815382923,0.006956941540499667,0.004138494194848019,0.03760254828688092,-0.0026570832188381743,0.7916666666666666,0.0,0.0,0.2169035465,0.0029371057912597615,19.174827566550764,0.8754488969959529,24
slowrank_lb90_k5_d7_th0.5,slow_rank,optimistic_limit,test,-0.0005630766357965777,-0.0003562291806985529,0.015080545813654738,-0.016085290952672814,-0.014538550935797923,-2.685791944388946e-05,0.0,0.006284202403480155,-0.003046561686896987,0.3157894736842105,0.0,0.0,0.04243972033333333,0.0018368118419037059,20.17937608318891,0.4904679376083189,19
slowrank_lb90_k5_d7_th0.5,slow_rank,optimistic_limit,full,0.17936854685274262,0.04711548917524366,0.02002487909954897,2.3091076573824956,-0.018485064815382923,0.0038710766628501886,0.0023510763639715826,0.03760254828688092,-0.003046561686896987,0.5813953488372093,0.0,0.0,0.25934326683333336,0.004773917633163471,19.61797967570323,0.7056162594374183,43
slowrank_lb90_k5_d7_th1,slow_rank,taker,train,0.11124567860016232,0.0540834936229968,0.011563469315395826,4.560802217478291,-0.004854777651026376,0.004440169950640181,0.0,0.03685527051933635,-0.0015733345648272223,0.4166666666666667,0.0,0.0,0.1404369116666667,0.005312283837761729,10.020178988770452,0.37752949894544835,24
slowrank_lb90_k5_d7_th1,slow_rank,taker,test,-0.0005819336354593307,-0.00036816029548480955,0.0026522724389746147,-0.13750792094169842,-0.0020000000000000018,-3.062808607680688e-05,0.0,0.0,-0.0005819336354593307,0.0,0.0,0.0,0.0029245280000000005,9.893285882474053e-05,1.1386481802426343,0.01913633737723859,19
slowrank_lb90_k5_d7_th1,slow_rank,taker,full,0.11059900736252626,0.029706027156722437,0.008826504764147024,3.3209482599561264,-0.004854777651026376,0.0024647010506954653,0.0,0.03685527051933635,-0.0015733345648272223,0.23255813953488372,0.0,0.0,0.14336143966666667,0.005411216696586472,6.1021311840973524,0.21942595011308974,43
slowrank_lb90_k5_d7_th1,slow_rank,optimistic_limit,train,0.12472624210726568,0.06044940135708554,0.010753945736347682,5.463185823049822,-0.003217109988381761,0.004946718529339565,0.0,0.03760254828688092,-0.0009730780525415428,0.4583333333333333,0.0,0.0,0.1404369116666667,0.005312283837761729,10.020178988770452,0.37752949894544835,24
slowrank_lb90_k5_d7_th1,slow_rank,optimistic_limit,test,0.0004997194102447367,0.0003160846515251059,0.002211349740837918,0.14402083641936078,-0.0013999999999998458,2.6301021591828244e-05,0.0,0.0004997194102447367,0.0,0.05263157894736842,0.0,0.0,0.0029245280000000005,9.893285882474053e-05,1.1386481802426343,0.01913633737723859,19
slowrank_lb90_k5_d7_th1,slow_rank,optimistic_limit,full,0.12528828964165895,0.03348867227626662,0.008178120124387586,4.031934460111167,-0.003217109988381761,0.0027725805607998677,0.0,0.03760254828688092,-0.0009730780525415428,0.27906976744186046,0.0,0.0,0.14336143966666667,0.005411216696586472,6.1021311840973524,0.21942595011308974,43
slowrank_lb90_k5_d14_th0,slow_rank,taker,train,0.18804570357334072,0.08985198241840253,0.020944392437319024,4.118596832387387,-0.01512780696750915,0.007237173064279276,0.004974250072665831,0.037340094991487716,-0.0006467678499079144,0.9166666666666666,0.0,0.0,0.219463936,0.0008855663926768016,11.88439833551844,0.9424841817249046,24
slowrank_lb90_k5_d14_th0,slow_rank,taker,test,0.037114149623509674,0.02332032893954561,0.017566004291934577,1.3211242086740054,-0.005091565725489411,0.0019221979952457101,0.0017869028158110645,0.006835250746315635,-0.0019875816396310864,0.8421052631578947,0.0,0.0,0.06703249533333333,0.0021867723038180424,10.29000577700751,1.0,19
slowrank_lb90_k5_d14_th0,slow_rank,taker,full,0.23213900957532219,0.05998465339176673,0.019528784526491955,2.992773903949639,-0.01512780696750915,0.004888695708194677,0.003104727373039573,0.037340094991487716,-0.0019875816396310864,0.8837209302325582,0.0,0.0,0.28649643133333336,0.003072338696494846,11.181039151349111,0.9678570290847696,43
slowrank_lb90_k5_d14_th0,slow_rank,optimistic_limit,train,0.20515251100868315,0.09766010374687406,0.02054585497654426,4.545546897734394,-0.014891250934338407,0.007837065537078655,0.005342152417373569,0.03783848180875449,0.0,0.9583333333333334,0.0,0.0,0.219463936,0.0008855663926768016,11.88439833551844,0.9424841817249046,24
slowrank_lb90_k5_d14_th0,slow_rank,optimistic_limit,test,0.04729626955680888,0.02966427949787387,0.017206517957520873,1.7075434471103168,-0.0040105503301945955,0.0024373268454050442,0.002268198190946702,0.0070770719170134555,-0.00150818249120388,0.8947368421052632,0.0,0.0,0.06703249533333333,0.0021867723038180424,10.29000577700751,1.0,19
slowrank_lb90_k5_d14_th0,slow_rank,optimistic_limit,full,0.2621517290264306,0.06712742777320924,0.019147375306494425,3.4027567306027127,-0.014891250934338407,0.005451134487269384,0.003443434093742148,0.03783848180875449,-0.00150818249120388,0.9302325581395349,0.0,0.0,0.28649643133333336,0.003072338696494846,11.181039151349111,0.9678570290847696,43
slowrank_lb90_k5_d14_th0.5,slow_rank,taker,train,0.16566091116824544,0.0795492906739621,0.021664170627764087,3.5440319094408053,-0.01512780696750915,0.006443746715052605,0.004201043300711582,0.037340094991487716,-0.0037177651869580997,0.7916666666666666,0.0,0.0,0.21228892,0.0012696914100743702,14.93039958957989,0.8658724277489597,24
slowrank_lb90_k5_d14_th0.5,slow_rank,taker,test,-0.0006155298790065933,-0.00038941736236475233,0.015169661690494841,-0.018088998506787905,-0.010986239918785667,-2.9932657899476184e-05,0.0,0.005429491665187358,-0.004251476094444651,0.3157894736842105,0.0,0.0,0.04033823733333334,0.002827978828627372,13.790294627383016,0.4662045060658579,19
slowrank_lb90_k5_d14_th0.5,slow_rank,taker,full,0.16494341204863638,0.04352554283741372,0.01907781144672439,2.2427604453953287,-0.01512780696750915,0.0035832837363063367,0.0009510830733034936,0.037340094991487716,-0.004251476094444651,0.5813953488372093,0.0,0.0,0.25262715733333335,0.004097670238701747,14.427447357522858,0.6895607021120703,43
slowrank_lb90_k5_d14_th0.5,slow_rank,optimistic_limit,train,0.1867929788341396,0.08927799159754435,0.0210425888039327,4.074439345319078,-0.014891250934338407,0.007196237367851359,0.004826011025761967,0.03783848180875449,-0.002038045951242684,0.8333333333333334,0.0,0.0,0.21228892,0.0012696914100743702,14.93039958957989,0.8658724277489597,24
slowrank_lb90_k5_d14_th0.5,slow_rank,optimistic_limit,test,0.012565115579297848,0.00793022666603127,0.014199908214035122,0.5633679223965008,-0.006823587652674323,0.0006596405982798899,0.0,0.006154466609125775,-0.0019288598543391045,0.42105263157894735,0.0,0.0,0.04033823733333334,0.002827978828627372,13.790294627383016,0.4662045060658579,19
slowrank_lb90_k5_d14_th0.5,slow_rank,optimistic_limit,full,0.2017051697818828,0.052612396192094124,0.0183457670449063,2.804103485344358,-0.014891250934338407,0.0043079736789709425,0.001684210920308793,0.03783848180875449,-0.002038045951242684,0.6511627906976745,0.0,0.0,0.25262715733333335,0.004097670238701747,14.427447357522858,0.6895607021120703,43
slowrank_lb90_k5_d14_th1,slow_rank,taker,train,0.113737839497555,0.055263264410274404,0.011188485709507905,4.813255840259059,-0.00500992757296026,0.004536437823443253,0.0,0.037340094991487716,-0.0015817075596846752,0.4166666666666667,0.0,0.0,0.13496933466666666,0.0036781486822455977,7.689904805335462,0.3679530296984552,24
slowrank_lb90_k5_d14_th1,slow_rank,taker,test,0.0008374934793822231,0.0005297020914190043,0.002454448362116687,0.2169837584394051,-0.0019999999999998908,4.407860417801174e-05,0.0,0.0008374934793822231,0.0,0.05263157894736842,0.0,0.0,0.00258556,0.00025634691343243734,0.6325823223570191,0.01913633737723859,19
slowrank_lb90_k5_d14_th1,slow_rank,taker,full,0.11467058767587224,0.030758097627977543,0.00852610031702374,3.557424317608707,-0.00500992757296026,0.0025514418893493093,0.0,0.037340094991487716,-0.0015817075596846752,0.2558139534883721,0.0,0.0,0.13755489466666668,0.003934495595678038,4.576598388073014,0.21407409767130706,43
slowrank_lb90_k5_d14_th1,slow_rank,optimistic_limit,train,0.12409261759634171,0.06015104410820915,0.010526158899302687,5.554446558090473,-0.0038133257719172864,0.004924891364510899,0.0,0.03783848180875449,-0.0009814560812636541,0.4583333333333333,0.0,0.0,0.13496933466666666,0.0036781486822455977,7.689904805335462,0.3679530296984552,24
slowrank_lb90_k5_d14_th1,slow_rank,optimistic_limit,test,0.001439199387285539,0.0009101715413382117,0.0021757051799519856,0.4192318115186273,-0.0014000000000000679,7.574733617292311e-05,0.0,0.001439199387285539,0.0,0.05263157894736842,0.0,0.0,0.00258556,0.00025634691343243734,0.6325823223570191,0.01913633737723859,19
slowrank_lb90_k5_d14_th1,slow_rank,optimistic_limit,full,0.12571041100283842,0.033596845429568756,0.008006305057089208,4.131358398054957,-0.0038133257719172864,0.002782246328733654,0.0,0.03783848180875449,-0.0009814560812636541,0.27906976744186046,0.0,0.0,0.13755489466666668,0.003934495595678038,4.576598388073014,0.21407409767130706,43
slowrank_lb90_k5_d30_th0,slow_rank,taker,train,0.20043759625642266,0.09551362836590571,0.02075113400211085,4.406456155278316,-0.013913815670375196,0.007671190538195409,0.005936976562822105,0.03795614814706272,-0.0017716875619672168,0.9166666666666666,0.0,0.0,0.21555754800000004,0.000760455772052036,8.289118166790173,0.9589009861483213,24
slowrank_lb90_k5_d30_th0,slow_rank,taker,test,0.04196772972045837,0.026347183472962943,0.017440509938622683,1.4998529681181734,-0.006740520240572145,0.0021688244242415063,0.0021942700186918795,0.006143526819186951,-0.003052625530031383,0.7894736842105263,0.0,0.0,0.06372419400000001,0.0016272628340632004,7.590987868284229,1.0,19
slowrank_lb90_k5_d30_th0,slow_rank,taker,full,0.2508172368423849,0.06444445296106882,0.019363377697596995,3.23500608142379,-0.013913815670375196,0.005239912487843684,0.0036102277084597567,0.03795614814706272,-0.003052625530031383,0.8604651162790697,0.0,0.0,0.279281742,0.002387718606115236,7.9811410913956236,0.9770316332706827,43
slowrank_lb90_k5_d30_th0,slow_rank,optimistic_limit,train,0.21247143523448475,0.100983748718803,0.020394011474275914,4.727487437882974,-0.013913815670374863,0.008089665645712627,0.006299481550689379,0.038205446847242586,-0.0011715366187793341,0.9166666666666666,0.0,0.0,0.21555754800000004,0.000760455772052036,8.289118166790173,0.9589009861483213,24
slowrank_lb90_k5_d30_th0,slow_rank,optimistic_limit,test,0.04950728934762738,0.031038851404792567,0.017079824040591638,1.7981914359841604,-0.004802848839824181,0.0025490693172681884,0.0026760527615887764,0.006627123379397748,-0.0025733747560239273,0.8947368421052632,0.0,0.0,0.06372419400000001,0.0016272628340632004,7.590987868284229,1.0,19
slowrank_lb90_k5_d30_th0,slow_rank,optimistic_limit,full,0.2724976094043656,0.06956126763573245,0.01900626049032131,3.547743086958477,-0.013913815670374863,0.005641495175004619,0.004020271584993296,0.038205446847242586,-0.0025733747560239273,0.9069767441860465,0.0,0.0,0.279281742,0.002387718606115236,7.9811410913956236,0.9770316332706827,43
slowrank_lb90_k5_d30_th0.5,slow_rank,taker,train,0.17850302943477914,0.08547191714248337,0.021187645050816262,3.8814865296077143,-0.013913815670375196,0.0069010359728090415,0.004728708820067928,0.03795614814706272,-0.0021352896081324735,0.875,0.0,0.0,0.2035986475,0.002296396000097695,10.286496038305879,0.8768169640312375,24
slowrank_lb90_k5_d30_th0.5,slow_rank,taker,test,0.011692872775719287,0.007380899972519561,0.015333634972728064,0.4872552702287799,-0.009826173674299388,0.0006145614809841081,0.0,0.006002322151912098,-0.0019945880102042457,0.2631578947368421,0.0,0.0,0.041072922000000005,0.0015380221066697345,9.741767764298094,0.5529318313113807,19
slowrank_lb90_k5_d30_th0.5,slow_rank,taker,full,0.19228311542376164,0.05030274521937628,0.018834755478120416,2.615160882298972,-0.013913815670375196,0.004123291429909652,0.0008108487219864458,0.03795614814706272,-0.0021352896081324735,0.6046511627906976,0.0,0.0,0.24467156950000002,0.00383441810676743,10.04619158357491,0.7339364786085184,43
slowrank_lb90_k5_d30_th0.5,slow_rank,optimistic_limit,train,0.1931859544384733,0.09220404739031451,0.020661121381190407,4.27912187584963,-0.013913815670374863,0.0074197084432768194,0.005268817219227562,0.038205446847242586,-0.0011715366187793341,0.875,0.0,0.0,0.2035986475,0.002296396000097695,10.286496038305879,0.8768169640312375,24
slowrank_lb90_k5_d30_th0.5,slow_rank,optimistic_limit,test,0.021104662550796904,0.013299167088217878,0.014486468644939538,0.9192340408962741,-0.006965144166569348,0.001102367320020027,5.4476143143356026e-05,0.0064859845077605005,-0.0013945847565028924,0.5789473684210527,0.0,0.0,0.041072922000000005,0.0015380221066697345,9.741767764298094,0.5529318313113807,19
slowrank_lb90_k5_d30_th0.5,slow_rank,optimistic_limit,full,0.21836774136724713,0.0566651721434408,0.018201419455894777,3.0373252392844217,-0.013913815670374863,0.004628325156256377,0.0012920289852100808,0.038205446847242586,-0.0013945847565028924,0.7441860465116279,0.0,0.0,0.24467156950000002,0.00383441810676743,10.04619158357491,0.7339364786085184,43
slowrank_lb90_k5_d30_th1,slow_rank,taker,train,0.12084098062373805,0.05861860662037954,0.018412126521002593,3.1030963898753883,-0.01690025433886222,0.0048021577631645745,0.0,0.03795614814706272,-0.0022937298405877327,0.4583333333333333,0.0,0.0,0.1386799785,0.0015392391193393292,6.441543635638147,0.425354842387277,24
slowrank_lb90_k5_d30_th1,slow_rank,taker,test,0.0024168993283613105,0.0015282097018005647,0.0029497463678967947,0.5191616091299363,-0.0020000000000000018,0.00012720522780849003,0.0,0.0024168993283613105,0.0,0.05263157894736842,0.0,0.0,0.00438544,3.5422892874503893e-05,0.6325823223570191,0.03300115540150202,19
slowrank_lb90_k5_d30_th1,slow_rank,taker,full,0.12354994043700707,0.033042892988600636,0.013905960610603918,2.34471362943405,-0.01690025433886222,0.002736481061495607,0.0,0.03795614814706272,-0.0022937298405877327,0.27906976744186046,0.0,0.0,0.1430654185,0.0015746620122138357,3.878946194769201,0.25226975884807745,43
slowrank_lb90_k5_d30_th1,slow_rank,optimistic_limit,train,0.1295651178384165,0.06272513202600538,0.01804352626307911,3.380687822837209,-0.01571791558269886,0.005127080128546939,0.00010601898478779237,0.038205446847242586,-0.0016939064316742192,0.5,0.0,0.0,0.1386799785,0.0015392391193393292,6.441543635638147,0.425354842387277,24
slowrank_lb90_k5_d30_th1,slow_rank,optimistic_limit,test,0.0030195547788594013,0.0019090588522330254,0.0027221853984645927,0.7019890950023225,-0.0013999999999999568,0.00015892393572944217,0.0,0.0030195547788594013,0.0,0.05263157894736842,0.0,0.0,0.00438544,3.5422892874503893e-05,0.6325823223570191,0.03300115540150202,19
slowrank_lb90_k5_d30_th1,slow_rank,optimistic_limit,full,0.13297590158801875,0.03545413899100747,0.01361279434464869,2.5661787144128847,-0.01571791558269886,0.0029318483224182773,0.0,0.038205446847242586,-0.0016939064316742192,0.3023255813953488,0.0,0.0,0.1430654185,0.0015746620122138357,3.878946194769201,0.25226975884807745,43
slowrank_lb90_k5_d60_th0,slow_rank,taker,train,0.21910415784001902,0.10398711267942495,0.019748996156994502,5.019176327484213,-0.013913815670374974,0.008323421168775635,0.006003432382819196,0.038810748831734854,-0.0010039913654037447,0.875,0.0,0.0,0.21182799,0.0006796542797351474,3.495411275152483,0.9178589750897794,24
slowrank_lb90_k5_d60_th0,slow_rank,taker,test,0.04866627678283186,0.0305161266598315,0.015098932984400036,1.9984070024936005,-0.004446300074083531,0.0025074910531232243,0.0026205409637474197,0.007714582227257294,-0.003049486655178457,0.8421052631578947,0.0,0.0,0.06177022200000001,0.0015292035763869157,4.934142114384749,1.0,19
slowrank_lb90_k5_d60_th0,slow_rank,taker,full,0.27843341821256407,0.07095121588450226,0.017851096518789047,3.8488818232815367,-0.013913815670374974,0.005753591582789686,0.0038747247738970536,0.038810748831734854,-0.003049486655178457,0.8604651162790697,0.0,0.0,0.273598212,0.00220885785612207,4.130100984358574,0.9540951228058998,43
slowrank_lb90_k5_d60_th0,slow_rank,optimistic_limit,train,0.22424213240275837,0.10630802063723577,0.019603496782477185,5.163412522317576,-0.013913815670375307,0.008499714280539167,0.006003432382819196,0.038810748831734854,-0.000523712544957311,0.875,0.0,0.0,0.21182799,0.0006796542797351474,3.495411275152483,0.9178589750897794,24
slowrank_lb90_k5_d60_th0,slow_rank,optimistic_limit,test,0.05359296025642357,0.0335760814792756,0.01480055466370338,2.2387200633835334,-0.0034025065064197113,0.0027544159339769263,0.002637330615625544,0.007714582227257294,-0.002330031805694799,0.8947368421052632,0.0,0.0,0.06177022200000001,0.0015292035763869157,4.934142114384749,1.0,19
slowrank_lb90_k5_d60_th0,slow_rank,optimistic_limit,full,0.2898528923488566,0.07361220536000168,0.017650016172989436,4.0331306674020935,-0.013913815670375307,0.005961094080895386,0.0039039013060213623,0.038810748831734854,-0.002330031805694799,0.8837209302325582,0.0,0.0,0.273598212,0.00220885785612207,4.130100984358574,0.9540951228058998,43
slowrank_lb90_k5_d60_th0.5,slow_rank,taker,train,0.21487285025740754,0.10207208146394464,0.020981856528095637,4.642708208068972,-0.013913815670374974,0.008178391347365315,0.006003432382819196,0.038810748831734854,-0.002239919848548766,0.8333333333333334,0.0,0.0,0.21337518816666667,0.0009058506546833164,4.79370689163769,0.9178589750897794,24
slowrank_lb90_k5_d60_th0.5,slow_rank,taker,test,0.02416119598805566,0.015216842356085447,0.01041528857304609,1.4552169394506858,-0.005182135959044598,0.0012604257311344257,0.0,0.007149487832322832,-0.0018408729363645904,0.42105263157894735,0.0,0.0,0.03792708366666667,0.0016326506241846515,4.934142114384748,0.5009387637203928,19
slowrank_lb90_k5_d60_th0.5,slow_rank,taker,full,0.24422563129302977,0.06287609201168931,0.017148356586122536,3.564522932963886,-0.013913815670374974,0.005121615842519108,0.0029427434379305506,0.038810748831734854,-0.002239919848548766,0.6511627906976745,0.0,0.0,0.2513022718333333,0.002538501278867975,4.855659265394539,0.7339364786085184,43
slowrank_lb90_k5_d60_th0.5,slow_rank,optimistic_limit,train,0.22190457864467827,0.10525271485121634,0.020708992832550396,4.842768669119617,-0.013913815670375307,0.008419976339714927,0.006003432382819196,0.038810748831734854,-0.0012789959968912967,0.875,0.0,0.0,0.21337518816666667,0.0009058506546833164,4.79370689163769,0.9178589750897794,24
slowrank_lb90_k5_d60_th0.5,slow_rank,optimistic_limit,test,0.028977117027591426,0.018234099879428367,0.009706956038049155,1.866392467255443,-0.00446411225373744,0.0015074818339784425,0.0,0.007149487832322832,-0.0012407772687912377,0.47368421052631576,0.0,0.0,0.03792708366666667,0.0016326506241846515,4.934142114384748,0.5009387637203928,19
slowrank_lb90_k5_d60_th0.5,slow_rank,optimistic_limit,full,0.25731185061662254,0.06598391942307091,0.016775604924398682,3.8173947325126485,-0.013913815670375307,0.005365618302296481,0.003424851303223786,0.038810748831734854,-0.0012789959968912967,0.6976744186046512,0.0,0.0,0.2513022718333333,0.002538501278867975,4.855659265394539,0.7339364786085184,43
slowrank_lb90_k5_d60_th1,slow_rank,taker,train,0.1178629314324744,0.057213152167956416,0.018285602953327658,3.051786090071146,-0.014535704820941242,0.004688809847679438,6.164715899059647e-05,0.038810748831734854,-0.002430852028027064,0.5,0.0,0.0,0.12316528850000001,0.0017887256749597007,3.2956734880009115,0.425354842387277,24
slowrank_lb90_k5_d60_th1,slow_rank,taker,test,0.006147688429818388,0.003884539201103765,0.004620924372463037,0.8413234320098507,-0.0023637276578344357,0.0003239368388846823,0.0,0.007149487832322832,-0.000994687893513868,0.05263157894736842,0.0,0.0,0.007388252,0.0007574966475640383,0.6325823223570191,0.08499422299248989,19
slowrank_lb90_k5_d60_th1,slow_rank,taker,full,0.12473520444216324,0.03334689394067136,0.014012527851530773,2.347985431169651,-0.014535704820941242,0.0027601450298398948,0.0,0.038810748831734854,-0.002430852028027064,0.3023255813953488,0.0,0.0,0.13055354050000004,0.0025462223225237424,2.120862667643592,0.27520626931286035,43
slowrank_lb90_k5_d60_th1,slow_rank,optimistic_limit,train,0.12230540695128167,0.05930903926935116,0.018114970633973305,3.189690670873373,-0.014535704820940465,0.004854741175916731,0.000362285423815667,0.038810748831734854,-0.0018311110573023814,0.5,0.0,0.0,0.12316528850000001,0.0017887256749597007,3.2956734880009115,0.425354842387277,24
slowrank_lb90_k5_d60_th1,slow_rank,optimistic_limit,test,0.00675258683969604,0.00426628438829213,0.004479065478958633,0.9527079623102314,-0.001763946331777011,0.00035554759657184157,0.0,0.007149487832322832,-0.0003940834974578422,0.05263157894736842,0.0,0.0,0.007388252,0.0007574966475640383,0.6325823223570191,0.08499422299248989,19
slowrank_lb90_k5_d60_th1,slow_rank,optimistic_limit,full,0.12988387167238336,0.03466476912795513,0.013867775533879429,2.4642545422192508,-0.014535704820940465,0.0028667254082992213,0.0,0.038810748831734854,-0.0018311110573023814,0.3023255813953488,0.0,0.0,0.13055354050000004,0.0025462223225237424,2.120862667643592,0.27520626931286035,43
slowrank_lb90_k5_d90_th0,slow_rank,taker,train,0.2147685717806238,0.1020248443421834,0.01400371040954813,6.944434013796086,-0.0033589435398868606,0.008172139302070438,0.005716940182389996,0.03770051448940914,0.0,0.875,0.0,0.0,0.20508773400000002,0.0004632828691718098,2.696460126546201,0.8768739668243744,24
slowrank_lb90_k5_d90_th0,slow_rank,taker,test,0.043071949985695746,0.027035088166693422,0.01911895912873132,1.4048313749167902,-0.006311732725750141,0.002226178077962005,0.00239655184993115,0.007714582227257294,-0.00342776404470857,0.7368421052631579,0.0,0.0,0.05564346800000001,0.001615691370303745,4.681109185441941,1.0,19
slowrank_lb90_k5_d90_th0,slow_rank,taker,full,0.2670910229485466,0.06829117012952812,0.01646139974647268,4.021291075515377,-0.006311732725746588,0.005544854110022526,0.0038747247738970536,0.03770051448940914,-0.00342776404470857,0.813953488372093,0.0,0.0,0.260731202,0.0020789742394755517,3.5719792297155237,0.9311904686056514,43
slowrank_lb90_k5_d90_th0,slow_rank,optimistic_limit,train,0.21871592539288276,0.10381154284928273,0.013851985472157807,7.137295888886257,-0.0033589435398871936,0.00830894440380465,0.005939047155688271,0.03819938849476734,0.0,0.875,0.0,0.0,0.20508773400000002,0.0004632828691718098,2.696460126546201,0.8768739668243744,24
slowrank_lb90_k5_d90_th0,slow_rank,optimistic_limit,test,0.0477236690800702,0.029930073159472492,0.018794954163639535,1.5784863795227124,-0.005354168408906457,0.0024603609343178605,0.002637330615625544,0.007714582227257294,-0.002467420601266257,0.7368421052631579,0.0,0.0,0.05564346800000001,0.001615691370303745,4.681109185441941,1.0,19
slowrank_lb90_k5_d90_th0,slow_rank,optimistic_limit,full,0.27687752091894957,0.07058733262838457,0.016223198651549073,4.212441017128617,-0.005354168408907123,0.005724686591705836,0.0040022091531153325,0.03819938849476734,-0.002467420601266257,0.813953488372093,0.0,0.0,0.260731202,0.0020789742394755517,3.5719792297155237,0.9311904686056514,43
slowrank_lb90_k5_d90_th0.5,slow_rank,taker,train,0.13062965725299502,0.06322513115298856,0.012085669840068433,5.078751591741104,-0.004416043430619299,0.005161295243791696,0.002613043602044285,0.03770051448940914,-0.0009794024269070833,0.6666666666666666,0.0,0.0,0.1366666846666667,0.0018547030443664503,3.8948868494556237,0.6306219004731232,24
slowrank_lb90_k5_d90_th0.5,slow_rank,taker,test,0.018120933052711452,0.011425133774662033,0.009929255770753934,1.1490966425661313,-0.005075477345860668,0.0009490149614983979,0.0,0.007149487832322832,-0.002568333902955855,0.3684210526315789,0.0,0.0,0.026537712,0.0014989514762112422,3.1629116117850953,0.448945696129405,19
slowrank_lb90_k5_d90_th0.5,slow_rank,taker,full,0.15111772157949188,0.040054573895658585,0.011188710918753814,3.515675551498302,-0.005075477345860002,0.003300055119057448,0.00010916484351763955,0.03770051448940914,-0.002568333902955855,0.5348837209302325,0.0,0.0,0.16320439666666667,0.00335365452057769,3.5719792297155237,0.5504762511547896,43
slowrank_lb90_k5_d90_th0.5,slow_rank,optimistic_limit,train,0.13594236779314195,0.0657169204166621,0.011754298419556946,5.420744375620511,-0.003218729555440336,0.005357857441317619,0.003276129701792474,0.03819938849476734,-0.00037878884119180167,0.6666666666666666,0.0,0.0,0.1366666846666667,0.0018547030443664503,3.8948868494556237,0.6306219004731232,24
slowrank_lb90_k5_d90_th0.5,slow_rank,optimistic_limit,test,0.021186928853551334,0.013350808728658237,0.009480304202082207,1.403691395630745,-0.0038769702060010847,0.0011071815906813732,0.0,0.007149487832322832,-0.001968675586665025,0.3684210526315789,0.0,0.0,0.026537712,0.0014989514762112422,3.1629116117850953,0.448945696129405,19
slowrank_lb90_k5_d90_th0.5,slow_rank,optimistic_limit,full,0.16000949792131403,0.04229029829607822,0.01081340613335791,3.835892636984829,-0.0038769702060009736,0.0034796518328969526,0.00035269493440148736,0.03819938849476734,-0.001968675586665025,0.5348837209302325,0.0,0.0,0.16320439666666667,0.00335365452057769,3.5719792297155237,0.5504762511547896,43
slowrank_lb90_k5_d90_th1,slow_rank,taker,train,0.10835559496472968,0.05271368908227059,0.009104530178978788,5.646957390243246,-0.004336540072394146,0.00432972106397823,0.0,0.03770051448940914,0.0,0.4583333333333333,0.0,0.0,0.1107456785,0.002215097649707527,2.4967223393946303,0.384369834121872,24
slowrank_lb90_k5_d90_th1,slow_rank,taker,test,0.006618329582464,0.004181563287376955,0.006142040069773898,0.6824619474357921,-0.0030169493432962158,0.00034863370433120615,0.0,0.007149487832322832,-0.0016802115228632397,0.10526315789473684,0.0,0.0,0.0074166399999999995,0.00120970487101717,0.6325823223570191,0.13698729058347775,19
slowrank_lb90_k5_d90_th1,slow_rank,taker,full,0.11569105758677511,0.031021346248646386,0.007939005634671167,3.8520539652508115,-0.004336540072394146,0.002570635951576056,0.0,0.03770051448940914,-0.0016802115228632397,0.3023255813953488,0.0,0.0,0.11816231850000002,0.003424802520724696,1.6743652639291515,0.2752381255773948,43
slowrank_lb90_k5_d90_th1,slow_rank,optimistic_limit,train,0.11169111455684222,0.0542944569034729,0.008830481910409256,5.991850492343231,-0.003139130584510874,0.004456055466871371,0.0,0.03819938849476734,0.0,0.4583333333333333,0.0,0.0,0.1107456785,0.002215097649707527,2.4967223393946303,0.384369834121872,24
slowrank_lb90_k5_d90_th1,slow_rank,optimistic_limit,test,0.007223510942934386,0.0045634214233267745,0.006036034739875373,0.7573279839597409,-0.0024175607356869966,0.00038022277052075565,0.0,0.007149487832322832,-0.0010800192652618001,0.10526315789473684,0.0,0.0,0.0074166399999999995,0.00120970487101717,0.6325823223570191,0.13698729058347775,19
slowrank_lb90_k5_d90_th1,slow_rank,optimistic_limit,full,0.11972142748800696,0.03205935936503046,0.007727523230577077,4.087480082694271,-0.003139130584510874,0.00265510613592575,0.0,0.03819938849476734,-0.0010800192652618001,0.3023255813953488,0.0,0.0,0.11816231850000002,0.003424802520724696,1.6743652639291515,0.2752381255773948,43
slowrank_lb90_k10_d7_th0,slow_rank,taker,train,0.20800847897860342,0.098958245260089,0.01936215270701096,4.883254277843894,-0.015983601236528866,0.00793488897949667,0.005726986255095268,0.03689146099927054,0.0,0.9583333333333334,0.0,0.0,0.20378039520634922,0.0008573722961367297,3.8172110433411235,0.9520606509718976,24
slowrank_lb90_k10_d7_th0,slow_rank,taker,test,0.029552279610947307,0.018594101959465315,0.01759358917915511,1.0559599536222826,-0.010141705364862363,0.0015381287009959992,0.0014992939453628562,0.006266386464163443,-0.004784996385119311,0.8421052631578947,0.0,0.0,0.056167669099206355,0.0017248485864871745,9.021828835520344,1.0,19
slowrank_lb90_k10_d7_th0,slow_rank,taker,full,0.24370788332178117,0.06275264914178069,0.018606772285778915,3.280285302242442,-0.015983601236528866,0.005108413507601025,0.0032544538770327147,0.03689146099927054,-0.004784996385119311,0.9069767441860465,0.0,0.0,0.25994806430555556,0.002582220882623904,6.113205028435508,0.9732088815265522,43
slowrank_lb90_k10_d7_th0,slow_rank,optimistic_limit,train,0.21356597854346826,0.1014799346854669,0.019274874449639223,5.024190529168156,-0.015983601236528866,0.008127149583153368,0.00600369189480654,0.0370159467606197,0.0,0.9583333333333334,0.0,0.0,0.20378039520634922,0.0008573722961367297,3.8172110433411235,0.9520606509718976,24
slowrank_lb90_k10_d7_th0,slow_rank,optimistic_limit,test,0.038407813694652626,0.024127608832607006,0.017324239215777262,1.3848355830328996,-0.007374979077074295,0.0019887640290597456,0.0017664798411800575,0.006521434011390603,-0.002889727981608692,0.8421052631578947,0.0,0.0,0.056167669099206355,0.0017248485864871745,9.021828835520344,1.0,19
slowrank_lb90_k10_d7_th0,slow_rank,optimistic_limit,full,0.26017639455352937,0.06666110194085584,0.018443576972212182,3.5081830799827296,-0.015983601236528866,0.005414839687158512,0.003689590150020905,0.0370159467606197,-0.002889727981608692,0.9069767441860465,0.0,0.0,0.25994806430555556,0.002582220882623904,6.113205028435508,0.9732088815265522,43
slowrank_lb90_k10_d7_th0.5,slow_rank,taker,train,0.16764447371175195,0.08046621079829852,0.02091827274199225,3.7102231387090647,-0.016162288653122192,0.006517233624808748,0.004159826126565291,0.03705579683762772,-0.003913045806206217,0.7916666666666666,0.0,0.0,0.2044365640079365,0.0015187008990632763,12.615581306341152,0.8754488969959529,24
slowrank_lb90_k10_d7_th0.5,slow_rank,taker,test,-0.015909892309841633,-0.010093947837154671,0.015775161922260385,-0.6352239892446514,-0.023019256539693056,-0.0008390055451484272,-0.0010348711936533084,0.0060076209924107005,-0.005345220879989565,0.15789473684210525,0.0,0.0,0.04112874688095238,0.0014127537255964678,18.46588126874089,0.4904679376083189,19
slowrank_lb90_k10_d7_th0.5,slow_rank,taker,full,0.14906737587881724,0.039537275091608315,0.0188288980807717,2.0687825178055754,-0.023019256539694388,0.00326680236366488,0.0008853199350185026,0.03705579683762772,-0.005345220879989565,0.5116279069767442,0.0,0.0,0.2455653108888889,0.0029314546246597467,15.196415108364393,0.7056162594374183,43
slowrank_lb90_k10_d7_th0.5,slow_rank,optimistic_limit,train,0.1855037835837865,0.08868697341111353,0.020413200423689635,4.172829667322456,-0.016162288653122192,0.007150753453891601,0.004731710623839813,0.037180292417809735,-0.0023735328975428294,0.7916666666666666,0.0,0.0,0.2044365640079365,0.0015187008990632763,12.615581306341152,0.8754488969959529,24
slowrank_lb90_k10_d7_th0.5,slow_rank,optimistic_limit,test,0.001507904047463704,0.0009536093881479246,0.01453299317069254,0.07285267814899239,-0.014375654080208133,8.262214073486824e-05,0.0,0.0063968932078870555,-0.003046561686896987,0.3157894736842105,0.0,0.0,0.04112874688095238,0.0014127537255964678,18.46588126874089,0.4904679376083189,19
slowrank_lb90_k10_d7_th0.5,slow_rank,optimistic_limit,full,0.18729140953732704,0.04907378009918806,0.018062029773492503,2.6614253684051503,-0.016162288653122192,0.004027625664357231,0.001671108190453463,0.037180292417809735,-0.003046561686896987,0.5813953488372093,0.0,0.0,0.2455653108888889,0.0029314546246597467,15.196415108364393,0.7056162594374183,43
slowrank_lb90_k10_d7_th1,slow_rank,taker,train,0.11025027498918938,0.05361190665220361,0.010427149814985562,5.013710258445267,-0.006533121985129342,0.004403744109449793,0.0,0.03668545070376483,-0.0018285194657304826,0.375,0.0,0.0,0.13455420032936508,0.0039087310742952006,8.430995404489105,0.37752949894544835,24
slowrank_lb90_k10_d7_th1,slow_rank,taker,test,-0.00026433209926179924,-0.00016721993403256974,0.002419513208129912,-0.06790824423521773,-0.0020000000000000018,-1.3912215750621013e-05,0.0,0.0,-0.00026433209926179924,0.0,0.0,0.0,0.002841667777777778,0.00023192877812583385,1.0543038705950316,0.01913633737723859,19
slowrank_lb90_k10_d7_th1,slow_rank,taker,full,0.1099568002032929,0.029539831137258554,0.007963665045875744,3.659584625313874,-0.006533121985129342,0.002451756430872866,0.0,0.03668545070376483,-0.0018285194657304826,0.20930232558139536,0.0,0.0,0.13739586810714285,0.004140659852421038,5.176800751201056,0.21942595011308974,43
slowrank_lb90_k10_d7_th1,slow_rank,optimistic_limit,train,0.12157328649751165,0.05896392307185905,0.00960377669103236,5.970287219398971,-0.003217109988381983,0.004828629036704969,0.0,0.03694819795798776,-0.0008172644912544103,0.4583333333333333,0.0,0.0,0.13455420032936508,0.0039087310742952006,8.430995404489105,0.37752949894544835,24
slowrank_lb90_k10_d7_th1,slow_rank,optimistic_limit,test,0.000737403404025061,0.00046640518774920814,0.001990159038549934,0.2352964860688688,-0.0013999999999999568,3.881070547500321e-05,0.0,0.000737403404025061,0.0,0.05263157894736842,0.0,0.0,0.002841667777777778,0.00023192877812583385,1.0543038705950316,0.01913633737723859,19
slowrank_lb90_k10_d7_th1,slow_rank,optimistic_limit,full,0.12240033845684017,0.03274781781177416,0.007306262517426624,4.413992316432106,-0.003217109988381983,0.0027121976810452167,0.0,0.03694819795798776,-0.0008172644912544103,0.27906976744186046,0.0,0.0,0.13739586810714285,0.004140659852421038,5.176800751201056,0.21942595011308974,43
slowrank_lb90_k10_d14_th0,slow_rank,taker,train,0.20450300149039835,0.09736466310671932,0.01949795101338458,4.774953289666556,-0.01640526844131185,0.007812378994894356,0.005685671380172064,0.03705579683762772,-3.127973799432748e-05,0.9166666666666666,0.0,0.0,0.19990066799603176,-7.483417271856555e-05,3.340059662923483,0.9424841817249046,24
slowrank_lb90_k10_d14_th0,slow_rank,taker,test,0.033252331985407446,0.020908250965204322,0.01605139754422108,1.2971778334837196,-0.007058433309298229,0.001726592117984602,0.0018470132725332267,0.006271667837328909,-0.003952271620989878,0.7894736842105263,0.0,0.0,0.05501715730952381,0.0017789056505814224,7.55333415862012,1.0,19
slowrank_lb90_k10_d14_th0,slow_rank,taker,full,0.2445555351733748,0.06295472927102796,0.018062581335975953,3.3890880041817595,-0.01640526844131185,0.005123310374864465,0.0034974487036381063,0.03705579683762772,-0.003952271620989878,0.8604651162790697,0.0,0.0,0.25491782530555557,0.0017040714778628588,5.198726962990605,0.9678570290847696,43
slowrank_lb90_k10_d14_th0,slow_rank,optimistic_limit,train,0.20935026563108838,0.09956760564115452,0.01942310651248002,4.8965308958051255,-0.01627407753793164,0.007980665306131868,0.005769636124728472,0.037180292417809735,0.0,0.9583333333333334,0.0,0.0,0.19990066799603176,-7.483417271856555e-05,3.340059662923483,0.9424841817249046,24
slowrank_lb90_k10_d14_th0,slow_rank,optimistic_limit,test,0.04068854332544314,0.025549943803374386,0.015779149999110908,1.606773342505727,-0.005498844214784082,0.0021041718607817173,0.0020499646314704467,0.006526704586807153,-0.003154291613767124,0.8421052631578947,0.0,0.0,0.05501715730952381,0.0017789056505814224,7.55333415862012,1.0,19
slowrank_lb90_k10_d14_th0,slow_rank,optimistic_limit,full,0.2585569663098388,0.06627840317353506,0.017910781732050057,3.591965714873578,-0.01627407753793164,0.005384075179116685,0.0036102277084597567,0.037180292417809735,-0.003154291613767124,0.9069767441860465,0.0,0.0,0.25491782530555557,0.0017040714778628588,5.198726962990605,0.9678570290847696,43
slowrank_lb90_k10_d14_th0.5,slow_rank,taker,train,0.17167796375692856,0.08232832680355417,0.020803249360320412,3.8133961079588663,-0.016162288653122414,0.006658271421863098,0.00478622317388,0.03705579683762772,-0.003043090767393619,0.7916666666666666,0.0,0.0,0.1999668830357143,-2.6692244390621924e-05,10.253999017380421,0.8658724277489597,24
slowrank_lb90_k10_d14_th0.5,slow_rank,taker,test,0.00103605729407108,0.0006552668454919974,0.014635949327720303,0.05207666020122404,-0.011072041902947305,5.7549385823188035e-05,0.0,0.0056910528142670724,-0.004251476094444651,0.3157894736842105,0.0,0.0,0.038297005607142866,0.002290422882630759,12.45634920634921,0.4662045060658579,19
slowrank_lb90_k10_d14_th0.5,slow_rank,taker,full,0.1728918892575826,0.045507598511896674,0.018344492710574773,2.4351033931678674,-0.016162288653122414,0.0037416733129152307,0.0009510830733034936,0.03705579683762772,-0.004251476094444651,0.5813953488372093,0.0,0.0,0.2382638886428572,0.0022637306382401376,11.2255560055885,0.6895607021120703,43
slowrank_lb90_k10_d14_th0.5,slow_rank,optimistic_limit,train,0.1862259900381078,0.08901810108310726,0.020340138337133978,4.2026965666162175,-0.01616228865312208,0.007173882107448497,0.005004025624634201,0.037180292417809735,-0.0014995014388536898,0.8333333333333334,0.0,0.0,0.1999668830357143,-2.6692244390621924e-05,10.253999017380421,0.8658724277489597,24
slowrank_lb90_k10_d14_th0.5,slow_rank,optimistic_limit,test,0.012955153578060319,0.008175811051676751,0.013669051137488513,0.6025290856571328,-0.0069097507681382675,0.0006801713683548012,0.0,0.006053480003379352,-0.0019288598543391045,0.3684210526315789,0.0,0.0,0.038297005607142866,0.002290422882630759,12.45634920634921,0.4662045060658579,19
slowrank_lb90_k10_d14_th0.5,slow_rank,optimistic_limit,full,0.20159372991734492,0.05258515509465789,0.017714222804640436,2.9019658731711635,-0.01616228865312208,0.00430456805994198,0.002087873364622128,0.037180292417809735,-0.0019288598543391045,0.627906976744186,0.0,0.0,0.2382638886428572,0.0022637306382401376,11.2255560055885,0.6895607021120703,43
slowrank_lb90_k10_d14_th1,slow_rank,taker,train,0.10938517036178896,0.05320187876601934,0.010280210512795757,5.047362211094279,-0.005586412616254033,0.004372429189786688,0.0,0.03748844536204521,-0.0020881905450408356,0.4166666666666667,0.0,0.0,0.12962654744444446,0.002241135714696544,6.979726006574322,0.3679530296984552,24
slowrank_lb90_k10_d14_th1,slow_rank,taker,test,0.0006388158837264957,0.0004040562250533508,0.0020505488567040798,0.19803405638472432,-0.0020000000000000018,3.362188861718398e-05,0.0,0.0006388158837264957,0.0,0.05263157894736842,0.0,0.0,0.002493558888888889,0.00014837891676320068,0.6325823223570191,0.01913633737723859,19
slowrank_lb90_k10_d14_th1,slow_rank,taker,full,0.11009386322978432,0.029575307331082268,0.007809558430744526,3.7360562033534044,-0.005586412616254033,0.0024552817776420234,0.0,0.03748844536204521,-0.0020881905450408356,0.2558139534883721,0.0,0.0,0.13212010633333332,0.0023895146314597453,4.179711806993512,0.21407409767130706,43
slowrank_lb90_k10_d14_th1,slow_rank,optimistic_limit,train,0.11874565094532308,0.05762993627493462,0.009497758120261383,5.9041071543713715,-0.003904406109215941,0.004724124930808811,0.0,0.03762685345844252,-0.0008172644912544103,0.4583333333333333,0.0,0.0,0.12962654744444446,0.002241135714696544,6.979726006574322,0.3679530296984552,24
slowrank_lb90_k10_d14_th1,slow_rank,optimistic_limit,test,0.0012404023461816127,0.0007844778958676635,0.0017070846036150995,0.46021614843145553,-0.0013999999999999568,6.528433400955856e-05,0.0,0.0012404023461816127,0.0,0.05263157894736842,0.0,0.0,0.002493558888888889,0.00014837891676320068,0.6325823223570191,0.01913633737723859,19
slowrank_lb90_k10_d14_th1,slow_rank,optimistic_limit,full,0.12013334567553735,0.03216529620842268,0.007196046723911232,4.403080958263789,-0.003904406109215941,0.00266556745780449,0.0,0.03762685345844252,-0.0008172644912544103,0.27906976744186046,0.0,0.0,0.13212010633333332,0.0023895146314597453,4.179711806993512,0.21407409767130706,43
slowrank_lb90_k10_d30_th0,slow_rank,taker,train,0.21429185016260321,0.10180886829029467,0.019327225535929787,5.026083036431854,-0.01598360123652931,0.008152449285987259,0.006228543065787462,0.03701707387048381,-0.0016719723571798628,0.9166666666666666,0.0,0.0,0.2040034685714286,0.0006876163753976778,2.53556024245188,0.9589009861483213,24
slowrank_lb90_k10_d30_th0,slow_rank,taker,test,0.034267713566781044,0.021542775291070626,0.01627224041558742,1.3179765480615135,-0.007504517804918565,0.0017784212180557556,0.0017558690991181791,0.007208318059263696,-0.0037194391698862628,0.7368421052631579,0.0,0.0,0.05266034429761905,0.0012362950782181161,6.323815025721438,1.0,19
slowrank_lb90_k10_d30_th0,slow_rank,taker,full,0.2559028554704501,0.06565042266974896,0.018047597704444876,3.5322292907715704,-0.01598360123652931,0.005336018279226827,0.004135141506957929,0.03701707387048381,-0.0037194391698862628,0.8372093023255814,0.0,0.0,0.2566638128690476,0.0019239114536157937,4.206731987178612,0.9770316332706827,43
slowrank_lb90_k10_d30_th0,slow_rank,optimistic_limit,train,0.21799976148990985,0.1034875995396709,0.019268461364661066,5.120366109452239,-0.015983601236528644,0.008280141386811088,0.006295661377802908,0.037141557511278345,-0.0010718028095467735,0.9583333333333334,0.0,0.0,0.2040034685714286,0.0006876163753976778,2.53556024245188,0.9589009861483213,24
slowrank_lb90_k10_d30_th0,slow_rank,optimistic_limit,test,0.04049897573500849,0.025431767141913975,0.01593297849586676,1.584180903410095,-0.005491989171618639,0.0020947121401201307,0.0024644942902094513,0.007208318059263696,-0.0030004677953395786,0.8421052631578947,0.0,0.0,0.05266034429761905,0.0012362950782181161,6.323815025721438,1.0,19
slowrank_lb90_k10_d30_th0,slow_rank,optimistic_limit,full,0.26732750427571594,0.06834680517133696,0.01787789153881584,3.706941184206263,-0.015983601236528644,0.005547044742924386,0.004269075497147279,0.037141557511278345,-0.0030004677953395786,0.9069767441860465,0.0,0.0,0.2566638128690476,0.0019239114536157937,4.206731987178612,0.9770316332706827,43
slowrank_lb90_k10_d30_th0.5,slow_rank,taker,train,0.1909659482118531,0.0911888453089742,0.020386931766144544,4.290774784719492,-0.016162288653122414,0.00734248297235376,0.005988717980897729,0.03701707387048381,-0.0016719723571798628,0.875,0.0,0.0,0.1995236678293651,0.0018781063387756144,6.546564495946016,0.8768169640312375,24
slowrank_lb90_k10_d30_th0.5,slow_rank,taker,test,0.009676747841884437,0.006110505416102141,0.01487974157011684,0.41685205390456037,-0.012534728991173472,0.0005094704180953246,-0.00024072738479530287,0.00517595266188553,-0.0019945880102042457,0.21052631578947367,0.0,0.0,0.03806679878968254,0.001057535217958783,9.273355616076588,0.5529318313113807,19
slowrank_lb90_k10_d30_th0.5,slow_rank,taker,full,0.20249062538096485,0.052804346515577416,0.018169306380503698,2.841191245802082,-0.016162288653122414,0.004323244866983753,0.0007066971430806923,0.03701707387048381,-0.0019945880102042457,0.5813953488372093,0.0,0.0,0.23759046661904762,0.0029356415567343965,7.7494762678414055,0.7339364786085184,43
slowrank_lb90_k10_d30_th0.5,slow_rank,optimistic_limit,train,0.20038705669272905,0.09549059727527509,0.02006058752113634,4.556380582634094,-0.016162288653122192,0.0076717266657612,0.006055807125604273,0.037141557511278345,-0.0010718028095467735,0.875,0.0,0.0,0.1995236678293651,0.0018781063387756144,6.546564495946016,0.8768169640312375,24
slowrank_lb90_k10_d30_th0.5,slow_rank,optimistic_limit,test,0.018615795455842132,0.011736088466077765,0.01406381563397105,0.8366622907296886,-0.009413157104903314,0.0009736305137655098,5.17941449462711e-06,0.005538246790749657,-0.0013945847565028924,0.5263157894736842,0.0,0.0,0.03806679878968254,0.001057535217958783,9.273355616076588,0.5529318313113807,19
slowrank_lb90_k10_d30_th0.5,slow_rank,optimistic_limit,full,0.2227332166079521,0.05772035894087302,0.017672637350452238,3.1841404808687406,-0.016162288653122192,0.004712102784646825,0.0013752797205477396,0.037141557511278345,-0.0013945847565028924,0.7209302325581395,0.0,0.0,0.23759046661904762,0.0029356415567343965,7.7494762678414055,0.7339364786085184,43
slowrank_lb90_k10_d30_th1,slow_rank,taker,train,0.12449998814113594,0.06034287392992255,0.01771387001597375,3.3165797063980595,-0.016959641538586645,0.004939220909768338,0.0,0.03715094388663287,-0.0022937298405877327,0.4583333333333333,0.0,0.0,0.1364726253888889,0.0010249935591255855,4.95460677573201,0.425354842387277,24
slowrank_lb90_k10_d30_th1,slow_rank,taker,test,0.0014061002243499487,0.000889244529750588,0.0023077693278938335,0.3863097437379356,-0.002047523789821759,7.400527496578677e-05,0.0,0.0014061002243499487,0.0,0.05263157894736842,0.0,0.0,0.003401715,7.609519760732122e-06,0.6325823223570191,0.03300115540150202,19
slowrank_lb90_k10_d30_th1,slow_rank,taker,full,0.1260811478267454,0.03369182662296155,0.013334060774726172,2.49179046015157,-0.016959641538586645,0.00278947446648349,0.0,0.03715094388663287,-0.0022937298405877327,0.27906976744186046,0.0,0.0,0.1398743403888889,0.001032603078886317,3.0479649156339925,0.25226975884807745,43
slowrank_lb90_k10_d30_th1,slow_rank,optimistic_limit,train,0.13122552201778515,0.06350489753331834,0.017435827927635986,3.539965302385233,-0.01577737286641545,0.00518866357372479,0.00010601898478779237,0.03740004298070598,-0.0016939064316742192,0.5,0.0,0.0,0.1364726253888889,0.0010249935591255855,4.95460677573201,0.425354842387277,24
slowrank_lb90_k10_d30_th1,slow_rank,optimistic_limit,test,0.0020081479799960444,0.001269850702161568,0.0020087668935073084,0.6327579248679615,-0.0014475523612382801,0.00010569199894716024,0.0,0.0020081479799960444,0.0,0.05263157894736842,0.0,0.0,0.003401715,7.609519760732122e-06,0.6325823223570191,0.03300115540150202,19
slowrank_lb90_k10_d30_th1,slow_rank,optimistic_limit,full,0.13349719026474505,0.03558706667133604,0.013106291133334908,2.6746288500921382,-0.01577737286641545,0.0029426993895207212,0.0,0.03740004298070598,-0.0016939064316742192,0.3023255813953488,0.0,0.0,0.1398743403888889,0.001032603078886317,3.0479649156339925,0.25226975884807745,43
slowrank_lb90_k10_d60_th0,slow_rank,taker,train,0.20961991761267407,0.0996900248173207,0.018977287882299708,5.0169765093924985,-0.01598360123652931,0.007992203856026328,0.00602584043503096,0.03759566366180933,-0.0002774671681402552,0.875,0.0,0.0,0.19804008495238096,0.00023821813122917174,1.9002831138725798,0.9178589750897794,24
slowrank_lb90_k10_d60_th0,slow_rank,taker,test,0.04110658155999647,0.025810521387862106,0.013653206611042003,1.8732810632106784,-0.004751770929214083,0.00212554515192121,0.0019196574516826548,0.007208318059263696,-0.003152743146505932,0.8947368421052632,0.0,0.0,0.05193582029365079,0.0010163798045721715,3.9601661577398137,1.0,19
slowrank_lb90_k10_d60_th0,slow_rank,taker,full,0.2593432574125978,0.0664642616061144,0.01684121330985745,3.8293334768505036,-0.01598360123652931,0.0053999593123519735,0.003597676276227757,0.03759566366180933,-0.003152743146505932,0.8837209302325582,0.0,0.0,0.24997590524603175,0.0012545979358013408,2.808991354816591,0.9540951228058998,43
slowrank_lb90_k10_d60_th0,slow_rank,optimistic_limit,train,0.21238769257520929,0.1009457766820614,0.01891901272891495,5.0926958381155405,-0.015983601236528866,0.00808785390653811,0.00616008267137369,0.03759566366180933,0.0,0.9166666666666666,0.0,0.0,0.19804008495238096,0.00023821813122917174,1.9002831138725798,0.9178589750897794,24
slowrank_lb90_k10_d60_th0,slow_rank,optimistic_limit,test,0.04502948077568858,0.028253929125101163,0.013431665350634198,2.0810817096401157,-0.004512700437994677,0.002323612611187064,0.0020700184011916978,0.007208318059263696,-0.002553499783444324,0.9473684210526315,0.0,0.0,0.05193582029365079,0.0010163798045721715,3.9601661577398137,1.0,19
slowrank_lb90_k10_d60_th0,slow_rank,optimistic_limit,full,0.2669808808707015,0.06826525534191918,0.016725446600071532,3.9566068586069525,-0.015983601236528866,0.005540863566731834,0.0037482997295483766,0.03759566366180933,-0.002553499783444324,0.9302325581395349,0.0,0.0,0.24997590524603175,0.0012545979358013408,2.808991354816591,0.9540951228058998,43
slowrank_lb90_k10_d60_th0.5,slow_rank,taker,train,0.20714853959159552,0.09856753330075985,0.02087492213118892,4.513797751054894,-0.016162288653122303,0.007908744258411612,0.005978998370140265,0.03759566366180933,-0.0023282201615834053,0.8333333333333334,0.0,0.0,0.20746772829761903,0.00011732129808336928,4.715634780389953,0.9178589750897794,24
slowrank_lb90_k10_d60_th0.5,slow_rank,taker,test,0.019739406222338607,0.012441921217346108,0.009625079619854083,1.2894965978450343,-0.006986616962175618,0.0010321797710198576,0.0,0.007012468127137517,-0.0018408729363645904,0.3684210526315789,0.0,0.0,0.03376610311111111,0.0012765020796768475,4.877912574619681,0.5009387637203928,19
slowrank_lb90_k10_d60_th0.5,slow_rank,taker,full,0.23097693498527705,0.0597055786491385,0.016869410977919424,3.4460859640270938,-0.016162288653122303,0.004870262275610604,0.002896236884588399,0.03759566366180933,-0.0023282201615834053,0.627906976744186,0.0,0.0,0.24123383140873017,0.0013938233777602198,4.787222907384738,0.7339364786085184,43
slowrank_lb90_k10_d60_th0.5,slow_rank,optimistic_limit,train,0.21402293687304774,0.1016870199075075,0.020575506516810244,4.7169948092479155,-0.016162288653122414,0.008146115451483601,0.005978998370140265,0.03759566366180933,-0.0012602405375639059,0.875,0.0,0.0,0.20746772829761903,0.00011732129808336928,4.715634780389953,0.9178589750897794,24
slowrank_lb90_k10_d60_th0.5,slow_rank,optimistic_limit,test,0.024479313670008995,0.0154163091368138,0.008894014131393499,1.7245593206807797,-0.006190047027650691,0.0012762851734565588,0.0,0.007012468127137517,-0.0012407772687912377,0.3684210526315789,0.0,0.0,0.03376610311111111,0.0012765020796768475,4.877912574619681,0.5009387637203928,19
slowrank_lb90_k10_d60_th0.5,slow_rank,optimistic_limit,full,0.24374138514734267,0.06276063785848263,0.01648237179861375,3.7012739963780232,-0.016162288653122414,0.005110609049564675,0.0032660387427658755,0.03759566366180933,-0.0012602405375639059,0.6511627906976745,0.0,0.0,0.24123383140873017,0.0013938233777602198,4.787222907384738,0.7339364786085184,43
slowrank_lb90_k10_d60_th1,slow_rank,taker,train,0.11498874141458093,0.05585493405947917,0.017864322678254795,3.051365957259944,-0.014535704820941242,0.0045801512702354176,0.0,0.038253500254276984,-0.002430852028027064,0.4583333333333333,0.0,0.0,0.12061605008333334,0.0016593545694264982,3.2734804005396265,0.425354842387277,24
slowrank_lb90_k10_d60_th1,slow_rank,taker,test,0.004372348865687714,0.002763653360316587,0.003374969210034309,0.8194262258049196,-0.0024691357919456314,0.00023054990601420906,0.0,0.005781384117617749,-0.0014009359033477775,0.05263157894736842,0.0,0.0,0.005823407,0.0005484165307015125,0.6325823223570191,0.08499422299248989,19
slowrank_lb90_k10_d60_th1,slow_rank,taker,full,0.11986386117335734,0.0320959935421925,0.013544185884820776,2.3392685767402046,-0.014535704820941242,0.0026582343883702324,0.0,0.038253500254276984,-0.002430852028027064,0.27906976744186046,0.0,0.0,0.12643945708333335,0.0022077711001280108,2.1084599619848574,0.27520626931286035,43
slowrank_lb90_k10_d60_th1,slow_rank,optimistic_limit,train,0.11939000004928557,0.05793406766332643,0.017688248964264474,3.1927792527317367,-0.014535704820940465,0.0047448345943302645,0.00019540478145607665,0.038253500254276984,-0.0018311110573023814,0.5,0.0,0.0,0.12061605008333334,0.0016593545694264982,3.2734804005396265,0.425354842387277,24
slowrank_lb90_k10_d60_th1,slow_rank,optimistic_limit,test,0.00497617993715016,0.003144972310464178,0.003177986772286946,0.9896478181805536,-0.001869417837511822,0.0002621478091076572,0.0,0.005781384117617749,-0.0008005757445722628,0.05263157894736842,0.0,0.0,0.005823407,0.0005484165307015125,0.6325823223570191,0.08499422299248989,19
slowrank_lb90_k10_d60_th1,slow_rank,optimistic_limit,full,0.12496028610937482,0.033404597632778366,0.01339335550836924,2.4600679340208265,-0.014535704820940465,0.0027641125264412053,0.0,0.038253500254276984,-0.0018311110573023814,0.3023255813953488,0.0,0.0,0.12643945708333335,0.0022077711001280108,2.1084599619848574,0.27520626931286035,43
slowrank_lb90_k10_d90_th0,slow_rank,taker,train,0.19938844749786844,0.09503542728239789,0.011980242464200765,7.584065693105199,-0.002083960341558555,0.00763528281336807,0.005152021473689872,0.03701707387048381,0.0,0.875,0.0,0.0,0.1884049283095238,0.000329297796940155,1.6922229189230271,0.8768739668243744,24
slowrank_lb90_k10_d90_th0,slow_rank,taker,test,0.040085178276792144,0.02517377782996788,0.0177413400771339,1.4102404472034418,-0.006852376848244357,0.00207452074283544,0.0023061471362881836,0.007208318059263696,-0.0031639516026403802,0.7894736842105263,0.0,0.0,0.0511957039047619,0.001190678223964168,4.05957195125306,1.0,19
slowrank_lb90_k10_d90_th0,slow_rank,taker,full,0.2474661472389481,0.06364786452007709,0.014804643649985051,4.175324520478021,-0.006852376848243136,0.0051782018984815594,0.004096860479098963,0.03701707387048381,-0.0031639516026403802,0.8372093023255814,0.0,0.0,0.2396006322142857,0.001519976020904318,2.736568412845053,0.9311904686056514,43
slowrank_lb90_k10_d90_th0,slow_rank,optimistic_limit,train,0.20183201928407946,0.09614888141171263,0.011898222859223274,7.721680851519919,-0.002083960341558333,0.007720767991031219,0.005152021473689872,0.037141557511278345,0.0,0.875,0.0,0.0,0.1884049283095238,0.000329297796940155,1.6922229189230271,0.8768739668243744,24
slowrank_lb90_k10_d90_th0,slow_rank,optimistic_limit,test,0.04410586744196188,0.027678953257149752,0.017461175085416256,1.5723625930564336,-0.005955328820308581,0.002277547744158074,0.0023061471362881836,0.007208318059263696,-0.002263572051258711,0.7894736842105263,0.0,0.0,0.0511957039047619,0.001190678223964168,4.05957195125306,1.0,19
slowrank_lb90_k10_d90_th0,slow_rank,optimistic_limit,full,0.254839863014124,0.06539864315107757,0.014619409983876027,4.340539923732599,-0.005955328820306582,0.005315624161017504,0.004096860479098963,0.037141557511278345,-0.002263572051258711,0.8372093023255814,0.0,0.0,0.2396006322142857,0.001519976020904318,2.736568412845053,0.9311904686056514,43
slowrank_lb90_k10_d90_th0.5,slow_rank,taker,train,0.12290606925383663,0.05959210289742711,0.010632502807667199,5.449398568833554,-0.004371267572680582,0.004872744561706647,0.0024114727803704605,0.03701707387048381,-0.0006328966394253399,0.625,0.0,0.0,0.12794043938888888,0.0013931793059096644,3.3206407113948586,0.6306219004731232,24
slowrank_lb90_k10_d90_th0.5,slow_rank,taker,test,0.015860139898929315,0.010003821316010963,0.008742445201713443,1.1429695646648743,-0.00486747292721923,0.0008314484420388156,0.0,0.007012468127137517,-0.0020065364700283528,0.3157894736842105,0.0,0.0,0.024614207750000002,0.0011819162217815186,3.1629116117850953,0.448945696129405,19
slowrank_lb90_k10_d90_th0.5,slow_rank,taker,full,0.14071551660555337,0.037423212568360675,0.009846685933620793,3.736132531656667,-0.004867472927219119,0.003087055578597605,0.0,0.03701707387048381,-0.0020065364700283528,0.4883720930232558,0.0,0.0,0.1525546471388889,0.002575095527691181,3.25105922079577,0.5504762511547896,43
slowrank_lb90_k10_d90_th0.5,slow_rank,optimistic_limit,train,0.12740299277188827,0.06170888572353772,0.010311259702726632,5.8123965197199965,-0.0031738667902981854,0.005039752830424756,0.002787657046686487,0.037141557511278345,-3.2074733597342586e-05,0.6666666666666666,0.0,0.0,0.12794043938888888,0.0013931793059096644,3.3206407113948586,0.6306219004731232,24
slowrank_lb90_k10_d90_th0.5,slow_rank,optimistic_limit,test,0.018919470567221985,0.011926880089273117,0.008218303285846664,1.446782302845502,-0.0048674729272187855,0.0009896013011937022,0.0,0.007012468127137517,-0.00140654039976984,0.3684210526315789,0.0,0.0,0.024614207750000002,0.0011819162217815186,3.1629116117850953,0.448945696129405,19
slowrank_lb90_k10_d90_th0.5,slow_rank,optimistic_limit,full,0.14873286051102608,0.03945281429337655,0.00944859908469388,4.099989726608164,-0.0048674729272185635,0.0032501509919273136,0.0006375781568439542,0.037141557511278345,-0.00140654039976984,0.5348837209302325,0.0,0.0,0.1525546471388889,0.002575095527691181,3.25105922079577,0.5504762511547896,43
slowrank_lb90_k10_d90_th1,slow_rank,taker,train,0.10045512465430373,0.04895997353674675,0.008009113622530225,5.972118691736247,-0.004263038887688975,0.004028532319611681,0.0,0.03701707387048381,-0.00021015825010262112,0.4166666666666667,0.0,0.0,0.10273415494444445,0.0018541840603438229,2.197115658667275,0.384369834121872,24
slowrank_lb90_k10_d90_th1,slow_rank,taker,test,0.004426718295138965,0.0027979910715629774,0.0043185159568322595,0.6491605576460244,-0.0028277011503523575,0.00023346269387238943,0.0,0.005781384117617749,-0.001991401288444883,0.10526315789473684,0.0,0.0,0.005421554,0.0010101383310390686,0.6325823223570191,0.13698729058347775,19
slowrank_lb90_k10_d90_th1,slow_rank,taker,full,0.1053265294875918,0.028339512497370656,0.006643134122662893,4.209984226324185,-0.004263038887688975,0.0023516410896338544,0.0,0.03701707387048381,-0.001991401288444883,0.27906976744186046,0.0,0.0,0.10815570894444444,0.0028643223913828895,1.5069287375362366,0.2752381255773948,43
slowrank_lb90_k10_d90_th1,slow_rank,optimistic_limit,train,0.10336896444130539,0.050345978907536004,0.007732656409131701,6.356114117072422,-0.0030655079432220234,0.00413923313665517,0.0,0.037141557511278345,0.0,0.4583333333333333,0.0,0.0,0.10273415494444445,0.0018541840603438229,2.197115658667275,0.384369834121872,24
slowrank_lb90_k10_d90_th1,slow_rank,optimistic_limit,test,0.005030582053633159,0.0031793230792442895,0.004166384469000839,0.7639620500308791,-0.0022281987662743363,0.0002650419133232396,0.0,0.005781384117617749,-0.0013913961188787294,0.10526315789473684,0.0,0.0,0.005421554,0.0010101383310390686,0.6325823223570191,0.13698729058347775,19
slowrank_lb90_k10_d90_th1,slow_rank,optimistic_limit,full,0.10891955255235741,0.029271256596946182,0.006413437946030615,4.501742646493932,-0.0030655079432220234,0.0024273812007643172,0.0,0.037141557511278345,-0.0013913961188787294,0.3023255813953488,0.0,0.0,0.10815570894444444,0.0028643223913828895,1.5069287375362366,0.2752381255773948,43
slowrank_lb180_k1_d7_th0,slow_rank,taker,train,0.0892459370292038,0.04361097361509292,0.03382854782157338,1.2787685525015615,-0.025429318404459056,0.0036074840850109694,0.002714897048099685,0.03537437954807254,-0.011863328679352803,0.6666666666666666,0.0,0.0,0.21796321000000002,0.0026681355214087654,33.45607934788804,0.9137547739839252,24
slowrank_lb180_k1_d7_th0,slow_rank,taker,test,0.015995910343682196,0.010089210079841315,0.041630668563532265,0.2619545204775252,-0.016770401499490717,0.0008415026641279279,0.001301837430045083,0.008460505757966308,-0.004937887748337588,0.5789473684210527,0.0,0.0,0.07525329,0.003986113371382993,19.61005199306759,1.0,19
slowrank_lb180_k1_d7_th0,slow_rank,taker,full,0.10666941738014923,0.028688005881245315,0.037470976064531016,0.7735657129439952,-0.025429318404459056,0.0023853062478766023,0.002041972326335628,0.03537437954807254,-0.011863328679352803,0.627906976744186,0.0,0.0,0.29321650000000005,0.006654248892791759,27.347965977509478,0.9518014717594215,43
slowrank_lb180_k1_d7_th0,slow_rank,optimistic_limit,train,0.13407631472588988,0.06484236265621868,0.031810305841198545,1.9909437858259158,-0.01954581007961209,0.005290867470038226,0.004536926033661293,0.036621967276412315,-0.007092748064925769,0.7083333333333334,0.0,0.0,0.21796321000000002,0.0026681355214087654,33.45607934788804,0.9137547739839252,24
slowrank_lb180_k1_d7_th0,slow_rank,optimistic_limit,test,0.0351331585654997,0.022083421761999844,0.040699637841092394,0.5570411487462741,-0.010832877047498246,0.0018226996539151743,0.0021270127856420906,0.008460505757966308,-0.002539631524939745,0.7894736842105263,0.0,0.0,0.07525329,0.003986113371382993,19.61005199306759,1.0,19
slowrank_lb180_k1_d7_th0,slow_rank,optimistic_limit,full,0.17391999771654576,0.045763262712517294,0.036003407387325354,1.2608540467353901,-0.01954581007961209,0.0037584212257047844,0.0030664781203069147,0.036621967276412315,-0.007092748064925769,0.7441860465116279,0.0,0.0,0.29321650000000005,0.006654248892791759,27.347965977509478,0.9518014717594215,43
slowrank_lb180_k1_d7_th0.5,slow_rank,taker,train,0.10247272340816171,0.04991986568192153,0.03206786655917115,1.5351157682757728,-0.025429318404459056,0.004107273846807549,0.002714897048099685,0.03537437954807254,-0.007166656535849247,0.6666666666666666,0.0,0.0,0.20852012000000003,0.004064906522979417,28.462634669098787,0.8179900815139942,24
slowrank_lb180_k1_d7_th0.5,slow_rank,taker,test,0.005456930644563096,0.003448505899007026,0.01838262249231297,0.1964681812283386,-0.010376728838973781,0.0002892312963889494,0.0,0.008460505757966308,-0.003695085247670371,0.21052631578947367,0.0,0.0,0.03685223000000001,0.0028570670821804756,10.753899480069324,0.40735124205661466,19
slowrank_lb180_k1_d7_th0.5,slow_rank,taker,full,0.10848884059732922,0.02915967912947215,0.026903666085662553,1.081802954000432,-0.025429318404459056,0.0024202317896458423,0.0,0.03537437954807254,-0.007166656535849247,0.46511627906976744,0.0,0.0,0.24537235000000004,0.006921973605159892,20.65050492179287,0.6368385843076041,43
slowrank_lb180_k1_d7_th0.5,slow_rank,optimistic_limit,train,0.14095258492209406,0.06806149276778894,0.030342762374392828,2.1852152942859093,-0.01954581007961209,0.005541687248280354,0.004536926033661293,0.036621967276412315,-0.004772515551363488,0.7083333333333334,0.0,0.0,0.20852012000000003,0.004064906522979417,28.462634669098787,0.8179900815139942,24
slowrank_lb180_k1_d7_th0.5,slow_rank,optimistic_limit,test,0.015792903132641367,0.009961533208761253,0.01741693897000472,0.5778248469863443,-0.0057603369615111255,0.0008274067056276015,0.0,0.008460505757966308,-0.0018971291925695688,0.3684210526315789,0.0,0.0,0.03685223000000001,0.0028570670821804756,10.753899480069324,0.40735124205661466,19
slowrank_lb180_k1_d7_th0.5,slow_rank,optimistic_limit,full,0.1589715385747048,0.042029954893059385,0.02546409237241428,1.6295404442900445,-0.01954581007961209,0.003458633055015184,0.0005074509797509119,0.036621967276412315,-0.004772515551363488,0.5581395348837209,0.0,0.0,0.24537235000000004,0.006921973605159892,20.65050492179287,0.6368385843076041,43
slowrank_lb180_k1_d7_th1,slow_rank,taker,train,0.08338401852347377,0.04080270296413313,0.018703018683169356,2.1476392001677085,-0.012073268748929666,0.00337368517729549,0.0,0.03537437954807254,-0.0019947146870394894,0.3333333333333333,0.0,0.0,0.12856872,0.0018714143546730844,12.483611696973151,0.3392236219574759,24
slowrank_lb180_k1_d7_th1,slow_rank,taker,test,0.006021367722103044,0.0038048088547624204,0.009818011358210442,0.3917068840311685,-0.0032234701500440943,0.0003179911018091371,0.0,0.008460505757966308,-0.0024186748235927036,0.05263157894736842,0.0,0.0,0.007466780000000001,0.0006127174829169135,0.6325823223570191,0.0676632004621606,19
slowrank_lb180_k1_d7_th1,slow_rank,taker,full,0.089907472083252,0.024316062311281694,0.015428639110008023,1.5648978626035597,-0.012073268748929666,0.0020234947718480315,0.0,0.03537437954807254,-0.0024186748235927036,0.20930232558139536,0.0,0.0,0.1360355,0.002484131837589998,7.255582810359657,0.21942595011308974,43
slowrank_lb180_k1_d7_th1,slow_rank,optimistic_limit,train,0.09980770875036882,0.04865177245446728,0.017437659638449524,2.733021752445727,-0.010883117823988764,0.004005440606531269,0.0,0.036621967276412315,-0.001394711509496549,0.3333333333333333,0.0,0.0,0.12856872,0.0018714143546730844,12.483611696973151,0.3392236219574759,24
slowrank_lb180_k1_d7_th1,slow_rank,optimistic_limit,test,0.0066261901876676355,0.00418652372304984,0.009752047793701792,0.4332763865913689,-0.00262420570324029,0.00034955680137173156,0.0,0.008460505757966308,-0.0018189265319034087,0.05263157894736842,0.0,0.0,0.007466780000000001,0.0006127174829169135,0.6325823223570191,0.0676632004621606,19
slowrank_lb180_k1_d7_th1,slow_rank,optimistic_limit,full,0.10709524379841362,0.028798448601768722,0.014557922771968532,1.9575316134539134,-0.010883117823988764,0.0023900500879724036,0.0,0.036621967276412315,-0.0018189265319034087,0.20930232558139536,0.0,0.0,0.1360355,0.002484131837589998,7.255582810359657,0.21942595011308974,43
slowrank_lb180_k1_d14_th0,slow_rank,taker,train,0.14743193410624067,0.07108592747760922,0.033025954156968435,2.095876812434856,-0.020144315073039376,0.005782613808077754,0.005492691115771664,0.03580341500181805,-0.008529030928570158,0.7083333333333334,0.0,0.0,0.21863481,0.00198359068068954,20.47312318303597,0.9041783047369321,24
slowrank_lb180_k1_d14_th0,slow_rank,taker,test,0.023528210167283126,0.014819878604162673,0.040927232182532476,0.37991265837370475,-0.007992580256609982,0.0012301646745585917,0.001301837430045083,0.008460505757966308,-0.004904978532360826,0.6842105263157895,0.0,0.0,0.07581261,0.0027672320676831452,17.079722703639515,1.0,19
slowrank_lb180_k1_d14_th0,slow_rank,taker,full,0.17442895380454204,0.04588976730387939,0.03672222489111062,1.240182067773257,-0.020144315073039376,0.0037710665165227755,0.0030664781203069147,0.03580341500181805,-0.008529030928570158,0.6976744186046512,0.0,0.0,0.29444742,0.004750822748372685,18.97613965786372,0.9464496193176388,43
slowrank_lb180_k1_d14_th0,slow_rank,optimistic_limit,train,0.17610503518209342,0.08436845445739971,0.03176579496114658,2.565722203257792,-0.018963931198204165,0.00681582670718113,0.006730938979747525,0.03705135202908716,-0.00613858516687904,0.8333333333333334,0.0,0.0,0.21863481,0.00198359068068954,20.47312318303597,0.9041783047369321,24
slowrank_lb180_k1_d14_th0,slow_rank,optimistic_limit,test,0.04029969300186931,0.025307525519411733,0.04009946541514698,0.6433154889586927,-0.0052806707203116865,0.0020849204964158603,0.0021270127856420906,0.008460505757966308,-0.0025057018037254464,0.7894736842105263,0.0,0.0,0.07581261,0.0027672320676831452,17.079722703639515,1.0,19
slowrank_lb180_k1_d14_th0,slow_rank,optimistic_limit,full,0.22350170703787975,0.05790583087655654,0.03568351079619795,1.5953567158385096,-0.018963931198204165,0.004725426288470894,0.0030888034750520266,0.03705135202908716,-0.00613858516687904,0.813953488372093,0.0,0.0,0.29444742,0.004750822748372685,18.97613965786372,0.9464496193176388,43
slowrank_lb180_k1_d14_th0.5,slow_rank,taker,train,0.1522411540419646,0.07332525344790342,0.03139575466436161,2.2695522440919706,-0.020144315073039376,0.005956431342608375,0.005492691115771664,0.03580341500181805,-0.008529030928570158,0.7083333333333334,0.0,0.0,0.20523757000000004,0.003458124129006701,16.47836744000456,0.808413612267001,24
slowrank_lb180_k1_d14_th0.5,slow_rank,taker,test,0.002512619178014708,0.0015887056443626424,0.018751836426385154,0.09403507290735552,-0.012464570122339924,0.0001349706536019127,0.0,0.008460505757966308,-0.004238520508056731,0.21052631578947367,0.0,0.0,0.035217870000000005,0.0015696411952729195,10.753899480069324,0.40735124205661466,19
slowrank_lb180_k1_d14_th0.5,slow_rank,taker,full,0.15513629726331568,0.04106653011898653,0.02657245863301816,1.5278477416799645,-0.020144315073039376,0.0033841580149078453,0.0,0.03580341500181805,-0.008529030928570158,0.4883720930232558,0.0,0.0,0.24045544000000002,0.0050277653242796205,13.953043866076264,0.6314867318658214,43
slowrank_lb180_k1_d14_th0.5,slow_rank,optimistic_limit,train,0.1753548000287375,0.08402299444477901,0.0304074653924998,2.6684672619073218,-0.018963931198204165,0.0067889179039952495,0.006626585674809005,0.03705135202908716,-0.00613858516687904,0.7916666666666666,0.0,0.0,0.20523757000000004,0.003458124129006701,16.47836744000456,0.808413612267001,24
slowrank_lb180_k1_d14_th0.5,slow_rank,optimistic_limit,test,0.012818915005410547,0.00809003344544812,0.017785664859386523,0.46192650420980147,-0.006387936941777972,0.000672841433567524,0.0,0.008460505757966308,-0.002441478786307183,0.3684210526315789,0.0,0.0,0.035217870000000005,0.0015696411952729195,10.753899480069324,0.40735124205661466,19
slowrank_lb180_k1_d14_th0.5,slow_rank,optimistic_limit,full,0.19042157331151044,0.04984486539957644,0.025620366637315154,1.9113894007146266,-0.018963931198204165,0.004086465510085325,0.0012929853040022365,0.03705135202908716,-0.00613858516687904,0.6046511627906976,0.0,0.0,0.24045544000000002,0.0050277653242796205,13.953043866076264,0.6314867318658214,43
slowrank_lb180_k1_d14_th1,slow_rank,taker,train,0.10258727363349096,0.049974337666097934,0.02241675259587412,2.1866090049389615,-0.02027895371277333,0.004110398839495724,0.0,0.03580341500181805,-0.0019947146870394894,0.375,0.0,0.0,0.12981192,0.002350122919662523,8.488855953941744,0.329590149917346,24
slowrank_lb180_k1_d14_th1,slow_rank,taker,test,0.006021367722103044,0.0038048088547624204,0.009818011358210442,0.3917068840311685,-0.0032234701500440943,0.0003179911018091371,0.0,0.008460505757966308,-0.0024186748235927036,0.05263157894736842,0.0,0.0,0.007466780000000001,0.0006127174829169135,0.6325823223570191,0.0676632004621606,19
slowrank_lb180_k1_d14_th1,slow_rank,taker,full,0.10922635705375106,0.029350716344024308,0.01798339618141846,1.6175885480490235,-0.02027895371277333,0.002434683792610953,0.0,0.03580341500181805,-0.0024186748235927036,0.23255813953488372,0.0,0.0,0.13727870000000003,0.0029628404025794364,5.023095791787455,0.21404224140677264,43
slowrank_lb180_k1_d14_th1,slow_rank,optimistic_limit,train,0.11392411894139376,0.05535139462693883,0.021749523262151304,2.487870010197183,-0.019100372587489867,0.004541396356951388,0.0,0.03705135202908716,-0.001394711509496549,0.375,0.0,0.0,0.12981192,0.002350122919662523,8.488855953941744,0.329590149917346,24
slowrank_lb180_k1_d14_th1,slow_rank,optimistic_limit,test,0.0066261901876676355,0.00418652372304984,0.009752047793701792,0.4332763865913689,-0.00262420570324029,0.00034955680137173156,0.0,0.008460505757966308,-0.0018189265319034087,0.05263157894736842,0.0,0.0,0.007466780000000001,0.0006127174829169135,0.6325823223570191,0.0676632004621606,19
slowrank_lb180_k1_d14_th1,slow_rank,optimistic_limit,full,0.12130519200813028,0.032466517341158685,0.017503634055781984,1.8341101676859337,-0.019100372587489867,0.0026891881812301445,0.0,0.03705135202908716,-0.0018189265319034087,0.23255813953488372,0.0,0.0,0.13727870000000003,0.0029628404025794364,5.023095791787455,0.21404224140677264,43
slowrank_lb180_k1_d30_th0,slow_rank,taker,train,0.17984393501114315,0.08608845916639662,0.03295925523745636,2.5220790568204206,-0.019341727321528612,0.0069461772909350196,0.004796338847331105,0.03579838810989222,-0.003115558993123546,0.8333333333333334,0.0,0.0,0.22212571000000003,0.0023442375211620847,14.480989568488857,0.9178589750897794,24
slowrank_lb180_k1_d30_th0,slow_rank,taker,test,0.03322564436943454,0.020891570459566022,0.04353867425024405,0.49666694314196513,-0.007408315720272118,0.0017253310368201137,0.0018945317271352735,0.008460505757966308,-0.0031728966003657932,0.7368421052631579,0.0,0.0,0.07366015000000001,0.002523891324060501,13.2842287694974,1.0,19
slowrank_lb180_k1_d30_th0,slow_rank,taker,full,0.21904501000727228,0.056829054393928935,0.03799198138298123,1.4738551696146747,-0.019341727321528612,0.004639291736791224,0.0030664781203069147,0.03579838810989222,-0.0031728966003657932,0.7906976744186046,0.0,0.0,0.29578586000000007,0.004868128845222586,13.953043866076264,0.9540951228058998,43
slowrank_lb180_k1_d30_th0,slow_rank,optimistic_limit,train,0.20062221742611586,0.09559775687994532,0.03207244584193254,2.8627202788457,-0.01816005423124656,0.007678970987581714,0.005284224847027952,0.03704646490376673,-0.0019146947854035146,0.875,0.0,0.0,0.22212571000000003,0.0023442375211620847,14.480989568488857,0.9178589750897794,24
slowrank_lb180_k1_d30_th0,slow_rank,optimistic_limit,test,0.04636971660834455,0.029087932557484653,0.042937943049319256,0.689244882458107,-0.005015095368967382,0.0023910669404144484,0.0026586877659342534,0.008460505757966308,-0.0019720768697090163,0.8947368421052632,0.0,0.0,0.07366015000000001,0.002523891324060501,13.2842287694974,1.0,19
slowrank_lb180_k1_d30_th0,slow_rank,optimistic_limit,full,0.25629472940186093,0.06574320284771429,0.0372592026921199,1.7275330612071913,-0.01816005423124656,0.005342455245810131,0.003372773837233778,0.03704646490376673,-0.0019720768697090163,0.8837209302325582,0.0,0.0,0.29578586000000007,0.004868128845222586,13.953043866076264,0.9540951228058998,43
slowrank_lb180_k1_d30_th0.5,slow_rank,taker,train,0.1598260976870174,0.07684755613381777,0.031915514082376785,2.3357624717584597,-0.019341727321528612,0.006229957049313048,0.004377208530639831,0.03579838810989222,-0.003115558993123546,0.7916666666666666,0.0,0.0,0.20147241000000002,0.0018174387033392803,13.482300632731004,0.8357749529726957,24
slowrank_lb180_k1_d30_th0.5,slow_rank,taker,test,0.015941300798129054,0.0100548655421826,0.02108559917650396,0.48502347500859927,-0.007562231044610623,0.0008357131572833511,0.0,0.008460505757966308,-0.0031728966003657932,0.42105263157894735,0.0,0.0,0.04053454,0.0016325424867825733,8.223570190641247,0.5009387637203928,19
slowrank_lb180_k1_d30_th0.5,slow_rank,taker,full,0.1783152343837744,0.04685442872086787,0.027667269097627647,1.668851241295866,-0.019341727321528612,0.0038464539342301586,0.0015229219472474576,0.03579838810989222,-0.0031728966003657932,0.627906976744186,0.0,0.0,0.24200695000000003,0.0034499811901218536,11.162435092861012,0.6880634576789526,43
slowrank_lb180_k1_d30_th0.5,slow_rank,optimistic_limit,train,0.1788266725484038,0.08562075885202503,0.03113127229495859,2.6544511145313874,-0.01816005423124656,0.00691204708648506,0.005098356412167826,0.03704646490376673,-0.0019146947854035146,0.8333333333333334,0.0,0.0,0.20147241000000002,0.0018174387033392803,13.482300632731004,0.8357749529726957,24
slowrank_lb180_k1_d30_th0.5,slow_rank,optimistic_limit,test,0.02392045482280092,0.015065877220163504,0.02037742357104352,0.7440171544137345,-0.005171348692855848,0.0012477700466733191,0.0,0.008460505757966308,-0.0019720768697090163,0.42105263157894735,0.0,0.0,0.04053454,0.0016325424867825733,8.223570190641247,0.5009387637203928,19
slowrank_lb180_k1_d30_th0.5,slow_rank,optimistic_limit,full,0.20702474271299676,0.053910634678038694,0.026924066223797026,1.963671348640114,-0.01816005423124656,0.004409226999126384,0.0026586877659342534,0.03704646490376673,-0.0019720768697090163,0.6511627906976745,0.0,0.0,0.24200695000000003,0.0034499811901218536,11.162435092861012,0.6880634576789526,43
slowrank_lb180_k1_d30_th1,slow_rank,taker,train,0.11739966194056928,0.05699434930126679,0.023455508542670818,2.3748861979176974,-0.019354158038642266,0.004670932478970953,0.0,0.03579838810989222,-0.0022910546833057044,0.4166666666666667,0.0,0.0,0.13918623000000002,0.0023683522300687043,7.490167018183891,0.3843128313287351,24
slowrank_lb180_k1_d30_th1,slow_rank,taker,test,0.006309411649835228,0.003986609324500678,0.01142094161925911,0.35407741884028693,-0.0031838195517546186,0.0003330241215815085,0.0,0.008460505757966308,-0.0021330474479176464,0.05263157894736842,0.0,0.0,0.007648580000000001,0.0007441018476450623,0.6325823223570191,0.08499422299248989,19
slowrank_lb180_k1_d30_th1,slow_rank,taker,full,0.12444979638514031,0.03327371253229705,0.019106726967611468,1.7226638056321721,-0.019354158038642266,0.0027541822745430593,0.0,0.03579838810989222,-0.0022910546833057044,0.2558139534883721,0.0,0.0,0.14683481,0.0031124540777137666,4.464974037144405,0.25226975884807745,43
slowrank_lb180_k1_d30_th1,slow_rank,optimistic_limit,train,0.12753008189267923,0.06176864738073884,0.022912765962702673,2.62728052178556,-0.0181748928387101,0.0050514619242414864,0.0,0.03704646490376673,-0.001691229666081151,0.4166666666666667,0.0,0.0,0.13918623000000002,0.0023683522300687043,7.490167018183891,0.3843128313287351,24
slowrank_lb180_k1_d30_th1,slow_rank,optimistic_limit,test,0.006914407288101776,0.004368393325692832,0.011364285258753033,0.3892411024512117,-0.002584531266915935,0.0003645988590317401,0.0,0.008460505757966308,-0.0015331274363632463,0.05263157894736842,0.0,0.0,0.007648580000000001,0.0007441018476450623,0.6325823223570191,0.08499422299248989,19
slowrank_lb180_k1_d30_th1,slow_rank,optimistic_limit,full,0.13532628410847525,0.036053133992645536,0.018720208180555184,1.9013384397326443,-0.0181748928387101,0.0029805224303115986,0.0,0.03704646490376673,-0.001691229666081151,0.2558139534883721,0.0,0.0,0.14683481,0.0031124540777137666,4.464974037144405,0.25226975884807745,43
slowrank_lb180_k1_d60_th0,slow_rank,taker,train,0.2166603795410571,0.1028814991854281,0.032762681090411895,3.0053435146727843,-0.016541462125916673,0.008239462475664336,0.006270598740416244,0.03950010051377606,-0.0009686171941285515,0.875,0.0,0.0,0.2297067,0.0014780441438682068,8.488855953941744,0.9178589750897794,24
slowrank_lb180_k1_d60_th0,slow_rank,taker,test,0.05895185714568729,0.0368985202581138,0.037190372732353476,0.9928834188219281,-0.007382392689618489,0.0030248691979123154,0.003892849834686851,0.008460505757966308,-0.004674108523831655,0.8421052631578947,0.0,0.0,0.07373123000000001,0.002641732886750847,5.693240901213172,1.0,19
slowrank_lb180_k1_d60_th0,slow_rank,taker,full,0.2883847684305896,0.0732710539314132,0.03478643982656213,2.0501137306895805,-0.016541462125916673,0.005935339864564605,0.004587646939613554,0.03950010051377606,-0.004674108523831655,0.8604651162790697,0.0,0.0,0.30343793,0.004119777030619054,7.255582810359657,0.9540951228058998,43
slowrank_lb180_k1_d60_th0,slow_rank,optimistic_limit,train,0.22917510953499454,0.10853174361319207,0.03224657192404049,3.2113932902592857,-0.016541462125916673,0.008668779493218898,0.006603782173184247,0.03950010051377606,0.0,0.9166666666666666,0.0,0.0,0.2297067,0.0014780441438682068,8.488855953941744,0.9178589750897794,24
slowrank_lb180_k1_d60_th0,slow_rank,optimistic_limit,test,0.06470396249316557,0.040457876026031236,0.03689742399904376,1.093345946522834,-0.006186603226736698,0.0033096374806073255,0.003892849834686851,0.008460505757966308,-0.0034750564373159376,0.8421052631578947,0.0,0.0,0.07373123000000001,0.002641732886750847,5.693240901213172,1.0,19
slowrank_lb180_k1_d60_th0,slow_rank,optimistic_limit,full,0.30870760971987066,0.07796883745267547,0.03437699725127938,2.201166875144732,-0.016541462125916673,0.006300786510902157,0.004587646939613554,0.03950010051377606,-0.0034750564373159376,0.8837209302325582,0.0,0.0,0.30343793,0.004119777030619054,7.255582810359657,0.9540951228058998,43
slowrank_lb180_k1_d60_th0.5,slow_rank,taker,train,0.18606530544415678,0.0889444368158907,0.03169352025091888,2.7043708201360332,-0.016541462125916673,0.007168935712370585,0.00554427500207344,0.03950010051377606,-0.0009686171941285515,0.8333333333333334,0.0,0.0,0.20008945,0.0015576530870766714,7.490167018183891,0.8357749529726957,24
slowrank_lb180_k1_d60_th0.5,slow_rank,taker,test,0.03078577652746728,0.019365915379326415,0.017744161244264426,1.0898372478375598,-0.005398243429360128,0.0016021663751977222,0.0,0.008460505757966308,-0.0031728966003657932,0.42105263157894735,0.0,0.0,0.04286575000000001,0.0017045760621956507,4.428076256499134,0.5009387637203928,19
slowrank_lb180_k1_d60_th0.5,slow_rank,taker,full,0.22257924688453978,0.05768318889026758,0.02646429563931356,2.132343666244013,-0.016541462125916673,0.004709200423852343,0.0033214103786198823,0.03950010051377606,-0.0031728966003657932,0.6511627906976745,0.0,0.0,0.24295520000000004,0.003262229149272322,6.139339301073556,0.6880634576789526,43
slowrank_lb180_k1_d60_th0.5,slow_rank,optimistic_limit,train,0.19682189604545242,0.09386471182402234,0.031245130136821984,2.8870141097149795,-0.016541462125916673,0.007547116584440257,0.005846374059433557,0.03950010051377606,0.0,0.875,0.0,0.0,0.20008945,0.0015576530870766714,7.490167018183891,0.8357749529726957,24
slowrank_lb180_k1_d60_th0.5,slow_rank,optimistic_limit,test,0.035135715735644446,0.022085018988852845,0.01734314721489138,1.2682296550333623,-0.00420010444481278,0.0018236820658581805,0.0,0.008460505757966308,-0.0019720768697090163,0.42105263157894735,0.0,0.0,0.04286575000000001,0.0017045760621956507,4.428076256499134,0.5009387637203928,19
slowrank_lb180_k1_d60_th0.5,slow_rank,optimistic_limit,full,0.23887308997111023,0.061598132530559235,0.02604588144622245,2.3080261995687663,-0.016541462125916673,0.0050181571459970145,0.00446320174464554,0.03950010051377606,-0.0019720768697090163,0.6744186046511628,0.0,0.0,0.24295520000000004,0.003262229149272322,6.139339301073556,0.6880634576789526,43
slowrank_lb180_k1_d60_th1,slow_rank,taker,train,0.10625097246401038,0.051715041651577254,0.022032771732690477,2.2995105572776198,-0.016541462125916673,0.0042513567731234615,0.0,0.03950010051377606,-0.001683432939460272,0.4166666666666667,0.0,0.0,0.11754049,0.0019217158808791934,4.494100210910334,0.34327082027019323,24
slowrank_lb180_k1_d60_th1,slow_rank,taker,test,0.006309411649835228,0.003986609324500678,0.01142094161925911,0.35407741884028693,-0.0031838195517546186,0.0003330241215815085,0.0,0.008460505757966308,-0.0021330474479176464,0.05263157894736842,0.0,0.0,0.007648580000000001,0.0007441018476450623,0.6325823223570191,0.08499422299248989,19
slowrank_lb180_k1_d60_th1,slow_rank,taker,full,0.11323076523732212,0.030386373779325293,0.018135217848848948,1.6596480860497043,-0.016541462125916673,0.002520000485232831,0.0,0.03950010051377606,-0.0021330474479176464,0.2558139534883721,0.0,0.0,0.12518906999999999,0.0026658177285242557,2.790608773215253,0.22933324838329458,43
slowrank_lb180_k1_d60_th1,slow_rank,optimistic_limit,train,0.11225592625381631,0.054561896980918956,0.021724299356781468,2.4562841109671347,-0.016541462125916673,0.004478480082948183,0.0,0.03950010051377606,-0.0010832426185820587,0.4166666666666667,0.0,0.0,0.11754049,0.0019217158808791934,4.494100210910334,0.34327082027019323,24
slowrank_lb180_k1_d60_th1,slow_rank,optimistic_limit,test,0.006914407288101776,0.004368393325692832,0.011364285258753033,0.3892411024512117,-0.002584531266915935,0.0003645988590317401,0.0,0.008460505757966308,-0.0015331274363632463,0.05263157894736842,0.0,0.0,0.007648580000000001,0.0007441018476450623,0.6325823223570191,0.08499422299248989,19
slowrank_lb180_k1_d60_th1,slow_rank,optimistic_limit,full,0.11994651673654544,0.032117251148153114,0.01791032525860297,1.7739736380055018,-0.016541462125916673,0.002660718611915336,0.0,0.03950010051377606,-0.0015331274363632463,0.2558139534883721,0.0,0.0,0.12518906999999999,0.0026658177285242557,2.790608773215253,0.22933324838329458,43
slowrank_lb180_k1_d90_th0,slow_rank,taker,train,0.22413693801691315,0.10626055154940595,0.02542855026841396,3.98407897304077,-0.004827335071583172,0.008488944319376848,0.006560406730809487,0.03531422611711088,0.0,0.875,0.0,0.0,0.22066806,0.0002166397537225473,4.494100210910334,0.8768739668243744,24
slowrank_lb180_k1_d90_th0,slow_rank,taker,test,0.05302960767017262,0.03322645074482322,0.034318400661597026,0.969606324579225,-0.009954965354356582,0.002729197819627023,0.003372773837233778,0.008460505757966308,-0.004320226791298953,0.7368421052631579,0.0,0.0,0.06889168000000001,0.0017107041560154856,5.693240901213172,1.0,19
slowrank_lb180_k1_d90_th0,slow_rank,taker,full,0.28905243957451887,0.07342623698221518,0.02968201598211461,2.402008334714546,-0.009954965354357026,0.005943940052045529,0.004577130471103308,0.03531422611711088,-0.004320226791298953,0.813953488372093,0.0,0.0,0.28955974,0.001927343909738033,5.023095791787455,0.9311904686056514,43
slowrank_lb180_k1_d90_th0,slow_rank,optimistic_limit,train,0.23078573326447005,0.1092568242859222,0.025097900742127092,4.144004458160503,-0.0036288488708384747,0.00871855920904672,0.007064052414695432,0.03656171952395337,0.0,0.875,0.0,0.0,0.22066806,0.0002166397537225473,4.494100210910334,0.8768739668243744,24
slowrank_lb180_k1_d90_th0,slow_rank,optimistic_limit,test,0.05875123587000064,0.03677424942966101,0.033971245115235575,1.0800688272447443,-0.00876074007527905,0.003014264861461391,0.003425333420018495,0.008460505757966308,-0.0033324849355338415,0.7368421052631579,0.0,0.0,0.06889168000000001,0.0017107041560154856,5.693240901213172,1.0,19
slowrank_lb180_k1_d90_th0,slow_rank,optimistic_limit,full,0.3030959161849529,0.0766769374619245,0.029346638071745184,2.5321574169270087,-0.008760740075275941,0.006198057055462505,0.004577130471103308,0.03656171952395337,-0.0033324849355338415,0.813953488372093,0.0,0.0,0.28955974,0.001927343909738033,5.023095791787455,0.9311904686056514,43
slowrank_lb180_k1_d90_th0.5,slow_rank,taker,train,0.17961086924373992,0.08598132183027718,0.023768350043861325,3.4822309578973476,-0.004926990910788076,0.006936415835045617,0.005472483495569058,0.03531422611711088,0.0,0.7916666666666666,0.0,0.0,0.18380972,-5.864100548347295e-05,4.494100210910334,0.7537479336487488,24
slowrank_lb180_k1_d90_th0.5,slow_rank,taker,test,0.04339798727413435,0.027238150982012765,0.021179433136291354,1.279454961261579,-0.005706207455272505,0.002243206674990263,0.0,0.008460505757966308,-0.0016744787454844312,0.47368421052631576,0.0,0.0,0.05099065000000001,0.001846669104915044,3.1629116117850953,0.6049248989023686,19
slowrank_lb180_k1_d90_th0.5,slow_rank,taker,full,0.23080360673560163,0.05966393721713592,0.022664319558327733,2.568303946779236,-0.005706207455272949,0.004862672252695577,0.00446320174464554,0.03531422611711088,-0.0016744787454844312,0.6511627906976745,0.0,0.0,0.23480037000000004,0.0017880280994315711,3.906852282501354,0.688095313943487,43
slowrank_lb180_k1_d90_th0.5,slow_rank,optimistic_limit,train,0.18601570171342208,0.08892169546552275,0.02345249030173921,3.6441053111141484,-0.003730408274406627,0.007165313676636355,0.005472483495569058,0.03656171952395337,0.0,0.7916666666666666,0.0,0.0,0.18380972,-5.864100548347295e-05,4.494100210910334,0.7537479336487488,24
slowrank_lb180_k1_d90_th0.5,slow_rank,optimistic_limit,test,0.04654238383619824,0.029195351562795402,0.020907041046241085,1.3868953385548612,-0.004508391632033648,0.0024016199536770477,0.0,0.008460505757966308,-0.0010742830413232873,0.47368421052631576,0.0,0.0,0.05099065000000001,0.001846669104915044,3.1629116117850953,0.6049248989023686,19
slowrank_lb180_k1_d90_th0.5,slow_rank,optimistic_limit,full,0.2412156997383239,0.06215793708546502,0.022366975834937027,2.7072489901668573,-0.004508391632038311,0.0050604257525380565,0.00446320174464554,0.03656171952395337,-0.0010742830413232873,0.6511627906976745,0.0,0.0,0.23480037000000004,0.0017880280994315711,3.906852282501354,0.688095313943487,43
slowrank_lb180_k1_d90_th1,slow_rank,taker,train,0.09585040872912853,0.04676592975875349,0.015009100345003938,3.0526880759270694,-0.005095448001064429,0.0038523248987820022,0.0,0.03531422611711088,0.0,0.3333333333333333,0.0,0.0,0.0999458,0.0018107019758979437,2.4967223393946303,0.2612438009462464,24
slowrank_lb180_k1_d90_th1,slow_rank,taker,test,0.00807467690085284,0.005100348618566342,0.016061551010370673,0.3247734167506661,-0.0035668438011910997,0.00042515168703972125,0.0,0.008460505757966308,-0.0002608233685780226,0.05263157894736842,0.0,0.0,0.009101890000000001,0.0011442538070493002,0.6325823223570191,0.13698729058347775,19
slowrank_lb180_k1_d90_th1,slow_rank,taker,full,0.1046990467112856,0.028176569543227448,0.015483453567552721,1.8023644366489922,-0.005095448001064429,0.0023379925494075057,0.0,0.03531422611711088,-0.0002608233685780226,0.20930232558139536,0.0,0.0,0.10904769,0.002954955782947244,1.6743652639291515,0.2064285941830461,43
slowrank_lb180_k1_d90_th1,slow_rank,optimistic_limit,train,0.09915050834912642,0.04833882056545291,0.014776989699164455,3.202014484715963,-0.0038990679355755953,0.003979749383425407,0.0,0.03656171952395337,0.0,0.3333333333333333,0.0,0.0,0.0999458,0.0018107019758979437,2.4967223393946303,0.2612438009462464,24
slowrank_lb180_k1_d90_th1,slow_rank,optimistic_limit,test,0.008680733820833453,0.005482556139196015,0.016021310533876593,0.3492794288916011,-0.0030087390937300063,0.0004567856658383177,0.0,0.008460505757966308,-0.00012180033563358172,0.10526315789473684,0.0,0.0,0.009101890000000001,0.0011442538070493002,0.6325823223570191,0.13698729058347775,19
slowrank_lb180_k1_d90_th1,slow_rank,optimistic_limit,full,0.10869194134114335,0.029212296994819864,0.01533971249734703,1.8847449213941034,-0.0038990679355755953,0.0024230909965846,0.0,0.03656171952395337,-0.00012180033563358172,0.23255813953488372,0.0,0.0,0.10904769,0.002954955782947244,1.6743652639291515,0.2064285941830461,43
slowrank_lb180_k3_d7_th0,slow_rank,taker,train,0.1748814607429885,0.08380497958696398,0.021237438357892754,3.8000700925773705,-0.013774973579336991,0.0067650122927021316,0.004591839291768984,0.03529934858915862,-0.0018596808435614731,0.875,0.0,0.0,0.21973792666666667,-0.00011852455415221202,14.480989568488855,0.9137547739839252,24
slowrank_lb180_k3_d7_th0,slow_rank,taker,test,0.03127198008861409,0.019670045371911193,0.020165027244964016,0.9760674102486527,-0.006120978309914982,0.0016252540539740269,0.0006308070555569589,0.007957617319868993,-0.0011061449824051328,0.631578947368421,0.0,0.0,0.06999683833333334,0.0017842386242315897,12.862507221259389,1.0,19
slowrank_lb180_k3_d7_th0,slow_rank,taker,full,0.2116223303898377,0.05502935410120657,0.02077337095515453,2.589106356158002,-0.013774973579336991,0.004493956326752504,0.0036976570843716416,0.03529934858915862,-0.0018596808435614731,0.7674418604651163,0.0,0.0,0.289734765,0.0016657140700793705,13.767003281195246,0.9518014717594215,43
slowrank_lb180_k3_d7_th0,slow_rank,optimistic_limit,train,0.19552928444919182,0.09327461966830786,0.020716477669338856,4.315036055582989,-0.012954338042466484,0.007497162448755271,0.00520447970218163,0.03654399292616706,-0.000659747103832875,0.875,0.0,0.0,0.21973792666666667,-0.00011852455415221202,14.480989568488855,0.9137547739839252,24
slowrank_lb180_k3_d7_th0,slow_rank,optimistic_limit,test,0.043945493437237415,0.027579096787718305,0.01971063986557599,1.3901086134293537,-0.004926393291044051,0.002268583537355911,0.0018044853771888025,0.007957617319868993,-0.0007061906938519158,0.8947368421052632,0.0,0.0,0.06999683833333334,0.0017842386242315897,12.862507221259389,1.0,19
slowrank_lb180_k3_d7_th0,slow_rank,optimistic_limit,full,0.24806740877299016,0.0637909040383311,0.020281254967282055,3.059212501772051,-0.012954338042466484,0.005186860139067181,0.004099636817195718,0.03654399292616706,-0.0007061906938519158,0.8837209302325582,0.0,0.0,0.289734765,0.0016657140700793705,13.767003281195246,0.9518014717594215,43
slowrank_lb180_k3_d7_th0.5,slow_rank,taker,train,0.1492490276938463,0.07193257541955855,0.02125184272448089,3.2792056258890647,-0.013774973579336991,0.005844359824765934,0.003909499935840444,0.03529934858915862,-0.002058628481899749,0.7083333333333334,0.0,0.0,0.20805270833333334,0.0008419232730081027,17.310608219802766,0.8179900815139942,24
slowrank_lb180_k3_d7_th0.5,slow_rank,taker,test,0.0018140619589022133,0.001147161413282305,0.013618374244711497,0.09099841691120959,-0.011786117737783597,9.839674538366474e-05,0.0,0.006370296012355503,-0.003695085247670371,0.2631578947368421,0.0,0.0,0.03689327666666667,0.0010657576809193583,11.386481802426344,0.40735124205661466,19
slowrank_lb180_k3_d7_th0.5,slow_rank,taker,full,0.15133383663629107,0.04010906065515796,0.018284928343749823,2.159854686739122,-0.013774973579336991,0.0033054459059691176,0.0003927857912358057,0.03529934858915862,-0.003695085247670371,0.5116279069767442,0.0,0.0,0.24494598500000003,0.001907680953927458,14.69720620560033,0.6368385843076041,43
slowrank_lb180_k3_d7_th0.5,slow_rank,optimistic_limit,train,0.1734370832687293,0.08313944327482892,0.02057016982658035,3.892798544182996,-0.012954338042466484,0.006718148446062833,0.004713889440185359,0.03654399292616706,-0.0011115529425708148,0.75,0.0,0.0,0.20805270833333334,0.0008419232730081027,17.310608219802766,0.8179900815139942,24
slowrank_lb180_k3_d7_th0.5,slow_rank,optimistic_limit,test,0.012708873268362009,0.00802074661817076,0.012836218702460022,0.6287785963854085,-0.00722238297265454,0.000667484683276785,0.0,0.006773299581841696,-0.0022094878355046754,0.3157894736842105,0.0,0.0,0.03689327666666667,0.0010657576809193583,11.386481802426344,0.40735124205661466,19
slowrank_lb180_k3_d7_th0.5,slow_rank,optimistic_limit,full,0.1883501464483921,0.049334753452636715,0.017586729953845314,2.7470207383683696,-0.012954338042466484,0.004044599341575974,0.0014333962783577014,0.03654399292616706,-0.0022094878355046754,0.5581395348837209,0.0,0.0,0.24494598500000003,0.001907680953927458,14.69720620560033,0.6368385843076041,43
slowrank_lb180_k3_d7_th1,slow_rank,taker,train,0.09817307452558022,0.04787320357570568,0.012503022530501954,3.7463653664389933,-0.0064222210213747966,0.003943823563700766,0.0,0.03529934858915862,-0.0033448958868156353,0.3333333333333333,0.0,0.0,0.12991252666666667,0.0005589052416092318,9.15464857778031,0.3392236219574759,24
slowrank_lb180_k3_d7_th1,slow_rank,taker,test,0.004802548112689431,0.003035332544984115,0.005255638991629529,0.5792914685168067,-0.0028049686886478797,0.0002532879954386727,0.0,0.006370296012355503,-0.0015578240990207215,0.05263157894736842,0.0,0.0,0.007343876666666668,0.0008023430244630624,1.0543038705950316,0.0676632004621606,19
slowrank_lb180_k3_d7_th1,slow_rank,taker,full,0.10344710355205122,0.027851269002094226,0.00997996719651945,2.757556997213024,-0.0064222210213747966,0.002313121800980306,0.0,0.03529934858915862,-0.0033448958868156353,0.20930232558139536,0.0,0.0,0.13725640333333333,0.0013612482660722955,5.581217546430505,0.21942595011308974,43
slowrank_lb180_k3_d7_th1,slow_rank,optimistic_limit,train,0.11033865662925857,0.05365378730336712,0.011798610058179945,4.435580078728369,-0.003814029776158634,0.004407055950592399,0.0,0.03654399292616706,-0.0017463773369132962,0.3333333333333333,0.0,0.0,0.12991252666666667,0.0005589052416092318,9.15464857778031,0.3392236219574759,24
slowrank_lb180_k3_d7_th1,slow_rank,optimistic_limit,test,0.005809255491060927,0.0036709208550846917,0.0050852677187147284,0.7230945065644745,-0.0022054526377595085,0.0003060916484229494,0.0,0.006773299581841696,-0.0009575582618056577,0.05263157894736842,0.0,0.0,0.007343876666666668,0.0008023430244630624,1.0543038705950316,0.0676632004621606,19
slowrank_lb180_k3_d7_th1,slow_rank,optimistic_limit,full,0.11678889756722355,0.03130436011676152,0.009448215559145089,3.267184021081978,-0.003814029776158634,0.002595001956610549,0.0,0.03654399292616706,-0.0017463773369132962,0.20930232558139536,0.0,0.0,0.13725640333333333,0.0013612482660722955,5.581217546430505,0.21942595011308974,43
slowrank_lb180_k3_d14_th0,slow_rank,taker,train,0.1949032502837742,0.09298871301273515,0.02091855070308449,4.261051248871957,-0.013349529995105747,0.007478180695360377,0.005144116222074446,0.03732255111986049,-0.0023187610784464185,0.875,0.0,0.0,0.22062921333333335,-0.00012514984267360512,10.486233825457447,0.9041783047369321,24
slowrank_lb180_k3_d14_th0,slow_rank,taker,test,0.03864417945326104,0.0242750672542984,0.02019660503613767,1.197681274442388,-0.004047745234546096,0.0020002640256707492,0.0018044853771888025,0.007957617319868993,-0.0011061449824051328,0.7894736842105263,0.0,0.0,0.06917877333333333,0.003059879256517239,10.753899480069324,1.0,19
slowrank_lb180_k3_d14_th0,slow_rank,taker,full,0.24107930591704219,0.062125364465341226,0.02060574144501139,2.9353184239395875,-0.013349529995105747,0.0050577058878231,0.00347420284319111,0.03732255111986049,-0.0023187610784464185,0.8372093023255814,0.0,0.0,0.28980798666666663,0.0029347294138436296,10.604313338217962,0.9464496193176388,43
slowrank_lb180_k3_d14_th0,slow_rank,optimistic_limit,train,0.2100753306250911,0.09989674653720759,0.020496521111810623,4.655753840989953,-0.012954338042466595,0.008008473219367077,0.005546720861348442,0.03815377460144065,-0.0011186161878267153,0.875,0.0,0.0,0.22062921333333335,-0.00012514984267360512,10.486233825457447,0.9041783047369321,24
slowrank_lb180_k3_d14_th0,slow_rank,optimistic_limit,test,0.04930631385566375,0.030913950667432966,0.019781488440178616,1.5489954378203419,-0.003579388391584337,0.00253855154848978,0.0018044853771888025,0.007957617319868993,-0.0007061906938519158,0.9473684210526315,0.0,0.0,0.06917877333333333,0.003059879256517239,10.753899480069324,1.0,19
slowrank_lb180_k3_d14_th0,slow_rank,optimistic_limit,full,0.26973968466589127,0.06891387218505729,0.020186817471493677,3.3114184838598066,-0.012954338042466595,0.00559153108572362,0.00379659831812984,0.03815377460144065,-0.0011186161878267153,0.9069767441860465,0.0,0.0,0.28980798666666663,0.0029347294138436296,10.604313338217962,0.9464496193176388,43
slowrank_lb180_k3_d14_th0.5,slow_rank,taker,train,0.16954872129592946,0.08134573344620821,0.020779813392441435,3.773973347560071,-0.013349529995105747,0.006582247916552296,0.004384241825177271,0.03732255111986049,-0.0023187610784464185,0.75,0.0,0.0,0.20468820333333335,0.001029290878218756,12.150715385053866,0.808413612267001,24
slowrank_lb180_k3_d14_th0.5,slow_rank,taker,test,0.006888119662471048,0.004351806206025044,0.01361010435831779,0.3258607661666148,-0.010385977062392304,0.00036390470788197495,0.0,0.006370296012355503,-0.004238520508056731,0.2631578947368421,0.0,0.0,0.035960628333333335,0.00238364867810357,9.910456383593298,0.40735124205661466,19
slowrank_lb180_k3_d14_th0.5,slow_rank,taker,full,0.17760471283930457,0.04667823297028417,0.017977040382343226,2.546760803707058,-0.013349529995105747,0.003834607894116573,0.0007349317259253141,0.03732255111986049,-0.004238520508056731,0.5348837209302325,0.0,0.0,0.24064883166666667,0.0034129395563223257,11.162435092861012,0.6314867318658214,43
slowrank_lb180_k3_d14_th0.5,slow_rank,optimistic_limit,train,0.18677537649884934,0.08926992415455359,0.020244321765674995,4.233922584984177,-0.012954338042466595,0.007195847017326733,0.004875771894583658,0.03815377460144065,-0.0012472975390276364,0.7916666666666666,0.0,0.0,0.20468820333333335,0.001029290878218756,12.150715385053866,0.808413612267001,24
slowrank_lb180_k3_d14_th0.5,slow_rank,optimistic_limit,test,0.01641316564966333,0.010351604098110423,0.012874302957283788,0.8063561109606846,-0.006413204867012912,0.0008595348682628982,0.0,0.006773299581841696,-0.002441478786307183,0.3157894736842105,0.0,0.0,0.035960628333333335,0.00238364867810357,9.910456383593298,0.40735124205661466,19
slowrank_lb180_k3_d14_th0.5,slow_rank,optimistic_limit,full,0.20625411734227717,0.05372281986309302,0.017386966550294654,3.0183921224164263,-0.012954338042466595,0.004396081184019457,0.0017376613450990064,0.03815377460144065,-0.002441478786307183,0.5813953488372093,0.0,0.0,0.24064883166666667,0.0034129395563223257,11.162435092861012,0.6314867318658214,43
slowrank_lb180_k3_d14_th1,slow_rank,taker,train,0.10952848789988767,0.0532698170866126,0.018622663959058223,2.796203612593612,-0.01905064160176595,0.004376404326259746,0.0,0.03732255111986049,-0.0017627028528484079,0.3333333333333333,0.0,0.0,0.1311122,0.0018367078610586067,7.157270706264606,0.329590149917346,24
slowrank_lb180_k3_d14_th1,slow_rank,taker,test,0.004802548112689431,0.003035332544984115,0.005255638991629529,0.5792914685168067,-0.0028049686886478797,0.0002532879954386727,0.0,0.006370296012355503,-0.0015578240990207215,0.05263157894736842,0.0,0.0,0.007343876666666668,0.0008023430244630624,1.0543038705950316,0.0676632004621606,19
slowrank_lb180_k3_d14_th1,slow_rank,taker,full,0.1148570518454275,0.03080621239352177,0.014354798390190358,2.120836613562057,-0.01905064160176595,0.002554562226594621,0.0,0.03732255111986049,-0.0017627028528484079,0.20930232558139536,0.0,0.0,0.13845607666666665,0.002639050885521671,4.464974037144405,0.21404224140677264,43
slowrank_lb180_k3_d14_th1,slow_rank,optimistic_limit,train,0.1191286023631064,0.057810699087619044,0.01820965872450052,3.0954518980827492,-0.017870784103877435,0.004739277458621923,0.0,0.03815377460144065,-0.0011625601892328863,0.375,0.0,0.0,0.1311122,0.0018367078610586067,7.157270706264606,0.329590149917346,24
slowrank_lb180_k3_d14_th1,slow_rank,optimistic_limit,test,0.005809255491060927,0.0036709208550846917,0.0050852677187147284,0.7230945065644745,-0.0022054526377595085,0.0003060916484229494,0.0,0.006773299581841696,-0.0009575582618056577,0.05263157894736842,0.0,0.0,0.007343876666666668,0.0008023430244630624,1.0543038705950316,0.0676632004621606,19
slowrank_lb180_k3_d14_th1,slow_rank,optimistic_limit,full,0.125629906341596,0.033576217498543004,0.01402827487728506,2.361171756203459,-0.017870784103877435,0.002780427914580516,0.0,0.03815377460144065,-0.0011625601892328863,0.23255813953488372,0.0,0.0,0.13845607666666665,0.002639050885521671,4.464974037144405,0.21404224140677264,43
slowrank_lb180_k3_d30_th0,slow_rank,taker,train,0.21149039251141355,0.10053882501086209,0.021114215331075225,4.547799791839915,-0.012189444062139065,0.008060269951375884,0.005370768141656934,0.0405510021598523,0.0,0.9166666666666666,0.0,0.0,0.22029866666666667,0.0006665639460601679,7.157270706264606,0.9178589750897794,24
slowrank_lb180_k3_d30_th0,slow_rank,taker,test,0.0422863371125024,0.02654569628063519,0.019799689238637314,1.3331286856588662,-0.004202295867171357,0.0021846160619185483,0.0019473223129102823,0.007957617319868993,-0.0014828792375755073,0.8947368421052632,0.0,0.0,0.06693034666666667,0.0021296248578954,8.645291738879259,1.0,19
slowrank_lb180_k3_d30_th0,slow_rank,taker,full,0.2627198836576998,0.06726145707777587,0.020547686582612742,3.178327543648711,-0.012189444062139065,0.005464050790917992,0.0037254552028849197,0.0405510021598523,-0.0014828792375755073,0.9069767441860465,0.0,0.0,0.28722901333333334,0.002796188803955566,7.813704565002707,0.9540951228058998,43
slowrank_lb180_k3_d30_th0,slow_rank,optimistic_limit,train,0.22197256979158642,0.105283424217812,0.020752896420530246,4.833907734057041,-0.012189444062139176,0.008421897359439138,0.00577354713370315,0.0405510021598523,0.0,0.9166666666666666,0.0,0.0,0.22029866666666667,0.0006665639460601679,7.157270706264606,0.9178589750897794,24
slowrank_lb180_k3_d30_th0,slow_rank,optimistic_limit,test,0.05088230978212982,0.031893153153705445,0.01936654840403224,1.6307866572605367,-0.0038034274144427282,0.002617738083457619,0.002348636972481666,0.007957617319868993,-0.001082987115775258,0.9473684210526315,0.0,0.0,0.06693034666666667,0.0021296248578954,8.645291738879259,1.0,19
slowrank_lb180_k3_d30_th0,slow_rank,optimistic_limit,full,0.28414935663298424,0.07228528815084467,0.02015605731086099,3.4726782070154183,-0.012189444062139176,0.005857268842144978,0.004201496485670919,0.0405510021598523,-0.001082987115775258,0.9302325581395349,0.0,0.0,0.28722901333333334,0.002796188803955566,7.813704565002707,0.9540951228058998,43
slowrank_lb180_k3_d30_th0.5,slow_rank,taker,train,0.18383030380470755,0.0879193038145678,0.02112491559095794,3.9995621829582557,-0.012189444062139065,0.00709457109339492,0.003917520318964862,0.0405510021598523,-0.0012992235178934664,0.8333333333333334,0.0,0.0,0.20089855666666664,0.0009707725921620529,8.15595964202246,0.8357749529726957,24
slowrank_lb180_k3_d30_th0.5,slow_rank,taker,test,0.017147237083428246,0.010813134190217566,0.016618171675392195,0.6554993895098926,-0.007562231044607071,0.0008975483412415432,0.0,0.006236057288574681,-0.002796807532918555,0.3157894736842105,0.0,0.0,0.04025045,0.0016364281759004464,7.801848642403235,0.5009387637203928,19
slowrank_lb180_k3_d30_th0.5,slow_rank,taker,full,0.20412972269058471,0.05320461959840572,0.019270836779126235,2.6995885749956825,-0.012189444062139065,0.004356351737792265,0.002157891400444756,0.0405510021598523,-0.002796807532918555,0.6046511627906976,0.0,0.0,0.24114900666666672,0.0026072007680625017,7.999745149883724,0.6880634576789526,43
slowrank_lb180_k3_d30_th0.5,slow_rank,optimistic_limit,train,0.195511180224333,0.09326635261245775,0.02067778278184221,4.3227066578668625,-0.012189444062139176,0.00750600112796454,0.004488825249979955,0.0405510021598523,-0.0006989560968626574,0.875,0.0,0.0,0.20089855666666664,0.0009707725921620529,8.15595964202246,0.8357749529726957,24
slowrank_lb180_k3_d30_th0.5,slow_rank,optimistic_limit,test,0.024718112377531964,0.015566026223877927,0.01601116529906669,0.9727156195395698,-0.005171348692852851,0.001288388655624201,0.0,0.00663910560882508,-0.0015952194662752772,0.47368421052631576,0.0,0.0,0.04025045,0.0016364281759004464,7.801848642403235,0.5009387637203928,19
slowrank_lb180_k3_d30_th0.5,slow_rank,optimistic_limit,full,0.22506195992571443,0.05828213315125752,0.018766552013650843,3.0278965389130974,-0.012189444062139176,0.00475868398902346,0.0025593074369274493,0.0405510021598523,-0.0015952194662752772,0.6976744186046512,0.0,0.0,0.24114900666666672,0.0026072007680625017,7.999745149883724,0.6880634576789526,43
slowrank_lb180_k3_d30_th1,slow_rank,taker,train,0.12785833540280778,0.06192298782095906,0.01679875132531077,3.5849450748198732,-0.014563527147789856,0.005068575776179862,0.0,0.0405510021598523,-0.0018797406040096387,0.4166666666666667,0.0,0.0,0.1391739833333333,0.0020960036877275936,5.159892834748901,0.3843128313287351,24
slowrank_lb180_k3_d30_th1,slow_rank,taker,test,0.005605943522354773,0.003542577957693638,0.0058764530739831644,0.6047159564730888,-0.0024445596517750356,0.00029525518924413216,0.0,0.006236057288574681,-0.0006262086929361699,0.05263157894736842,0.0,0.0,0.007913693333333334,0.0010372249620049412,1.0543038705950316,0.08499422299248989,19
slowrank_lb180_k3_d30_th1,slow_rank,taker,full,0.13418104553228938,0.03576138172556331,0.013153987304020228,2.6777672624897773,-0.014563527147789856,0.0029594341214873305,0.0,0.0405510021598523,-0.0018797406040096387,0.2558139534883721,0.0,0.0,0.14708767666666667,0.003133228649732537,3.3487305278583026,0.25226975884807745,43
slowrank_lb180_k3_d30_th1,slow_rank,optimistic_limit,train,0.13488620309408583,0.06522201914502412,0.016442761880323876,3.8508455567562354,-0.013378501025764655,0.00532916650422446,0.0,0.0405510021598523,-0.001279668303771575,0.4166666666666667,0.0,0.0,0.1391739833333333,0.0020960036877275936,5.159892834748901,0.3843128313287351,24
slowrank_lb180_k3_d30_th1,slow_rank,optimistic_limit,test,0.006613554323658732,0.004178549852897673,0.005713779802287463,0.7326441354957495,-0.001844826922106635,0.0003480906759224464,0.0,0.00663910560882508,-2.538276629859837e-05,0.05263157894736842,0.0,0.0,0.007913693333333334,0.0010372249620049412,1.0543038705950316,0.08499422299248989,19
slowrank_lb180_k3_d30_th1,slow_rank,optimistic_limit,full,0.1423918346494213,0.03784842315115955,0.012868200713735919,2.8933769156151983,-0.013378501025764655,0.003128226021951477,0.0,0.0405510021598523,-0.001279668303771575,0.2558139534883721,0.0,0.0,0.14708767666666667,0.003133228649732537,3.3487305278583026,0.25226975884807745,43
slowrank_lb180_k3_d60_th0,slow_rank,taker,train,0.2201461392678179,0.10445818818327957,0.02121876459198096,4.693037384960308,-0.012189444062139065,0.008360434661474653,0.006107155880187065,0.0405510021598523,-0.000183288154887995,0.875,0.0,0.0,0.21960551999999997,0.0004835131861723075,5.159892834748901,0.9178589750897794,24
slowrank_lb180_k3_d60_th0,slow_rank,taker,test,0.04549191097348926,0.028541735079350428,0.019487937716421714,1.4538202009396834,-0.0046335062545619365,0.0023476578278606923,0.0024581119345650215,0.007957617319868993,-0.0015541347419554263,0.8421052631578947,0.0,0.0,0.06415788,0.0012965660994250774,6.536683997689196,1.0,19
slowrank_lb180_k3_d60_th0,slow_rank,taker,full,0.2756529188100496,0.07030070568341618,0.02047643252509287,3.3281919346420645,-0.012189444062139065,0.0057036262931336006,0.0041146367235669334,0.0405510021598523,-0.0015541347419554263,0.8604651162790697,0.0,0.0,0.2837634,0.0017800792855973858,5.7672581313115225,0.9540951228058998,43
slowrank_lb180_k3_d60_th0,slow_rank,optimistic_limit,train,0.2277485201238414,0.10788911531316892,0.020948004856658757,4.901487845562067,-0.012189444062139176,0.008621062312299144,0.006107155880187065,0.0405510021598523,0.0,0.9166666666666666,0.0,0.0,0.21960551999999997,0.0004835131861723075,5.159892834748901,0.9178589750897794,24
slowrank_lb180_k3_d60_th0,slow_rank,optimistic_limit,test,0.0520077413815232,0.032592079473862556,0.019062579890533043,1.6920043409979308,-0.003434267581631345,0.0026748869674529238,0.0025229269054889425,0.007957617319868993,-0.001082987115775258,0.8421052631578947,0.0,0.0,0.06415788,0.0012965660994250774,6.536683997689196,1.0,19
slowrank_lb180_k3_d60_th0,slow_rank,optimistic_limit,full,0.29160094763999256,0.07401804020205338,0.020141180952580315,3.5553949208658198,-0.012189444062139176,0.005993682508762442,0.004389990921377818,0.0405510021598523,-0.001082987115775258,0.8837209302325582,0.0,0.0,0.2837634,0.0017800792855973858,5.7672581313115225,0.9540951228058998,43
slowrank_lb180_k3_d60_th0.5,slow_rank,taker,train,0.18592378232850026,0.08887955280105286,0.02064442629459494,4.134899724902076,-0.012189444062139065,0.007164137422170869,0.005242537880288944,0.0405510021598523,-0.000183288154887995,0.8333333333333334,0.0,0.0,0.19059125999999998,0.0010247975127855736,5.159892834748901,0.8357749529726957,24
slowrank_lb180_k3_d60_th0.5,slow_rank,taker,test,0.028530911975794604,0.0179547631413548,0.011143171146916868,1.6025592041852896,-0.00436538442894463,0.0014850382524418042,0.0,0.008017890108574122,-0.0018408729363645904,0.47368421052631576,0.0,0.0,0.039611940000000005,0.0012843986858999856,4.00635470826112,0.5009387637203928,19
slowrank_lb180_k3_d60_th0.5,slow_rank,taker,full,0.21975926937211865,0.05700181638382262,0.017119482881092593,3.2467735394433266,-0.012189444062139065,0.00465476802159291,0.0025933174149015414,0.0405510021598523,-0.0018408729363645904,0.6744186046511628,0.0,0.0,0.2302032,0.002309196198685561,4.6510146220254205,0.6880634576789526,43
slowrank_lb180_k3_d60_th0.5,slow_rank,optimistic_limit,train,0.19331309018974352,0.09226215754108713,0.02036306632650068,4.344069153868559,-0.012189444062139176,0.007424490019438762,0.005645596100450234,0.0405510021598523,0.0,0.875,0.0,0.0,0.19059125999999998,0.0010247975127855736,5.159892834748901,0.8357749529726957,24
slowrank_lb180_k3_d60_th0.5,slow_rank,optimistic_limit,test,0.03245441610258237,0.02040946283464873,0.010714593747950123,1.8910100361142095,-0.003167799837715757,0.0016856147158065154,0.0,0.008017890108574122,-0.0012407772687912377,0.47368421052631576,0.0,0.0,0.039611940000000005,0.0012843986858999856,4.00635470826112,0.5009387637203928,19
slowrank_lb180_k3_d60_th0.5,slow_rank,optimistic_limit,full,0.23204136975942213,0.059961212281210985,0.016807710719463603,3.4730305497763,-0.012189444062139176,0.0048887079085314904,0.002994907862007956,0.0405510021598523,-0.0012407772687912377,0.6976744186046512,0.0,0.0,0.2302032,0.002309196198685561,4.6510146220254205,0.6880634576789526,43
slowrank_lb180_k3_d60_th1,slow_rank,taker,train,0.10883307685170052,0.05294012299400164,0.015937478975893846,3.24476699079901,-0.012189444062139065,0.004351376097290527,0.0,0.0405510021598523,-0.0022386720758194034,0.4166666666666667,0.0,0.0,0.11448706666666666,0.0017421886018072314,3.1625149632331984,0.34327082027019323,24
slowrank_lb180_k3_d60_th1,slow_rank,taker,test,0.00637292914040799,0.0040266961562489545,0.005344137901579623,0.7546384408865378,-0.0024193425044439776,0.0003355510267120928,0.0,0.006751724088726263,-0.0003762545811965001,0.05263157894736842,0.0,0.0,0.007701476666666668,0.0006738072314100838,0.6325823223570191,0.08499422299248989,19
slowrank_lb180_k3_d60_th1,slow_rank,taker,full,0.1158995914790244,0.031075119964849796,0.012434218011005865,2.467333218986869,-0.012189444062139065,0.0025769417637791256,0.0,0.0405510021598523,-0.0022386720758194034,0.2558139534883721,0.0,0.0,0.12218854333333333,0.0024159958332173126,2.046446433691185,0.22933324838329458,43
slowrank_lb180_k3_d60_th1,slow_rank,optimistic_limit,train,0.11306201541078797,0.0549434649412488,0.015728663901870065,3.4084849806663735,-0.012189444062139176,0.004510838540161095,0.0,0.0405510021598523,-0.0016388155660452819,0.4166666666666667,0.0,0.0,0.11448706666666666,0.0017421886018072314,3.1625149632331984,0.34327082027019323,24
slowrank_lb180_k3_d60_th1,slow_rank,optimistic_limit,test,0.00697796296554265,0.004408495401181378,0.0052219615889673,0.8449777372294921,-0.0018195946141660313,0.000367181353009493,0.0,0.006751724088726263,0.0,0.10526315789473684,0.0,0.0,0.007701476666666668,0.0006738072314100838,0.6325823223570191,0.08499422299248989,19
slowrank_lb180_k3_d60_th1,slow_rank,optimistic_limit,full,0.1208289209326805,0.03234412004869336,0.012261696225191441,2.6021870404309544,-0.012189444062139176,0.0026799202481638754,0.0,0.0405510021598523,-0.0016388155660452819,0.27906976744186046,0.0,0.0,0.12218854333333333,0.0024159958332173126,2.046446433691185,0.22933324838329458,43
slowrank_lb180_k3_d90_th0,slow_rank,taker,train,0.21412330628942255,0.10173250027804781,0.01683189950791605,5.764419883949242,-0.003902301235162664,0.008148569962030255,0.006111284798845706,0.03634272017949547,-0.000183288154887995,0.8333333333333334,0.0,0.0,0.21041638000000001,0.0005573080705610549,4.16120389899105,0.8768739668243744,24
slowrank_lb180_k3_d90_th0,slow_rank,taker,test,0.04910195922891836,0.030786940878017477,0.017596287382345935,1.732036685556145,-0.004533362364929294,0.0025293344447447205,0.002389857562752784,0.007957617319868993,-0.0011613002950584539,0.7368421052631579,0.0,0.0,0.06318392,0.0016621127328130985,5.271519352975158,1.0,19
slowrank_lb180_k3_d90_th0,slow_rank,taker,full,0.27373913937373606,0.06985237431714175,0.01717665253619753,3.9395606264558554,-0.004533362364929072,0.005665651942764554,0.004389990921377818,0.03634272017949547,-0.0011613002950584539,0.7906976744186046,0.0,0.0,0.2736003,0.0022194208033741512,4.6510146220254205,0.9311904686056514,43
slowrank_lb180_k3_d90_th0,slow_rank,optimistic_limit,train,0.22022189642673307,0.10449242982677309,0.016517433921624417,6.025322033658466,-0.0031032728436846124,0.008359488167726395,0.006355718908550356,0.03717394722528633,0.0,0.875,0.0,0.0,0.21041638000000001,0.0005573080705610549,4.16120389899105,0.8768739668243744,24
slowrank_lb180_k3_d90_th0,slow_rank,optimistic_limit,test,0.054372892991994215,0.03406001393074076,0.01717258591521209,1.9589552239652601,-0.003334003036516431,0.0027932979026233577,0.002907858668575125,0.007957617319868993,-0.0007470042511341646,0.8421052631578947,0.0,0.0,0.06318392,0.0016621127328130985,5.271519352975158,1.0,19
slowrank_lb180_k3_d90_th0,slow_rank,optimistic_limit,full,0.28656889102764094,0.07284870628187723,0.016812962289668394,4.190758986144245,-0.0033340030365160978,0.005900008748262263,0.004389990921377818,0.03717394722528633,-0.0007470042511341646,0.8604651162790697,0.0,0.0,0.2736003,0.0022194208033741512,4.6510146220254205,0.9311904686056514,43
slowrank_lb180_k3_d90_th0.5,slow_rank,taker,train,0.1678327687497181,0.08055321137858051,0.017087531284166846,4.542463059547105,-0.004346740502294999,0.006518155009500065,0.005463184282990308,0.03634272017949547,-0.000183288154887995,0.75,0.0,0.0,0.17497827,-0.00020218195489633242,4.826996522829618,0.7537479336487488,24
slowrank_lb180_k3_d90_th0.5,slow_rank,taker,test,0.04522969063911897,0.028378540897148863,0.013397960626128339,2.095328482668727,-0.0041671601493601385,0.0023347549987622926,0.0020007607200001054,0.008017890108574122,-0.0014481513054378503,0.5263157894736842,0.0,0.0,0.04978743666666667,0.00192451351609046,2.3194685153090697,0.6049248989023686,19
slowrank_lb180_k3_d90_th0.5,slow_rank,taker,full,0.22065348359849946,0.05721800230209784,0.015570041119920457,3.581385998018622,-0.004346740502294999,0.004669675934988026,0.0032596689909931698,0.03634272017949547,-0.0014481513054378503,0.6511627906976745,0.0,0.0,0.22476570666666668,0.0017223315611941251,3.720811697620337,0.688095313943487,43
slowrank_lb180_k3_d90_th0.5,slow_rank,optimistic_limit,train,0.17463981169384302,0.08369366174279746,0.016736502106689866,4.810782864759874,-0.003149349349745756,0.006762639101722053,0.005463184282990308,0.03717394722528633,0.0,0.7916666666666666,0.0,0.0,0.17497827,-0.00020218195489633242,4.826996522829618,0.7537479336487488,24
slowrank_lb180_k3_d90_th0.5,slow_rank,optimistic_limit,test,0.047536406971887324,0.02981362243232133,0.01318542994282105,2.234649135186427,-0.00336846693887205,0.0024508705679196175,0.0020007607200001054,0.008017890108574122,-0.0008478195326755422,0.5789473684210527,0.0,0.0,0.04978743666666667,0.00192451351609046,2.3194685153090697,0.6049248989023686,19
slowrank_lb180_k3_d90_th0.5,slow_rank,optimistic_limit,full,0.2304779678279023,0.05958569231309507,0.015274256978870875,3.796899211153425,-0.003368466938872161,0.004857439051902372,0.0032596689909931698,0.03717394722528633,-0.0008478195326755422,0.6976744186046512,0.0,0.0,0.22476570666666668,0.0017223315611941251,3.720811697620337,0.688095313943487,43
slowrank_lb180_k3_d90_th1,slow_rank,taker,train,0.0947286813887529,0.04623075308161928,0.008893471002572519,5.086159475354235,-0.00449374126669877,0.0038103298703507185,0.0,0.03634272017949547,0.0,0.3333333333333333,0.0,0.0,0.09755582333333333,0.0016968309996469792,2.163826027475346,0.2612438009462464,24
slowrank_lb180_k3_d90_th1,slow_rank,taker,test,0.008417696313473,0.00531668288921483,0.007094322250795745,0.7509900567210256,-0.002323583388604389,0.0004424849667122573,0.0,0.006751724088726263,-0.00034527044119347927,0.10526315789473684,0.0,0.0,0.009407666666666668,0.0010145817604960306,0.6325823223570191,0.13698729058347775,19
slowrank_lb180_k3_d90_th1,slow_rank,taker,full,0.10394377497432994,0.027980354196347923,0.008151523958097748,3.389467462566329,-0.00449374126669877,0.002322212354789538,0.0,0.03634272017949547,-0.00034527044119347927,0.23255813953488372,0.0,0.0,0.10696349,0.002711412760143005,1.4883246790481346,0.2064285941830461,43
slowrank_lb180_k3_d90_th1,slow_rank,optimistic_limit,train,0.0975838166875942,0.047592400473961405,0.008626366539690003,5.394149113756499,-0.003296526900006924,0.003920377861794194,0.0,0.03717394722528633,0.0,0.3333333333333333,0.0,0.0,0.09755582333333333,0.0016968309996469792,2.163826027475346,0.2612438009462464,24
slowrank_lb180_k3_d90_th1,slow_rank,optimistic_limit,test,0.009023959457549191,0.005698972674849534,0.007002740100001334,0.8150116642106215,-0.0017237779277158305,0.0004741162734170035,0.0,0.006751724088726263,0.0,0.15789473684210525,0.0,0.0,0.009407666666666668,0.0010145817604960306,0.6325823223570191,0.13698729058347775,19
slowrank_lb180_k3_d90_th1,slow_rank,optimistic_limit,full,0.10748836855065314,0.02890038260431238,0.007953914293104832,3.5859476205893754,-0.003296526900006924,0.002397611113441482,0.0,0.03717394722528633,0.0,0.2558139534883721,0.0,0.0,0.10696349,0.002711412760143005,1.4883246790481346,0.2064285941830461,43
slowrank_lb180_k5_d7_th0,slow_rank,taker,train,0.2038352170950657,0.09706082665259519,0.020227035667849218,4.5898720631998735,-0.015617776404383332,0.007792806103680772,0.005773585803722114,0.03789085544424853,0.0,0.9166666666666666,0.0,0.0,0.216437812,0.0002849565600772561,7.689904805335462,0.9137547739839252,24
slowrank_lb180_k5_d7_th0,slow_rank,taker,test,0.03842231404739227,0.024136655333514945,0.016338404435109977,1.467919789414806,-0.006580961845081279,0.001989900637588205,0.0017927536358519625,0.006950799773516092,-0.0029298922007470196,0.7894736842105263,0.0,0.0,0.0648221665,0.0022914241112543844,9.23570190641248,1.0,19
slowrank_lb180_k5_d7_th0,slow_rank,taker,full,0.25008935186761083,0.06427155814291696,0.018615306473828086,3.3555166472616578,-0.015617776404383332,0.005228731595407312,0.003509579999804613,0.03789085544424853,-0.0029298922007470196,0.8604651162790697,0.0,0.0,0.2812599785,0.002576380671331635,8.37182631964576,0.9518014717594215,43
slowrank_lb180_k5_d7_th0,slow_rank,optimistic_limit,train,0.2150186370505962,0.10213811804106565,0.020052591002672523,4.8598931082482855,-0.01538137397424122,0.008181045985322738,0.0060151531860798135,0.038389518900474595,0.0,0.9166666666666666,0.0,0.0,0.216437812,0.0002849565600772561,7.689904805335462,0.9137547739839252,24
slowrank_lb180_k5_d7_th0,slow_rank,optimistic_limit,test,0.047566163156519625,0.029832127110495543,0.01606514957859181,1.8378221875352165,-0.004670067816608059,0.0024517987744528667,0.0020333606292946005,0.007192639355220409,-0.0018514418877578764,0.8421052631578947,0.0,0.0,0.0648221665,0.0022914241112543844,9.23570190641248,1.0,19
slowrank_lb180_k5_d7_th0,slow_rank,optimistic_limit,full,0.27281241177877047,0.06963510002483986,0.018403624685945603,3.667052969740984,-0.01538137397424122,0.005649518147961632,0.003750598861877119,0.038389518900474595,-0.0018514418877578764,0.8837209302325582,0.0,0.0,0.2812599785,0.002576380671331635,8.37182631964576,0.9518014717594215,43
slowrank_lb180_k5_d7_th0.5,slow_rank,taker,train,0.1777117104250232,0.08510790761793907,0.020777348560119497,3.941576166679842,-0.015617776404383332,0.0068762366055367076,0.00551575967647866,0.03789085544424853,-0.002058628481899749,0.7916666666666666,0.0,0.0,0.2063766455,0.0018293807192061983,11.035512740124267,0.8179900815139942,24
slowrank_lb180_k5_d7_th0.5,slow_rank,taker,test,0.006635029796744574,0.004192101942210424,0.012942740867734491,0.32969148613747296,-0.012767809574124711,0.0003519870223747463,0.0,0.006909304942206651,-0.005020883076919502,0.3157894736842105,0.0,0.0,0.03653626816666667,0.0012092751730147454,9.805025996533795,0.40735124205661466,19
slowrank_lb180_k5_d7_th0.5,slow_rank,taker,full,0.1855258627156644,0.04863820821994502,0.01775712010586531,2.6834352936201316,-0.015617776404383332,0.003993428650186074,0.0010813513371130679,0.03789085544424853,-0.005020883076919502,0.5813953488372093,0.0,0.0,0.2429129136666667,0.003038655892220944,10.49268898728935,0.6368385843076041,43
slowrank_lb180_k5_d7_th0.5,slow_rank,optimistic_limit,train,0.1934516965943729,0.09232550707102338,0.020377668271900476,4.343814432267522,-0.01538137397424122,0.007432416534278998,0.005757267134952504,0.038389518900474595,-0.0011889975992906976,0.7916666666666666,0.0,0.0,0.2063766455,0.0018293807192061983,11.035512740124267,0.8179900815139942,24
slowrank_lb180_k5_d7_th0.5,slow_rank,optimistic_limit,test,0.016054321425597706,0.010125944694385103,0.012255694543985868,0.8281968054006985,-0.00800969500304205,0.0008417922267447128,0.0,0.007151138690308256,-0.00298577024326363,0.3157894736842105,0.0,0.0,0.03653626816666667,0.0012092751730147454,9.805025996533795,0.40735124205661466,19
slowrank_lb180_k5_d7_th0.5,slow_rank,optimistic_limit,full,0.21261175373742036,0.055269707675333235,0.017276841545198127,3.1224281392160904,-0.01538137397424122,0.004520280212345244,0.0020333606292946005,0.038389518900474595,-0.00298577024326363,0.5813953488372093,0.0,0.0,0.2429129136666667,0.003038655892220944,10.49268898728935,0.6368385843076041,43
slowrank_lb180_k5_d7_th1,slow_rank,taker,train,0.11429654176541915,0.05552756856800922,0.010953417225569072,4.939177696031079,-0.00699930323323672,0.004560127681309682,0.0,0.03789085544424853,-0.0033448958868156353,0.3333333333333333,0.0,0.0,0.13130582200000002,0.0011713051189310216,6.025423245739041,0.3392236219574759,24
slowrank_lb180_k5_d7_th1,slow_rank,taker,test,0.004620763794662253,0.0029205374305099063,0.004298055209915759,0.6806609539847118,-0.002898330166137275,0.0002440246063939561,0.0,0.006909304942206651,-0.002272837420721485,0.05263157894736842,0.0,0.0,0.0074372805,0.0007874430435850618,1.1386481802426343,0.0676632004621606,19
slowrank_lb180_k5_d7_th1,slow_rank,taker,full,0.11944544288212522,0.031988366109733546,0.008675884531736927,3.633646049607151,-0.00699930323323672,0.002653012369137617,0.0,0.03789085544424853,-0.0033448958868156353,0.20930232558139536,0.0,0.0,0.1387431025,0.0019587481625160863,3.869644165525151,0.21942595011308974,43
slowrank_lb180_k5_d7_th1,slow_rank,optimistic_limit,train,0.12240698128948435,0.05935691176057012,0.010382842002633955,5.558798639973061,-0.004139881915613319,0.004864537393081102,0.0,0.038389518900474595,-0.0017463773369132962,0.3333333333333333,0.0,0.0,0.13130582200000002,0.0011713051189310216,6.025423245739041,0.3392236219574759,24
slowrank_lb180_k5_d7_th1,slow_rank,optimistic_limit,test,0.005707657795961829,0.00360678739372311,0.004100942937079832,0.8799701246697821,-0.0022988702443931253,0.0003009424754899047,0.0,0.007151138690308256,-0.0014332316560000669,0.05263157894736842,0.0,0.0,0.0074372805,0.0007874430435850618,1.1386481802426343,0.0676632004621606,19
slowrank_lb180_k5_d7_th1,slow_rank,optimistic_limit,full,0.12881329624647608,0.034391097065357146,0.008230799682094433,4.112222549716576,-0.004139881915613319,0.0028480652201919683,0.0,0.038389518900474595,-0.0017463773369132962,0.20930232558139536,0.0,0.0,0.1387431025,0.0019587481625160863,3.869644165525151,0.21942595011308974,43
slowrank_lb180_k5_d14_th0,slow_rank,taker,train,0.2102193839162727,0.09996212730201326,0.02071050578139887,4.610722831629536,-0.016349235458721467,0.008013495201099239,0.005729099613908772,0.03778030834011714,0.0,0.9166666666666666,0.0,0.0,0.21494719800000003,0.0006843225303213546,6.0920025081228975,0.9041783047369321,24
slowrank_lb180_k5_d14_th0,slow_rank,taker,test,0.043032876474089043,0.02701075080488513,0.01651225674711931,1.622356167664221,-0.0051492821514874665,0.002223060955379234,0.0017520819249874364,0.006950799773516092,-0.0018241738712886368,0.7894736842105263,0.0,0.0,0.063483784,0.0024644774498750128,7.4644714038128255,1.0,19
slowrank_lb180_k5_d14_th0,slow_rank,taker,full,0.262298605170896,0.06716208044442373,0.018976538214233285,3.434924650011978,-0.016349235458721467,0.005454931232060167,0.0036299202005805054,0.03778030834011714,-0.0018241738712886368,0.8604651162790697,0.0,0.0,0.27843098200000005,0.0031487999801963645,6.697461055716607,0.9464496193176388,43
slowrank_lb180_k5_d14_th0,slow_rank,optimistic_limit,train,0.21911808017284118,0.10399340823705905,0.020562038557498673,4.82177888581033,-0.016349235458721467,0.008321639334787023,0.00584987545051785,0.03827890035720527,0.0,0.9166666666666666,0.0,0.0,0.21494719800000003,0.0006843225303213546,6.0920025081228975,0.9041783047369321,24
slowrank_lb180_k5_d14_th0,slow_rank,optimistic_limit,test,0.05045092842386123,0.03162517966517209,0.016247839645541738,1.9244062657038448,-0.003572900989687544,0.0025966139643825875,0.002233436149286172,0.007192639355220409,-0.0011186205362334611,0.7894736842105263,0.0,0.0,0.063483784,0.0024644774498750128,7.4644714038128255,1.0,19
slowrank_lb180_k5_d14_th0,slow_rank,optimistic_limit,full,0.2806237191758916,0.07146292869734072,0.018784575628664472,3.6839509651629094,-0.016349235458721467,0.005791976961817621,0.003923829432760817,0.03827890035720527,-0.0011186205362334611,0.8604651162790697,0.0,0.0,0.27843098200000005,0.0031487999801963645,6.697461055716607,0.9464496193176388,43
slowrank_lb180_k5_d14_th0.5,slow_rank,taker,train,0.18281369498143518,0.0874526930680084,0.021050510549213034,3.9932346282377407,-0.016349235458721467,0.007056313671218187,0.00551575967647866,0.03778030834011714,-0.0018473892889542265,0.7916666666666666,0.0,0.0,0.2011060285,0.0018339313362686494,8.63865929430542,0.808413612267001,24
slowrank_lb180_k5_d14_th0.5,slow_rank,taker,test,0.010862354378122108,0.006857688996485534,0.01294671494185399,0.5343521803200036,-0.011200555817782343,0.0005718639910144693,0.0,0.006646481860399511,-0.004238520508056731,0.3157894736842105,0.0,0.0,0.03487947016666667,0.0022568224116402916,8.28682842287695,0.40735124205661466,19
slowrank_lb180_k5_d14_th0.5,slow_rank,taker,full,0.1956618364996201,0.05113248757840716,0.0179372173964498,2.7891164597039793,-0.016349235458721467,0.004191091719500265,0.0016179788718537758,0.03778030834011714,-0.004238520508056731,0.5813953488372093,0.0,0.0,0.23598549866666668,0.004090753747908935,8.483450670574369,0.6314867318658214,43
slowrank_lb180_k5_d14_th0.5,slow_rank,optimistic_limit,train,0.19517071608643266,0.09311087247350636,0.020739134240921737,4.303112280728373,-0.016349235458721467,0.007492230666138637,0.005757267134952504,0.03827890035720527,-0.0012472975390276364,0.8333333333333334,0.0,0.0,0.2011060285,0.0018339313362686494,8.63865929430542,0.808413612267001,24
slowrank_lb180_k5_d14_th0.5,slow_rank,optimistic_limit,test,0.01885166735057875,0.011884282803319657,0.01232693033574522,0.9645712344466332,-0.0069123508364532515,0.000986078434599723,0.0,0.006888332341077552,-0.002441478786307183,0.3157894736842105,0.0,0.0,0.03487947016666667,0.0022568224116402916,8.28682842287695,0.40735124205661466,19
slowrank_lb180_k5_d14_th0.5,slow_rank,optimistic_limit,full,0.21770167685325115,0.056503936945476285,0.017537473122361962,3.142930472337501,-0.016349235458721467,0.004617419214993535,0.0023402928182545413,0.03827890035720527,-0.002441478786307183,0.6046511627906976,0.0,0.0,0.23598549866666668,0.004090753747908935,8.483450670574369,0.6314867318658214,43
slowrank_lb180_k5_d14_th1,slow_rank,taker,train,0.11897310145282769,0.057737302436456917,0.017629329230262003,3.1928237434401416,-0.01909588953566077,0.004733610847223323,0.0,0.03778030834011714,-0.0016154265229637588,0.3333333333333333,0.0,0.0,0.12975069800000003,0.0025717702920720707,4.893575785213476,0.329590149917346,24
slowrank_lb180_k5_d14_th1,slow_rank,taker,test,0.004905086757960309,0.0031000813844852537,0.004150932161952394,0.7477603625046974,-0.0031684235910408587,0.00025876760470826775,0.0,0.006646481860399511,-0.0017298973709424237,0.05263157894736842,0.0,0.0,0.0071123160000000005,0.0005944011630542928,0.8856152512998267,0.0676632004621606,19
slowrank_lb180_k5_d14_th1,slow_rank,taker,full,0.12446176159527811,0.033276780797750316,0.013467151280832451,2.437464539248489,-0.01909588953566077,0.0027563545307631825,0.0,0.03778030834011714,-0.0017298973709424237,0.20930232558139536,0.0,0.0,0.136863014,0.00316617145512636,3.125481826001083,0.21404224140677264,43
slowrank_lb180_k5_d14_th1,slow_rank,optimistic_limit,train,0.12558201634838495,0.06085222957068126,0.017375937727624226,3.4083620318389247,-0.017916112613381885,0.00498152342489223,0.0,0.03827890035720527,-0.0010151953164645455,0.375,0.0,0.0,0.12975069800000003,0.0025717702920720707,4.893575785213476,0.329590149917346,24
slowrank_lb180_k5_d14_th1,slow_rank,optimistic_limit,test,0.005750815366452722,0.003634030865361737,0.003956656098496027,0.9187737317669927,-0.002569126050114501,0.0003030840713939641,0.0,0.006888332341077552,-0.0011297349845922344,0.05263157894736842,0.0,0.0,0.0071123160000000005,0.0005944011630542928,0.8856152512998267,0.0676632004621606,19
slowrank_lb180_k5_d14_th1,slow_rank,optimistic_limit,full,0.13205503070420677,0.03521921077776846,0.013255933215093692,2.617770640833705,-0.017916112613381885,0.002914306036137182,0.0,0.03827890035720527,-0.0011297349845922344,0.23255813953488372,0.0,0.0,0.136863014,0.00316617145512636,3.125481826001083,0.21404224140677264,43
slowrank_lb180_k5_d30_th0,slow_rank,taker,train,0.21890386062312528,0.10389653603823734,0.02094572779688564,4.729643124179883,-0.016349235458721356,0.008317236935427815,0.005907739951139579,0.039744314929640145,0.0,0.9166666666666666,0.0,0.0,0.215418218,0.00017352122620421752,4.294362423758765,0.9178589750897794,24
slowrank_lb180_k5_d30_th0,slow_rank,taker,test,0.045568859303037,0.02858962141633037,0.015575423710649983,1.8176008681826887,-0.003710002258710432,0.0023507774955372775,0.0025287332395003137,0.006866480524098328,-0.0014695201968328853,0.7894736842105263,0.0,0.0,0.061786073000000004,0.001966843194855359,6.009532062391681,1.0,19
slowrank_lb180_k5_d30_th0,slow_rank,taker,full,0.2744479191517937,0.07001847313454945,0.018770513843079265,3.614827032711099,-0.016349235458721356,0.005680894392220368,0.003668057329281771,0.039744314929640145,-0.0014695201968328853,0.8604651162790697,0.0,0.0,0.277204291,0.002140364421059579,5.051001879519608,0.9540951228058998,43
slowrank_lb180_k5_d30_th0,slow_rank,optimistic_limit,train,0.22521593388256722,0.10674735276306202,0.020822007824928167,4.881490573068186,-0.016349235458721356,0.008533884818572313,0.00602850089824114,0.039744314929640145,0.0,0.9166666666666666,0.0,0.0,0.215418218,0.00017352122620421752,4.294362423758765,0.9178589750897794,24
slowrank_lb180_k5_d30_th0,slow_rank,optimistic_limit,test,0.05155177985806536,0.032308946998113264,0.01533510682679178,2.0812129486092825,-0.003470679362287954,0.00265171565320929,0.0027695179824185345,0.007108311264768741,-0.0012296978555607074,0.7894736842105263,0.0,0.0,0.061786073000000004,0.001966843194855359,6.009532062391681,1.0,19
slowrank_lb180_k5_d30_th0,slow_rank,optimistic_limit,full,0.2883779959846837,0.0732694795528861,0.018605468886919767,3.8097810066687128,-0.016349235458721356,0.005934786815272372,0.00403033133710573,0.039744314929640145,-0.0012296978555607074,0.8604651162790697,0.0,0.0,0.277204291,0.002140364421059579,5.051001879519608,0.9540951228058998,43
slowrank_lb180_k5_d30_th0.5,slow_rank,taker,train,0.18626663155227408,0.08903673199282536,0.02146124585831037,3.9850418453036602,-0.016349235458721356,0.007182242136892521,0.00459442063816573,0.039744314929640145,-0.0011904299984955014,0.8333333333333334,0.0,0.0,0.19720990650000003,0.0008625683128246587,6.6912158695776105,0.8357749529726957,24
slowrank_lb180_k5_d30_th0.5,slow_rank,taker,test,0.018219757814027515,0.011487236327949013,0.015947933250459064,0.724166360317821,-0.007562231044612844,0.0009536046990054643,0.0,0.006866480524098328,-0.002796807532918555,0.3684210526315789,0.0,0.0,0.03877041650000001,0.0012864275002318914,6.895147313691508,0.5009387637203928,19
slowrank_lb180_k5_d30_th0.5,slow_rank,taker,full,0.20788012228202657,0.054119004361109946,0.01922868895968087,2.7505888777453302,-0.016349235458721356,0.004430053501547077,0.0009220477749580791,0.039744314929640145,-0.002796807532918555,0.627906976744186,0.0,0.0,0.23598032300000002,0.00214899581305655,6.781179318913064,0.6880634576789526,43
slowrank_lb180_k5_d30_th0.5,slow_rank,optimistic_limit,train,0.19585653965430216,0.09342404564291096,0.021188012439301282,4.225912769117478,-0.016349235458721356,0.007519059255293452,0.004956543068274755,0.039744314929640145,-0.0005900512625066634,0.875,0.0,0.0,0.19720990650000003,0.0008625683128246587,6.6912158695776105,0.8357749529726957,24
slowrank_lb180_k5_d30_th0.5,slow_rank,optimistic_limit,test,0.02491496590213127,0.015689435746383484,0.015388413790740746,1.0193412640248694,-0.005171348692853184,0.0012988941132655234,0.0,0.007108311264768741,-0.0015952194662752772,0.42105263157894735,0.0,0.0,0.03877041650000001,0.0012864275002318914,6.895147313691508,0.5009387637203928,19
slowrank_lb180_k5_d30_th0.5,slow_rank,optimistic_limit,full,0.2256512645636355,0.05842417193052807,0.018854582103428743,3.020959322514625,-0.016349235458721356,0.004770614192536926,0.001523804517107541,0.039744314929640145,-0.0015952194662752772,0.6744186046511628,0.0,0.0,0.23598032300000002,0.00214899581305655,6.781179318913064,0.6880634576789526,43
slowrank_lb180_k5_d30_th1,slow_rank,taker,train,0.13251201516950029,0.06410867157275035,0.01603245809257265,3.8837554793619575,-0.014563527147789856,0.005240247158537649,0.0,0.039744314929640145,-0.0018797406040096387,0.4166666666666667,0.0,0.0,0.14008450400000003,0.0018112741051604575,4.2943624237587645,0.3843128313287351,24
slowrank_lb180_k5_d30_th1,slow_rank,taker,test,0.005964362911800691,0.0037688276961496125,0.004570626251109273,0.8253114337415384,-0.002349426037709601,0.0003142376337547571,0.0,0.006866480524098328,-0.0008959654827579433,0.05263157894736842,0.0,0.0,0.007950424,0.0008127367951743298,0.8856152512998267,0.08499422299248989,19
slowrank_lb180_k5_d30_th1,slow_rank,taker,full,0.1392667278299453,0.037055353413410375,0.012367534331168963,2.9481865295926504,-0.014563527147789856,0.00306363829874986,0.0,0.039744314929640145,-0.0018797406040096387,0.2558139534883721,0.0,0.0,0.148034928,0.0026240109003347833,2.790608773215253,0.25226975884807745,43
slowrank_lb180_k5_d30_th1,slow_rank,optimistic_limit,train,0.13838004823737715,0.06685829833796264,0.015778894882647554,4.109461714599194,-0.013378501025764655,0.005457204254845374,0.0,0.039744314929640145,-0.001279668303771575,0.4166666666666667,0.0,0.0,0.14008450400000003,0.0018112741051604575,4.2943624237587645,0.3843128313287351,24
slowrank_lb180_k5_d30_th1,slow_rank,optimistic_limit,test,0.006810910433570738,0.004303087355520319,0.004405280150912292,0.9769093242091255,-0.0017496361134842209,0.00035857944895881965,0.0,0.007108311264768741,-0.0002953017345511677,0.05263157894736842,0.0,0.0,0.007950424,0.0008127367951743298,0.8856152512998267,0.08499422299248989,19
slowrank_lb180_k5_d30_th1,slow_rank,optimistic_limit,full,0.14613345278528556,0.03879589251500004,0.012157316878721956,3.136889805850419,-0.013378501025764655,0.003204323526662943,0.0,0.039744314929640145,-0.001279668303771575,0.2558139534883721,0.0,0.0,0.148034928,0.0026240109003347833,2.790608773215253,0.25226975884807745,43
slowrank_lb180_k5_d60_th0,slow_rank,taker,train,0.2209098886339509,0.10480334821492021,0.020653654394884723,4.835990589554394,-0.016349235458721356,0.008385586815974877,0.006278371053098808,0.039744314929640145,-0.00015076895837362603,0.875,0.0,0.0,0.212128754,0.00029524690229689636,3.095935700849342,0.9178589750897794,24
slowrank_lb180_k5_d60_th0,slow_rank,taker,test,0.04746174804982006,0.02976719293736152,0.015454922767564475,1.905685527488404,-0.004300857690359372,0.00244719408060377,0.0026065652358009395,0.007533444327735728,-0.0025612931618397283,0.8947368421052632,0.0,0.0,0.058077774,0.0016809450879107439,4.175043327556326,1.0,19
slowrank_lb180_k5_d60_th0,slow_rank,taker,full,0.2788564061598129,0.07105008638474586,0.018544311235968655,3.710657640351074,-0.016349235458721356,0.005761645839880666,0.0038747247738970536,0.039744314929640145,-0.0025612931618397283,0.8837209302325582,0.0,0.0,0.270206528,0.0019761919902076385,3.5719792297155237,0.9540951228058998,43
slowrank_lb180_k5_d60_th0,slow_rank,optimistic_limit,train,0.22546464394656773,0.10685953068507792,0.02056349960639619,4.947525550681828,-0.016349235458721356,0.008541889983902142,0.006291952023985026,0.039744314929640145,0.0,0.9166666666666666,0.0,0.0,0.212128754,0.00029524690229689636,3.095935700849342,0.9178589750897794,24
slowrank_lb180_k5_d60_th0,slow_rank,optimistic_limit,test,0.05162348381534021,0.03235347505709907,0.015236566268468794,2.0974048929427203,-0.003343289390725368,0.002656059742973309,0.002643446616225953,0.007533444327735728,-0.002081789029587333,0.8947368421052632,0.0,0.0,0.058077774,0.0016809450879107439,4.175043327556326,1.0,19
slowrank_lb180_k5_d60_th0,slow_rank,optimistic_limit,full,0.2887273981596181,0.07335069667356686,0.018408042161863588,3.854553194017749,-0.016349235458721356,0.0059411742960498665,0.0040345458327348815,0.039744314929640145,-0.002081789029587333,0.9069767441860465,0.0,0.0,0.270206528,0.0019761919902076385,3.5719792297155237,0.9540951228058998,43
slowrank_lb180_k5_d60_th0.5,slow_rank,taker,train,0.18511945328497292,0.08851071891776607,0.020468949792733723,4.153609435394332,-0.016349235458721356,0.00713509760997931,0.005076565159078283,0.039744314929640145,-0.0009225281725041556,0.8333333333333334,0.0,0.0,0.18484872349999998,0.001014548571186938,3.8948868494556232,0.8357749529726957,24
slowrank_lb180_k5_d60_th0.5,slow_rank,taker,test,0.028063059856278105,0.01766182691657714,0.010551945637780365,1.6644670825669803,-0.004527048034100423,0.0014615280779145241,0.0,0.008017890108574122,-0.0015888260283555278,0.42105263157894735,0.0,0.0,0.037016586000000004,0.0015479681938005431,3.4159445407279034,0.5009387637203928,19
slowrank_lb180_k5_d60_th0.5,slow_rank,taker,full,0.2183775314393479,0.05666754156638221,0.016834089773339948,3.282732816305864,-0.016349235458721356,0.004628171537671614,0.0030266064380539692,0.039744314929640145,-0.0015888260283555278,0.6511627906976745,0.0,0.0,0.2218653095,0.0025625167649874804,3.6836035806441334,0.6880634576789526,43
slowrank_lb180_k5_d60_th0.5,slow_rank,optimistic_limit,train,0.1906858320846636,0.09106068176684956,0.02032365604525566,4.298289387837657,-0.016349235458721356,0.007331393859014319,0.00519724588476711,0.039744314929640145,-0.00044220508231396227,0.8333333333333334,0.0,0.0,0.18484872349999998,0.001014548571186938,3.8948868494556232,0.8357749529726957,24
slowrank_lb180_k5_d60_th0.5,slow_rank,optimistic_limit,test,0.03140617945252111,0.019753980463788068,0.010149859299311448,1.9323354459592277,-0.0033296578975851032,0.0016325059015607096,0.0,0.008017890108574122,-0.0009885788295749265,0.42105263157894735,0.0,0.0,0.037016586000000004,0.0015479681938005431,3.4159445407279034,0.5009387637203928,19
slowrank_lb180_k5_d60_th0.5,slow_rank,optimistic_limit,full,0.22808072499867316,0.059009219998639395,0.01662538919675129,3.456880341255342,-0.016349235458721356,0.004813280575488305,0.003593155680035043,0.039744314929640145,-0.0009885788295749265,0.6511627906976745,0.0,0.0,0.2218653095,0.0025625167649874804,3.6836035806441334,0.6880634576789526,43
slowrank_lb180_k5_d60_th1,slow_rank,taker,train,0.1084859886273648,0.05277552988099421,0.015284820177276717,3.372423378201343,-0.012189444062139065,0.004337362773111725,0.0,0.039744314929640145,-0.0022386720758194034,0.4166666666666667,0.0,0.0,0.11405626733333334,0.0015728424561636328,3.0959357008493416,0.34327082027019323,24
slowrank_lb180_k5_d60_th1,slow_rank,taker,test,0.006892170758994176,0.0043543624009578785,0.0043048283644954895,1.0114635596390833,-0.002262592772989125,0.0003629939648156733,0.0,0.007523529084960012,-0.0006266437534622193,0.05263157894736842,0.0,0.0,0.008093106,0.0007900724691107366,0.6325823223570191,0.08499422299248989,19
slowrank_lb180_k5_d60_th1,slow_rank,taker,full,0.11612586334493424,0.031133459499552263,0.011781211964400391,2.608223318464983,-0.012189444062139065,0.0025812463229344,0.0,0.039744314929640145,-0.0022386720758194034,0.2558139534883721,0.0,0.0,0.12214937333333332,0.0023629149252743643,2.009238316714982,0.22933324838329458,43
slowrank_lb180_k5_d60_th1,slow_rank,optimistic_limit,train,0.11262350142997657,0.054735908436663205,0.015099270671117309,3.536889130686033,-0.012189444062139176,0.004493353158827332,0.0,0.039744314929640145,-0.0016388155660452819,0.4166666666666667,0.0,0.0,0.11405626733333334,0.0015728424561636328,3.0959357008493416,0.34327082027019323,24
slowrank_lb180_k5_d60_th1,slow_rank,optimistic_limit,test,0.007497516753438349,0.004736286246884713,0.0041521792266598296,1.1400583058188707,-0.0016627506443958051,0.0003946163682408381,0.0,0.007523529084960012,-2.581808838408861e-05,0.05263157894736842,0.0,0.0,0.008093106,0.0007900724691107366,0.6325823223570191,0.08499422299248989,19
slowrank_lb180_k5_d60_th1,slow_rank,optimistic_limit,full,0.12096541477221745,0.03237920154445839,0.011622429301192989,2.7475817600438237,-0.012189444062139176,0.002682283414149579,0.0,0.039744314929640145,-0.0016388155660452819,0.2558139534883721,0.0,0.0,0.12214937333333332,0.0023629149252743643,2.009238316714982,0.22933324838329458,43
slowrank_lb180_k5_d90_th0,slow_rank,taker,train,0.21424696238337182,0.10178852994741172,0.013287467117000067,7.30188870253721,-0.002286430432627773,0.00815403914384664,0.005716940182389996,0.03770051448940914,0.0,0.875,0.0,0.0,0.204082072,0.00021988239850621134,2.4967223393946303,0.8768739668243744,24
slowrank_lb180_k5_d90_th0,slow_rank,taker,test,0.0531164933725905,0.03328037867084643,0.015246851153974901,2.154862525730929,-0.005190770622799046,0.002731044456870043,0.0026065652358009395,0.007533444327735728,-0.0029853182665247058,0.8421052631578947,0.0,0.0,0.0601833905,0.0017543052368643227,3.1629116117850953,1.0,19
slowrank_lb180_k5_d90_th0,slow_rank,taker,full,0.27874350311347174,0.07102369838725764,0.014189092997307235,4.842864361461486,-0.005190770622799601,0.005757832189136051,0.0038747247738970536,0.03770051448940914,-0.0029853182665247058,0.8604651162790697,0.0,0.0,0.26426546250000005,0.0019741876353705336,2.790608773215253,0.9311904686056514,43
slowrank_lb180_k5_d90_th0,slow_rank,optimistic_limit,train,0.21789980602941594,0.10344237897896202,0.013142658355730143,7.496325078528669,-0.001686430432627839,0.008280690432289508,0.005939047155688271,0.03819938849476734,0.0,0.875,0.0,0.0,0.204082072,0.00021988239850621134,2.4967223393946303,0.8768739668243744,24
slowrank_lb180_k5_d90_th0,slow_rank,optimistic_limit,test,0.05628527034245501,0.03524604903213602,0.015061585990066184,2.307367575837625,-0.00447261317528691,0.0028892967925628257,0.0028473236902575305,0.007533444327735728,-0.0022655686926177365,0.8421052631578947,0.0,0.0,0.0601833905,0.0017543052368643227,3.1629116117850953,1.0,19
slowrank_lb180_k5_d90_th0,slow_rank,optimistic_limit,full,0.28644962586180056,0.07282095183860715,0.014025444305520992,5.018751387030399,-0.004472613175291684,0.005898446731014927,0.003901067290374094,0.03819938849476734,-0.0022655686926177365,0.8604651162790697,0.0,0.0,0.26426546250000005,0.0019741876353705336,2.790608773215253,0.9311904686056514,43
slowrank_lb180_k5_d90_th0.5,slow_rank,taker,train,0.1665945072112225,0.07998095130576321,0.015209167755518546,5.0666415742822615,-0.004335875163045233,0.0064758370684022916,0.0049628931140924815,0.03770051448940914,-0.0009794024269070833,0.75,0.0,0.0,0.17131142800000002,9.700233722143058e-06,4.244427976970872,0.7537479336487488,24
slowrank_lb180_k5_d90_th0.5,slow_rank,taker,test,0.04485594728692721,0.028145913785816212,0.012865722527238041,2.163882475448231,-0.003791176937177898,0.0023162700467006993,0.0015477135086769955,0.008017890108574122,-0.001313572687119624,0.5263157894736842,0.0,0.0,0.050418612,0.001991330305908347,2.6568457538994803,0.6049248989023686,19
slowrank_lb180_k5_d90_th0.5,slow_rank,taker,full,0.21892320893191552,0.05679958638969973,0.014225221731257972,3.8907261756975218,-0.004335875163045233,0.00463788884951089,0.003440942864457064,0.03770051448940914,-0.001313572687119624,0.6511627906976745,0.0,0.0,0.22173004000000002,0.0020010305396304883,3.544073141983371,0.688095313943487,43
slowrank_lb180_k5_d90_th0.5,slow_rank,optimistic_limit,train,0.17257073104453924,0.08274005106697135,0.014885820074471446,5.347777821327227,-0.003138447172957637,0.006690612068858806,0.0049628931140924815,0.03819938849476734,-0.00037878884119180167,0.75,0.0,0.0,0.17131142800000002,9.700233722143058e-06,4.244427976970872,0.7537479336487488,24
slowrank_lb180_k5_d90_th0.5,slow_rank,optimistic_limit,test,0.04749870301567127,0.029790174942711856,0.01256213965870717,2.343073693071711,-0.002937297232985636,0.002449257110344967,0.0018920182565977939,0.008017890108574122,-0.0005421950827334543,0.5263157894736842,0.0,0.0,0.050418612,0.001991330305908347,2.6568457538994803,0.6049248989023686,19
slowrank_lb180_k5_d90_th0.5,slow_rank,optimistic_limit,full,0.22826631996329416,0.05905387954560615,0.013911009012468238,4.13146784525727,-0.003138447172957637,0.004816524994166645,0.003440942864457064,0.03819938849476734,-0.0005421950827334543,0.6511627906976745,0.0,0.0,0.22173004000000002,0.0020010305396304883,3.544073141983371,0.688095313943487,43
slowrank_lb180_k5_d90_th1,slow_rank,taker,train,0.09721731275227352,0.0474177097534072,0.00791708726454614,5.855597118355111,-0.004256365402901308,0.003907578816248684,0.0,0.03770051448940914,0.0,0.3333333333333333,0.0,0.0,0.09872466599999999,0.001715600297458742,1.8975089779399188,0.2612438009462464,24
slowrank_lb180_k5_d90_th1,slow_rank,taker,test,0.008444140101996345,0.005333359241684876,0.005479883225277899,0.9734155736742087,-0.0024488527748560696,0.0004441638426572718,0.0,0.007523529084960012,-0.0009764343310696422,0.10526315789473684,0.0,0.0,0.009251136,0.0011812900809663027,0.6325823223570191,0.13698729058347775,19
slowrank_lb180_k5_d90_th1,slow_rank,taker,full,0.10648236946348577,0.028639483281665656,0.006951425310150294,4.065532624305104,-0.004256365402901308,0.002377232665126897,0.0,0.03770051448940914,-0.0009764343310696422,0.23255813953488372,0.0,0.0,0.10797580200000001,0.0028968903784250422,1.3394922111433212,0.2064285941830461,43
slowrank_lb180_k5_d90_th1,slow_rank,optimistic_limit,train,0.09972567719814629,0.04861271501061282,0.007692372606832207,6.1746591313868135,-0.0030588417909982457,0.004003775764659018,0.0,0.03819938849476734,0.0,0.3333333333333333,0.0,0.0,0.09872466599999999,0.001715600297458742,1.8975089779399188,0.2612438009462464,24
slowrank_lb180_k5_d90_th1,slow_rank,optimistic_limit,test,0.009050419144141841,0.005715655368802919,0.005360791015770866,1.065841412210722,-0.0018491226262237204,0.0004757751779278858,0.0,0.007523529084960012,-0.00037581896092797606,0.10526315789473684,0.0,0.0,0.009251136,0.0011812900809663027,0.6325823223570191,0.13698729058347775,19
slowrank_lb180_k5_d90_th1,slow_rank,optimistic_limit,full,0.10967865552036593,0.029467828893799952,0.0067671514688604295,4.295003864516231,-0.0030588417909982457,0.0024448917844754944,0.0,0.03819938849476734,-0.00037581896092797606,0.23255813953488372,0.0,0.0,0.10797580200000001,0.0028968903784250422,1.3394922111433212,0.2064285941830461,43
slowrank_lb180_k10_d7_th0,slow_rank,taker,train,0.20466778760252757,0.09743962646982651,0.019095666531528607,4.878716769877696,-0.015983601236529088,0.007819019961121118,0.005993114100072194,0.03759566366180933,0.0,0.9166666666666666,0.0,0.0,0.19445395021825398,9.312897801783994e-05,1.9918295996503823,0.9137547739839252,24
slowrank_lb180_k10_d7_th0,slow_rank,taker,test,0.033543457519043196,0.021090202277113113,0.014729925015371017,1.4242698439052484,-0.007888309889819367,0.0017416573930523732,0.0017416673608721123,0.007208318059263696,-0.003243100594400361,0.7368421052631579,0.0,0.0,0.0527995528015873,0.0018175045271563556,6.785198481472311,1.0,19
slowrank_lb180_k10_d7_th0,slow_rank,taker,full,0.24507651036051614,0.06307888048224508,0.017310011556341046,3.542409918167772,-0.015983601236529088,0.005133673710113999,0.0036102277084597567,0.03759566366180933,-0.003243100594400361,0.8372093023255814,0.0,0.0,0.24725350301984128,0.001910633505174196,4.106402957474921,0.9518014717594215,43
slowrank_lb180_k10_d7_th0,slow_rank,optimistic_limit,train,0.2075566457703406,0.09875297299817865,0.019046622681394208,4.954025071926513,-0.015983601236528977,0.007919279164751871,0.006053480376693066,0.03759566366180933,0.0,0.9166666666666666,0.0,0.0,0.19445395021825398,9.312897801783994e-05,1.9918295996503823,0.9137547739839252,24
slowrank_lb180_k10_d7_th0,slow_rank,optimistic_limit,test,0.04022204098869109,0.02525911147089266,0.014498774128719444,1.7277672490697926,-0.005845783641831526,0.00208074990519424,0.002397021255160281,0.007208318059263696,-0.0022306724221113905,0.7894736842105263,0.0,0.0,0.0527995528015873,0.0018175045271563556,6.785198481472311,1.0,19
slowrank_lb180_k10_d7_th0,slow_rank,optimistic_limit,full,0.2561270386726695,0.0657035028995574,0.01719300121377293,3.709823410247368,-0.015983601236528977,0.005339463910528731,0.0036102277084597567,0.03759566366180933,-0.0022306724221113905,0.8604651162790697,0.0,0.0,0.24725350301984128,0.001910633505174196,4.106402957474921,0.9518014717594215,43
slowrank_lb180_k10_d7_th0.5,slow_rank,taker,train,0.17231979315221713,0.08262433999713892,0.02001245346423716,3.9769410863240995,-0.016162288653122303,0.006682200765171578,0.005618482971907701,0.03759566366180933,-0.0021078916874842646,0.75,0.0,0.0,0.19485350048015876,0.001222637392207296,9.16059315477887,0.8179900815139942,24
slowrank_lb180_k10_d7_th0.5,slow_rank,taker,test,0.0037900534488886084,0.0023958543769000418,0.012487434644221586,0.197876819363512,-0.01324996344375129,0.00020266906829886984,0.0,0.005492354847401293,-0.005588062743435818,0.3157894736842105,0.0,0.0,0.03336155554761905,0.0006842966115390722,9.53291518802784,0.40735124205661466,19
slowrank_lb180_k10_d7_th0.5,slow_rank,taker,full,0.1767629478274566,0.04646939213666412,0.01711051455433536,2.6631789218081523,-0.016162288653122303,0.00381915187585573,0.0014496101605028233,0.03759566366180933,-0.005588062743435818,0.5581395348837209,0.0,0.0,0.22821505602777775,0.0019069340037463686,9.324841363387444,0.6368385843076041,43
slowrank_lb180_k10_d7_th0.5,slow_rank,optimistic_limit,train,0.18531394560625047,0.08859991698520098,0.01960687167585012,4.33953492018517,-0.016162288653122303,0.007142671621317556,0.005739231232254172,0.03759566366180933,-0.0011889975992906976,0.75,0.0,0.0,0.19485350048015876,0.001222637392207296,9.16059315477887,0.8179900815139942,24
slowrank_lb180_k10_d7_th0.5,slow_rank,optimistic_limit,test,0.012921569084153539,0.008154666204059025,0.011757623347218044,0.6966308343397476,-0.008009695003045048,0.000678708076231622,0.0,0.005613079768304496,-0.0033943617122158543,0.3157894736842105,0.0,0.0,0.03336155554761905,0.0006842966115390722,9.53291518802784,0.40735124205661466,19
slowrank_lb180_k10_d7_th0.5,slow_rank,optimistic_limit,full,0.20063006164081876,0.052349513639270207,0.01661274656032685,3.0797596492932584,-0.016162288653122303,0.004286501682791213,0.002008781760747036,0.03759566366180933,-0.0033943617122158543,0.5581395348837209,0.0,0.0,0.22821505602777775,0.0019069340037463686,9.324841363387444,0.6368385843076041,43
slowrank_lb180_k10_d7_th1,slow_rank,taker,train,0.1086432125966259,0.052850090439734876,0.009969216382868743,5.170989953400019,-0.00699930323323672,0.004344763319585211,0.0,0.03759566366180933,-0.0033448958868156353,0.3333333333333333,0.0,0.0,0.12504364806746032,0.0006867883024040609,5.616040043104969,0.3392236219574759,24
slowrank_lb180_k10_d7_th1,slow_rank,taker,test,0.0020283872482873555,0.0012826442245488234,0.0041293459328322485,0.3124827491300775,-0.0035540003157388256,0.00010765342371191346,0.0,0.00527402884004613,-0.003228613789519774,0.05263157894736842,0.0,0.0,0.006498248821428572,0.0006002939017637858,1.6000316359935076,0.0676632004621606,19
slowrank_lb180_k10_d7_th1,slow_rank,taker,full,0.11089197035195819,0.029781819685253064,0.007945658611180018,3.6974379691099766,-0.00699930323323672,0.002472551970245847,0.0,0.03759566366180933,-0.0033448958868156353,0.20930232558139536,0.0,0.0,0.1315418968888889,0.0012870822041678473,3.844395800434155,0.21942595011308974,43
slowrank_lb180_k10_d7_th1,slow_rank,optimistic_limit,train,0.11616347761025714,0.05641027522624453,0.009331671843258556,5.885370028804006,-0.004139881915613319,0.004627752165694031,0.0,0.03759566366180933,-0.0017463773369132962,0.3333333333333333,0.0,0.0,0.12504364806746032,0.0006867883024040609,5.616040043104969,0.3392236219574759,24
slowrank_lb180_k10_d7_th1,slow_rank,optimistic_limit,test,0.0035521356593861686,0.0022455542825137176,0.0038293013239640667,0.5876707421047409,-0.0027527561868044836,0.00018758692645422896,0.0,0.00567973373996411,-0.00211558213733376,0.05263157894736842,0.0,0.0,0.006498248821428572,0.0006002939017637858,1.6000316359935076,0.0676632004621606,19
slowrank_lb180_k10_d7_th1,slow_rank,optimistic_limit,full,0.12012824170077963,0.03216398374347529,0.007430373553253598,4.264283227718594,-0.004139881915613319,0.0026658186878903978,0.0,0.03759566366180933,-0.00211558213733376,0.20930232558139536,0.0,0.0,0.1315418968888889,0.0012870822041678473,3.844395800434155,0.21942595011308974,43
slowrank_lb180_k10_d14_th0,slow_rank,taker,train,0.20377442509173038,0.09703316259679617,0.01902651078239133,4.876910127381764,-0.015983601236528977,0.007787868290863975,0.005993114100072194,0.03759566366180933,0.0,0.9166666666666666,0.0,0.0,0.1935754555992064,-0.00021732777574733552,1.8808641623439544,0.9041783047369321,24
slowrank_lb180_k10_d14_th0,slow_rank,taker,test,0.03274443045251019,0.020590771149345155,0.014832210035188333,1.38156523788982,-0.007834149391051426,0.001700766048736281,0.0017416673608721123,0.007208318059263696,-0.0025211977802289676,0.6842105263157895,0.0,0.0,0.05145711155555556,0.0020984676127794068,6.693323429891888,1.0,19
slowrank_lb180_k10_d14_th0,slow_rank,taker,full,0.24319133303468043,0.06262945490190552,0.01730599690365328,3.518793960097018,-0.015983601236528977,0.005098218462947087,0.0036102277084597567,0.03759566366180933,-0.0025211977802289676,0.813953488372093,0.0,0.0,0.2450325671547619,0.001881139837032072,4.003859158903598,0.9464496193176388,43
slowrank_lb180_k10_d14_th0,slow_rank,optimistic_limit,train,0.20650015132645083,0.09827284707179018,0.018979771915044765,4.948378834117694,-0.015983601236528977,0.00788258008396043,0.006053480376693066,0.03759566366180933,0.0,0.9166666666666666,0.0,0.0,0.1935754555992064,-0.00021732777574733552,1.8808641623439544,0.9041783047369321,24
slowrank_lb180_k10_d14_th0,slow_rank,optimistic_limit,test,0.03932826807479106,0.024701771232586545,0.014561416112495994,1.683054701156465,-0.005224324588650298,0.002035375333787638,0.0020503648915626282,0.007208318059263696,-0.0022549905251912916,0.7368421052631579,0.0,0.0,0.05145711155555556,0.0020984676127794068,6.693323429891888,1.0,19
slowrank_lb180_k10_d14_th0,slow_rank,optimistic_limit,full,0.2539497127100898,0.06518768456020863,0.01717504287531,3.6854960615190038,-0.015983601236528977,0.005298931473418964,0.0036102277084597567,0.03759566366180933,-0.0022549905251912916,0.8372093023255814,0.0,0.0,0.2450325671547619,0.001881139837032072,4.003859158903598,0.9464496193176388,43
slowrank_lb180_k10_d14_th0.5,slow_rank,taker,train,0.17594965650172156,0.08429691645636384,0.019679766411345258,4.1222791385223525,-0.016162288653122303,0.006811281177322437,0.005618482971907701,0.03759566366180933,-0.0018473892889542265,0.75,0.0,0.0,0.18948129336507935,0.0009668153931515619,6.986859498972592,0.808413612267001,24
slowrank_lb180_k10_d14_th0.5,slow_rank,taker,test,0.006134962652999398,0.0038765071882500557,0.012456829249612842,0.3168234669995356,-0.011502137095925291,0.00032465406334213293,0.0,0.005492354847401293,-0.004238520508056731,0.3157894736842105,0.0,0.0,0.031495765051587306,0.0021605920721864845,8.671900360375231,0.40735124205661466,19
slowrank_lb180_k10_d14_th0.5,slow_rank,taker,full,0.18316406372617045,0.0480548052235199,0.016883532487271428,2.7884196236072425,-0.016162288653122303,0.0039450971037032325,0.0009461276226681026,0.03759566366180933,-0.004238520508056731,0.5581395348837209,0.0,0.0,0.22097705841666668,0.003127407465338047,7.730207778693013,0.6314867318658214,43
slowrank_lb180_k10_d14_th0.5,slow_rank,optimistic_limit,train,0.18587819060024335,0.08885864956418033,0.01936334676902332,4.406139457480181,-0.016162288653122414,0.007162598267561673,0.005739231232254172,0.03759566366180933,-0.0012472975390276364,0.75,0.0,0.0,0.18948129336507935,0.0009668153931515619,6.986859498972592,0.808413612267001,24
slowrank_lb180_k10_d14_th0.5,slow_rank,optimistic_limit,test,0.014458216872794694,0.009121878398414163,0.011766463079919428,0.7776131182975128,-0.007135482114852709,0.0007580005282259322,0.0,0.005613079768304496,-0.002441478786307183,0.3157894736842105,0.0,0.0,0.031495765051587306,0.0021605920721864845,8.671900360375231,0.40735124205661466,19
slowrank_lb180_k10_d14_th0.5,slow_rank,optimistic_limit,full,0.20302387466465666,0.052934610931148374,0.016455042802638663,3.1428965935136186,-0.016162288653122414,0.004332659731576113,0.0018487114623240153,0.03759566366180933,-0.002441478786307183,0.5581395348837209,0.0,0.0,0.22097705841666668,0.003127407465338047,7.730207778693013,0.6314867318658214,43
slowrank_lb180_k10_d14_th1,slow_rank,taker,train,0.11324439678931042,0.05502977725288294,0.017037490923431944,3.152697553759886,-0.01909588953566077,0.004516112127659959,0.0,0.03759566366180933,-0.0016195407683707863,0.3333333333333333,0.0,0.0,0.12179772288888889,0.0024714190797250042,4.169526306789034,0.329590149917346,24
slowrank_lb180_k10_d14_th1,slow_rank,taker,test,0.0034978346559912943,0.0022112488086911686,0.0035123944584724916,0.6306175429521543,-0.0028779925553193975,0.0001845336145178035,0.0,0.005126090528510652,-0.0016199518526723855,0.05263157894736842,0.0,0.0,0.006301257571428571,0.0004891163969478646,1.0402464856537645,0.0676632004621606,19
slowrank_lb180_k10_d14_th1,slow_rank,taker,full,0.11713834162098746,0.03139440175696362,0.012951247321376305,2.393241813669673,-0.01909588953566077,0.002602158831155286,0.0,0.03759566366180933,-0.0016199518526723855,0.20930232558139536,0.0,0.0,0.12809898046031745,0.0029605354766728672,2.789058435007911,0.21404224140677264,43
slowrank_lb180_k10_d14_th1,slow_rank,optimistic_limit,train,0.11884618006761904,0.057677391576751,0.016761566836899392,3.3538494514026325,-0.017916112613381885,0.004726661737351053,0.0,0.03759566366180933,-0.0010193120353656493,0.375,0.0,0.0,0.12179772288888889,0.0024714190797250042,4.169526306789034,0.329590149917346,24
slowrank_lb180_k10_d14_th1,slow_rank,optimistic_limit,test,0.0044897461361210755,0.002837796259083314,0.0032703676261937927,0.8681364846976704,-0.0022785204065548514,0.0002365984213527423,0.0,0.005515093372514324,-0.0010197233668122196,0.05263157894736842,0.0,0.0,0.006301257571428571,0.0004891163969478646,1.0402464856537645,0.0676632004621606,19
slowrank_lb180_k10_d14_th1,slow_rank,optimistic_limit,full,0.1238695153814906,0.03312488152382853,0.01272023813178809,2.5682618007016496,-0.017916112613381885,0.0027426802721424973,0.0,0.03759566366180933,-0.0010197233668122196,0.23255813953488372,0.0,0.0,0.12809898046031745,0.0029605354766728672,2.789058435007911,0.21404224140677264,43
slowrank_lb180_k10_d30_th0,slow_rank,taker,train,0.20239399019379412,0.09640479245440448,0.019357417448996696,4.76427074393243,-0.016162288653122303,0.007739707147498341,0.005704226184367722,0.03759566366180933,0.0,0.9166666666666666,0.0,0.0,0.19240055409126983,0.00011176397217284827,1.9529916965931327,0.9178589750897794,24
slowrank_lb180_k10_d30_th0,slow_rank,taker,test,0.035713741087619155,0.022446020587205018,0.01378015280825389,1.6177460679716038,-0.005918659941237969,0.0018516919073066015,0.0015710601984588735,0.007208318059263696,-0.00276209120692672,0.8421052631578947,0.0,0.0,0.049536222706349206,0.0012491496516939676,4.916570383208165,1.0,19
slowrank_lb180_k10_d30_th0,slow_rank,taker,full,0.24533597784487693,0.06314069901962815,0.01712621974224889,3.5836363986289634,-0.016162288653122303,0.005138025994855479,0.0030647349089105713,0.03759566366180933,-0.00276209120692672,0.8837209302325582,0.0,0.0,0.24193677679761905,0.0013609136238668194,3.26036125003982,0.9540951228058998,43
slowrank_lb180_k10_d30_th0,slow_rank,optimistic_limit,train,0.20522131797019494,0.0976913971132849,0.01930547158782141,4.837787682286684,-0.016162288653122414,0.007838058261399827,0.005831684140286786,0.03759566366180933,0.0,0.9166666666666666,0.0,0.0,0.19240055409126983,0.00011176397217284827,1.9529916965931327,0.9178589750897794,24
slowrank_lb180_k10_d30_th0,slow_rank,optimistic_limit,test,0.040559761942910555,0.02546966219780633,0.013563571026954773,1.8610681657036197,-0.004914595074354988,0.0020976406794592025,0.0018537689617408315,0.007208318059263696,-0.0024959121017098518,0.8421052631578947,0.0,0.0,0.049536222706349206,0.0012491496516939676,4.916570383208165,1.0,19
slowrank_lb180_k10_d30_th0,slow_rank,optimistic_limit,full,0.25410480771558586,0.06522444861647436,0.01701663022711994,3.7216746408659316,-0.016162288653122414,0.005301594678681877,0.0034992288459954057,0.03759566366180933,-0.0024959121017098518,0.8837209302325582,0.0,0.0,0.24193677679761905,0.0013609136238668194,3.26036125003982,0.9540951228058998,43
slowrank_lb180_k10_d30_th0.5,slow_rank,taker,train,0.17277022896933913,0.08283203358245617,0.01997141205971265,3.994677342668013,-0.016162288653122303,0.006696248543039666,0.005010823960523769,0.03759566366180933,-0.0012772899230492074,0.7916666666666666,0.0,0.0,0.18159307412698414,0.0005830232156981798,5.594639565910158,0.8357749529726957,24
slowrank_lb180_k10_d30_th0.5,slow_rank,taker,test,0.012765397556939062,0.008056336992730895,0.0156817882410686,0.5195227271337038,-0.007562231044613732,0.0006702165270982288,0.0,0.005781384117617749,-0.002796807532918555,0.2631578947368421,0.0,0.0,0.03414948550000001,0.0008850979787151735,7.0076063932216455,0.5009387637203928,19
slowrank_lb180_k10_d30_th0.5,slow_rank,taker,full,0.1877411071850834,0.049184648808676235,0.01820778544461095,2.6460700620863182,-0.016162288653122303,0.004033583233670194,0.0009101092747278994,0.03759566366180933,-0.002796807532918555,0.5581395348837209,0.0,0.0,0.21574255962698413,0.0014681211944133567,6.217963595874462,0.6880634576789526,43
slowrank_lb180_k10_d30_th0.5,slow_rank,optimistic_limit,train,0.1806930491127292,0.08647869640584793,0.01970482541740661,4.219074730909673,-0.016162288653122414,0.006977528967723083,0.005216229603087763,0.03759566366180933,-0.0006099955370449939,0.8333333333333334,0.0,0.0,0.18159307412698414,0.0005830232156981798,5.594639565910158,0.8357749529726957,24
slowrank_lb180_k10_d30_th0.5,slow_rank,optimistic_limit,test,0.019534431488667625,0.012313180970538351,0.01507373652295423,0.8194125730177924,-0.005693742247902311,0.0010210172490274783,0.0,0.005781384117617749,-0.0015952194662752772,0.42105263157894735,0.0,0.0,0.03414948550000001,0.0008850979787151735,7.0076063932216455,0.5009387637203928,19
slowrank_lb180_k10_d30_th0.5,slow_rank,optimistic_limit,full,0.2037572165897812,0.053113686862156895,0.01781458962365395,2.9138955887300146,-0.016162288653122414,0.004345581929229677,0.0014257974239528792,0.03759566366180933,-0.0015952194662752772,0.6511627906976745,0.0,0.0,0.21574255962698413,0.0014681211944133567,6.217963595874462,0.6880634576789526,43
slowrank_lb180_k10_d30_th1,slow_rank,taker,train,0.12860903715806948,0.06227587330953477,0.015515657293295444,3.901486207148534,-0.014563527147789856,0.005092028873106243,0.0,0.03759566366180933,-0.0018797406040096387,0.4166666666666667,0.0,0.0,0.13563795263888886,0.0015892298344997852,3.994755743031409,0.3843128313287351,24
slowrank_lb180_k10_d30_th1,slow_rank,taker,test,0.004602967993465823,0.002909299136628407,0.00361241807702604,0.8059979997425311,-0.0022022772993980366,0.00024246520390738385,0.0,0.005332713393536581,-0.0007258745192962879,0.05263157894736842,0.0,0.0,0.006897576250000001,0.0005051476033445582,0.8856152512998267,0.08499422299248989,19
slowrank_lb180_k10_d30_th1,slow_rank,taker,full,0.13380398843324848,0.035665279054610366,0.011848323242219332,2.963643321925965,-0.014563527147789856,0.002949198414623026,0.0,0.03759566366180933,-0.0018797406040096387,0.2558139534883721,0.0,0.0,0.1425355288888889,0.002094377437844342,2.6231722468223375,0.25226975884807745,43
slowrank_lb180_k10_d30_th1,slow_rank,optimistic_limit,train,0.13404945053426043,0.06482976703375054,0.015226744587485354,4.132923883295229,-0.013378501025764655,0.005293847572855628,0.0,0.03759566366180933,-0.001279668303771575,0.4166666666666667,0.0,0.0,0.13563795263888886,0.0015892298344997852,3.994755743031409,0.3843128313287351,24
slowrank_lb180_k10_d30_th1,slow_rank,optimistic_limit,test,0.005448382817011099,0.0034431094869979972,0.0033984198847386822,1.0131093307681103,-0.0016023989089968271,0.00028679369449834927,0.0,0.005574188707461847,-0.0001251085119932105,0.05263157894736842,0.0,0.0,0.006897576250000001,0.0005051476033445582,0.8856152512998267,0.08499422299248989,19
slowrank_lb180_k10_d30_th1,slow_rank,optimistic_limit,full,0.14022818607419274,0.03729951302969914,0.011608769846849805,3.1603785659401913,-0.013378501025764655,0.003081428417302412,0.0,0.03759566366180933,-0.001279668303771575,0.2558139534883721,0.0,0.0,0.1425355288888889,0.002094377437844342,2.6231722468223375,0.25226975884807745,43
slowrank_lb180_k10_d60_th0,slow_rank,taker,train,0.19961862325665303,0.09514035911858398,0.019443670684553747,4.683874795155978,-0.016162288653122303,0.007641436114897472,0.006070516829300043,0.03759566366180933,0.0,0.9166666666666666,0.0,0.0,0.18808868950000002,2.7197166789405926e-05,1.4314541412529214,0.9178589750897794,24
slowrank_lb180_k10_d60_th0,slow_rank,taker,test,0.035083861175560616,0.02205262997453028,0.013644191652998692,1.6055254508939671,-0.006071600828364887,0.0018199091887533634,0.0013090125666432861,0.007208318059263696,-0.0030692080120103826,0.7894736842105263,0.0,0.0,0.046659470138888895,0.001022549014796371,4.128352727572832,1.0,19
slowrank_lb180_k10_d60_th0,slow_rank,taker,full,0.24170587649859976,0.062274976380261915,0.017132713696411225,3.534735572674776,-0.016162288653122303,0.0050691335196244944,0.0033053586934899126,0.03759566366180933,-0.0030692080120103826,0.8604651162790697,0.0,0.0,0.23474815963888887,0.0010497461815857812,2.6211789548414695,0.9540951228058998,43
slowrank_lb180_k10_d60_th0,slow_rank,optimistic_limit,train,0.20168551810088964,0.09608215766846029,0.019405281837453492,4.737400481966411,-0.016162288653122414,0.007713659114730588,0.006070516829300043,0.03759566366180933,0.0,0.9166666666666666,0.0,0.0,0.18808868950000002,2.7197166789405926e-05,1.4314541412529214,0.9178589750897794,24
slowrank_lb180_k10_d60_th0,slow_rank,optimistic_limit,test,0.039150557177463075,0.02459093302316151,0.013389287122566,1.8210908743015441,-0.005089837018461885,0.0020263767513148665,0.0016667001528449799,0.007208318059263696,-0.0027698154429609545,0.8421052631578947,0.0,0.0,0.046659470138888895,0.001022549014796371,4.128352727572832,1.0,19
slowrank_lb180_k10_d60_th0,slow_rank,optimistic_limit,full,0.24873217568661277,0.0639489936069515,0.017019119385635207,3.6507364760895955,-0.016162288653122414,0.005200673884384107,0.0034992288459954057,0.03759566366180933,-0.0027698154429609545,0.8837209302325582,0.0,0.0,0.23474815963888887,0.0010497461815857812,2.6211789548414695,0.9540951228058998,43
slowrank_lb180_k10_d60_th0.5,slow_rank,taker,train,0.1714378508194052,0.08221756529870272,0.01926124446787386,4.111768587334567,-0.016162288653122303,0.006643959812255661,0.00533726270323609,0.03759566366180933,-0.0012772899230492074,0.8333333333333334,0.0,0.0,0.17298897316666667,0.000717700725055614,3.770843342752366,0.8357749529726957,24
slowrank_lb180_k10_d60_th0.5,slow_rank,taker,test,0.022926121141065625,0.014442207416106134,0.010319654829218594,1.3946381137628887,-0.004455594197441237,0.0011967741510220105,0.0,0.008017890108574122,-0.0015888260283555278,0.3684210526315789,0.0,0.0,0.034093985916666666,0.0012574939098321672,3.98526863084922,0.5009387637203928,19
slowrank_lb180_k10_d60_th0.5,slow_rank,taker,full,0.19829437689652862,0.05177781290001238,0.015950658727408817,3.17285200839434,-0.016162288653122303,0.0042370638224082345,0.0025294710407468557,0.03759566366180933,-0.0015888260283555278,0.627906976744186,0.0,0.0,0.20708295908333335,0.0019751946348877864,3.865436104676651,0.6880634576789526,43
slowrank_lb180_k10_d60_th0.5,slow_rank,optimistic_limit,train,0.17676553603791834,0.08467250329756415,0.019085295627688598,4.268222381813452,-0.016162288653122414,0.0068337537716094176,0.005412662680735925,0.03759566366180933,-0.0006099955370449939,0.8333333333333334,0.0,0.0,0.17298897316666667,0.000717700725055614,3.770843342752366,0.8357749529726957,24
slowrank_lb180_k10_d60_th0.5,slow_rank,optimistic_limit,test,0.026807921476433183,0.016875705116074835,0.009842239789886732,1.7052363570191156,-0.003748250594672653,0.0013962521411351458,0.0,0.008017890108574122,-0.0009885788295749265,0.42105263157894735,0.0,0.0,0.034093985916666666,0.0012574939098321672,3.98526863084922,0.5009387637203928,19
slowrank_lb180_k10_d60_th0.5,slow_rank,optimistic_limit,full,0.20831217412418646,0.054224211360965446,0.015697337892372928,3.371803652579508,-0.016162288653122414,0.0044311367720975305,0.0029997898541864743,0.03759566366180933,-0.0009885788295749265,0.6511627906976745,0.0,0.0,0.20708295908333335,0.0019751946348877864,3.865436104676651,0.6880634576789526,43
slowrank_lb180_k10_d60_th1,slow_rank,taker,train,0.10642255482087615,0.05179649340360992,0.014618859959476415,3.4617290860141408,-0.012189444062139065,0.004256895827253073,0.0,0.03759566366180933,-0.0022386720758194034,0.375,0.0,0.0,0.10990717466666666,0.0014387618189205986,2.4967223393946303,0.34327082027019323,24
slowrank_lb180_k10_d60_th1,slow_rank,taker,test,0.004372348865687714,0.002763653360316587,0.003374969210034309,0.8194262258049196,-0.0024691357919456314,0.00023054990601420906,0.0,0.005781384117617749,-0.0014009359033477775,0.05263157894736842,0.0,0.0,0.005823407,0.0005484165307015125,0.6325823223570191,0.08499422299248989,19
slowrank_lb180_k10_d60_th1,slow_rank,taker,full,0.11126022022341542,0.029877069264035327,0.011158827064605558,2.6437985540781237,-0.012189444062139065,0.0024778127457754356,0.0,0.03759566366180933,-0.0022386720758194034,0.23255813953488372,0.0,0.0,0.11573058166666667,0.0019871783496221086,1.6743652639291515,0.22933324838329458,43
slowrank_lb180_k10_d60_th1,slow_rank,optimistic_limit,train,0.1097521729013935,0.05337584406217677,0.014452392261274087,3.605255461363347,-0.012189444062139176,0.004382419856774479,0.0,0.03759566366180933,-0.0016388155660452819,0.4166666666666667,0.0,0.0,0.10990717466666666,0.0014387618189205986,2.4967223393946303,0.34327082027019323,24
slowrank_lb180_k10_d60_th1,slow_rank,optimistic_limit,test,0.00497617993715016,0.003144972310464178,0.003177986772286946,0.9896478181805536,-0.001869417837511822,0.0002621478091076572,0.0,0.005781384117617749,-0.0008005757445722628,0.05263157894736842,0.0,0.0,0.005823407,0.0005484165307015125,0.6325823223570191,0.08499422299248989,19
slowrank_lb180_k10_d60_th1,slow_rank,optimistic_limit,full,0.11527449939939793,0.030913908526117195,0.011011293632649055,2.7704564999081236,-0.012189444062139176,0.0025618345333868133,0.0,0.03759566366180933,-0.0016388155660452819,0.2558139534883721,0.0,0.0,0.11573058166666667,0.0019871783496221086,1.6743652639291515,0.22933324838329458,43
slowrank_lb180_k10_d90_th0,slow_rank,taker,train,0.19649394384934205,0.09371502807031384,0.01222505997466496,7.333736132306636,-0.002694523646255109,0.007530936242300418,0.005978998370140265,0.035787601081381126,0.0,0.875,0.0,0.0,0.18527482878174606,4.629167018927686e-06,1.4314541412529214,0.8768739668243744,24
slowrank_lb180_k10_d90_th0,slow_rank,taker,test,0.03759928381299704,0.023623108574839513,0.01277123697176766,1.8345901559974898,-0.0070182601098134345,0.001948229541227525,0.0017876977472228717,0.007208318059263696,-0.003220769734203044,0.7894736842105263,0.0,0.0,0.04571343258333334,0.0011140911207292868,3.0961390333140764,1.0,19
slowrank_lb180_k10_d90_th0,slow_rank,taker,full,0.2414812592246447,0.06222134874548613,0.012473701096002847,4.845420979387115,-0.007018260109820651,0.0050641588627565815,0.0033053586934899126,0.035787601081381126,-0.003220769734203044,0.8372093023255814,0.0,0.0,0.23098826136507936,0.001118720287748212,2.1658224756565048,0.9311904686056514,43
slowrank_lb180_k10_d90_th0,slow_rank,optimistic_limit,train,0.19855580842760712,0.09465576204941017,0.012151823018413135,7.4486137926314,-0.002694523646255109,0.007603390786842366,0.005978998370140265,0.03591193438350904,0.0,0.875,0.0,0.0,0.18527482878174606,4.629167018927686e-06,1.4314541412529214,0.8768739668243744,24
slowrank_lb180_k10_d90_th0,slow_rank,optimistic_limit,test,0.04065562908294007,0.025529425592881294,0.012541490502646666,2.0163208705510764,-0.00627147880259149,0.0021030233956944064,0.0023900358043649206,0.007208318059263696,-0.0028374441164805697,0.7894736842105263,0.0,0.0,0.04571343258333334,0.0011140911207292868,3.0961390333140764,1.0,19
slowrank_lb180_k10_d90_th0,slow_rank,optimistic_limit,full,0.24728384881024446,0.06360448608674041,0.012329900633705362,5.007325549550367,-0.006271478802593045,0.005172995893079314,0.0033053586934899126,0.03591193438350904,-0.0028374441164805697,0.8372093023255814,0.0,0.0,0.23098826136507936,0.001118720287748212,2.1658224756565048,0.9311904686056514,43
slowrank_lb180_k10_d90_th0.5,slow_rank,taker,train,0.1526990371927679,0.07353821425046125,0.014098124542730855,5.040358797103334,-0.004371267572680582,0.005968514683248327,0.004690491453080092,0.035787601081381126,-0.0006328966394253399,0.7083333333333334,0.0,0.0,0.15764273816666668,-0.00033695401839527487,3.7450835090919457,0.7537479336487488,24
slowrank_lb180_k10_d90_th0.5,slow_rank,taker,test,0.034373670087695984,0.02160897562145747,0.012138482785893112,1.767314951563945,-0.004569083643366723,0.0017844835364682183,0.0006458083544025328,0.008017890108574122,-0.0027285040547833095,0.5263157894736842,0.0,0.0,0.04138525622222222,0.0016829164878528866,2.8958212979010205,0.6049248989023686,19
slowrank_lb180_k10_d90_th0.5,slow_rank,taker,full,0.1923215336076265,0.050312189434009946,0.013271764992875733,3.7052842402009745,-0.004569083643368055,0.00411975673467107,0.0011236814854345134,0.035787601081381126,-0.0027285040547833095,0.627906976744186,0.0,0.0,0.1990279943888889,0.0013459624694576104,3.3704352627610885,0.688095313943487,43
slowrank_lb180_k10_d90_th0.5,slow_rank,optimistic_limit,train,0.15790881066659757,0.07595829655307718,0.013758859193993743,5.327960344202676,-0.0031738667902986295,0.0061574885740082,0.004881676857112716,0.03591193438350904,-3.2074733597342586e-05,0.75,0.0,0.0,0.15764273816666668,-0.00033695401839527487,3.7450835090919457,0.7537479336487488,24
slowrank_lb180_k10_d90_th0.5,slow_rank,optimistic_limit,test,0.03722633541483367,0.023390350424921547,0.01174697797146899,1.9741260221884203,-0.004342889426340091,0.0019293460522542666,0.0006458083544025328,0.008017890108574122,-0.0016476753464113036,0.5263157894736842,0.0,0.0,0.04138525622222222,0.0016829164878528866,2.8958212979010205,0.6049248989023686,19
slowrank_lb180_k10_d90_th0.5,slow_rank,optimistic_limit,full,0.20101351243225762,0.0524432934589838,0.012912572181603688,3.9649670186046175,-0.0043428894263385365,0.00428923955276809,0.0016561024284971193,0.03591193438350904,-0.0016476753464113036,0.6511627906976745,0.0,0.0,0.1990279943888889,0.0013459624694576104,3.3704352627610885,0.688095313943487,43
slowrank_lb180_k10_d90_th1,slow_rank,taker,train,0.09565098431639996,0.04667080432391901,0.006579530820082873,6.9360916478603025,-0.0042630388876885306,0.0038474505605805196,0.0,0.03759566366180933,-0.00021015825010262112,0.2916666666666667,0.0,0.0,0.09586700133333334,0.0015252773512910152,1.4980334036367782,0.2612438009462464,24
slowrank_lb180_k10_d90_th1,slow_rank,taker,test,0.004426718295138965,0.0027979910715629774,0.0043185159568322595,0.6491605576460244,-0.0028277011503523575,0.00023346269387238943,0.0,0.005781384117617749,-0.001991401288444883,0.10526315789473684,0.0,0.0,0.005421554,0.0010101383310390686,0.6325823223570191,0.13698729058347775,19
slowrank_lb180_k10_d90_th1,slow_rank,taker,full,0.10050112257375754,0.02708474448999354,0.0056983163375189765,4.6927407739715346,-0.0042630388876885306,0.002250572200872276,0.0,0.03759566366180933,-0.001991401288444883,0.20930232558139536,0.0,0.0,0.10128855533333332,0.0025354156823300823,1.1162435092861012,0.2064285941830461,43
slowrank_lb180_k10_d90_th1,slow_rank,optimistic_limit,train,0.09762810796136834,0.0476135095230803,0.00635576241493941,7.321709933778565,-0.0030655079432216903,0.003922838419386121,0.0,0.03759566366180933,0.0,0.3333333333333333,0.0,0.0,0.09586700133333334,0.0015252773512910152,1.4980334036367782,0.2612438009462464,24
slowrank_lb180_k10_d90_th1,slow_rank,optimistic_limit,test,0.005030582053633159,0.0031793230792442895,0.004166384469000839,0.7639620500308791,-0.0022281987662743363,0.0002650419133232396,0.0,0.005781384117617749,-0.0013913961188787294,0.10526315789473684,0.0,0.0,0.005421554,0.0010101383310390686,0.6325823223570191,0.13698729058347775,19
slowrank_lb180_k10_d90_th1,slow_rank,optimistic_limit,full,0.10314981622283836,0.02777398380947038,0.005503188421653041,4.980833913987917,-0.0030655079432216903,0.0023066027539164757,0.0,0.03759566366180933,-0.0013913961188787294,0.23255813953488372,0.0,0.0,0.10128855533333332,0.0025354156823300823,1.1162435092861012,0.2064285941830461,43
