name,signal,side,tp,sl,hold,split,trades,total_return,avg_trade,win_rate,avg_win,median_win,avg_loss,profit_factor,max_drawdown,target_hit_rate,winner_ge_2_pct,bootstrap_mean_5pct,positive_year_pct,stress_trades,stress_total_return,stress_avg_trade,stress_win_rate,stress_avg_win,stress_median_win,stress_avg_loss,stress_profit_factor,stress_max_drawdown,stress_target_hit_rate,stress_winner_ge_2_pct,stress_bootstrap_mean_5pct,stress_positive_year_pct
breakout6_v1_L_tp0.022_sl0.012_h6,breakout6_v1,1,0.022,0.012,6,train,571,-0.48150000262153747,-0.0010187715346957232,0.37478108581436076,0.01975302419993141,0.02030000000000002,-0.013470212115116472,0.8790320671098429,-0.5440155943810243,0.3572679509632224,0.9065420560747663,-0.0021265525725367713,0.0,571,-0.6718826364725186,-0.0018187715346957227,0.37478108581436076,0.018953024199931414,0.01950000000000002,-0.01427021211511647,0.7961477017707153,-0.6933226482692685,0.3572679509632224,0.018691588785046728,-0.002926552572536771,0.0
breakout6_v1_L_tp0.022_sl0.012_h6,breakout6_v1,1,0.022,0.012,6,test,251,0.024304092735149885,0.00022551688010237684,0.4262948207171315,0.018535894564804208,0.02030000000000002,-0.013380110982835789,1.0293785642913025,-0.2930788216636625,0.3705179282868526,0.8691588785046729,-0.00145968386311247,0.5,251,-0.16211439347602796,-0.0005744831198976223,0.4262948207171315,0.01773589456480421,0.01950000000000002,-0.014180110982835788,0.9293830637205505,-0.3471153531272272,0.3705179282868526,0.0,-0.0022596838631124693,0.5
breakout6_v1_L_tp0.022_sl0.012_h12,breakout6_v1,1,0.022,0.012,12,train,557,-0.47894473797963744,-0.0010359508857578838,0.3734290843806104,0.020157179294834984,0.02030000000000002,-0.013666813572185726,0.8790233194025655,-0.5678124178135178,0.36804308797127466,0.9326923076923077,-0.0021494322087068905,0.0,557,-0.6665489627406418,-0.001835950885757883,0.3734290843806104,0.01935717929483499,0.01950000000000002,-0.014466813572185728,0.7974566716691401,-0.7060684804181805,0.36804308797127466,0.019230769230769232,-0.0029494322087068904,0.0
breakout6_v1_L_tp0.022_sl0.012_h12,breakout6_v1,1,0.022,0.012,12,test,239,-0.028697961307163733,1.2424710924049883e-05,0.4100418410041841,0.019441588775549436,0.020314900000000018,-0.013491533291439695,1.001561003123508,-0.29015868256001087,0.3891213389121339,0.9489795918367347,-0.0017272594948617953,0.5,239,-0.19783683006312913,-0.0007875752890759497,0.40585774058577406,0.01883648123887836,0.01951659000000002,-0.0141927406638053,0.9066024743788031,-0.34020500715609914,0.3891213389121339,0.0,-0.002527259494861796,0.5
breakout6_v1_L_tp0.022_sl0.012_h24,breakout6_v1,1,0.022,0.012,24,train,556,-0.4936418545166721,-0.0010889204676258985,0.37050359712230213,0.020315756699029148,0.02030000000000002,-0.013687101885714295,0.873616200324875,-0.5885761319994867,0.37050359712230213,0.941747572815534,-0.0022542635800359696,0.0,556,-0.6757024670414736,-0.0018889204676258977,0.37050359712230213,0.019515756699029142,0.01950000000000002,-0.014487101885714296,0.792871955385828,-0.714137141564823,0.37050359712230213,0.019417475728155338,-0.0030542635800359687,0.0
breakout6_v1_L_tp0.022_sl0.012_h24,breakout6_v1,1,0.022,0.012,24,test,237,-0.0622582129995678,-0.0001338732753336941,0.39662447257383965,0.020335489574468107,0.02033521000000002,-0.01358925864513348,0.983672848116099,-0.3151588835045581,0.39662447257383965,0.9893617021276596,-0.0019637312595281505,0.5,237,-0.22433454932810326,-0.0009338732753336938,0.39662447257383965,0.019535489574468105,0.019535210000000018,-0.014389258645133476,0.8924372649117479,-0.3629513392963981,0.39662447257383965,0.010638297872340425,-0.00276373125952815,0.5
breakout6_v1_L_tp0.022_sl0.018_h6,breakout6_v1,1,0.022,0.018,6,train,535,-0.6143820080565088,-0.0015918835084920823,0.4504672897196262,0.019479410499110353,0.02030000000000002,-0.01886461090928183,0.8464429065722339,-0.6870129901312643,0.4205607476635514,0.8879668049792531,-0.0029993337056033183,0.0,535,-0.7489048949714905,-0.002391883508492081,0.4504672897196262,0.01867941049911035,0.01950000000000002,-0.01966461090928183,0.7786593819282857,-0.7788529512806138,0.4205607476635514,0.024896265560165973,-0.0037993337056033173,0.0
breakout6_v1_L_tp0.022_sl0.018_h6,breakout6_v1,1,0.022,0.018,6,test,237,-0.30420421183459534,-0.0013529899517395188,0.45569620253164556,0.018498001423701588,0.02030000000000002,-0.017972424591643704,0.8616922434358343,-0.4460340495718199,0.39662447257383965,0.8703703703703703,-0.0033582780320713015,0.0,237,-0.4246053113667203,-0.002152989951739517,0.45569620253164556,0.01769800142370159,0.01950000000000002,-0.018772424591643695,0.7892923661597725,-0.48637507747837283,0.39662447257383965,0.0,-0.0041582780320713,0.0
breakout6_v1_L_tp0.022_sl0.018_h12,breakout6_v1,1,0.022,0.018,12,train,507,-0.6982089212753533,-0.0021665545335454567,0.4358974358974359,0.020087626762267084,0.02030000000000002,-0.019362967353036966,0.8016466051178589,-0.7431144499362704,0.4280078895463511,0.9230769230769231,-0.0036535603066675986,0.0,507,-0.7990746256871085,-0.002966554533545456,0.4358974358974359,0.01928762676226708,0.01950000000000002,-0.02016296735303696,0.7391806456078667,-0.82789511240753,0.4280078895463511,0.027149321266968326,-0.004453560306667597,0.0
breakout6_v1_L_tp0.022_sl0.018_h12,breakout6_v1,1,0.022,0.018,12,test,222,-0.314001290645869,-0.0015083841795178775,0.4594594594594595,0.01912512751632968,0.02030000000000002,-0.019046869120988297,0.853492418392631,-0.4485319471278838,0.42792792792792794,0.9313725490196079,-0.003662223018731984,0.0,222,-0.4258623243881099,-0.0023083841795178764,0.45495495495495497,0.018509168186465186,0.01950000000000002,-0.019685018799057458,0.784850738614179,-0.48433792613969806,0.42792792792792794,0.0,-0.004462223018731983,0.0
breakout6_v1_L_tp0.022_sl0.018_h24,breakout6_v1,1,0.022,0.018,24,train,498,-0.6723193861059038,-0.002039767409638558,0.44176706827309237,0.020341210363636383,0.02030000000000002,-0.019751332553956856,0.8150012499384318,-0.722600133421023,0.44176706827309237,0.9136363636363637,-0.003510617403614463,0.0,498,-0.7802464926154231,-0.002839767409638556,0.44176706827309237,0.019541210363636378,0.01950000000000002,-0.02055133255395685,0.7524702913372497,-0.8117676634132964,0.44176706827309237,0.031818181818181815,-0.004310617403614461,0.0
breakout6_v1_L_tp0.022_sl0.018_h24,breakout6_v1,1,0.022,0.018,24,test,215,-0.32388287262295645,-0.001622701732506497,0.4511627906976744,0.02016637395634219,0.02030000000000002,-0.019534060561475327,0.8486429611416173,-0.45378407144946065,0.44651162790697674,0.9690721649484536,-0.003798428366881382,0.0,215,-0.43096039826856614,-0.0024227017325064958,0.4511627906976744,0.01936637395634219,0.01950000000000002,-0.020334060561475336,0.7829137633989114,-0.4890882898913127,0.44651162790697674,0.010309278350515464,-0.004598428366881381,0.0
breakout6_v1_L_tp0.030_sl0.012_h6,breakout6_v1,1,0.03,0.012,6,train,541,0.028068024895248955,0.00023345337440657714,0.34750462107208874,0.0258751403574785,0.028300000000000027,-0.01342274252592634,1.0266551699449364,-0.36114317136856,0.3049907578558225,0.8776595744680851,-0.0010501763839579573,0.5,541,-0.3332552604437201,-0.0005665466255934224,0.3438077634011091,0.025349837776365975,0.027500000000000028,-0.014145271974225668,0.9389629877136466,-0.49050318069875587,0.3049907578558225,0.8870967741935484,-0.0018501763839579566,0.0
breakout6_v1_L_tp0.030_sl0.012_h6,breakout6_v1,1,0.03,0.012,6,test,230,0.16659643573837535,0.0008434696884322863,0.3869565217391304,0.02326717458785501,0.028300000000000027,-0.013310500070777796,1.1033674568271854,-0.27701143185265675,0.2782608695652174,0.7528089887640449,-0.001119630102524272,0.5,230,-0.029449138416676623,4.346968843228711e-05,0.3869565217391304,0.022467174587855004,0.027500000000000028,-0.014110500070777798,1.0050251941498602,-0.3236582888136543,0.2782608695652174,0.7528089887640449,-0.0019196301025242713,0.5
breakout6_v1_L_tp0.030_sl0.012_h12,breakout6_v1,1,0.03,0.012,12,train,517,0.025781692741533746,0.00024006475531685765,0.3365570599613153,0.027596657306653127,0.028300000000000027,-0.01363762359434061,1.0265329860137804,-0.38925898254656877,0.32495164410058025,0.9655172413793104,-0.0011356670900753978,0.5,517,-0.3218376153997674,-0.0005599352446831416,0.3365570599613153,0.026796657306653128,0.027500000000000028,-0.01443762359434061,0.9415427322796337,-0.4992517651177587,0.32495164410058025,0.9655172413793104,-0.0019356670900753975,0.0
breakout6_v1_L_tp0.030_sl0.012_h12,breakout6_v1,1,0.03,0.012,12,test,212,0.04681047852843778,0.00040010977152653407,0.35377358490566035,0.025773150608754958,0.028300000000000027,-0.013490241051773698,1.045895989941284,-0.27845482348309736,0.3113207547169811,0.8933333333333333,-0.001798512168473995,0.5,212,-0.11654450689194495,-0.00039989022847346543,0.3490566037735849,0.02531417940302673,0.027500000000000028,-0.014188594233770672,0.956702960914761,-0.31740365349295563,0.3113207547169811,0.9054054054054054,-0.002598512168473995,0.5
breakout6_v1_L_tp0.030_sl0.012_h24,breakout6_v1,1,0.03,0.012,24,train,514,0.053139127869563874,0.0002945253883921184,0.3326848249027237,0.028295006959064353,0.028300000000000027,-0.013664898368415324,1.032298721394625,-0.37961969537963947,0.3326848249027237,1.0,-0.001042267250972762,0.5,514,-0.302063272185233,-0.000505474611607881,0.3326848249027237,0.027495006959064358,0.027500000000000028,-0.014464898368415321,0.9476335709617815,-0.5213537791241123,0.3326848249027237,1.0,-0.0018422672509727622,0.0
breakout6_v1_L_tp0.030_sl0.012_h24,breakout6_v1,1,0.03,0.012,24,test,208,-0.029902027303895573,4.43721518965705e-05,0.3269230769230769,0.028131385350714324,0.028300000000000027,-0.01359789140181491,1.0048481296116116,-0.31474201773058486,0.32211538461538464,0.9852941176470589,-0.0021429263499032525,0.5,208,-0.1787112602232852,-0.0007556278481034294,0.3269230769230769,0.027331385350714322,0.027500000000000028,-0.014397891401814907,0.9220269790012936,-0.3507205624928996,0.32211538461538464,0.9852941176470589,-0.0029429263499032524,0.5
breakout6_v1_L_tp0.030_sl0.018_h6,breakout6_v1,1,0.03,0.018,6,train,506,-0.1834835014474352,-0.00014737039847954644,0.4189723320158103,0.02568485105873069,0.028300000000000027,-0.01877468655129781,0.9864904541630233,-0.45124779876988064,0.3616600790513834,0.8679245283018868,-0.001811003832512632,0.5,506,-0.45552575715120636,-0.0009473703984795453,0.4150197628458498,0.02512634220785248,0.027500000000000028,-0.01944561245026916,0.9167168792736934,-0.5936242873665428,0.3616600790513834,0.8761904761904762,-0.0026110038325126315,0.0
breakout6_v1_L_tp0.030_sl0.018_h6,breakout6_v1,1,0.03,0.018,6,test,217,-0.16128068325507505,-0.0005810564578367851,0.423963133640553,0.023176112605195393,0.028300000000000027,-0.018066332888228464,0.9441660896516579,-0.42615307775101274,0.2995391705069124,0.75,-0.0028807911397308837,0.5,217,-0.2951210522106027,-0.0013810564578367833,0.423963133640553,0.02237611260519539,0.027500000000000028,-0.018866332888228463,0.8729210374369801,-0.45896513929339966,0.2995391705069124,0.75,-0.0036807911397308828,0.0
breakout6_v1_L_tp0.030_sl0.018_h12,breakout6_v1,1,0.03,0.018,12,train,468,-0.3195514233378628,-0.0005546545614948179,0.3995726495726496,0.027638524659666555,0.028300000000000027,-0.019316663509385122,0.9521777497706719,-0.5282646825536963,0.38675213675213677,0.9679144385026738,-0.002337399478103093,0.0,468,-0.5323154004110344,-0.0013546545614948166,0.3995726495726496,0.026838524659666553,0.027500000000000028,-0.020116663509385124,0.8878466771328165,-0.6470118467833206,0.38675213675213677,0.9679144385026738,-0.003137399478103092,0.0
breakout6_v1_L_tp0.030_sl0.018_h12,breakout6_v1,1,0.03,0.018,12,test,193,-0.15047689861074154,-0.0005963282536881754,0.41450777202072536,0.024964758799403457,0.028300000000000027,-0.018692673070036234,0.9455130069135321,-0.4160475124939891,0.35233160621761656,0.8625,-0.0031996957433903118,0.5,193,-0.2721867455662812,-0.001396328253688174,0.40932642487046633,0.024473970685058643,0.027500000000000028,-0.019323991553346055,0.8776671356959975,-0.4418868113147434,0.35233160621761656,0.8734177215189873,-0.00399969574339031,0.0
breakout6_v1_L_tp0.030_sl0.018_h24,breakout6_v1,1,0.03,0.018,24,train,460,-0.27844921160162317,-0.0004340852156783262,0.40217391304347827,0.028188630114348256,0.028300000000000027,-0.01968936643769621,0.9631219124672965,-0.4912314698267872,0.4,0.9945945945945946,-0.0022360056556049264,0.0,460,-0.5008567197518734,-0.0012340852156783246,0.40217391304347827,0.027388630114348257,0.027500000000000028,-0.02048936643769621,0.8992507648583613,-0.6239771535228198,0.4,0.9945945945945946,-0.0030360056556049254,0.0
breakout6_v1_L_tp0.030_sl0.018_h24,breakout6_v1,1,0.03,0.018,24,test,185,-0.2010100741120664,-0.000945567674603114,0.3945945945945946,0.027576523787020732,0.028300000000000027,-0.019535859430840085,0.9200508591736615,-0.4484556645087554,0.3783783783783784,0.958904109589041,-0.003695554342482987,0.5,185,-0.3111180190881304,-0.0017455676746031123,0.3945945945945946,0.026776523787020733,0.027500000000000028,-0.02033585943084009,0.8582157907791336,-0.47161814843498806,0.3783783783783784,0.958904109589041,-0.004495554342482986,0.0
breakout6_v1.5_L_tp0.022_sl0.012_h6,breakout6_v1.5,1,0.022,0.012,6,train,501,-0.40589561273997543,-0.000908053837240626,0.37924151696606784,0.01962384245440283,0.02030000000000002,-0.013451656073292899,0.8912540278838588,-0.5539012178202629,0.35728542914171657,0.9,-0.0020539564506445443,0.0,501,-0.6023289227767445,-0.001708053837240626,0.37924151696606784,0.01882384245440283,0.01950000000000002,-0.0142516560732929,0.8069305501887636,-0.6750319362794843,0.35728542914171657,0.021052631578947368,-0.0028539564506445433,0.0
breakout6_v1.5_L_tp0.022_sl0.012_h6,breakout6_v1.5,1,0.022,0.012,6,test,221,-0.15324351338274278,-0.0006242618802406477,0.3891402714932127,0.01911309885213603,0.02030000000000002,-0.013197691680125051,0.9225667758019153,-0.30344898765580997,0.35294117647058826,0.9069767441860465,-0.002483357726046862,0.5,221,-0.2906234002363388,-0.001424261880240647,0.3891402714932127,0.018313098852136032,0.01950000000000002,-0.013997691680125048,0.8334318613615073,-0.36219316270515256,0.35294117647058826,0.0,-0.0032833577260468617,0.0
breakout6_v1.5_L_tp0.022_sl0.012_h12,breakout6_v1.5,1,0.022,0.012,12,train,486,-0.38505788439892663,-0.000865619718862433,0.3786008230452675,0.0201366159963352,0.02030000000000002,-0.013661683863221256,0.8980347388056962,-0.5404995923679243,0.3724279835390947,0.9239130434782609,-0.002094739862050928,0.0,486,-0.5833981721133203,-0.0016656197188624328,0.3786008230452675,0.019336615996335196,0.01950000000000002,-0.014461683863221256,0.8146526775607887,-0.6614895045233129,0.3724279835390947,0.021739130434782608,-0.0028947398620509275,0.0
breakout6_v1.5_L_tp0.022_sl0.012_h12,breakout6_v1.5,1,0.022,0.012,12,test,216,-0.15877650201778848,-0.0006677758053565718,0.39351851851851855,0.01934047171815272,0.02030000000000002,-0.013650226488549626,0.919337202867864,-0.29687316422784404,0.37037037037037035,0.9411764705882353,-0.002501954206300171,0.5,216,-0.29243683035506585,-0.001467775805356571,0.39351851851851855,0.018540471718152724,0.01950000000000002,-0.014450226488549623,0.8325182362064042,-0.35471257168322823,0.37037037037037035,0.0,-0.0033019542063001703,0.0
breakout6_v1.5_L_tp0.022_sl0.012_h24,breakout6_v1.5,1,0.022,0.012,24,train,485,-0.40234262553998446,-0.0009257862268041251,0.3752577319587629,0.020315878736263754,0.02030000000000002,-0.013684806105610577,0.8917142828719546,-0.562575504600618,0.3752577319587629,0.9340659340659341,-0.002120509527835055,0.0,485,-0.5947931210642068,-0.0017257862268041247,0.3752577319587629,0.019515878736263755,0.01950000000000002,-0.014484806105610573,0.8092900191021832,-0.6775073446352755,0.3752577319587629,0.02197802197802198,-0.002920509527835055,0.0
breakout6_v1.5_L_tp0.022_sl0.012_h24,breakout6_v1.5,1,0.022,0.012,24,test,214,-0.14362773082973623,-0.0005890044684770357,0.38317757009345793,0.020309160121951237,0.02030000000000002,-0.013571197623137026,0.9296376627722891,-0.3000669988425918,0.38317757009345793,0.975609756097561,-0.0024941514310938668,0.5,214,-0.27853103180337124,-0.0013890044684770346,0.38317757009345793,0.019509160121951242,0.01950000000000002,-0.014371197623137022,0.8433066651948792,-0.3580673468306824,0.38317757009345793,0.0,-0.0032941514310938663,0.0
breakout6_v1.5_L_tp0.022_sl0.018_h6,breakout6_v1.5,1,0.022,0.018,6,train,481,-0.6539567017107721,-0.0020169126744038887,0.4407484407484408,0.019449812336965924,0.02030000000000002,-0.01893492643801132,0.8095345227505061,-0.7604414902100183,0.4095634095634096,0.8915094339622641,-0.003472526521811878,0.0,481,-0.7647409593352024,-0.0028169126744038873,0.4407484407484408,0.018649812336965926,0.01950000000000002,-0.01973492643801132,0.7447706183300614,-0.8223388894628081,0.4095634095634096,0.02830188679245283,-0.004272526521811877,0.0
breakout6_v1.5_L_tp0.022_sl0.018_h6,breakout6_v1.5,1,0.022,0.018,6,test,206,-0.38486052676378235,-0.0021776695676771814,0.42718446601941745,0.019134449446405667,0.02030000000000002,-0.01807145323919659,0.7896298499244705,-0.4328101036790106,0.3883495145631068,0.9090909090909091,-0.004314639423633295,0.0,206,-0.47857570262130245,-0.0029776695676771805,0.42718446601941745,0.018334449446405665,0.01950000000000002,-0.018871453239196596,0.724541378259773,-0.5173861873696155,0.3883495145631068,0.0,-0.005114639423633295,0.0
breakout6_v1.5_L_tp0.022_sl0.018_h12,breakout6_v1.5,1,0.022,0.018,12,train,459,-0.6701875597831094,-0.0022200769365458314,0.4357298474945534,0.02006392532230512,0.02030000000000002,-0.01942780068855429,0.7974849482777752,-0.7586417827785327,0.42701525054466233,0.92,-0.003689103934444975,0.0,459,-0.7718013142265494,-0.0030200769365458305,0.4357298474945534,0.019263925322305125,0.01950000000000002,-0.02022780068855429,0.735404616574023,-0.8192758448293544,0.42701525054466233,0.03,-0.004489103934444972,0.0
breakout6_v1.5_L_tp0.022_sl0.018_h12,breakout6_v1.5,1,0.022,0.018,12,test,197,-0.40938531985078175,-0.0024804798765866113,0.4365482233502538,0.01937063168205723,0.02030000000000002,-0.01941016991301337,0.7731965699408492,-0.4554232108742423,0.41116751269035534,0.9418604651162791,-0.004730879072034075,0.0,197,-0.49576184268834655,-0.00328047987658661,0.4365482233502538,0.018570631682057234,0.01950000000000002,-0.020210169913013377,0.7119216236587247,-0.5332931342147336,0.41116751269035534,0.0,-0.005530879072034072,0.0
breakout6_v1.5_L_tp0.022_sl0.018_h24,breakout6_v1.5,1,0.022,0.018,24,train,453,-0.651788114956686,-0.0021282445474613706,0.4392935982339956,0.020349854522613085,0.02030000000000002,-0.019739038700787418,0.8077085314187025,-0.7485166221639561,0.4392935982339956,0.9195979899497487,-0.0037368026810154563,0.0,453,-0.7579005497401563,-0.002928244547461369,0.4392935982339956,0.019549854522613087,0.01950000000000002,-0.02053903870078742,0.7457319950665181,-0.8106301800706137,0.4392935982339956,0.035175879396984924,-0.004536802681015455,0.0
breakout6_v1.5_L_tp0.022_sl0.018_h24,breakout6_v1.5,1,0.022,0.018,24,test,192,-0.4287254130852196,-0.0027180209179900384,0.421875,0.020303663580246933,0.02030000000000002,-0.01951762852481161,0.7591181950256921,-0.47325576097669153,0.421875,0.9753086419753086,-0.005091690476562504,0.0,192,-0.5103309675941516,-0.0035180209179900366,0.421875,0.019503663580246935,0.01950000000000002,-0.020317628524811615,0.700495293324846,-0.5467778547251247,0.421875,0.0,-0.005891690476562503,0.0
breakout6_v1.5_L_tp0.030_sl0.012_h6,breakout6_v1.5,1,0.03,0.012,6,train,484,0.4612755065170777,0.0009715258584886572,0.365702479338843,0.025986336916963847,0.028300000000000027,-0.013450694198026353,1.1138719221296842,-0.3012242260114778,0.32231404958677684,0.8813559322033898,-0.00038289485163818174,1.0,484,-0.007783272753189685,0.00017152585848865742,0.36363636363636365,0.025330346115041914,0.027500000000000028,-0.014204942859541776,1.0189751298145373,-0.4245274553876188,0.32231404958677684,0.8863636363636364,-0.0011828948516381815,0.5
breakout6_v1.5_L_tp0.030_sl0.012_h6,breakout6_v1.5,1,0.03,0.012,6,test,204,0.15967676296789834,0.0009041649293997875,0.37254901960784315,0.02461769240018998,0.028300000000000027,-0.013175742006381889,1.109368630285333,-0.23767050663822487,0.28921568627450983,0.8026315789473685,-0.0012795220893022801,0.5,204,-0.014921763680716182,0.00010416492939978902,0.37254901960784315,0.02381769240018998,0.027500000000000028,-0.013975742006381887,1.0118786434491354,-0.28166963172879134,0.28921568627450983,0.8026315789473685,-0.00207952208930228,0.5
breakout6_v1.5_L_tp0.030_sl0.012_h12,breakout6_v1.5,1,0.03,0.012,12,train,461,0.49840797219676647,0.001073084323291518,0.3579175704989154,0.027440681308461938,0.028300000000000027,-0.013625069401550102,1.1226603900923162,-0.26975112569568216,0.34273318872017355,0.9575757575757575,-0.00041397213956825645,1.0,461,0.03635291927476314,0.00027308432329151817,0.3579175704989154,0.026640681308461936,0.027500000000000028,-0.0144250694015501,1.029484113389248,-0.37794295933944666,0.34273318872017355,0.9575757575757575,-0.0012139721395682563,0.5
breakout6_v1.5_L_tp0.030_sl0.012_h12,breakout6_v1.5,1,0.03,0.012,12,test,194,-0.01590627301132741,0.00010257515597105957,0.34536082474226804,0.02618232716803561,0.028300000000000027,-0.013656034173228351,1.0114740199347863,-0.23921317285620414,0.30927835051546393,0.9104477611940298,-0.0022231470039436,0.5,194,-0.15746292794821626,-0.0006974248440289401,0.34536082474226804,0.02538232716803561,0.027500000000000028,-0.014456034173228348,0.9263036028419387,-0.2717210877118903,0.30927835051546393,0.9104477611940298,-0.0030231470039436,0.5
breakout6_v1.5_L_tp0.030_sl0.012_h24,breakout6_v1.5,1,0.03,0.012,24,train,459,0.5454132326099392,0.0011480866005088195,0.35294117647058826,0.02828979962962966,0.028300000000000027,-0.013656484142648,1.12992477688974,-0.28086599111989385,0.35294117647058826,1.0,-0.0003461667854030482,1.0,459,0.07060098943905957,0.00034808660050881975,0.35294117647058826,0.02748979962962966,0.027500000000000028,-0.014456484142647998,1.0372118153805578,-0.4234969201527288,0.35294117647058826,1.0,-0.0011461667854030478,0.5
breakout6_v1.5_L_tp0.030_sl0.012_h24,breakout6_v1.5,1,0.03,0.012,24,test,184,-0.03249382661718103,1.0066508665688034e-05,0.32608695652173914,0.028091079064142897,0.028300000000000027,-0.01357752021172651,1.0011001567092228,-0.2461329543708597,0.32065217391304346,0.9833333333333333,-0.0023366873209616427,0.5,184,-0.1650191830790929,-0.0007899334913343115,0.32608695652173914,0.0272910790641429,0.027500000000000028,-0.014377520211726509,0.9184727715922819,-0.28336862847257904,0.32065217391304346,0.9833333333333333,-0.0031366873209616427,0.5
breakout6_v1.5_L_tp0.030_sl0.018_h6,breakout6_v1.5,1,0.03,0.018,6,train,464,-0.19211551308768304,-0.0002047323154615339,0.4202586206896552,0.025699655539899377,0.028300000000000027,-0.018983006039607918,0.9813968232287633,-0.5307906785911218,0.3642241379310345,0.8666666666666667,-0.001950735842447046,0.5,464,-0.4428662411030563,-0.001004732315461533,0.41810344827586204,0.025028825320748214,0.027500000000000028,-0.01971032557999743,0.912398652002639,-0.6476420217274363,0.3642241379310345,0.8711340206185567,-0.0027507358424470455,0.0
breakout6_v1.5_L_tp0.030_sl0.018_h6,breakout6_v1.5,1,0.03,0.018,6,test,191,-0.045737392276009814,-1.8656574045714072e-06,0.42408376963350786,0.02484752681993134,0.028300000000000027,-0.018300054663442835,0.999822980874386,-0.36045160370978035,0.33507853403141363,0.8148148148148148,-0.00259083294994774,0.5,191,-0.18106622605979594,-0.0008018656574045711,0.42408376963350786,0.02404752681993134,0.027500000000000028,-0.019100054663442834,0.9271033306815077,-0.39114809194902833,0.33507853403141363,0.8148148148148148,-0.0033908329499477384,0.5
breakout6_v1.5_L_tp0.030_sl0.018_h12,breakout6_v1.5,1,0.03,0.018,12,train,435,-0.0966843809631216,3.625662939043194e-05,0.41379310344827586,0.027514435477201223,0.028300000000000027,-0.019360104910240712,1.003194690552609,-0.5010774741225135,0.39770114942528734,0.9611111111111111,-0.0018389710511197042,0.5,435,-0.36237030781031865,-0.0007637433706095671,0.41379310344827586,0.02671443547720122,0.027500000000000028,-0.020160104910240714,0.9353745258817149,-0.6198698208406492,0.39770114942528734,0.9611111111111111,-0.002638971051119702,0.0
breakout6_v1.5_L_tp0.030_sl0.018_h12,breakout6_v1.5,1,0.03,0.018,12,test,178,-0.19196570255412726,-0.0009432994059191285,0.4044943820224719,0.025725569978977472,0.028300000000000027,-0.019058003139056444,0.9168836805038629,-0.40090571330740343,0.3539325842696629,0.8888888888888888,-0.003771455804027854,0.5,178,-0.29939744272967306,-0.0017432994059191267,0.398876404494382,0.02528373094636025,0.027500000000000028,-0.01967712328453441,0.8526172688629851,-0.4251073220026931,0.3539325842696629,0.9014084507042254,-0.004571455804027853,0.0
breakout6_v1.5_L_tp0.030_sl0.018_h24,breakout6_v1.5,1,0.03,0.018,24,train,428,-0.06616169715986697,0.00011759733828965095,0.4135514018691589,0.028189501757934624,0.028300000000000027,-0.019678128089109386,1.0101902246018502,-0.5066476396632384,0.411214953271028,0.9943502824858758,-0.001722370275841495,0.5,428,-0.33710488555296914,-0.000682402661710348,0.4135514018691589,0.027389501757934618,0.027500000000000028,-0.020478128089109388,0.9431774781240061,-0.6223077438900253,0.411214953271028,0.9943502824858758,-0.002522370275841494,0.0
breakout6_v1.5_L_tp0.030_sl0.018_h24,breakout6_v1.5,1,0.03,0.018,24,test,170,-0.21525162292224498,-0.0011585444511162909,0.38823529411764707,0.027758761205519997,0.028300000000000027,-0.019509911502443168,0.9029326922719088,-0.4182886333833564,0.3764705882352941,0.9696969696969697,-0.004072937990959809,0.5,170,-0.31523317704562237,-0.00195854445111629,0.38823529411764707,0.026958761205519998,0.027500000000000028,-0.020309911502443163,0.8423692348013105,-0.44090700900576574,0.3764705882352941,0.9696969696969697,-0.004872937990959806,0.0
breakout18_v1_L_tp0.022_sl0.012_h6,breakout18_v1,1,0.022,0.012,6,train,486,-0.3811218128114038,-0.0008537590701435764,0.3786008230452675,0.019982538976050897,0.02032883000000002,-0.013548722118156104,0.8985933767586446,-0.5667955368139646,0.3683127572016461,0.9293478260869565,-0.0020705180971013976,0.0,486,-0.5807292724405486,-0.001653759070143576,0.3765432098765432,0.01929084413458262,0.01953465000000002,-0.014303469916562369,0.8145510097497319,-0.6553877891618156,0.3683127572016461,0.02185792349726776,-0.002870518097101397,0.0
breakout18_v1_L_tp0.022_sl0.012_h6,breakout18_v1,1,0.022,0.012,6,test,217,-0.18220219527674286,-0.0007971077435544538,0.3778801843317972,0.019626563699580827,0.020314095000000018,-0.013202597064569959,0.9029526626295651,-0.28868002973017926,0.35944700460829493,0.9512195121951219,-0.0026432206962830876,0.5,217,-0.31270602208801757,-0.0015971077435544536,0.3778801843317972,0.01882656369958083,0.019514095000000023,-0.014002597064569956,0.8166623801585481,-0.3638624652792093,0.35944700460829493,0.0,-0.0034432206962830875,0.0
breakout18_v1_L_tp0.022_sl0.012_h12,breakout18_v1,1,0.022,0.012,12,train,479,-0.3815591212117354,-0.0008675427999438849,0.3778705636743215,0.020266758667551833,0.020351950000000018,-0.013704148724832225,0.8982444523699419,-0.5827433352760796,0.3757828810020877,0.9447513812154696,-0.0021218019665970784,0.0,479,-0.5786720175844701,-0.001667542799943885,0.3778705636743215,0.019466758667551834,0.01955195000000002,-0.014504148724832227,0.8151991371973106,-0.6674576094256925,0.3757828810020877,0.022099447513812154,-0.0029218019665970775,0.0
breakout18_v1_L_tp0.022_sl0.012_h12,breakout18_v1,1,0.022,0.012,12,test,215,-0.19333586604088093,-0.0008651615008768615,0.3813953488372093,0.01988366118672532,0.020328570000000018,-0.013657668721804522,0.8975982378830198,-0.30182877805945885,0.37209302325581395,0.975609756097561,-0.0027478311390501105,0.5,215,-0.32098480041557276,-0.0016651615008768611,0.3813953488372093,0.019083661186725318,0.019528570000000023,-0.014457668721804519,0.8138149048767569,-0.37152504025446287,0.37209302325581395,0.0,-0.003547831139050111,0.0
breakout18_v1_L_tp0.022_sl0.012_h24,breakout18_v1,1,0.022,0.012,24,train,477,-0.39487528833642127,-0.0009174647589098521,0.3752620545073375,0.020331879441340798,0.020356670000000018,-0.013681332583892626,0.8926596255583262,-0.5917276370451339,0.3752620545073375,0.9497206703910615,-0.0022043527536687634,0.0,477,-0.5870906742821471,-0.0017174647589098518,0.3752620545073375,0.019531879441340803,0.01955667000000002,-0.014481332583892628,0.8101627554479646,-0.6741022196593154,0.3752620545073375,0.0223463687150838,-0.003004352753668763,0.0
breakout18_v1_L_tp0.022_sl0.012_h24,breakout18_v1,1,0.022,0.012,24,test,215,-0.19093430612380557,-0.000849986372093022,0.3767441860465116,0.020332970617283973,0.02034939000000002,-0.013654609626865682,0.9001228052836941,-0.3118967705471867,0.3767441860465116,1.0,-0.0027440346488372055,0.5,215,-0.31896180670714214,-0.0016499863720930217,0.3767441860465116,0.019532970617283967,0.01954939000000002,-0.01445460962686568,0.8168496927714055,-0.3696526213597908,0.3767441860465116,0.0,-0.003544034648837206,0.0
breakout18_v1_L_tp0.022_sl0.018_h6,breakout18_v1,1,0.022,0.018,6,train,468,-0.6424458697653694,-0.0020052021017956828,0.44017094017094016,0.019749287908225704,0.02030000000000002,-0.01910987745318654,0.8125675375619368,-0.7270734694496288,0.42094017094017094,0.9029126213592233,-0.0034866641200637623,0.0,468,-0.7543663372341478,-0.0028052021017956814,0.43803418803418803,0.019044832264047556,0.01950000000000002,-0.019836597710152577,0.7483557134817915,-0.7941399587211803,0.42094017094017094,0.02926829268292683,-0.00428666412006376,0.0
breakout18_v1_L_tp0.022_sl0.018_h6,breakout18_v1,1,0.022,0.018,6,test,202,-0.4039906356745696,-0.002383457438469022,0.41089108910891087,0.019392668283797786,0.02030000000000002,-0.017571847648117297,0.7697527880854699,-0.4500806855227353,0.3811881188118812,0.927710843373494,-0.004510558305497554,0.0,202,-0.4931837800620018,-0.003183457438469021,0.41089108910891087,0.018592668283797784,0.01950000000000002,-0.018371847648117303,0.7058623484177984,-0.5309069611124155,0.3811881188118812,0.0,-0.005310558305497553,0.0
breakout18_v1_L_tp0.022_sl0.018_h12,breakout18_v1,1,0.022,0.018,12,train,456,-0.6711469547946607,-0.002240643716827119,0.4342105263157895,0.020269632721347887,0.02030633500000002,-0.01951597214612422,0.7970786456418018,-0.7682946374282538,0.43201754385964913,0.9393939393939394,-0.0037466912638557262,0.0,456,-0.7719187325762192,-0.0030406437168271168,0.4342105263157895,0.019469632721347892,0.01950633500000002,-0.02031597214612422,0.735471138214484,-0.8237095665070703,0.43201754385964913,0.030303030303030304,-0.004546691263855726,0.0
breakout18_v1_L_tp0.022_sl0.018_h12,breakout18_v1,1,0.022,0.018,12,test,194,-0.41213768632833003,-0.0025458548868931424,0.42783505154639173,0.019690067388283484,0.02030000000000002,-0.019172715687250437,0.7679247834661762,-0.4575977159230852,0.41237113402061853,0.963855421686747,-0.004764277366621569,0.0,194,-0.4969068685046357,-0.003345854886893141,0.42783505154639173,0.01889006738828348,0.01950000000000002,-0.019972715687250443,0.7072150610649725,-0.5343529338396025,0.41237113402061853,0.0,-0.005564277366621568,0.0
breakout18_v1_L_tp0.022_sl0.018_h24,breakout18_v1,1,0.022,0.018,24,train,450,-0.6429502780579253,-0.002088133533333338,0.44,0.02035955893939396,0.02030633500000002,-0.019725606190476214,0.8109660182330565,-0.7434825439933404,0.44,0.9292929292929293,-0.0036109834111111194,0.0,450,-0.7511540529527335,-0.002888133533333336,0.44,0.019559558939393956,0.01950633500000002,-0.020525606190476213,0.7487342755354617,-0.804189825840113,0.44,0.03535353535353535,-0.004410983411111118,0.0
breakout18_v1_L_tp0.022_sl0.018_h24,breakout18_v1,1,0.022,0.018,24,test,192,-0.4030748681454758,-0.002488960856295652,0.4322916666666667,0.020081975368569118,0.02030000000000002,-0.019676004036697267,0.7771791152600684,-0.4492357352887909,0.4270833333333333,0.9879518072289156,-0.004793187765149824,0.0,192,-0.488326585828201,-0.0032889608562956508,0.4270833333333333,0.019518931097560997,0.01950000000000002,-0.020291207585534245,0.7170827979436804,-0.5264112959897017,0.4270833333333333,0.0,-0.005593187765149822,0.0
breakout18_v1_L_tp0.030_sl0.012_h6,breakout18_v1,1,0.03,0.012,6,train,466,0.3058737504569722,0.0007623545994441324,0.3562231759656652,0.026578329529335604,0.028300000000000027,-0.013522484861762477,1.0875719827562973,-0.3440968286706255,0.3261802575107296,0.9156626506024096,-0.0007926499125959848,1.0,466,-0.10051536925717319,-3.7645400555867103e-05,0.351931330472103,0.02610136685462379,0.027500000000000028,-0.014232340797408396,0.9959185492368691,-0.4793158795070317,0.3261802575107296,0.926829268292683,-0.0015926499125959845,0.5
breakout18_v1_L_tp0.030_sl0.012_h6,breakout18_v1,1,0.03,0.012,6,test,199,-0.03702898474561089,-1.559317745926904e-05,0.3417085427135678,0.02523059838020391,0.028300000000000027,-0.013120486505101225,0.9981946289947252,-0.24984569568248938,0.27638190954773867,0.8382352941176471,-0.0021539066246236906,0.5,199,-0.17885320963419782,-0.0008155931774592689,0.3417085427135678,0.02443059838020391,0.027500000000000028,-0.013920486505101222,0.9109977570805513,-0.2948465788318535,0.27638190954773867,0.8382352941176471,-0.002953906624623691,0.5
breakout18_v1_L_tp0.030_sl0.012_h12,breakout18_v1,1,0.03,0.012,12,train,448,0.17310638350224994,0.0005500361168198927,0.34375,0.027693696730528086,0.028300000000000027,-0.013668071823693924,1.06132176389331,-0.3813293450462232,0.3325892857142857,0.9675324675324676,-0.0009723215383722045,0.5,448,-0.18031012116148615,-0.000249963883180107,0.34375,0.026893696730528084,0.027500000000000028,-0.014468071823693923,0.9736732475177186,-0.4985682142421586,0.3325892857142857,0.9675324675324676,-0.0017723215383722043,0.0
breakout18_v1_L_tp0.030_sl0.012_h12,breakout18_v1,1,0.03,0.012,12,test,194,-0.06744755603976815,-0.00017554525735384094,0.33505154639175255,0.026578969539590096,0.028300000000000027,-0.013656502325581405,0.9806686743273585,-0.25774997008872036,0.30412371134020616,0.9230769230769231,-0.002375383323343582,0.5,194,-0.20162456191445,-0.0009755452573538401,0.33505154639175255,0.025778969539590094,0.027500000000000028,-0.014456502325581403,0.8985163190820574,-0.2955558732591931,0.30412371134020616,0.9230769230769231,-0.003175383323343582,0.5
breakout18_v1_L_tp0.030_sl0.012_h24,breakout18_v1,1,0.03,0.012,24,train,446,0.2257342081887339,0.00065276215164473,0.34080717488789236,0.028322587828947393,0.028300000000000027,-0.013652725953627395,1.072530909062949,-0.3944949677616886,0.34080717488789236,1.0,-0.0009511947922603794,1.0,446,-0.14213567542027883,-0.0001472378483552698,0.34080717488789236,0.027522587828947388,0.027500000000000028,-0.014452725953627397,0.984545419439237,-0.5088544684736132,0.34080717488789236,1.0,-0.0017511947922603797,0.5
breakout18_v1_L_tp0.030_sl0.012_h24,breakout18_v1,1,0.03,0.012,24,test,189,-0.14097044665175573,-0.0006178228367800406,0.31216931216931215,0.028112385319467352,0.028300000000000027,-0.013656917307692319,0.9342297141606725,-0.2857426261353164,0.30687830687830686,0.9830508474576272,-0.0030062714391534415,0.5,189,-0.26166827844102536,-0.0014178228367800398,0.31216931216931215,0.02731238531946735,0.027500000000000028,-0.01445691730769232,0.857417993461779,-0.32480610281149713,0.30687830687830686,0.9830508474576272,-0.0038062714391534414,0.0
breakout18_v1_L_tp0.030_sl0.018_h6,breakout18_v1,1,0.03,0.018,6,train,442,-0.14447139013719557,-9.50559650266918e-05,0.42081447963800905,0.025993436436752455,0.028300000000000027,-0.019049976225694352,0.991384762759177,-0.5127165361230213,0.37104072398190047,0.8870967741935484,-0.0018836277499960181,0.5,442,-0.3995002780767767,-0.0008950559650266908,0.416289592760181,0.025475003475676893,0.027500000000000028,-0.019701609984753277,0.9221692819572077,-0.6033287368932858,0.37104072398190047,0.8967391304347826,-0.002683627749996017,0.5
breakout18_v1_L_tp0.030_sl0.018_h6,breakout18_v1,1,0.03,0.018,6,test,186,-0.3417848122307754,-0.00202021379962009,0.3709677419354839,0.02459715122635361,0.028300000000000027,-0.017717634199553293,0.8187330259962953,-0.39980922876524716,0.2849462365591398,0.7971014492753623,-0.004508204520361212,0.0,186,-0.4330315839190634,-0.002820213799620089,0.3709677419354839,0.023797151226353612,0.027500000000000028,-0.018517634199553303,0.757883930455835,-0.4773070678285658,0.2849462365591398,0.7971014492753623,-0.005308204520361211,0.0
breakout18_v1_L_tp0.030_sl0.018_h12,breakout18_v1,1,0.03,0.018,12,train,412,-0.29005063485984905,-0.0005625925405076397,0.4029126213592233,0.027505292226765968,0.028300000000000027,-0.019502709903789824,0.95168732130452,-0.5688104863171456,0.3859223300970874,0.9578313253012049,-0.002450653103439629,0.5,412,-0.48964879462080124,-0.001362592540507638,0.4029126213592233,0.026705292226765962,0.027500000000000028,-0.020302709903789826,0.8875979824141134,-0.6579627095265107,0.3859223300970874,0.9578313253012049,-0.0032506531034396276,0.0
breakout18_v1_L_tp0.030_sl0.018_h12,breakout18_v1,1,0.03,0.018,12,test,175,-0.2807169874898787,-0.0016327094349879473,0.38857142857142857,0.02570124545462694,0.028300000000000027,-0.01900382095362171,0.8594851437566344,-0.36979691081260035,0.33714285714285713,0.8823529411764706,-0.004405345644289957,0.5,175,-0.3749072022941119,-0.002432709434987946,0.38857142857142857,0.02490124545462694,0.027500000000000028,-0.019803820953621713,0.7990927915555377,-0.42372171351165033,0.33714285714285713,0.8823529411764706,-0.005205345644289957,0.0
breakout18_v1_L_tp0.030_sl0.018_h24,breakout18_v1,1,0.03,0.018,24,train,405,-0.17795336873451828,-0.00020843420444816992,0.4074074074074074,0.028085683439787568,0.028300000000000027,-0.01966064008486023,0.9821098032165733,-0.5121447318912711,0.4024691358024691,0.9878787878787879,-0.0021578701273070686,0.5,405,-0.4056777789967596,-0.0010084342044481686,0.4074074074074074,0.02728568343978757,0.027500000000000028,-0.02046064008486024,0.9168289597515831,-0.6114230823754072,0.4024691358024691,0.9878787878787879,-0.0029578701273070677,0.0
breakout18_v1_L_tp0.030_sl0.018_h24,breakout18_v1,1,0.03,0.018,24,test,168,-0.3074721574614757,-0.0019208402414297209,0.375,0.027673183324441422,0.028300000000000027,-0.0196772543809524,0.8438123364780734,-0.4113847280273826,0.3630952380952381,0.9682539682539683,-0.004953090433350336,0.0,168,-0.39479647474868085,-0.0027208402414297195,0.36904761904761907,0.027309015223364094,0.027500000000000028,-0.020285472683101574,0.7874205266502505,-0.44205780039616405,0.3630952380952381,0.9838709677419355,-0.005753090433350335,0.0
breakout18_v1.5_L_tp0.022_sl0.012_h6,breakout18_v1.5,1,0.022,0.012,6,train,445,-0.3807115594695315,-0.0009440731759418319,0.3775280898876405,0.019824675103897658,0.02031098000000002,-0.013540281518949175,0.887989636631643,-0.5517276161462379,0.36404494382022473,0.9226190476190477,-0.0022117271071493113,0.0,445,-0.5664540266128204,-0.001744073175941832,0.3752808988764045,0.019140909875431912,0.01951267000000002,-0.014290088174428934,0.8046357883637026,-0.6598410436059214,0.36404494382022473,0.023952095808383235,-0.0030117271071493103,0.0
breakout18_v1.5_L_tp0.022_sl0.012_h6,breakout18_v1.5,1,0.022,0.012,6,test,198,-0.10451968742616335,-0.0004280387806493134,0.3888888888888889,0.019474750796114878,0.02030000000000002,-0.013093450329499256,0.9465055368919892,-0.2683003534582382,0.36363636363636365,0.935064935064935,-0.002347999852939574,0.5,198,-0.23583175067092332,-0.0012280387806493133,0.3888888888888889,0.018674750796114883,0.01950000000000002,-0.013893450329499256,0.8553622061445623,-0.32163098185908645,0.36363636363636365,0.0,-0.0031479998529395734,0.0
breakout18_v1.5_L_tp0.022_sl0.012_h12,breakout18_v1.5,1,0.022,0.012,12,train,438,-0.36587084276756676,-0.0009044550940025612,0.3767123287671233,0.02026294884137504,0.02033705000000002,-0.013697940989011004,0.8940640948625013,-0.5565556484356128,0.3744292237442922,0.9454545454545454,-0.0022139288881655676,0.0,438,-0.5535620895694938,-0.0017044550940025604,0.3767123287671233,0.01946294884137504,0.01953705000000002,-0.014497940989010999,0.8113787148961247,-0.6613461519122055,0.3744292237442922,0.024242424242424242,-0.0030139288881655666,0.0
breakout18_v1.5_L_tp0.022_sl0.012_h12,breakout18_v1.5,1,0.022,0.012,12,test,196,-0.08613986706880228,-0.000323914401472066,0.3979591836734694,0.019847760862967644,0.02030000000000002,-0.013657733644067806,0.9606063989135275,-0.27653799452002115,0.3877551020408163,0.9743589743589743,-0.0022373314160875645,0.5,196,-0.21888574232993085,-0.0011239144014720656,0.3979591836734694,0.019047760862967642,0.01950000000000002,-0.014457733644067806,0.8708759674094753,-0.3292745244991421,0.3877551020408163,0.0,-0.0030373314160875636,0.0
breakout18_v1.5_L_tp0.022_sl0.012_h24,breakout18_v1.5,1,0.022,0.012,24,train,436,-0.3795248073193418,-0.0009592408715596337,0.3738532110091743,0.02033441509202456,0.020340560000000018,-0.01367303545787547,0.8879565231177663,-0.5661038191637497,0.3738532110091743,0.950920245398773,-0.0022615594759174307,0.0,436,-0.5624824738344908,-0.0017592408715596329,0.3738532110091743,0.019534415092024558,0.01954056000000002,-0.014473035457875469,0.8058714000896573,-0.6681128766620145,0.3738532110091743,0.024539877300613498,-0.003061559475917431,0.0
breakout18_v1.5_L_tp0.022_sl0.012_h24,breakout18_v1.5,1,0.022,0.012,24,test,196,-0.08341916861120524,-0.0003072682142857113,0.39285714285714285,0.020319944805194827,0.02030000000000002,-0.013654288403361354,0.9629355402069272,-0.28697069327274805,0.39285714285714285,1.0,-0.0022206712780612225,0.5,196,-0.21655856433774467,-0.0011072682142857111,0.39285714285714285,0.019519944805194825,0.01950000000000002,-0.014454288403361354,0.8738273492641239,-0.3389544697873935,0.39285714285714285,0.0,-0.003020671278061222,0.0
breakout18_v1.5_L_tp0.022_sl0.018_h6,breakout18_v1.5,1,0.022,0.018,6,train,433,-0.6148672936388544,-0.002011145498586879,0.4387990762124711,0.01980498417322385,0.02030000000000002,-0.019069024665846295,0.8120697750940403,-0.7422874391704655,0.4226327944572748,0.9210526315789473,-0.0035536059254279405,0.0,433,-0.7278867009706282,-0.002811145498586878,0.43648960739030024,0.01910758478653362,0.01950000000000002,-0.01978917838337284,0.7479111535336739,-0.8028033681956508,0.4226327944572748,0.031746031746031744,-0.004353605925427939,0.0
breakout18_v1.5_L_tp0.022_sl0.018_h6,breakout18_v1.5,1,0.022,0.018,6,test,186,-0.3614847670710418,-0.0022302047285558393,0.41935483870967744,0.019480267452574945,0.02030000000000002,-0.017909990192705852,0.785543816479128,-0.4112564637430176,0.3924731182795699,0.9358974358974359,-0.0044680287873778285,0.0,186,-0.45001022304769556,-0.003030204728555838,0.41935483870967744,0.01868026745257495,0.01950000000000002,-0.018709990192705847,0.7210748980811204,-0.4909468843376332,0.3924731182795699,0.0,-0.005268028787377827,0.0
breakout18_v1.5_L_tp0.022_sl0.018_h12,breakout18_v1.5,1,0.022,0.018,12,train,421,-0.5991268324186793,-0.001973807794137923,0.43942992874109266,0.02026836853419936,0.02031715000000002,-0.019409412119317574,0.8185894370792771,-0.7440435408313257,0.43705463182897863,0.9405405405405406,-0.0035552357985318907,0.0,421,-0.7140229053066964,-0.0027738077941379218,0.43942992874109266,0.01946836853419936,0.01951715000000002,-0.020209412119317576,0.7551541334612266,-0.8027324015291504,0.43705463182897863,0.032432432432432434,-0.004355235798531889,0.0
breakout18_v1.5_L_tp0.022_sl0.018_h12,breakout18_v1.5,1,0.022,0.018,12,test,180,-0.3535220773599631,-0.002229587226252455,0.4388888888888889,0.01965424497756366,0.02030000000000002,-0.019346644098544266,0.7946144163751998,-0.40391445863984543,0.4222222222222222,0.9620253164556962,-0.004690232908260836,0.0,180,-0.4404660716025792,-0.0030295872262524537,0.4388888888888889,0.018854244977563658,0.01950000000000002,-0.020146644098544265,0.7320017995449489,-0.4821131200876638,0.4222222222222222,0.0,-0.005490232908260836,0.0
breakout18_v1.5_L_tp0.022_sl0.018_h24,breakout18_v1.5,1,0.022,0.018,24,train,414,-0.5281552267688939,-0.001613733647342996,0.45169082125603865,0.020363282620320878,0.02032135000000002,-0.019718147929515435,0.8507411064542307,-0.7106316471641894,0.45169082125603865,0.93048128342246,-0.003253064545893724,0.0,414,-0.6614575283922763,-0.0024137336473429947,0.45169082125603865,0.019563282620320876,0.01952135000000002,-0.020518147929515437,0.7854514064886339,-0.7755269732238921,0.45169082125603865,0.0374331550802139,-0.004053064545893723,0.0
breakout18_v1.5_L_tp0.022_sl0.018_h24,breakout18_v1.5,1,0.022,0.018,24,test,179,-0.34110905465299246,-0.002132481421278016,0.441340782122905,0.020065996399889076,0.02030000000000002,-0.019669278900000017,0.8059338238328785,-0.39246902005474404,0.43575418994413406,0.9873417721518988,-0.0044871917849161995,0.0,179,-0.42925745231174395,-0.002932481421278014,0.43575418994413406,0.01951489884615387,0.01950000000000002,-0.02026808202384917,0.7435785962610723,-0.47173877712461665,0.43575418994413406,0.0,-0.005287191784916198,0.0
breakout18_v1.5_L_tp0.030_sl0.012_h6,breakout18_v1.5,1,0.03,0.012,6,train,428,0.31706056572532426,0.0008343288236627498,0.3574766355140187,0.026675894492003777,0.028300000000000027,-0.013542978620905168,1.095881347690702,-0.3511368774569046,0.3294392523364486,0.9215686274509803,-0.0007346112553183296,0.5,428,-0.06478510987669261,3.4328823662750615e-05,0.35514018691588783,0.02604867361196645,0.027500000000000028,-0.014292411784388564,1.0037246724653277,-0.4612306232238831,0.3294392523364486,0.9276315789473685,-0.0015346112553183292,0.5
breakout18_v1.5_L_tp0.030_sl0.012_h6,breakout18_v1.5,1,0.03,0.012,6,test,182,0.09133709708333426,0.0006586924421755006,0.35714285714285715,0.02538221375915924,0.028300000000000027,-0.013076597178371022,1.0783562171298908,-0.20877931527910776,0.29120879120879123,0.8461538461538461,-0.001622552511731695,0.5,182,-0.05654860796549921,-0.0001413075578244993,0.35714285714285715,0.024582213759159244,0.027500000000000028,-0.013876597178371027,0.9841595346618186,-0.24990231521610928,0.29120879120879123,0.8461538461538461,-0.0024225525117316945,0.5
breakout18_v1.5_L_tp0.030_sl0.012_h12,breakout18_v1.5,1,0.03,0.012,12,train,414,0.20078931123888988,0.0006364443736541915,0.34541062801932365,0.027732418649362586,0.028300000000000027,-0.013661431351166105,1.0711697266316766,-0.372315967595768,0.3357487922705314,0.972027972027972,-0.0009274885234126624,0.5,414,-0.13780243364638822,-0.0001635556263458081,0.34541062801932365,0.026932418649362588,0.027500000000000028,-0.014461431351166105,0.9827223266718922,-0.48469934689103455,0.3357487922705314,0.972027972027972,-0.001727488523412662,0.5
breakout18_v1.5_L_tp0.030_sl0.012_h12,breakout18_v1.5,1,0.03,0.012,12,test,178,0.06669684805525433,0.000554209109701573,0.34831460674157305,0.027149540992369044,0.028300000000000027,-0.013660537241379314,1.0622540906320697,-0.19390489975748426,0.3258426966292135,0.9516129032258065,-0.0017677140450206613,0.5,178,-0.07491118471522806,-0.0002457908902984262,0.34831460674157305,0.026349540992369046,0.027500000000000028,-0.014460537241379318,0.9739178512462383,-0.23456592825085243,0.3258426966292135,0.9516129032258065,-0.0025677140450206613,0.5
breakout18_v1.5_L_tp0.030_sl0.012_h24,breakout18_v1.5,1,0.03,0.012,24,train,412,0.23986790343235986,0.0007186406059066707,0.3422330097087379,0.02832493716312059,0.028312670000000026,-0.013644783064082861,1.0800705925975735,-0.38567339951691304,0.3422330097087379,1.0,-0.0008742158428427853,1.0,412,-0.1082944093551409,-8.135939409332876e-05,0.3422330097087379,0.027524937163120596,0.027512670000000027,-0.014444783064082862,0.9914370263640215,-0.49527010381962133,0.3422330097087379,1.0,-0.0016742158428427853,0.5
breakout18_v1.5_L_tp0.030_sl0.012_h24,breakout18_v1.5,1,0.03,0.012,24,test,173,0.026037724247811145,0.00034141522455822463,0.3352601156069364,0.02809743782497541,0.028300000000000027,-0.013657274434782617,1.0376068631636406,-0.21482620235595817,0.32947976878612717,0.9827586206896551,-0.0020758562638810815,0.5,173,-0.106632075877511,-0.000458584775441775,0.3352601156069364,0.027297437824975408,0.027500000000000028,-0.014457274434782617,0.9522820837963305,-0.2507484065662874,0.32947976878612717,0.9827586206896551,-0.002875856263881081,0.5
breakout18_v1.5_L_tp0.030_sl0.018_h6,breakout18_v1.5,1,0.03,0.018,6,train,410,-0.18347115633615074,-0.00023441547159181047,0.4170731707317073,0.02622660448540604,0.028300000000000027,-0.01916677703078274,0.9790191471842411,-0.5326476607235768,0.37317073170731707,0.8947368421052632,-0.002108734278354693,0.5,410,-0.41202543237398026,-0.0010344154715918096,0.4146341463414634,0.02557844646321621,0.027500000000000028,-0.019885192675414155,0.9111335525141347,-0.6342933914701452,0.37317073170731707,0.9,-0.0029087342783546922,0.5
breakout18_v1.5_L_tp0.030_sl0.018_h6,breakout18_v1.5,1,0.03,0.018,6,test,171,-0.16213815290688882,-0.0007917972958375346,0.39766081871345027,0.025511858005078686,0.028300000000000027,-0.018157317300325913,0.9276028921896713,-0.32254487231199436,0.32748538011695905,0.8529411764705882,-0.0035078636766315324,0.5,171,-0.26943096596195026,-0.0015917972958375331,0.39766081871345027,0.02471185800507869,0.027500000000000028,-0.018957317300325918,0.8605977546254165,-0.36518961851491294,0.32748538011695905,0.8529411764705882,-0.004307863676631532,0.5
breakout18_v1.5_L_tp0.030_sl0.018_h12,breakout18_v1.5,1,0.03,0.018,12,train,386,-0.18681469953114904,-0.0002670234039743369,0.4067357512953368,0.027543909363061614,0.028300000000000027,-0.019333907440763177,0.9767200783070048,-0.5344557121409237,0.3911917098445596,0.9617834394904459,-0.0021797371705851716,0.5,386,-0.4030775848406033,-0.0010670234039743354,0.4067357512953368,0.02674390936306162,0.027500000000000028,-0.020133907440763182,0.9106699247400069,-0.6337539638213077,0.3911917098445596,0.9617834394904459,-0.0029797371705851707,0.0
breakout18_v1.5_L_tp0.030_sl0.018_h12,breakout18_v1.5,1,0.03,0.018,12,test,165,-0.09788980055411467,-0.00036592901202709603,0.4121212121212121,0.026235886133190958,0.028300000000000027,-0.019014624165375832,0.9672643244780164,-0.30054016721466337,0.3696969696969697,0.9117647058823529,-0.003184422427306855,0.5,165,-0.20957768947880961,-0.0011659290120270946,0.40606060606060607,0.025823046503913205,0.027500000000000028,-0.019617575538231177,0.8999344368057167,-0.33636585929041796,0.3696969696969697,0.9253731343283582,-0.003984422427306854,0.5
breakout18_v1.5_L_tp0.030_sl0.018_h24,breakout18_v1.5,1,0.03,0.018,24,train,377,-0.019903062259769455,0.00022376020477053523,0.41644562334217505,0.02807770641761113,0.028300000000000027,-0.019653828683483886,1.0195098690339017,-0.4732214156426351,0.41114058355437666,0.9872611464968153,-0.001737799982318301,0.5,377,-0.27524662604718564,-0.0005762397952294636,0.41644562334217505,0.02727770641761114,0.027500000000000028,-0.020453828683483895,0.9517222187317456,-0.5821298072857815,0.41114058355437666,0.9872611464968153,-0.0025377999823183,0.5
breakout18_v1.5_L_tp0.030_sl0.018_h24,breakout18_v1.5,1,0.03,0.018,24,test,159,-0.06421411472208371,-0.00014616493612859584,0.41509433962264153,0.027361482047811445,0.028300000000000027,-0.019667720860215072,0.9872941612006503,-0.3265361862250665,0.39622641509433965,0.9545454545454546,-0.003249316680116581,0.5,159,-0.17610074031141054,-0.0009461649361285947,0.4088050314465409,0.02697240322406646,0.027500000000000028,-0.020251557812859217,0.9209726017787697,-0.35650151196351,0.39622641509433965,0.9692307692307692,-0.004049316680116581,0.5
pullback_rsi25_L_tp0.022_sl0.012_h6,pullback_rsi25,1,0.022,0.012,6,train,57,-0.09612548708938473,-0.001644949890292547,0.3684210526315789,0.018972906964444043,0.02030000000000002,-0.013672033055555559,0.8095013388001667,-0.14174018015791923,0.3333333333333333,0.8571428571428571,-0.005032333887651697,0.0,57,-0.1365072200359907,-0.0024449498902925472,0.3684210526315789,0.01817290696444404,0.01950000000000002,-0.014472033055555555,0.7325067843081113,-0.1733763419508253,0.3333333333333333,0.0,-0.005832333887651696,0.0
pullback_rsi25_L_tp0.022_sl0.012_h6,pullback_rsi25,1,0.022,0.012,6,test,23,0.012888782270284116,0.0006863706371348768,0.43478260869565216,0.018386979532383486,0.02037899000000002,-0.012929482359210206,1.0939208559614548,-0.07894380717533689,0.391304347826087,0.9,-0.004737051217391312,1.0,23,-0.00557744617980005,-0.00011362936286512214,0.391304347826087,0.01958969888888891,0.01957917000000002,-0.012780054667564145,0.9853931133099874,-0.08341680988456701,0.391304347826087,0.0,-0.005537051217391314,0.5
pullback_rsi25_L_tp0.022_sl0.012_h12,pullback_rsi25,1,0.022,0.012,12,train,57,-0.1168782162978863,-0.0020511539782115886,0.3508771929824561,0.019501398662096978,0.02030000000000002,-0.013701182432432436,0.7693713025201305,-0.15725642809103357,0.3333333333333333,0.9,-0.0053671838684210575,0.0,57,-0.15634853505882262,-0.002851153978211589,0.3508771929824561,0.018701398662096975,0.01950000000000002,-0.014501182432432431,0.697106197289484,-0.19237047923285688,0.3333333333333333,0.0,-0.006167183868421059,0.0
pullback_rsi25_L_tp0.022_sl0.012_h12,pullback_rsi25,1,0.022,0.012,12,test,23,0.02374345710821224,0.001162287826086948,0.43478260869565216,0.020382165000000018,0.02037899000000002,-0.013622233076923106,1.1509558214870779,-0.07894380717533667,0.43478260869565216,1.0,-0.004749589326086993,0.5,23,0.005087682946246508,0.00036228782608694953,0.43478260869565216,0.01958216500000002,0.01957899000000002,-0.01442223307692311,1.0444432402258401,-0.0834168098845669,0.43478260869565216,0.0,-0.005549589326086993,0.5
pullback_rsi25_L_tp0.022_sl0.012_h24,pullback_rsi25,1,0.022,0.012,24,train,57,-0.10283043767055111,-0.0017708503508771876,0.3508771929824561,0.02030026400000002,0.02030387500000002,-0.013701182432432436,0.8008882247783907,-0.14385094386873498,0.3508771929824561,0.95,-0.005339202412280694,0.0,57,-0.1429179118345597,-0.0025708503508771875,0.3508771929824561,0.01950026400000002,0.01950387500000002,-0.014501182432432431,0.7268843966591735,-0.17951331220479771,0.3508771929824561,0.0,-0.006139202412280694,0.0
pullback_rsi25_L_tp0.022_sl0.012_h24,pullback_rsi25,1,0.022,0.012,24,test,23,0.02374345710821224,0.001162287826086948,0.43478260869565216,0.020382165000000018,0.02037899000000002,-0.013622233076923106,1.1509558214870779,-0.07894380717533667,0.43478260869565216,1.0,-0.004749589326086993,0.5,23,0.005087682946246508,0.00036228782608694953,0.43478260869565216,0.01958216500000002,0.01957899000000002,-0.01442223307692311,1.0444432402258401,-0.0834168098845669,0.43478260869565216,0.0,-0.005549589326086993,0.5
pullback_rsi25_L_tp0.022_sl0.018_h6,pullback_rsi25,1,0.022,0.018,6,train,54,-0.0992946787238631,-0.0017434353210978681,0.46296296296296297,0.019098825706428624,0.02030775000000002,-0.019710901724137947,0.8352994271780376,-0.18619208126049125,0.42592592592592593,0.88,-0.006305854155139126,0.0,54,-0.13747101065747092,-0.002543435321097867,0.46296296296296297,0.01829882570642862,0.01950775000000002,-0.020510901724137946,0.7690958671191346,-0.21511431033868555,0.42592592592592593,0.0,-0.007105854155139123,0.0
pullback_rsi25_L_tp0.022_sl0.018_h6,pullback_rsi25,1,0.022,0.018,6,test,22,-0.01016400288146413,-0.00030163523364219974,0.45454545454545453,0.01839324853238349,0.02038940500000002,-0.015880705038663605,0.9651779988988092,-0.07120752062787794,0.4090909090909091,0.9,-0.006660459304888724,0.5,22,-0.027450299331155725,-0.0011016352336421988,0.4090909090909091,0.01959666444444446,0.01960000000000002,-0.015431227318471427,0.8791861631266183,-0.07800110650231928,0.4090909090909091,0.0,-0.0074604593048887245,0.0
pullback_rsi25_L_tp0.022_sl0.018_h12,pullback_rsi25,1,0.022,0.018,12,train,54,-0.14440866985791578,-0.0026878881481481494,0.42592592592592593,0.02031829347826089,0.02035827000000002,-0.01975699064516131,0.7630141236574313,-0.2269536071042808,0.42592592592592593,0.9565217391304348,-0.007139504435185194,0.0,54,-0.18070681245097076,-0.003487888148148149,0.42592592592592593,0.01951829347826089,0.01955827000000002,-0.020556990645161304,0.7044472007646533,-0.2544581034494753,0.42592592592592593,0.0,-0.007939504435185195,0.0
pullback_rsi25_L_tp0.022_sl0.018_h12,pullback_rsi25,1,0.022,0.018,12,test,21,5.939164051960155e-05,0.00019382212460706448,0.47619047619047616,0.02038843400000002,0.02038940500000002,-0.01816491594393198,1.0203702597474251,-0.06008157433861028,0.47619047619047616,1.0,-0.007427107351583416,0.5,21,-0.01661098932588112,-0.0006061778753929344,0.47619047619047616,0.019588434000000016,0.019589405000000018,-0.018964915943931984,0.938979499058894,-0.06883751221384948,0.47619047619047616,0.0,-0.008227107351583418,0.0
pullback_rsi25_L_tp0.022_sl0.018_h24,pullback_rsi25,1,0.022,0.018,24,train,54,-0.14440866985791578,-0.0026878881481481494,0.42592592592592593,0.02031829347826089,0.02035827000000002,-0.01975699064516131,0.7630141236574313,-0.2269536071042808,0.42592592592592593,0.9565217391304348,-0.007139504435185194,0.0,54,-0.18070681245097076,-0.003487888148148149,0.42592592592592593,0.01951829347826089,0.01955827000000002,-0.020556990645161304,0.7044472007646533,-0.2544581034494753,0.42592592592592593,0.0,-0.007939504435185195,0.0
pullback_rsi25_L_tp0.022_sl0.018_h24,pullback_rsi25,1,0.022,0.018,24,test,21,0.023705715030004404,0.0013159319047619119,0.5238095238095238,0.02036720909090911,0.020378810000000018,-0.01964047300000001,1.1407021612972361,-0.05766171413722865,0.5238095238095238,1.0,-0.006310079857142852,1.0,21,0.006659844609568033,0.0005159319047619132,0.5238095238095238,0.01956720909090911,0.01957881000000002,-0.020440473000000004,1.0530054759496033,-0.06351740792921667,0.5238095238095238,0.0,-0.007110079857142851,0.5
pullback_rsi25_L_tp0.030_sl0.012_h6,pullback_rsi25,1,0.03,0.012,6,train,57,-0.08395698876383217,-0.0013668795928928035,0.3157894736842105,0.025304945178061686,0.028300000000000027,-0.013676952564102566,0.8539333168012673,-0.1518593913629368,0.2631578947368421,0.8333333333333334,-0.005364033564890235,0.0,57,-0.12487469251992156,-0.0021668795928928026,0.3157894736842105,0.024504945178061684,0.027500000000000028,-0.014476952564102565,0.7812400190915486,-0.17228144630190045,0.2631578947368421,0.8333333333333334,-0.006164033564890235,0.0
pullback_rsi25_L_tp0.030_sl0.012_h6,pullback_rsi25,1,0.03,0.012,6,test,23,0.01625312223998754,0.0008748862583539909,0.391304347826087,0.022442346067986046,0.028306600000000025,-0.012989909333552324,1.1106484350134689,-0.07894380717533667,0.30434782608695654,0.7777777777777778,-0.005707444403035594,0.5,23,-0.002272588299417899,7.488625835399227e-05,0.34782608695652173,0.024402326161004965,0.027513415000000027,-0.012899748356393197,1.0089013826448696,-0.08717804110724825,0.30434782608695654,0.875,-0.0065074444030355965,0.5
pullback_rsi25_L_tp0.030_sl0.012_h12,pullback_rsi25,1,0.03,0.012,12,train,57,-0.09653415608204874,-0.001604228013299308,0.2982456140350877,0.02686533607305527,0.028300000000000027,-0.013703792750000002,0.8331830493458453,-0.15816209318496655,0.2807017543859649,0.9411764705882353,-0.005605570315789476,0.0,57,-0.13689982008649004,-0.0024042280132993074,0.2982456140350877,0.02606533607305527,0.027500000000000028,-0.014503792750000003,0.7637842061035027,-0.1913007420681625,0.2807017543859649,0.9411764705882353,-0.0064055703157894755,0.0
pullback_rsi25_L_tp0.030_sl0.012_h12,pullback_rsi25,1,0.03,0.012,12,test,23,0.017948229001502503,0.0009719621739130405,0.34782608695652173,0.028363773750000026,0.028313415000000026,-0.013637004000000017,1.1092866145672462,-0.07894380717533667,0.34782608695652173,1.0,-0.006329160630434788,1.0,23,-0.0006074977431096418,0.00017196217391304125,0.34782608695652173,0.027563773750000027,0.027513415000000027,-0.014437004000000022,1.018263854005535,-0.08887655929962912,0.34782608695652173,1.0,-0.00712916063043479,0.5
pullback_rsi25_L_tp0.030_sl0.012_h24,pullback_rsi25,1,0.03,0.012,24,train,57,-0.09030870642150912,-0.001482805100211839,0.2982456140350877,0.027272459958113254,0.028300000000000027,-0.013703792750000002,0.8458093094116687,-0.15236129889208683,0.2807017543859649,0.9411764705882353,-0.005587207938596488,0.0,57,-0.1309477746477854,-0.0022828051002118386,0.2982456140350877,0.026472459958113256,0.027500000000000028,-0.014503792750000003,0.7757140270911642,-0.18572385210628184,0.2807017543859649,0.9411764705882353,-0.006387207938596488,0.0
pullback_rsi25_L_tp0.030_sl0.012_h24,pullback_rsi25,1,0.03,0.012,24,test,23,0.017948229001502503,0.0009719621739130405,0.34782608695652173,0.028363773750000026,0.028313415000000026,-0.013637004000000017,1.1092866145672462,-0.07894380717533667,0.34782608695652173,1.0,-0.006329160630434788,1.0,23,-0.0006074977431096418,0.00017196217391304125,0.34782608695652173,0.027563773750000027,0.027513415000000027,-0.014437004000000022,1.018263854005535,-0.08887655929962912,0.34782608695652173,1.0,-0.00712916063043479,0.5
pullback_rsi25_L_tp0.030_sl0.018_h6,pullback_rsi25,1,0.03,0.018,6,train,54,-0.146797601411229,-0.002692040693322368,0.37037037037037035,0.02548065698062505,0.028300000000000027,-0.019264215795644378,0.7780551210757184,-0.2208886732373596,0.3148148148148148,0.85,-0.007670979125720003,0.0,54,-0.18299786899858617,-0.0034920406933223675,0.37037037037037035,0.02468065698062505,0.027500000000000028,-0.020064215795644377,0.7235784177105177,-0.2498073309955281,0.3148148148148148,0.85,-0.00847097912572,0.0
pullback_rsi25_L_tp0.030_sl0.018_h6,pullback_rsi25,1,0.03,0.018,6,test,22,0.01204700191776542,0.0007758388572668921,0.4090909090909091,0.025268041702648323,0.028320230000000026,-0.01618030157415102,1.0811454632119775,-0.07280482502273578,0.36363636363636365,0.8888888888888888,-0.006893408522518878,0.5,22,-0.005610696895698708,-2.4161142733107425e-05,0.36363636363636365,0.027581233750000027,0.027560115000000027,-0.015798672510009184,0.9975967911237407,-0.08465979843811655,0.36363636363636365,1.0,-0.0076934085225188785,0.5
pullback_rsi25_L_tp0.030_sl0.018_h12,pullback_rsi25,1,0.03,0.018,12,train,54,-0.19419021752511934,-0.003735719444444451,0.3333333333333333,0.02828266777777781,0.028329135000000026,-0.019744913055555577,0.7162013754681991,-0.2710519640487288,0.3333333333333333,1.0,-0.009031184648148149,0.0,54,-0.22841547422980768,-0.0045357194444444505,0.3333333333333333,0.027482667777777803,0.027529135000000027,-0.02054491305555558,0.6688436135860447,-0.2981464090833763,0.3333333333333333,1.0,-0.009831184648148148,0.0
pullback_rsi25_L_tp0.030_sl0.018_h12,pullback_rsi25,1,0.03,0.018,12,test,21,0.030504729298444166,0.0017029768865118278,0.42857142857142855,0.028372450000000025,0.028320230000000026,-0.01829912794860432,1.1628607417668229,-0.05766171413722865,0.42857142857142855,1.0,-0.006681230131738258,1.0,21,0.013349820255508682,0.0009029768865118292,0.42857142857142855,0.027572450000000026,0.027520230000000027,-0.01909912794860432,1.0827372619131113,-0.06517780500261527,0.42857142857142855,1.0,-0.007481230131738256,1.0
pullback_rsi25_L_tp0.030_sl0.018_h24,pullback_rsi25,1,0.03,0.018,24,train,54,-0.19419021752511934,-0.003735719444444451,0.3333333333333333,0.02828266777777781,0.028329135000000026,-0.019744913055555577,0.7162013754681991,-0.2710519640487288,0.3333333333333333,1.0,-0.009031184648148149,0.0,54,-0.22841547422980768,-0.0045357194444444505,0.3333333333333333,0.027482667777777803,0.027529135000000027,-0.02054491305555558,0.6688436135860447,-0.2981464090833763,0.3333333333333333,1.0,-0.009831184648148148,0.0
pullback_rsi25_L_tp0.030_sl0.018_h24,pullback_rsi25,1,0.03,0.018,24,test,21,0.06314317099341493,0.0032060390476190566,0.47619047619047616,0.028350701000000027,0.028313415000000026,-0.01965274454545455,1.311438434761299,-0.05766171413722854,0.47619047619047616,1.0,-0.005930639523809517,1.0,21,0.045470711366822014,0.002406039047619058,0.47619047619047616,0.027550701000000028,0.027513415000000027,-0.02045274454545455,1.2245834177666939,-0.059966663396055275,0.47619047619047616,1.0,-0.006730639523809515,1.0
pullback_rsi35_L_tp0.022_sl0.012_h6,pullback_rsi35,1,0.022,0.012,6,train,254,-0.04668116848196091,-5.750236592278181e-05,0.41338582677165353,0.018841925042334073,0.02030000000000002,-0.013375890807982982,0.992671578377906,-0.25467112483522414,0.37401574803149606,0.8761904761904762,-0.0017315054266635057,0.5,254,-0.22209585610745697,-0.0008575023659227814,0.41338582677165353,0.018041925042334074,0.01950000000000002,-0.014175890807982981,0.8968824903863855,-0.32894664970097365,0.37401574803149606,0.009523809523809525,-0.002531505426663505,0.0
pullback_rsi35_L_tp0.022_sl0.012_h6,pullback_rsi35,1,0.022,0.012,6,test,91,-0.07232588665198869,-0.0007028308536500621,0.3956043956043956,0.01799869614826574,0.020336640000000017,-0.012943830345813137,0.9101606276385443,-0.14329425418266428,0.32967032967032966,0.8333333333333334,-0.003444868106047563,0.0,91,-0.13754551223489864,-0.0015028308536500612,0.38461538461538464,0.017702587314678064,0.01955305000000002,-0.013506217208855139,0.8191869640908616,-0.19781701201186375,0.32967032967032966,0.0,-0.004244868106047563,0.0
pullback_rsi35_L_tp0.022_sl0.012_h12,pullback_rsi35,1,0.022,0.012,12,train,251,-0.1092922541144431,-0.0003256781061430643,0.398406374501992,0.01979323652115319,0.02030000000000002,-0.013649462627531314,0.9603384407202566,-0.27874186848868987,0.38645418326693226,0.94,-0.0020748264003824933,0.5,251,-0.27147917881550643,-0.0011256781061430641,0.3944223107569721,0.019188265236892627,0.01950000000000002,-0.014356470151936043,0.8705217918564614,-0.371546813760149,0.38645418326693226,0.010101010101010102,-0.002874826400382493,0.0
pullback_rsi35_L_tp0.022_sl0.012_h12,pullback_rsi35,1,0.022,0.012,12,test,88,-0.03763650411379682,-0.0003035608088153195,0.3977272727272727,0.019625686990187637,0.02035305000000002,-0.013464384827024823,0.9625660213699182,-0.12006613475954742,0.36363636363636365,0.9142857142857143,-0.0032820905080893177,0.5,88,-0.10311823253993813,-0.0011035608088153187,0.3977272727272727,0.01882568699018764,0.01955305000000002,-0.01426438482702482,0.871545292496384,-0.16621463148770055,0.36363636363636365,0.0,-0.004082090508089318,0.0
pullback_rsi35_L_tp0.022_sl0.012_h24,pullback_rsi35,1,0.022,0.012,24,train,247,-0.08059497148642247,-0.00020221728744939424,0.3967611336032389,0.02032074071428573,0.02030000000000002,-0.013700538657718139,0.9755324027675271,-0.27192903755657805,0.3967611336032389,0.9693877551020408,-0.0019868746862348238,0.5,247,-0.2455770184578523,-0.001002217287449394,0.3967611336032389,0.019520740714285736,0.01950000000000002,-0.014500538657718137,0.8854253764217951,-0.34920250357173654,0.3967611336032389,0.01020408163265306,-0.0027868746862348233,0.0
pullback_rsi35_L_tp0.022_sl0.012_h24,pullback_rsi35,1,0.022,0.012,24,test,87,-0.03612912714320149,-0.00028900622023480616,0.40229885057471265,0.019532549395416345,0.02035305000000002,-0.013630437884615392,0.9645257443822622,-0.12140124004441055,0.3793103448275862,0.9428571428571428,-0.0032263664501693905,0.5,87,-0.10099309308251658,-0.001089006220234805,0.40229885057471265,0.018732549395416354,0.01955305000000002,-0.01443043788461539,0.8737397166509728,-0.16587278702345165,0.3793103448275862,0.0,-0.004026366450169391,0.0
pullback_rsi35_L_tp0.022_sl0.018_h6,pullback_rsi35,1,0.022,0.018,6,train,234,0.0057704443856845256,0.0002116346990102946,0.5,0.019125709598251786,0.02030000000000002,-0.018702440200231187,1.0226317739016413,-0.19975783824633586,0.46153846153846156,0.8888888888888888,-0.0018324008388600705,0.5,234,-0.1660247227366327,-0.0005883653009897044,0.5,0.018325709598251787,0.01950000000000002,-0.019502440200231203,0.9396623914803509,-0.3114622105474796,0.46153846153846156,0.008547008547008548,-0.002632400838860069,0.0
pullback_rsi35_L_tp0.022_sl0.018_h6,pullback_rsi35,1,0.022,0.018,6,test,83,-0.08695016790134635,-0.0009309785130045292,0.46987951807228917,0.017486877274308817,0.02030000000000002,-0.01725589614266864,0.8982281766969391,-0.14773723757483137,0.3614457831325301,0.7692307692307693,-0.00425652831812991,0.0,83,-0.14570200230511832,-0.001730978513004528,0.46987951807228917,0.01668687727430882,0.01950000000000002,-0.018055896142668632,0.8191585232625325,-0.1968563631455693,0.3614457831325301,0.0,-0.005056528318129911,0.0
pullback_rsi35_L_tp0.022_sl0.018_h12,pullback_rsi35,1,0.022,0.018,12,train,230,0.015936302671712532,0.0002654843032417796,0.5,0.019988487816290267,0.02030000000000002,-0.019457519209806696,1.027288607594742,-0.20585416758694064,0.49130434782608695,0.9304347826086956,-0.0018769229061566086,0.5,230,-0.15488839099842933,-0.0005345156967582192,0.4956521739130435,0.019359567589565183,0.01950000000000002,-0.020085597547110538,0.9472350472443989,-0.30226795090132585,0.49130434782608695,0.008771929824561403,-0.0026769229061566076,0.0
pullback_rsi35_L_tp0.022_sl0.018_h12,pullback_rsi35,1,0.022,0.018,12,test,76,0.04544715554181855,0.000768715762143688,0.5131578947368421,0.019051288596842946,0.02030000000000002,-0.018502104252809588,1.0853407648163436,-0.0997524176915624,0.4473684210526316,0.8717948717948718,-0.002783545937996603,1.0,76,-0.016222228367847147,-3.128423785631038e-05,0.5,0.018742306440365685,0.01950522000000002,-0.018804874916078303,0.9966727523585323,-0.11626853131917414,0.4473684210526316,0.0,-0.003583545937996601,0.0
pullback_rsi35_L_tp0.022_sl0.018_h24,pullback_rsi35,1,0.022,0.018,24,train,227,0.0431716721127855,0.00038634735682819264,0.5022026431718062,0.020305651403508793,0.02030000000000002,-0.01970923371681418,1.0393781781659044,-0.1934518248862772,0.5022026431718062,0.9385964912280702,-0.0017398306277533113,0.5,227,-0.13012823884062286,-0.00041365264317180637,0.5022026431718062,0.01950565140350879,0.01950000000000002,-0.02050923371681418,0.9594833263554706,-0.2818257376870602,0.5022026431718062,0.008771929824561403,-0.00253983062775331,0.0
pullback_rsi35_L_tp0.022_sl0.018_h24,pullback_rsi35,1,0.022,0.018,24,test,72,0.06374887591433498,0.0010530399838829434,0.5277777777777778,0.019570914706304527,0.02030000000000002,-0.01964340823529413,1.1135224090433862,-0.09385314129610645,0.5,0.9473684210526315,-0.002824652061134535,1.0,72,0.004223438492655385,0.0002530399838829443,0.5277777777777778,0.01877091470630454,0.01950000000000002,-0.020443408235294124,1.0262113524059737,-0.10762591029074198,0.5,0.0,-0.0036246520611345335,0.5
pullback_rsi35_L_tp0.030_sl0.012_h6,pullback_rsi35,1,0.03,0.012,6,train,248,0.15799114130072844,0.0007702640148314223,0.3790322580645161,0.02396127549008146,0.028300000000000027,-0.013385288444087429,1.0926707834442997,-0.20656025623243235,0.3024193548387097,0.7978723404255319,-0.0012151977394727253,0.5,248,-0.050396187982549634,-2.973598516857725e-05,0.3790322580645161,0.023161275490081453,0.027500000000000028,-0.014185288444087427,0.99662421234796,-0.24002302843890722,0.3024193548387097,0.7978723404255319,-0.002015197739472725,0.5
pullback_rsi35_L_tp0.030_sl0.012_h6,pullback_rsi35,1,0.03,0.012,6,test,89,-0.020154728782973974,-6.902559335937048e-05,0.3595505617977528,0.022356458432829365,0.028300000000000027,-0.01265877101157059,0.9914859978454565,-0.14529789936345539,0.25842696629213485,0.71875,-0.0032724837206177105,0.5,89,-0.0875451687251928,-0.0008690255933593699,0.34831460674157305,0.022265940791184033,0.027500000000000028,-0.013234266247167049,0.899238479496699,-0.162335925191058,0.25842696629213485,0.7419354838709677,-0.004072483720617711,0.5
pullback_rsi35_L_tp0.030_sl0.012_h12,pullback_rsi35,1,0.03,0.012,12,train,245,0.11812983946202649,0.0006483242715874066,0.3510204081632653,0.02709093282902492,0.028300000000000027,-0.01365396714941653,1.073164833258529,-0.24579608393164365,0.3346938775510204,0.9534883720930233,-0.0013677938286286043,0.5,245,-0.08090793520147743,-0.00015167572841259339,0.3469387755102041,0.026603939172155217,0.027500000000000028,-0.01436559614433924,0.9838326612555303,-0.2781429496309862,0.3346938775510204,0.9647058823529412,-0.0021677938286286044,0.5
pullback_rsi35_L_tp0.030_sl0.012_h12,pullback_rsi35,1,0.03,0.012,12,test,84,-0.040375812007284906,-0.00031660984895642575,0.3333333333333333,0.025634502114629663,0.028300000000000027,-0.013292165830749469,0.9642710767017371,-0.1360272468611754,0.27380952380952384,0.8214285714285714,-0.0036546935646667375,0.5,84,-0.1028076889861732,-0.0011166098489564253,0.3333333333333333,0.024834502114629668,0.027500000000000028,-0.014092165830749471,0.8811456809726202,-0.17117539545781635,0.27380952380952384,0.8214285714285714,-0.004454693564666736,0.5
pullback_rsi35_L_tp0.030_sl0.012_h24,pullback_rsi35,1,0.03,0.012,24,train,240,0.14076747744635765,0.000745111830366354,0.3458333333333333,0.028073723123950935,0.028300000000000027,-0.013702497961783454,1.0831253146134363,-0.23867205503820987,0.3416666666666667,0.9879518072289156,-0.0012928267438725646,0.5,240,-0.05852504206986586,-5.488816963364583e-05,0.3458333333333333,0.027273723123950926,0.027500000000000028,-0.014502497961783451,0.9942144117197175,-0.27015163664166697,0.3416666666666667,0.9879518072289156,-0.002092826743872564,0.5
pullback_rsi35_L_tp0.030_sl0.012_h24,pullback_rsi35,1,0.03,0.012,24,test,81,0.020908338842633656,0.0004424792701337693,0.345679012345679,0.026719280672841867,0.028300000000000027,-0.01343960448978749,1.0503170985370776,-0.12493658300267063,0.32098765432098764,0.9285714285714286,-0.003082115020445925,0.5,81,-0.04316912745309176,-0.00035752072986623,0.345679012345679,0.025919280672841872,0.027500000000000028,-0.014239604489787488,0.9616281753883091,-0.1389255478903758,0.32098765432098764,0.9285714285714286,-0.003882115020445925,0.5
pullback_rsi35_L_tp0.030_sl0.018_h6,pullback_rsi35,1,0.03,0.018,6,train,226,-0.08083565315972796,-0.0001254327868051232,0.42920353982300885,0.024586890932310305,0.028300000000000027,-0.01870756767637254,0.9882533920225961,-0.25848251955601353,0.35398230088495575,0.8247422680412371,-0.002567788177498001,0.5,226,-0.23300484585776005,-0.0009254327868051218,0.42920353982300885,0.023786890932310303,0.027500000000000028,-0.019507567676372534,0.9168886209598696,-0.3596812627053041,0.35398230088495575,0.8247422680412371,-0.0033677881774980003,0.0
pullback_rsi35_L_tp0.030_sl0.018_h6,pullback_rsi35,1,0.03,0.018,6,test,82,-0.02692595675862053,-0.00012144795626275928,0.4268292682926829,0.022135386940656487,0.028282960000000027,-0.016695686709287734,0.9873088224891878,-0.14296668879729146,0.2926829268292683,0.6857142857142857,-0.0038945964711067107,0.5,82,-0.08876734844626943,-0.000921447956262758,0.4268292682926829,0.021335386940656495,0.02748296000000003,-0.017495686709287733,0.908112631915722,-0.16072236782032678,0.2926829268292683,0.6857142857142857,-0.004694596471106709,0.5
pullback_rsi35_L_tp0.030_sl0.018_h12,pullback_rsi35,1,0.03,0.018,12,train,221,-0.06834291233574463,-5.068364394771914e-05,0.416289592760181,0.027199182541470933,0.028300000000000027,-0.019484696737424586,0.9955436761540992,-0.24247228797494247,0.39819004524886875,0.9565217391304348,-0.002656328340409459,0.5,221,-0.21945696618882826,-0.0008506836439477174,0.4072398190045249,0.026992009043306814,0.027500000000000028,-0.01997925113900808,0.9281693403491663,-0.3447991411221889,0.39819004524886875,0.9777777777777777,-0.0034563283404094583,0.0
pullback_rsi35_L_tp0.030_sl0.018_h12,pullback_rsi35,1,0.03,0.018,12,test,74,0.057142965855518035,0.000995785302797351,0.44594594594594594,0.024867517589412542,0.028282960000000027,-0.018218048001063657,1.0986533263175196,-0.1496728984118102,0.35135135135135137,0.7878787878787878,-0.0032797011257842523,0.5,74,-0.003617128496264388,0.0001957853027973521,0.44594594594594594,0.024067517589412547,0.02748296000000003,-0.01901804800106366,1.018580697412953,-0.16328669793914052,0.35135135135135137,0.7878787878787878,-0.004079701125784251,0.5
pullback_rsi35_L_tp0.030_sl0.018_h24,pullback_rsi35,1,0.03,0.018,24,train,218,-0.060293954262207294,-9.506287109651205e-06,0.41284403669724773,0.028008691215667767,0.028300000000000027,-0.019709801406250022,0.9991785612193693,-0.24473076329241517,0.40825688073394495,0.9888888888888889,-0.0026737237848160765,0.5,218,-0.2108159235440472,-0.0008095062871096496,0.41284403669724773,0.02720869121566777,0.027500000000000028,-0.020509801406250024,0.9327789495409988,-0.3375457056071527,0.40825688073394495,0.9888888888888889,-0.003473723784816075,0.5
pullback_rsi35_L_tp0.030_sl0.018_h24,pullback_rsi35,1,0.03,0.018,24,test,70,0.15703604559212225,0.00235456616036661,0.4714285714285714,0.02651393421770909,0.028290490000000026,-0.019192978323209115,1.2320944958466349,-0.13374874796651126,0.42857142857142855,0.9090909090909091,-0.0020800649563862943,0.5,70,0.09410959982755385,0.0015545661603666111,0.4714285714285714,0.025713934217709088,0.027490490000000027,-0.019992978323209114,1.1471052019694792,-0.14623926507320872,0.42857142857142855,0.9090909090909091,-0.0028800649563862947,0.5
squeeze6_r0.15_L_tp0.022_sl0.012_h6,squeeze6_r0.15,1,0.022,0.012,6,train,178,-0.12612467662092186,-0.0006288324608354059,0.398876404494382,0.0187267385688103,0.02030000000000002,-0.013472248751534893,0.9223518552057325,-0.26006684480903564,0.3539325842696629,0.8169014084507042,-0.0025379529638708785,0.5,178,-0.24224924650748014,-0.0014288324608354057,0.398876404494382,0.017926738568810306,0.01950000000000002,-0.014272248751534895,0.8334574820941744,-0.3011127371012753,0.3539325842696629,0.0,-0.0033379529638708776,0.5
squeeze6_r0.15_L_tp0.022_sl0.012_h6,squeeze6_r0.15,1,0.022,0.012,6,test,106,-0.08229070408599604,-0.0006884142060433411,0.39622641509433965,0.017917189521161732,0.02030000000000002,-0.012898341652021673,0.9116021222324674,-0.18824381467083717,0.32075471698113206,0.8095238095238095,-0.003121545197857118,0.5,106,-0.15699939799901708,-0.0014884142060433408,0.39622641509433965,0.017117189521161733,0.01950000000000002,-0.013698341652021672,0.8200376300006024,-0.21080082742791661,0.32075471698113206,0.0,-0.003921545197857117,0.5
squeeze6_r0.15_L_tp0.022_sl0.012_h12,squeeze6_r0.15,1,0.022,0.012,12,train,172,-0.162600696096604,-0.0008967307465127722,0.37790697674418605,0.02017985525538161,0.02030000000000002,-0.013700264299065432,0.8947849696983836,-0.24636665130752344,0.37209302325581395,0.9076923076923077,-0.002870871589885898,0.5,172,-0.2704080999997903,-0.0016967307465127711,0.37790697674418605,0.01937985525538161,0.01950000000000002,-0.014500264299065438,0.8119030815215326,-0.30844465175553226,0.37209302325581395,0.0,-0.0036708715898858975,0.0
squeeze6_r0.15_L_tp0.022_sl0.012_h12,squeeze6_r0.15,1,0.022,0.012,12,test,100,-0.06416148035726332,-0.0005307925073673312,0.4,0.019169372231581668,0.02030000000000002,-0.013664235666666667,0.9352576901828742,-0.17844547255301324,0.37,0.9,-0.003292796694706156,0.5,100,-0.13619481269340283,-0.001330792507367331,0.4,0.018369372231581672,0.01950000000000002,-0.014464235666666665,0.8466571228931015,-0.20062752649792948,0.37,0.0,-0.004092796694706156,0.5
squeeze6_r0.15_L_tp0.022_sl0.012_h24,squeeze6_r0.15,1,0.022,0.012,24,train,172,-0.15872200342486353,-0.0008693787790697696,0.37790697674418605,0.020254894153846174,0.02030000000000002,-0.013701881028037396,0.8980062611909476,-0.24636665130752367,0.37790697674418605,0.9076923076923077,-0.0028467629738372184,0.5,172,-0.2670260893857169,-0.0016693787790697688,0.37790697674418605,0.019454894153846176,0.01950000000000002,-0.014501881028037398,0.8149559096513468,-0.3052389589182334,0.37790697674418605,0.0,-0.0036467629738372183,0.0
squeeze6_r0.15_L_tp0.022_sl0.012_h24,squeeze6_r0.15,1,0.022,0.012,24,test,98,-0.03551295870075988,-0.00023251226721810624,0.3979591836734694,0.020087443277246805,0.02034055000000002,-0.013664347288135592,0.9717361679565555,-0.15345933466831596,0.3877551020408163,0.9487179487179487,-0.0030030771702793326,0.5,98,-0.10830388476099773,-0.0010325122672181063,0.3979591836734694,0.01928744327724681,0.01954055000000002,-0.01446434728813559,0.8814311947927342,-0.1749768376735461,0.3877551020408163,0.05128205128205128,-0.003803077170279333,0.5
squeeze6_r0.15_L_tp0.022_sl0.018_h6,squeeze6_r0.15,1,0.022,0.018,6,train,166,-0.13182576581340077,-0.0006729746641105868,0.4759036144578313,0.018613912670747582,0.02030000000000002,-0.018186355117602488,0.9293939554031899,-0.2746940245272964,0.41566265060240964,0.810126582278481,-0.003074544006559416,0.0,166,-0.23993623874861836,-0.0014729746641105855,0.4759036144578313,0.017813912670747587,0.01950000000000002,-0.018986355117602483,0.8519724631353597,-0.2966046330999589,0.41566265060240964,0.0,-0.003874544006559415,0.0
squeeze6_r0.15_L_tp0.022_sl0.018_h6,squeeze6_r0.15,1,0.022,0.018,6,test,101,-0.09253805136143123,-0.0008006275604404018,0.4752475247524752,0.016916670726451675,0.02030000000000002,-0.01684648261272002,0.9094336631552714,-0.1945132523958475,0.3564356435643564,0.75,-0.003579684065164919,0.5,101,-0.1630799623976893,-0.0016006275604404012,0.4752475247524752,0.016116670726451676,0.01950000000000002,-0.017646482612720022,0.8271467131562774,-0.2336450099109072,0.3564356435643564,0.0,-0.004379684065164918,0.5
squeeze6_r0.15_L_tp0.022_sl0.018_h12,squeeze6_r0.15,1,0.022,0.018,12,train,158,-0.1031120733325166,-0.0004938737069805456,0.4810126582278481,0.019948099285401637,0.02030000000000002,-0.019440092577968915,0.9510490853048321,-0.19636623052126934,0.4620253164556962,0.868421052631579,-0.0029857084806531858,0.0,158,-0.20973485774117806,-0.0012938737069805443,0.4810126582278481,0.01914809928540164,0.01950000000000002,-0.020240092577968907,0.8768249839529816,-0.23220759005525216,0.4620253164556962,0.0,-0.0037857084806531835,0.0
squeeze6_r0.15_L_tp0.022_sl0.018_h12,squeeze6_r0.15,1,0.022,0.018,12,test,90,-0.17064270318952512,-0.0019015904674972162,0.4444444444444444,0.01833037278460293,0.02030000000000002,-0.018087161069177335,0.8107573196034642,-0.21375392425206274,0.3888888888888889,0.875,-0.005169155502355102,0.5,90,-0.22840512723144546,-0.0027015904674972152,0.43333333333333335,0.017985602044354756,0.01950000000000002,-0.01852120827067813,0.7425917078396738,-0.25763946333196164,0.3888888888888889,0.0,-0.0059691555023551005,0.0
squeeze6_r0.15_L_tp0.022_sl0.018_h24,squeeze6_r0.15,1,0.022,0.018,24,train,154,-0.08955611689158083,-0.0004113709842014303,0.4805194805194805,0.020203540945945963,0.02030000000000002,-0.019480164519587773,0.9593489498617174,-0.19559072940080435,0.4805194805194805,0.8918918918918919,-0.003096221917229637,0.0,154,-0.1952083579022389,-0.0012113709842014287,0.4805194805194805,0.019403540945945968,0.01950000000000002,-0.020280164519587772,0.8850162609708873,-0.23637475671812058,0.4805194805194805,0.0,-0.003896221917229635,0.0
squeeze6_r0.15_L_tp0.022_sl0.018_h24,squeeze6_r0.15,1,0.022,0.018,24,test,84,-0.13674975023428237,-0.0015565628954914443,0.4642857142857143,0.01936073401996716,0.02030000000000002,-0.019684886888888906,0.8523951858100803,-0.1910247899678249,0.42857142857142855,0.8974358974358975,-0.0050412447689957545,0.5,84,-0.19298123481759522,-0.002356562895491443,0.4642857142857143,0.01856073401996717,0.01950000000000002,-0.020484886888888904,0.7852603517521324,-0.2259993786068809,0.42857142857142855,0.05128205128205128,-0.005841244768995754,0.5
squeeze6_r0.15_L_tp0.030_sl0.012_h6,squeeze6_r0.15,1,0.03,0.012,6,train,169,-0.04325743966632134,-9.080644367967484e-05,0.3609467455621302,0.02360849487594046,0.028200000000000027,-0.013476522929761415,0.9894560882587304,-0.26688386712178813,0.27218934911242604,0.7704918032786885,-0.002441173334788869,0.5,169,-0.16433994620865855,-0.0008908064436796746,0.3609467455621302,0.022808494875940465,0.02740000000000003,-0.014276522929761419,0.9023608810730396,-0.3070032139664136,0.27218934911242604,0.7704918032786885,-0.0032411733347888685,0.5
squeeze6_r0.15_L_tp0.030_sl0.012_h6,squeeze6_r0.15,1,0.03,0.012,6,test,101,-0.016341322043955886,-4.4556206913671345e-06,0.36633663366336633,0.022110425920431886,0.028240100000000025,-0.012789621511653249,0.9994502162243694,-0.1645372273284338,0.24752475247524752,0.6756756756756757,-0.002894367305291445,0.5,101,-0.0927475897506076,-0.0008044556206913665,0.36633663366336633,0.021310425920431895,0.027440100000000026,-0.01358962151165325,0.9065808032022875,-0.19033142777977052,0.24752475247524752,0.6756756756756757,-0.0036943673052914454,0.5
squeeze6_r0.15_L_tp0.030_sl0.012_h12,squeeze6_r0.15,1,0.03,0.012,12,train,161,-0.02724825636435757,1.3617415725548894e-05,0.32919254658385094,0.02729388734829804,0.028300000000000027,-0.013373922458592431,1.0015178820176753,-0.2195215739164157,0.3105590062111801,0.9433962264150944,-0.002510429798427101,0.5,161,-0.1448887632047261,-0.0007863825842744506,0.32919254658385094,0.026493887348298047,0.027500000000000028,-0.014173922458592435,0.9172922979075385,-0.2592378878921552,0.3105590062111801,0.9433962264150944,-0.0033104297984271006,0.5
squeeze6_r0.15_L_tp0.030_sl0.012_h12,squeeze6_r0.15,1,0.03,0.012,12,test,90,0.022623338572666185,0.00042531619281228363,0.37777777777777777,0.023649294333914862,0.028299560000000026,-0.01367495625,1.0499850872506777,-0.15454886020291336,0.28888888888888886,0.7647058823529411,-0.0028758284058089537,0.5,90,-0.04843978442700991,-0.0003746838071877167,0.37777777777777777,0.022849294333914867,0.027499560000000027,-0.01447495625,0.9583991554787027,-0.17801610570552773,0.28888888888888886,0.7647058823529411,-0.003675828405808953,0.5
squeeze6_r0.15_L_tp0.030_sl0.012_h24,squeeze6_r0.15,1,0.03,0.012,24,train,157,-0.03659890147972833,-4.632637176084037e-05,0.3248407643312102,0.028243975686274538,0.028300000000000027,-0.013657698116664655,0.9949760585884173,-0.2202516640485821,0.3248407643312102,1.0,-0.0025376589203821636,0.5,157,-0.1503997989720004,-0.00084632637176084,0.3248407643312102,0.027443975686274533,0.027500000000000028,-0.014457698116664653,0.9132973226154378,-0.2587458704543275,0.3248407643312102,1.0,-0.003337658920382164,0.5
squeeze6_r0.15_L_tp0.030_sl0.012_h24,squeeze6_r0.15,1,0.03,0.012,24,test,88,0.020505575532614673,0.00042341179332528817,0.3409090909090909,0.02772195792708752,0.028300000000000027,-0.01369652586206897,1.04690371118856,-0.148452534043104,0.32954545454545453,0.9666666666666667,-0.003086695544031249,0.5,88,-0.04889158276626182,-0.0003765882066747116,0.3409090909090909,0.02692195792708752,0.027500000000000028,-0.014496525862068968,0.960585369517935,-0.17075817859485054,0.32954545454545453,0.9666666666666667,-0.003886695544031249,0.5
squeeze6_r0.15_L_tp0.030_sl0.018_h6,squeeze6_r0.15,1,0.03,0.018,6,train,154,0.07227958284008418,0.0006896576020583742,0.45454545454545453,0.023518448337862194,0.028200000000000027,-0.01833433467777814,1.068961993585337,-0.23898031343054893,0.33766233766233766,0.7571428571428571,-0.0022780482171586027,0.5,154,-0.0520330419481867,-0.00011034239794162474,0.45454545454545453,0.0227184483378622,0.02740000000000003,-0.019134334677778142,0.9894276754518543,-0.26430155247345266,0.33766233766233766,0.7571428571428571,-0.003078048217158602,0.5
squeeze6_r0.15_L_tp0.030_sl0.018_h6,squeeze6_r0.15,1,0.03,0.018,6,test,98,-0.10883723647595756,-0.0009774768694728437,0.41836734693877553,0.02057084785994934,0.028208580000000025,-0.016477149043267747,0.8980057616520979,-0.199246732213457,0.25510204081632654,0.6097560975609756,-0.004238028714775005,0.5,98,-0.1761504422729565,-0.0017774768694728419,0.41836734693877553,0.01977084785994934,0.027408580000000026,-0.017277149043267746,0.8231182207405336,-0.24119647413692236,0.25510204081632654,0.6097560975609756,-0.005038028714775004,0.5
squeeze6_r0.15_L_tp0.030_sl0.018_h12,squeeze6_r0.15,1,0.03,0.018,12,train,146,0.13325056578647376,0.0011182616486355348,0.4315068493150685,0.026950337970664283,0.028220090000000028,-0.0184892179692899,1.1063897165533383,-0.12977927962934843,0.3972602739726027,0.9206349206349206,-0.001936915277754147,1.0,146,0.008347754032646648,0.0003182616486355358,0.4315068493150685,0.026150337970664284,0.02742009000000003,-0.019289217969289896,1.0290231436170352,-0.13733226687681377,0.3972602739726027,0.9206349206349206,-0.002736915277754145,0.5
squeeze6_r0.15_L_tp0.030_sl0.018_h12,squeeze6_r0.15,1,0.03,0.018,12,test,81,-0.1890055346088767,-0.0023691474339663414,0.3950617283950617,0.02157935150828449,0.028213630000000024,-0.01800898347788525,0.7825337691603489,-0.24015384960947928,0.2716049382716049,0.6875,-0.006134817171459452,0.0,81,-0.2400493417905274,-0.003169147433966339,0.38271604938271603,0.021456865051962,0.027440100000000026,-0.018437275175241904,0.7215413452243978,-0.28458140408271204,0.2716049382716049,0.7096774193548387,-0.006934817171459452,0.0
squeeze6_r0.15_L_tp0.030_sl0.018_h24,squeeze6_r0.15,1,0.03,0.018,24,train,139,0.1363609401002348,0.0011973936551548715,0.4316546762589928,0.028176194000000026,0.028210045000000027,-0.01929283445485411,1.109201504980211,-0.15302735092010378,0.4316546762589928,1.0,-0.0020583077197215594,1.0,139,0.016797606968932177,0.0003973936551548725,0.4316546762589928,0.027376194000000024,0.02741004500000003,-0.020092834454854106,1.0347990534967237,-0.17785576842507578,0.4316546762589928,1.0,-0.002858307719721558,0.5
squeeze6_r0.15_L_tp0.030_sl0.018_h24,squeeze6_r0.15,1,0.03,0.018,24,test,74,-0.20233611590772937,-0.002796729677030215,0.36486486486486486,0.026641826070361665,0.028240100000000025,-0.01970824042553193,0.7765725643650349,-0.25144091684087533,0.33783783783783783,0.9259259259259259,-0.007319117150003192,0.0,74,-0.2483525838116395,-0.003596729677030213,0.36486486486486486,0.02584182607036166,0.027440100000000026,-0.020508240425531933,0.7238702116935914,-0.2923980875530592,0.33783783783783783,0.9259259259259259,-0.008119117150003189,0.0
squeeze6_r0.25_L_tp0.022_sl0.012_h6,squeeze6_r0.25,1,0.022,0.012,6,train,255,-0.34098503211412623,-0.0015094175448372384,0.37254901960784315,0.018615259356631858,0.02030000000000002,-0.013458444455084512,0.821254661330826,-0.41644093708528007,0.32941176470588235,0.8210526315789474,-0.003147015788672828,0.0,255,-0.46283512561265094,-0.0023094175448372385,0.37254901960784315,0.01781525935663186,0.01950000000000002,-0.014258444455084512,0.7418628502093126,-0.5033772944027906,0.32941176470588235,0.010526315789473684,-0.0039470157886728275,0.0
squeeze6_r0.25_L_tp0.022_sl0.012_h6,squeeze6_r0.25,1,0.022,0.012,6,test,134,-0.007728427770266388,6.251741831091993e-05,0.43283582089552236,0.01701200253006061,0.02030000000000002,-0.012872615956445422,1.0085629898403263,-0.16673944356980586,0.3283582089552239,0.7586206896551724,-0.0021830104769716037,0.5,134,-0.10865207666197085,-0.00073748258168908,0.4253731343283582,0.016503392163392205,0.01950000000000002,-0.013500208042333671,0.9049339653113618,-0.1950481089392475,0.3283582089552239,0.0,-0.002983010476971603,0.5
squeeze6_r0.25_L_tp0.022_sl0.012_h12,squeeze6_r0.25,1,0.022,0.012,12,train,243,-0.3326517037952492,-0.0015316270230880738,0.35802469135802467,0.02021040323677937,0.02030000000000002,-0.01365699005262953,0.8253053108390751,-0.4188935449449528,0.35390946502057613,0.896551724137931,-0.0031878634583962324,0.0,243,-0.45078789872365765,-0.0023316270230880737,0.35802469135802467,0.01941040323677937,0.01950000000000002,-0.014456990052629534,0.748774989465307,-0.5006938668368006,0.35390946502057613,0.011494252873563218,-0.003987863458396232,0.0
squeeze6_r0.25_L_tp0.022_sl0.012_h12,squeeze6_r0.25,1,0.022,0.012,12,test,123,-0.021438171745260748,-4.465249399381363e-05,0.42276422764227645,0.01855806333151463,0.02030000000000002,-0.013669176760563381,0.9943408640925095,-0.1450542699769436,0.37398373983739835,0.8653846153846154,-0.002488769175721729,0.5,123,-0.11320456790158628,-0.0008446524939938133,0.42276422764227645,0.017758063331514633,0.01950000000000002,-0.014469176760563385,0.8988697666630543,-0.19831511985166572,0.37398373983739835,0.0,-0.003288769175721729,0.5
squeeze6_r0.25_L_tp0.022_sl0.012_h24,squeeze6_r0.25,1,0.022,0.012,24,train,242,-0.324612938577038,-0.001488239876033057,0.359504132231405,0.020266466781609215,0.02030000000000002,-0.013698946193548396,0.8303829737484966,-0.41189363442515237,0.359504132231405,0.896551724137931,-0.0031839885991735563,0.0,242,-0.44372185604616765,-0.002288239876033057,0.359504132231405,0.019466466781609217,0.01950000000000002,-0.0144989461935484,0.7535954181426473,-0.494269903421092,0.359504132231405,0.011494252873563218,-0.0039839885991735545,0.0
squeeze6_r0.25_L_tp0.022_sl0.012_h24,squeeze6_r0.25,1,0.022,0.012,24,test,121,0.005126373561849862,0.00018027846071003707,0.4049586776859504,0.02033288306122451,0.02030000000000002,-0.013534688559084533,1.0223845541307195,-0.1289905940642787,0.4049586776859504,0.9795918367346939,-0.0023554857624304582,0.5,121,-0.08765283022974724,-0.0006197215392899628,0.4049586776859504,0.01953288306122451,0.01950000000000002,-0.014334688559084534,0.927345720037206,-0.1768650685376515,0.4049586776859504,0.04081632653061224,-0.0031554857624304577,0.5
squeeze6_r0.25_L_tp0.022_sl0.018_h6,squeeze6_r0.25,1,0.022,0.018,6,train,241,-0.3872762374233344,-0.001853103199415127,0.44813278008298757,0.018464844006009704,0.02030000000000002,-0.018351887396301458,0.8170281531672874,-0.43952902600118915,0.3900414937759336,0.8240740740740741,-0.0037957358264653534,0.0,241,-0.49497387674548754,-0.002653103199415126,0.44813278008298757,0.017664844006009702,0.01950000000000002,-0.019151887396301456,0.7489802080370396,-0.5184420241696706,0.3900414937759336,0.009259259259259259,-0.004595735826465352,0.0
squeeze6_r0.25_L_tp0.022_sl0.018_h6,squeeze6_r0.25,1,0.022,0.018,6,test,132,-0.060109933823296324,-0.00031455516088035347,0.49242424242424243,0.01631556968186133,0.02030000000000002,-0.016448258366525265,0.9623230252312309,-0.20670382136975196,0.3560606060606061,0.7230769230769231,-0.002833073764097581,0.5,132,-0.1543930819760817,-0.0011145551608803522,0.48484848484848486,0.01576420681079417,0.01950000000000002,-0.017000448781279903,0.8727358153123567,-0.24045071397214368,0.3560606060606061,0.0,-0.0036330737640975787,0.5
squeeze6_r0.25_L_tp0.022_sl0.018_h12,squeeze6_r0.25,1,0.022,0.018,12,train,223,-0.40806137936561226,-0.0021564306369323263,0.4349775784753363,0.0201153751879523,0.02030000000000002,-0.019302185914819695,0.8022742111367455,-0.4585706303159518,0.4260089686098655,0.8865979381443299,-0.004342369767404543,0.0,223,-0.5050400495756915,-0.0029564306369323254,0.4349775784753363,0.019315375187952295,0.01950000000000002,-0.020102185914819697,0.7397092547627611,-0.5310781147216125,0.4260089686098655,0.010309278350515464,-0.005142369767404543,0.0
squeeze6_r0.25_L_tp0.022_sl0.018_h12,squeeze6_r0.25,1,0.022,0.018,12,test,114,-0.06275635310189887,-0.0003960528861113956,0.49122807017543857,0.017774087948460714,0.02030000000000002,-0.017939637140181017,0.9566073287844591,-0.19897214404366148,0.41228070175438597,0.8214285714285714,-0.0033277766929161426,0.5,114,-0.1445401755173542,-0.0011960528861113943,0.4824561403508772,0.017286772608354876,0.01950000000000002,-0.018425805465698598,0.8745771279707047,-0.22836015479786997,0.41228070175438597,0.0,-0.004127776692916141,0.5
squeeze6_r0.25_L_tp0.022_sl0.018_h24,squeeze6_r0.25,1,0.022,0.018,24,train,217,-0.39064264245850766,-0.0020849913392179354,0.4377880184331797,0.020230461157894754,0.02030000000000002,-0.019461778119756502,0.8094444327688587,-0.4537621785985082,0.4377880184331797,0.8947368421052632,-0.004206243648414008,0.0,217,-0.4880103635457629,-0.0028849913392179345,0.4377880184331797,0.019430461157894756,0.01950000000000002,-0.020261778119756508,0.74673984887805,-0.5250132100361965,0.4377880184331797,0.010526315789473684,-0.005006243648414007,0.0
squeeze6_r0.25_L_tp0.022_sl0.018_h24,squeeze6_r0.25,1,0.022,0.018,24,test,107,-0.10910612544395581,-0.0008829884208776322,0.4766355140186916,0.019770214097374412,0.02030000000000002,-0.019692155000000027,0.9143243291609686,-0.21158388706748654,0.45794392523364486,0.9411764705882353,-0.004092025370290158,0.5,107,-0.18231131937656442,-0.001682988420877631,0.4766355140186916,0.018970214097374413,0.01950000000000002,-0.02049215500000003,0.843076044541796,-0.2295380824194585,0.45794392523364486,0.0392156862745098,-0.004892025370290156,0.0
squeeze6_r0.25_L_tp0.030_sl0.012_h6,squeeze6_r0.25,1,0.03,0.012,6,train,242,-0.32451884530198727,-0.0014595077669525402,0.32231404958677684,0.023502643047612997,0.028244270000000026,-0.01333175022753859,0.8384560269088569,-0.47292893483514664,0.24380165289256198,0.7692307692307693,-0.0033455612224747894,0.5,242,-0.44364724364347696,-0.00225950776695254,0.32231404958677684,0.022702643047612995,0.027444270000000028,-0.01413175022753859,0.7640666123297232,-0.5478839350413227,0.24380165289256198,0.7692307692307693,-0.004145561222474789,0.0
squeeze6_r0.25_L_tp0.030_sl0.012_h6,squeeze6_r0.25,1,0.03,0.012,6,test,128,0.02528185041785047,0.00035076361815725263,0.390625,0.02093737877215508,0.028193580000000027,-0.012845784557482377,1.0448094150076415,-0.14444488054998972,0.234375,0.62,-0.0021781517991148478,0.5,128,-0.07454454208007588,-0.0004492363818427473,0.390625,0.020137378772155077,0.02739358000000003,-0.013645784557482377,0.9459753729527188,-0.16487409895071314,0.234375,0.62,-0.002978151799114848,0.5
squeeze6_r0.25_L_tp0.030_sl0.012_h12,squeeze6_r0.25,1,0.03,0.012,12,train,226,-0.26297812185142055,-0.0011727099776673454,0.3008849557522124,0.027328389540961305,0.028300000000000027,-0.01343900597302651,0.8751826880400252,-0.40558454790187415,0.2831858407079646,0.9411764705882353,-0.003336143658127262,0.5,226,-0.38509422663282966,-0.0019727099776673455,0.3008849557522124,0.026528389540961306,0.027500000000000028,-0.014239005973026513,0.8018313635248928,-0.48349594191807954,0.2831858407079646,0.9411764705882353,-0.004136143658127261,0.0
squeeze6_r0.25_L_tp0.030_sl0.012_h12,squeeze6_r0.25,1,0.03,0.012,12,test,111,0.03799602274748337,0.0005101950831124975,0.38738738738738737,0.02294170940059273,0.028232890000000024,-0.01367443897058824,1.0609032989421892,-0.12744960185359344,0.27927927927927926,0.7441860465116279,-0.002413258834595109,1.0,111,-0.05022397586067795,-0.00028980491688750175,0.38738738738738737,0.02214170940059273,0.027432890000000026,-0.01447443897058824,0.9673172888144422,-0.14052670966628655,0.27927927927927926,0.7441860465116279,-0.0032132588345951097,0.5
squeeze6_r0.25_L_tp0.030_sl0.012_h24,squeeze6_r0.25,1,0.03,0.012,24,train,219,-0.26691942242292255,-0.0012350317368331133,0.2968036529680365,0.028233793692307718,0.028300000000000027,-0.013673172340041905,0.8715505573733932,-0.4087632458897128,0.2968036529680365,1.0,-0.0033428347984769497,0.5,219,-0.38494905514689215,-0.002035031736833113,0.2968036529680365,0.02743379369230772,0.027500000000000028,-0.014473172340041907,0.8000456544228589,-0.4833740018341641,0.2968036529680365,1.0,-0.004142834798476949,0.5
squeeze6_r0.25_L_tp0.030_sl0.012_h24,squeeze6_r0.25,1,0.03,0.012,24,test,108,0.05072380004188681,0.0006514434814718092,0.3425925925925926,0.027907158169001134,0.028300000000000027,-0.013552238820480095,1.073119144798707,-0.11628126804151828,0.3333333333333333,0.972972972972973,-0.002433555388898555,1.0,108,-0.03625859311286528,-0.00014855651852819035,0.3425925925925926,0.02710715816900114,0.027500000000000028,-0.014352238820480092,0.9842551884332567,-0.12576586255999822,0.3333333333333333,0.972972972972973,-0.003233555388898555,0.5
squeeze6_r0.25_L_tp0.030_sl0.018_h6,squeeze6_r0.25,1,0.03,0.018,6,train,224,-0.2915372421897041,-0.0013092068816835504,0.40625,0.023351289350038256,0.028210540000000027,-0.018182177987598473,0.8787284992611744,-0.438830597964609,0.30357142857142855,0.7582417582417582,-0.0036207606274680135,0.0,224,-0.4079987191012785,-0.00210920688168355,0.40625,0.022551289350038257,0.02741054000000003,-0.01898217798759847,0.8128587544258633,-0.5124106912367705,0.30357142857142855,0.7582417582417582,-0.004420760627468012,0.0
squeeze6_r0.25_L_tp0.030_sl0.018_h6,squeeze6_r0.25,1,0.03,0.018,6,test,124,-0.1178114491060358,-0.0008165820966269476,0.43548387096774194,0.019609387721032642,0.028143580000000026,-0.0165737588131072,0.9127224624665073,-0.20147510206389907,0.24193548387096775,0.5740740740740741,-0.003675736394701957,0.5,124,-0.20125119117943846,-0.0016165820966269465,0.43548387096774194,0.018809387721032644,0.027343580000000027,-0.0173737588131072,0.8351732779975938,-0.22615848492197943,0.24193548387096775,0.5740740740740741,-0.004475736394701956,0.0
squeeze6_r0.25_L_tp0.030_sl0.018_h12,squeeze6_r0.25,1,0.03,0.018,12,train,206,-0.2846015455278281,-0.001372031240964792,0.3786407766990291,0.02705501179084802,0.028290435000000027,-0.01869476058847572,0.881886009292417,-0.3630838669779686,0.34951456310679613,0.9230769230769231,-0.003951241421116144,0.0,206,-0.3935247959631243,-0.0021720312409647916,0.3786407766990291,0.026255011790848017,0.02749043500000003,-0.019494760588475723,0.8206896277303279,-0.4399491247936246,0.34951456310679613,0.9230769230769231,-0.004751241421116143,0.0
squeeze6_r0.25_L_tp0.030_sl0.018_h12,squeeze6_r0.25,1,0.03,0.018,12,test,103,-0.11190331192758896,-0.0009361134787602572,0.4368932038834951,0.021098170221409872,0.028187160000000027,-0.018031678418547428,0.9078062296481652,-0.18304190327546999,0.2815533980582524,0.6666666666666666,-0.0042622241396668625,0.0,103,-0.1822678290027906,-0.0017361134787602563,0.42718446601941745,0.020764573370662783,0.02739358000000003,-0.018516286722397777,0.8363147957134046,-0.2381247622320386,0.2815533980582524,0.6818181818181818,-0.005062224139666862,0.0
squeeze6_r0.25_L_tp0.030_sl0.018_h24,squeeze6_r0.25,1,0.03,0.018,24,train,194,-0.2128521853951083,-0.0009643959328698171,0.3865979381443299,0.028187283600000026,0.028280870000000027,-0.019337303201485263,0.9186955658076389,-0.3345450985810827,0.3865979381443299,1.0,-0.0037959646031388307,0.0,194,-0.3262085561057396,-0.0017643959328698168,0.3865979381443299,0.027387283600000027,0.02748087000000003,-0.020137303201485265,0.8571601098967905,-0.4096596194606039,0.3865979381443299,1.0,-0.004595964603138829,0.0
squeeze6_r0.25_L_tp0.030_sl0.018_h24,squeeze6_r0.25,1,0.03,0.018,24,test,93,-0.1715975023976295,-0.0017629343954931739,0.3870967741935484,0.02663279420053155,0.028300000000000027,-0.019697078771929846,0.8539698866728691,-0.2225945959711676,0.3548387096774194,0.9166666666666666,-0.0055058874792824775,0.0,93,-0.23114742449689885,-0.0025629343954931727,0.3870967741935484,0.025832794200531556,0.027500000000000028,-0.020497078771929834,0.795988987030694,-0.2762011268865784,0.3548387096774194,0.9166666666666666,-0.006305887479282475,0.0
squeeze18_r0.15_L_tp0.022_sl0.012_h6,squeeze18_r0.15,1,0.022,0.012,6,train,130,-0.2167892656988647,-0.0017525671226834257,0.35384615384615387,0.0194296410834564,0.02030000000000002,-0.013352347806998092,0.7968667158389753,-0.29633504137499933,0.33076923076923076,0.8478260869565217,-0.003977944755059374,0.0,130,-0.294327439331999,-0.0025525671226834254,0.35384615384615387,0.018629641083456404,0.01950000000000002,-0.014152347806998092,0.7208659967049702,-0.3268295157672153,0.33076923076923076,0.0,-0.004777944755059374,0.0
squeeze18_r0.15_L_tp0.022_sl0.012_h6,squeeze18_r0.15,1,0.022,0.012,6,test,75,-0.025240211947022084,-0.00021817150842551647,0.41333333333333333,0.017724911783248507,0.02030000000000002,-0.012859889282104941,0.9710819242032255,-0.12352433833393506,0.3333333333333333,0.8064516129032258,-0.003121977314197114,0.5,75,-0.08205337735959095,-0.0010181715084255163,0.4,0.017499695741239586,0.01950000000000002,-0.013363416341535582,0.8730150681028973,-0.13268848780273657,0.3333333333333333,0.0,-0.003921977314197115,0.5
squeeze18_r0.15_L_tp0.022_sl0.012_h12,squeeze18_r0.15,1,0.022,0.012,12,train,127,-0.22939427425179382,-0.0019196528346456696,0.3464566929133858,0.02028127750000002,0.02030000000000002,-0.013688820722891574,0.7854234356674765,-0.29222028045599124,0.3464566929133858,0.9090909090909091,-0.00432352231496063,0.0,127,-0.3040247073815633,-0.0027196528346456685,0.3464566929133858,0.01948127750000002,0.01950000000000002,-0.014488820722891576,0.7127856997050624,-0.3212623867353319,0.3464566929133858,0.0,-0.005123522314960628,0.0
squeeze18_r0.15_L_tp0.022_sl0.012_h12,squeeze18_r0.15,1,0.022,0.012,12,test,71,-0.03244923277844647,-0.0003306119360674205,0.39436619718309857,0.01992096755766287,0.02030971000000002,-0.013517686955240625,0.9596163064877455,-0.13023010621781383,0.38028169014084506,0.9285714285714286,-0.0034517150655027323,0.5,71,-0.08592633998600352,-0.0011306119360674205,0.39436619718309857,0.019120967557662866,0.01950971000000002,-0.014317686955240628,0.8696141097798009,-0.140706225150389,0.38028169014084506,0.0,-0.004251715065502732,0.0
squeeze18_r0.15_L_tp0.022_sl0.012_h24,squeeze18_r0.15,1,0.022,0.012,24,train,127,-0.22939427425179382,-0.0019196528346456696,0.3464566929133858,0.02028127750000002,0.02030000000000002,-0.013688820722891574,0.7854234356674765,-0.29222028045599124,0.3464566929133858,0.9090909090909091,-0.00432352231496063,0.0,127,-0.3040247073815633,-0.0027196528346456685,0.3464566929133858,0.01948127750000002,0.01950000000000002,-0.014488820722891576,0.7127856997050624,-0.3212623867353319,0.3464566929133858,0.0,-0.005123522314960628,0.0
squeeze18_r0.15_L_tp0.022_sl0.012_h24,squeeze18_r0.15,1,0.022,0.012,24,test,70,-0.023693946706990432,-0.0002067407455339239,0.4,0.019965700279022332,0.02032027500000002,-0.013655034761904758,0.9747662371256285,-0.13023010621781372,0.38571428571428573,0.9285714285714286,-0.003442214624771709,0.5,70,-0.07690983400897011,-0.0010067407455339231,0.4,0.01916570027902233,0.01952027500000002,-0.01445503476190476,0.8839227113463239,-0.14070622515038944,0.38571428571428573,0.03571428571428571,-0.00424221462477171,0.5
squeeze18_r0.15_L_tp0.022_sl0.018_h6,squeeze18_r0.15,1,0.022,0.018,6,train,121,-0.23874343423679845,-0.002077073570373946,0.4214876033057851,0.01919635914697676,0.02030000000000002,-0.017576288835872318,0.7957265004964252,-0.2665829063699958,0.38016528925619836,0.8235294117647058,-0.004894127016875779,0.0,121,-0.30916840555343594,-0.0028770735703739446,0.4214876033057851,0.018396359146976765,0.01950000000000002,-0.018376288835872317,0.7293671635189929,-0.3223819573844394,0.38016528925619836,0.0,-0.005694127016875777,0.0
squeeze18_r0.15_L_tp0.022_sl0.018_h6,squeeze18_r0.15,1,0.022,0.018,6,test,71,0.02859101695880839,0.0005529719948369924,0.5070422535211268,0.016763736029943136,0.02030000000000002,-0.01612095672698647,1.069582916729047,-0.11820647135352069,0.38028169014084506,0.75,-0.002926814883548171,0.5,71,-0.02821345854337487,-0.0002470280051630065,0.49295774647887325,0.01642894582955533,0.01950000000000002,-0.016459780344472506,0.9704009342106852,-0.13299232725308774,0.38028169014084506,0.0,-0.0037268148835481714,0.5
squeeze18_r0.15_L_tp0.022_sl0.018_h12,squeeze18_r0.15,1,0.022,0.018,12,train,115,-0.2593372605356459,-0.0024154767760689406,0.4260869565217391,0.020224437959183692,0.02030000000000002,-0.01922389832193832,0.7810649421281943,-0.274073567123048,0.4260869565217391,0.8775510204081632,-0.005439749159034761,0.0,115,-0.32463708514900036,-0.0032154767760689392,0.4260869565217391,0.019424437959183694,0.01950000000000002,-0.02002389832193832,0.7201981055089415,-0.3375547671888185,0.4260869565217391,0.0,-0.006239749159034759,0.0
squeeze18_r0.15_L_tp0.022_sl0.018_h12,squeeze18_r0.15,1,0.022,0.018,12,test,64,-0.042586867552459995,-0.0004917974242500084,0.46875,0.01996706872048534,0.020323785000000018,-0.018543738140192962,0.9500782247354157,-0.13051842182411222,0.453125,0.9333333333333333,-0.004504609796593497,0.5,64,-0.09043177753010245,-0.0012917974242500074,0.46875,0.019167068720485347,0.019523785000000023,-0.019343738140192964,0.8742942722178035,-0.1368565934394057,0.453125,0.0,-0.005304609796593495,0.0
squeeze18_r0.15_L_tp0.022_sl0.018_h24,squeeze18_r0.15,1,0.022,0.018,24,train,114,-0.2400372066715869,-0.0022086485087719297,0.43859649122807015,0.020209949200000018,0.02030000000000002,-0.019723177968750012,0.8005313767140676,-0.27230378804399336,0.43859649122807015,0.86,-0.005340478947368427,0.0,114,-0.3064696552851097,-0.0030086485087719287,0.43859649122807015,0.01940994920000002,0.01950000000000002,-0.020523177968750014,0.7388730359201575,-0.31973482617470306,0.43859649122807015,0.0,-0.0061404789473684255,0.0
squeeze18_r0.15_L_tp0.022_sl0.018_h24,squeeze18_r0.15,1,0.022,0.018,24,test,63,0.007340258244814324,0.0003111928681203062,0.5079365079365079,0.01967041720911187,0.02031407500000002,-0.019672522580645176,1.0321475913048188,-0.13051842182411244,0.47619047619047616,0.875,-0.0036646851427904214,0.5,63,-0.042194658135325636,-0.0004888071318796928,0.5079365079365079,0.01887041720911187,0.01951407500000002,-0.020472522580645178,0.9514772919730637,-0.1368565934394057,0.47619047619047616,0.03125,-0.0044646851427904205,0.5
squeeze18_r0.15_L_tp0.030_sl0.012_h6,squeeze18_r0.15,1,0.03,0.012,6,train,122,-0.10191114970738868,-0.0007085031935219275,0.32786885245901637,0.025262922654454113,0.028300000000000027,-0.013377491412046824,0.921202378310944,-0.2800185267560731,0.27049180327868855,0.85,-0.003476294057701732,0.5,122,-0.18553849826538338,-0.0015085031935219274,0.32786885245901637,0.02446292265445411,0.027500000000000028,-0.014177491412046824,0.8416956607734551,-0.30955210906806896,0.27049180327868855,0.85,-0.004276294057701732,0.5
squeeze18_r0.15_L_tp0.030_sl0.012_h6,squeeze18_r0.15,1,0.03,0.012,6,test,72,0.032696697698604726,0.0006066954139554603,0.3888888888888889,0.021566021117511148,0.028210715000000025,-0.012731057306489072,1.0779805078121258,-0.11665204068292157,0.25,0.6428571428571429,-0.002885109573828398,0.5,72,-0.02511220709293671,-0.00019330458604453933,0.375,0.021546933268399855,0.027499120000000026,-0.013237447298711173,0.9766354244370534,-0.12588270840344462,0.25,0.6666666666666666,-0.0036851095738283973,0.5
squeeze18_r0.15_L_tp0.030_sl0.012_h12,squeeze18_r0.15,1,0.03,0.012,12,train,116,-0.12467561636709268,-0.0009633291910863003,0.3017241379310345,0.028303900285714313,0.028300000000000027,-0.013609662915629775,0.8986321296999182,-0.281354740722609,0.3017241379310345,1.0,-0.003909487747120783,0.5,116,-0.20237881792592016,-0.0017633291910862999,0.3017241379310345,0.02750390028571431,0.027500000000000028,-0.014409662915629777,0.8247522115964289,-0.30862497237588227,0.3017241379310345,1.0,-0.004709487747120783,0.5
squeeze18_r0.15_L_tp0.030_sl0.012_h12,squeeze18_r0.15,1,0.03,0.012,12,test,65,0.027965235718047987,0.0006025308800772922,0.36923076923076925,0.02472632067834879,0.028300000000000027,-0.013518711928666997,1.070659977673151,-0.12673268882981037,0.2923076923076923,0.7916666666666666,-0.003262302422238167,0.5,65,-0.02413066179619916,-0.00019746911992270786,0.36923076923076925,0.023926320678348795,0.027500000000000028,-0.014318711928667,0.9781362456736982,-0.13706268689534784,0.2923076923076923,0.7916666666666666,-0.004062302422238167,0.5
squeeze18_r0.15_L_tp0.030_sl0.012_h24,squeeze18_r0.15,1,0.03,0.012,24,train,116,-0.12595934882752724,-0.0009759558652280338,0.3017241379310345,0.028303900285714313,0.028300000000000027,-0.013627745560079663,0.897439735461196,-0.28135474072260913,0.3017241379310345,1.0,-0.003922114421262517,0.5,116,-0.20354953026887812,-0.0017759558652280334,0.3017241379310345,0.02750390028571431,0.027500000000000028,-0.014427745560079665,0.8237185295884217,-0.3086249723758824,0.3017241379310345,1.0,-0.0047221144212625165,0.5
squeeze18_r0.15_L_tp0.030_sl0.012_h24,squeeze18_r0.15,1,0.03,0.012,24,test,63,0.03247136636185988,0.0007005894890892916,0.3492063492063492,0.027489684446028416,0.028300000000000027,-0.013674046829268288,1.0787269174843903,-0.11663081132798991,0.3333333333333333,0.9545454545454546,-0.0033200923283710237,0.5,63,-0.018279800174752392,-9.94105109107081e-05,0.3492063492063492,0.026689684446028428,0.027500000000000028,-0.01447404682926829,0.9894464389897826,-0.12707244096857717,0.3333333333333333,0.9545454545454546,-0.004120092328371024,0.5
squeeze18_r0.15_L_tp0.030_sl0.018_h6,squeeze18_r0.15,1,0.03,0.018,6,train,112,-0.12657502889885486,-0.000975996983411013,0.39285714285714285,0.024816921882613294,0.028276985000000025,-0.017665532720250267,0.9090022096292365,-0.23184373169418038,0.3125,0.8181818181818182,-0.004267599849877202,0.0,112,-0.20156205135525584,-0.0017759969834110119,0.39285714285714285,0.024016921882613288,0.02747698500000003,-0.01846553272025027,0.841587483751236,-0.24962857709734332,0.3125,0.8181818181818182,-0.0050675998498772,0.0
squeeze18_r0.15_L_tp0.030_sl0.018_h6,squeeze18_r0.15,1,0.03,0.018,6,test,68,0.01823194001124384,0.0004597689634279469,0.45588235294117646,0.019880417381874165,0.028122310000000025,-0.01581158511689186,1.0534406127788318,-0.11048059533419508,0.2647058823529412,0.5806451612903226,-0.003529092713885878,0.5,68,-0.035697363647605895,-0.0003402310365720529,0.4411764705882353,0.019727051526486097,0.027410715000000026,-0.01618282253372323,0.9623777319915227,-0.12539010914390802,0.2647058823529412,0.6,-0.004329092713885875,0.0
squeeze18_r0.15_L_tp0.030_sl0.018_h12,squeeze18_r0.15,1,0.03,0.018,12,train,103,-0.2053925550279161,-0.0019710618551350605,0.3592233009708738,0.028286210540540566,0.028300000000000027,-0.018933472137559276,0.8375337046155901,-0.2558868855915334,0.3592233009708738,1.0,-0.005631669945833454,0.0,103,-0.26841771644900636,-0.002771061855135059,0.3592233009708738,0.027486210540540564,0.027500000000000028,-0.01973347213755927,0.7808527614759171,-0.2971670830924643,0.3592233009708738,1.0,-0.006431669945833447,0.0
squeeze18_r0.15_L_tp0.030_sl0.018_h12,squeeze18_r0.15,1,0.03,0.018,12,test,57,-0.09985058359788246,-0.0016241056357828643,0.40350877192982454,0.022750603771707,0.028299120000000025,-0.01811287964673189,0.8496779427854024,-0.15160220072657193,0.2807017543859649,0.6956521739130435,-0.006203584905941324,0.0,57,-0.14007238676300404,-0.0024241056357828636,0.40350877192982454,0.021950603771707003,0.027499120000000026,-0.01891287964673189,0.785123054919475,-0.18629953778059205,0.2807017543859649,0.6956521739130435,-0.007003584905941324,0.0
squeeze18_r0.15_L_tp0.030_sl0.018_h24,squeeze18_r0.15,1,0.03,0.018,24,train,101,-0.20847070066582318,-0.0020467291125391353,0.36633663366336633,0.028257706756756783,0.028300000000000027,-0.019566481099475837,0.8349220606247717,-0.24712748653254435,0.36633663366336633,1.0,-0.005836331770954984,0.0,101,-0.27008669463951374,-0.0028467291125391344,0.36633663366336633,0.02745770675675678,0.027500000000000028,-0.02036648109947584,0.7794172513757692,-0.2895497492304411,0.36633663366336633,1.0,-0.006636331770954984,0.0
squeeze18_r0.15_L_tp0.030_sl0.018_h24,squeeze18_r0.15,1,0.03,0.018,24,test,57,-0.051961648112623826,-0.0006662800383750061,0.40350877192982454,0.02749277686141849,0.028300000000000027,-0.01971505382352943,0.9433428436025434,-0.13849170601958183,0.38596491228070173,0.9565217391304348,-0.005687380345392552,0.0,57,-0.09428769151270555,-0.0014662800383750054,0.40350877192982454,0.026692776861418493,0.027500000000000028,-0.02051505382352943,0.8801769968727625,-0.16963221088262093,0.38596491228070173,0.9565217391304348,-0.006487380345392551,0.0
squeeze18_r0.25_L_tp0.022_sl0.012_h6,squeeze18_r0.25,1,0.022,0.012,6,train,186,-0.2882562024126639,-0.0017004530151435383,0.3602150537634409,0.019208884999569274,0.02030000000000002,-0.013472937443595293,0.8027266925004363,-0.35814366817585197,0.3333333333333333,0.8656716417910447,-0.0035807056936531423,0.0,186,-0.38687597961315956,-0.002500453015143538,0.3602150537634409,0.01840888499956928,0.01950000000000002,-0.014272937443595292,0.7261761207358374,-0.42131655336100304,0.3333333333333333,0.0,-0.004380705693653141,0.0
squeeze18_r0.25_L_tp0.022_sl0.012_h6,squeeze18_r0.25,1,0.022,0.012,6,test,104,-0.08038423550250984,-0.0006871104122953121,0.40384615384615385,0.01703444152253538,0.02030000000000002,-0.01269203269072901,0.9091893054028083,-0.13993444689675838,0.3173076923076923,0.7857142857142857,-0.003176543889061183,0.0,104,-0.15389311698956176,-0.001487110412295312,0.38461538461538464,0.017064058936820253,0.01950000000000002,-0.01308159125549254,0.815270606397731,-0.20491628669498463,0.3173076923076923,0.0,-0.003976543889061182,0.0
squeeze18_r0.25_L_tp0.022_sl0.012_h12,squeeze18_r0.25,1,0.022,0.012,12,train,182,-0.27663685338490995,-0.001646831062158697,0.35714285714285715,0.020067213795186424,0.02030000000000002,-0.01371018931623932,0.8131508508953911,-0.34461257813217583,0.3516483516483517,0.9230769230769231,-0.0036365604478021995,0.0,182,-0.37486067254571576,-0.0024468310621586966,0.35714285714285715,0.01926721379518643,0.01950000000000002,-0.014510189316239326,0.7376890425552813,-0.40908353869467473,0.3516483516483517,0.0,-0.0044365604478022,0.0
squeeze18_r0.25_L_tp0.022_sl0.012_h12,squeeze18_r0.25,1,0.022,0.012,12,test,100,-0.13180177259098602,-0.001282680092449101,0.37,0.01962880864406588,0.02030000000000002,-0.013564030620243613,0.8498971136421664,-0.18259886008845916,0.35,0.918918918918919,-0.003976562252260423,0.0,100,-0.19867673044544287,-0.002082680092449101,0.37,0.01882880864406588,0.01950000000000002,-0.014364030620243612,0.7698528007920797,-0.24378364080995718,0.35,0.0,-0.0047765622522604224,0.0
squeeze18_r0.25_L_tp0.022_sl0.012_h24,squeeze18_r0.25,1,0.022,0.012,24,train,182,-0.29088114094057405,-0.0017556464835164804,0.3516483516483517,0.02029137468750002,0.02030000000000002,-0.013713352881355936,0.8025383326126457,-0.35751830458663414,0.3516483516483517,0.9375,-0.003790625607142856,0.0,182,-0.38718056087865027,-0.0025556464835164803,0.3516483516483517,0.01949137468750002,0.01950000000000002,-0.014513352881355938,0.7284046034895141,-0.4207289823544431,0.3516483516483517,0.0,-0.004590625607142854,0.0
squeeze18_r0.25_L_tp0.022_sl0.012_h24,squeeze18_r0.25,1,0.022,0.012,24,test,99,-0.10277171781655292,-0.0009603426262626246,0.37373737373737376,0.020316511621621642,0.02030000000000002,-0.013657820161290331,0.8877236407807725,-0.1552673140023404,0.37373737373737376,0.972972972972973,-0.0037024414595959614,0.0,99,-0.17119813150059593,-0.001760342626262624,0.37373737373737376,0.01951651162162164,0.01950000000000002,-0.01445782016129033,0.8055813638528143,-0.2178518267229076,0.37373737373737376,0.02702702702702703,-0.0045024414595959605,0.0
squeeze18_r0.25_L_tp0.022_sl0.018_h6,squeeze18_r0.25,1,0.022,0.018,6,train,181,-0.3318216600160966,-0.00204341181704117,0.43646408839779005,0.01917042027377167,0.02030000000000002,-0.018473732750121704,0.8037183739834681,-0.3730577845557248,0.39779005524861877,0.8607594936708861,-0.00428321004304836,0.0,181,-0.42213077479249617,-0.0028434118170411688,0.43646408839779005,0.01837042027377167,0.01950000000000002,-0.019273732750121703,0.7382104332699054,-0.4495121855499953,0.39779005524861877,0.0,-0.005083210043048359,0.0
squeeze18_r0.25_L_tp0.022_sl0.018_h6,squeeze18_r0.25,1,0.022,0.018,6,test,99,-0.09562071800483485,-0.0008589256289836232,0.47474747474747475,0.016364028207313513,0.02030000000000002,-0.016425826211790652,0.9004456619657553,-0.19250094153878083,0.35353535353535354,0.7446808510638298,-0.003564081690845452,0.5,99,-0.16458863019397063,-0.001658925628983622,0.45454545454545453,0.016271669761556876,0.01950000000000002,-0.01660108845443404,0.8167973346154712,-0.2427188241708106,0.35353535353535354,0.0,-0.004364081690845451,0.0
squeeze18_r0.25_L_tp0.022_sl0.018_h12,squeeze18_r0.25,1,0.022,0.018,12,train,172,-0.33793728196435135,-0.0022017905916876415,0.436046511627907,0.020061429689161574,0.02030000000000002,-0.019415620705746314,0.7989141806588654,-0.36484884260069683,0.43023255813953487,0.9066666666666666,-0.004548032748504401,0.0,172,-0.42328511600377394,-0.0030017905916876397,0.436046511627907,0.01926142968916157,0.01950000000000002,-0.020215620705746312,0.7367005062006521,-0.4395713837070939,0.43023255813953487,0.0,-0.005348032748504399,0.0
squeeze18_r0.25_L_tp0.022_sl0.018_h12,squeeze18_r0.25,1,0.022,0.018,12,test,91,-0.15145969386634928,-0.0016204683927304017,0.43956043956043955,0.01968828599576094,0.02030000000000002,-0.01833321693272361,0.842284962563723,-0.20975952999598413,0.4175824175824176,0.925,-0.004958546069714611,0.0,91,-0.211175783405806,-0.0024204683927304014,0.43956043956043955,0.01888828599576094,0.01950000000000002,-0.019133216932723608,0.7742734538342342,-0.26069521241583293,0.4175824175824176,0.0,-0.00575854606971461,0.0
squeeze18_r0.25_L_tp0.022_sl0.018_h24,squeeze18_r0.25,1,0.022,0.018,24,train,171,-0.33659030422274006,-0.00220023695906433,0.43859649122807015,0.02024515080000002,0.02030000000000002,-0.019735696145833353,0.8014170843342274,-0.3635566168820913,0.43859649122807015,0.9066666666666666,-0.00474170904678363,0.0,171,-0.42164836063927136,-0.0030002369590643283,0.43859649122807015,0.019445150800000022,0.01950000000000002,-0.02053569614583335,0.7397618251954096,-0.4379808498582326,0.43859649122807015,0.0,-0.005541709046783629,0.0
squeeze18_r0.25_L_tp0.022_sl0.018_h24,squeeze18_r0.25,1,0.022,0.018,24,test,88,-0.07700997653781083,-0.000712807467284609,0.4772727272727273,0.020051552925689414,0.02030000000000002,-0.019671571304347844,0.9306800836879221,-0.16585711294767158,0.4659090909090909,0.9285714285714286,-0.00423584285227273,0.5,88,-0.13984540683556423,-0.001512807467284608,0.4772727272727273,0.019251552925689412,0.01950000000000002,-0.020471571304347843,0.8586299792953114,-0.21771310399248633,0.4659090909090909,0.023809523809523808,-0.0050358428522727285,0.5
squeeze18_r0.25_L_tp0.030_sl0.012_h6,squeeze18_r0.25,1,0.03,0.012,6,train,176,-0.17990276969482255,-0.0009558256562585035,0.32386363636363635,0.025041030545566008,0.028300000000000027,-0.013408101315955956,0.8945668681832181,-0.32936662001518957,0.26704545454545453,0.8421052631578947,-0.0031269723143361734,0.5,176,-0.28778214840386585,-0.001755825656258503,0.32386363636363635,0.02424103054556601,0.027500000000000028,-0.01420810131595596,0.8172274160339379,-0.3914682653512245,0.26704545454545453,0.8421052631578947,-0.003926972314336173,0.5
squeeze18_r0.25_L_tp0.030_sl0.012_h6,squeeze18_r0.25,1,0.03,0.012,6,test,100,-0.01785698390695245,-2.232507500307873e-05,0.37,0.021427159794534915,0.028300000000000027,-0.012619641585684125,0.9971919466374372,-0.12587119274674763,0.25,0.6756756756756757,-0.0029774902734018916,0.5,100,-0.09342120094409323,-0.0008223250750030788,0.35,0.02182630645497475,0.027500000000000028,-0.013017742052683445,0.9028160571253641,-0.1528284041951702,0.25,0.7142857142857143,-0.0037774902734018915,0.0
squeeze18_r0.25_L_tp0.030_sl0.012_h12,squeeze18_r0.25,1,0.03,0.012,12,train,168,-0.16249160420696007,-0.0008721358342459633,0.30952380952380953,0.027640815884859418,0.028300000000000027,-0.01365380384625872,0.9074914733354758,-0.3533559765739255,0.2976190476190476,0.9615384615384616,-0.003272161799844008,0.5,168,-0.2679776447358503,-0.0016721358342459633,0.30952380952380953,0.026840815884859426,0.027500000000000028,-0.014453803846258722,0.8324514437446288,-0.4099570039042153,0.2976190476190476,0.9615384615384616,-0.0040721617998440065,0.5
squeeze18_r0.25_L_tp0.030_sl0.012_h12,squeeze18_r0.25,1,0.03,0.012,12,test,93,-0.05063626283239708,-0.0003854626183886882,0.34408602150537637,0.02474039236141248,0.028300000000000027,-0.0135662390012352,0.9566812499391841,-0.1593602865860385,0.26881720430107525,0.8125,-0.003504326812010143,0.5,93,-0.11877954636042831,-0.0011854626183886883,0.34408602150537637,0.023940392361412478,0.027500000000000028,-0.0143662390012352,0.8741950034694572,-0.18749950926591497,0.26881720430107525,0.8125,-0.004304326812010143,0.0
squeeze18_r0.25_L_tp0.030_sl0.012_h24,squeeze18_r0.25,1,0.03,0.012,24,train,168,-0.2049034136940726,-0.0011812761926574497,0.2976190476190476,0.028292700600000026,0.028300000000000027,-0.013670249409885192,0.8769724749102301,-0.36608953019624435,0.2976190476190476,1.0,-0.0036157933525768154,0.5,168,-0.3050765273017979,-0.0019812761926574496,0.2976190476190476,0.027492700600000027,0.027500000000000028,-0.014470249409885194,0.8050621020271757,-0.4215852338111895,0.2976190476190476,1.0,-0.004415793352576816,0.5
squeeze18_r0.25_L_tp0.030_sl0.012_h24,squeeze18_r0.25,1,0.03,0.012,24,test,88,-0.016597591235574694,-6.790653063445699e-07,0.32954545454545453,0.027812175250104886,0.028300000000000027,-0.013671404067796612,0.9999259152049224,-0.18376748863533088,0.3181818181818182,0.9655172413793104,-0.003322212014169985,0.0,88,-0.08349860568783318,-0.0008006790653063451,0.32954545454545453,0.027012175250104895,0.027500000000000028,-0.014471404067796612,0.9174763432382228,-0.2047641403174003,0.3181818181818182,0.9655172413793104,-0.004122212014169985,0.0
squeeze18_r0.25_L_tp0.030_sl0.018_h6,squeeze18_r0.25,1,0.03,0.018,6,train,170,-0.18880483088441713,-0.0009896874748045131,0.4,0.02505128328691575,0.028300000000000027,-0.01835033464928469,0.9101117687388612,-0.3190386533474886,0.32941176470588235,0.8382352941176471,-0.003810446040315622,0.0,170,-0.29213457199061543,-0.0017896874748045113,0.4,0.024251283286915754,0.027500000000000028,-0.019150334649284687,0.8442422802194252,-0.3889021142297874,0.32941176470588235,0.8382352941176471,-0.0046104460403156204,0.0
squeeze18_r0.25_L_tp0.030_sl0.018_h6,squeeze18_r0.25,1,0.03,0.018,6,test,92,-0.1086559944450115,-0.0010514233703782401,0.42391304347826086,0.01991512333193792,0.028256700000000027,-0.016479636981516547,0.8892504569360804,-0.1967796620792539,0.2608695652173913,0.6153846153846154,-0.0043313859890923454,0.0,92,-0.17201561756209482,-0.0018514233703782385,0.40217391304347827,0.02016771955329468,0.027500000000000028,-0.016664301337212747,0.8141580434530048,-0.24613331310154718,0.2608695652173913,0.6486486486486487,-0.005131385989092346,0.0
squeeze18_r0.25_L_tp0.030_sl0.018_h12,squeeze18_r0.25,1,0.03,0.018,12,train,157,-0.1902812115505872,-0.0010812878573745863,0.3885350318471338,0.02745418453574697,0.028300000000000027,-0.019213202607170576,0.9079614044795051,-0.30743193969964533,0.36942675159235666,0.9508196721311475,-0.00409017604155704,0.5,157,-0.28603438692425776,-0.0018812878573745847,0.3885350318471338,0.02665418453574698,0.027500000000000028,-0.020013202607170575,0.8462670079777405,-0.36133067803983165,0.36942675159235666,0.9508196721311475,-0.004890176041557039,0.0
squeeze18_r0.25_L_tp0.030_sl0.018_h12,squeeze18_r0.25,1,0.03,0.018,12,test,82,-0.1593158898178585,-0.0018925626359663436,0.3902439024390244,0.023431277688565295,0.028300000000000027,-0.01809982044366659,0.8285174854278254,-0.2294551323283428,0.2804878048780488,0.75,-0.005538820741743143,0.0,82,-0.21283638279033823,-0.0026925626359663433,0.3902439024390244,0.022631277688565293,0.027500000000000028,-0.018899820443666587,0.7663574246037583,-0.2750870635381558,0.2804878048780488,0.75,-0.006338820741743143,0.0
squeeze18_r0.25_L_tp0.030_sl0.018_h24,squeeze18_r0.25,1,0.03,0.018,24,train,156,-0.24348786553392143,-0.0015181114767080328,0.3782051282051282,0.028256880169491554,0.028300000000000027,-0.01962867340583974,0.8756156965232874,-0.3313802684915119,0.3782051282051282,1.0,-0.0045799211626054714,0.0,156,-0.3324518441371984,-0.002318111476708031,0.3782051282051282,0.027456880169491556,0.027500000000000028,-0.020428673405839738,0.8175066616496075,-0.3990271705628863,0.3782051282051282,1.0,-0.005379921162605471,0.0
squeeze18_r0.25_L_tp0.030_sl0.018_h24,squeeze18_r0.25,1,0.03,0.018,24,test,78,-0.10558092775947492,-0.0011645124635349207,0.3974358974358974,0.02694653509175087,0.028300000000000027,-0.01970584170212768,0.9019278048883962,-0.23492547970527755,0.3717948717948718,0.9354838709677419,-0.005350595408328734,0.5,78,-0.1597969730367751,-0.00196451246353492,0.38461538461538464,0.027023032741768063,0.027500000000000028,-0.02008172821684928,0.8410329669452572,-0.2526421094223319,0.3717948717948718,0.9666666666666667,-0.006150595408328735,0.5
breakout6_v1_S_tp0.022_sl0.012_h6,breakout6_v1,-1,0.022,0.012,6,train,204,-0.48619503098368355,-0.003145449700308221,0.29411764705882354,0.0198032490654277,0.02040000000000002,-0.012707407519364854,0.6493341592049583,-0.5243581324597391,0.28431372549019607,0.9333333333333333,-0.004821127170582537,0.0,204,-0.5638326936688763,-0.003945449700308221,0.29411764705882354,0.019003249065427705,0.01960000000000002,-0.013507407519364854,0.5861983828189505,-0.5930094607065304,0.28431372549019607,0.0,-0.005621127170582534,0.0
breakout6_v1_S_tp0.022_sl0.012_h6,breakout6_v1,-1,0.022,0.012,6,test,255,-0.1439608795622377,-0.000478071944467039,0.3803921568627451,0.020064782112123158,0.02040000000000002,-0.01308982411844963,0.94105560150188,-0.1905596376806159,0.37254901960784315,0.979381443298969,-0.0021457723741637935,0.0,255,-0.302094839554251,-0.0012780719444670388,0.3803921568627451,0.01926478211212316,0.01960000000000002,-0.01388982411844963,0.8514948042520811,-0.33162212236565536,0.37254901960784315,0.010309278350515464,-0.002945772374163793,0.0
breakout6_v1_S_tp0.022_sl0.012_h12,breakout6_v1,-1,0.022,0.012,12,train,198,-0.46978125563896267,-0.003078309437686208,0.30808080808080807,0.02019056454043896,0.02040000000000013,-0.013438902960793036,0.6689503912741679,-0.5100380467791319,0.30303030303030304,0.9508196721311475,-0.004856009034534343,0.0,198,-0.5477214218685947,-0.003878309437686208,0.30808080808080807,0.019390564540438963,0.01960000000000013,-0.014238902960793037,0.6063497334119887,-0.5790654879314066,0.30303030303030304,0.01639344262295082,-0.0056560090345343424,0.0
breakout6_v1_S_tp0.022_sl0.012_h12,breakout6_v1,-1,0.022,0.012,12,test,253,-0.1290899924348322,-0.00041079816992530737,0.38735177865612647,0.02029285295820752,0.02040000000000002,-0.013500848560615742,0.9503343347095162,-0.20461354392399833,0.383399209486166,0.9795918367346939,-0.002207585660376014,0.0,253,-0.2888242248737878,-0.0012107981699253072,0.38735177865612647,0.01949285295820752,0.01960000000000002,-0.014300848560615741,0.8618029504343719,-0.31891296677012126,0.383399209486166,0.01020408163265306,-0.003007585660376013,0.0
breakout6_v1_S_tp0.022_sl0.012_h24,breakout6_v1,-1,0.022,0.012,24,train,197,-0.46684255829555465,-0.0030645263959390885,0.3096446700507614,0.020413430327868867,0.02040000000000013,-0.013595080514705895,0.6734806673012855,-0.5073224696600386,0.3096446700507614,0.9672131147540983,-0.004948594045685286,0.0,197,-0.5448486647603843,-0.003864526395939088,0.3096446700507614,0.019613430327868872,0.01960000000000013,-0.014395080514705895,0.6111254715567531,-0.5763918202626168,0.3096446700507614,0.01639344262295082,-0.0057485940456852855,0.0
breakout6_v1_S_tp0.022_sl0.012_h24,breakout6_v1,-1,0.022,0.012,24,test,251,-0.1432546281120578,-0.00047948175298804716,0.38645418326693226,0.020372775463917546,0.02040000000000002,-0.013613695714285725,0.9425950892825588,-0.21325380007552464,0.38645418326693226,0.9896907216494846,-0.002114174950199206,0.0,251,-0.29927938439828317,-0.0012794817529880465,0.38645418326693226,0.019572775463917544,0.01960000000000002,-0.014413695714285725,0.8553189180452716,-0.32892578474219003,0.38645418326693226,0.010309278350515464,-0.002914174950199206,0.0
breakout6_v1_S_tp0.022_sl0.018_h6,breakout6_v1,-1,0.022,0.018,6,train,191,-0.5253592342570207,-0.003727626713583998,0.3717277486910995,0.019072968300004624,0.02040000000000013,-0.0172179787632906,0.6554102390672275,-0.5639861321983706,0.3403141361256545,0.8873239436619719,-0.005874415181937951,0.0,191,-0.5928939305156083,-0.0045276267135839965,0.3717277486910995,0.01827296830000463,0.01960000000000013,-0.018017978763290598,0.600039903820761,-0.6230448858460318,0.3403141361256545,0.0,-0.006674415181937948,0.0
breakout6_v1_S_tp0.022_sl0.018_h6,breakout6_v1,-1,0.022,0.018,6,test,239,-0.17852010604475832,-0.0006389990866528923,0.46443514644351463,0.019469638672371316,0.02040000000000002,-0.018076958393306697,0.9339971315333959,-0.24250970674100714,0.4351464435146444,0.9279279279279279,-0.0026811575790164155,0.0,239,-0.3216670179079305,-0.0014389990866528906,0.46443514644351463,0.01866963867237132,0.01960000000000002,-0.018876958393306695,0.8576634513289814,-0.3337815541144664,0.4351464435146444,0.009009009009009009,-0.0034811575790164146,0.0
breakout6_v1_S_tp0.022_sl0.018_h12,breakout6_v1,-1,0.022,0.018,12,train,184,-0.47825586664993935,-0.0033468173796172202,0.40217391304347827,0.01960877627131163,0.020407380000000072,-0.018789671290242078,0.702053717638441,-0.5386028332080313,0.3804347826086957,0.918918918918919,-0.0057303815796566114,0.0,184,-0.5499450907618133,-0.004146817379617218,0.40217391304347827,0.01880877627131163,0.019607380000000077,-0.01958967129024208,0.6459106218203702,-0.5991620396328782,0.3804347826086957,0.02702702702702703,-0.006530381579656612,0.0
breakout6_v1_S_tp0.022_sl0.018_h12,breakout6_v1,-1,0.022,0.018,12,test,234,-0.12338656239335122,-0.00037006764556393675,0.47863247863247865,0.01989174818692962,0.02040000000000002,-0.01897107890162359,0.9625850547964191,-0.24628359026472169,0.4658119658119658,0.9464285714285714,-0.0024286601755402057,0.0,234,-0.27320124355217534,-0.001170067645563935,0.47863247863247865,0.01909174818692961,0.01960000000000002,-0.01977107890162359,0.8864893454610125,-0.29263087929189646,0.4658119658119658,0.008928571428571428,-0.003228660175540205,0.0
breakout6_v1_S_tp0.022_sl0.018_h24,breakout6_v1,-1,0.022,0.018,24,train,178,-0.4539672793287629,-0.0032038805800265603,0.4044943820224719,0.02032365424406,0.020450790000000017,-0.019184847630349507,0.7195650726537806,-0.49618707665385586,0.398876404494382,0.9583333333333334,-0.005705679887477849,0.0,178,-0.5267094198802444,-0.0040038805800265585,0.4044943820224719,0.019523654244060003,0.019650790000000022,-0.019984847630349505,0.6635702357034752,-0.5605275321053995,0.398876404494382,0.05555555555555555,-0.0065056798874778485,0.0
breakout6_v1_S_tp0.022_sl0.018_h24,breakout6_v1,-1,0.022,0.018,24,test,233,-0.05991573339803413,-6.697332452916851e-05,0.4892703862660944,0.0202350079489576,0.02040000000000002,-0.01951593017476019,0.9932807382147939,-0.2064875056899893,0.48497854077253216,0.9649122807017544,-0.0022804445965665236,0.0,233,-0.21991066372279644,-0.0008669733245291667,0.4892703862660944,0.019435007948957594,0.01960000000000002,-0.02031593017476018,0.9164439342011126,-0.254655186187963,0.48497854077253216,0.017543859649122806,-0.0030804445965665226,0.0
breakout6_v1_S_tp0.030_sl0.012_h6,breakout6_v1,-1,0.03,0.012,6,train,194,-0.4129691040589969,-0.002593147048693453,0.26804123711340205,0.024904632013741993,0.028400000000000026,-0.012662756282824742,0.7202228239920667,-0.44489059721657387,0.22164948453608246,0.8269230769230769,-0.004564896620017279,0.0,194,-0.49761573297951045,-0.0033931470486934534,0.26804123711340205,0.02410463201374199,0.027600000000000027,-0.01346275628282474,0.6556642753996559,-0.5207190535565943,0.22164948453608246,0.8269230769230769,-0.005364896620017278,0.0
breakout6_v1_S_tp0.030_sl0.012_h6,breakout6_v1,-1,0.03,0.012,6,test,241,-0.12494718769651492,-0.00038119564575731104,0.3278008298755187,0.02554317663599621,0.028399999999999915,-0.013023327807846992,0.956456033517727,-0.2509731062963034,0.27800829875518673,0.8734177215189873,-0.0023171845984790917,0.5,241,-0.27854704144570397,-0.0011811956457573106,0.3278008298755187,0.024743176635996213,0.027599999999999916,-0.013823327807846992,0.8728807685986322,-0.29477944469207507,0.27800829875518673,0.8734177215189873,-0.003117184598479091,0.0
breakout6_v1_S_tp0.030_sl0.012_h12,breakout6_v1,-1,0.03,0.012,12,train,186,-0.4029002430580577,-0.0026063770662551524,0.26881720430107525,0.026836544626103753,0.028400000000000026,-0.013430980629622398,0.7345983865848836,-0.4281822547139815,0.24731182795698925,0.92,-0.004765862078644973,0.0,186,-0.48571005124198807,-0.003406377066255152,0.26881720430107525,0.026036544626103754,0.027600000000000027,-0.014230980629622397,0.6726352387684056,-0.5035081343269805,0.24731182795698925,0.92,-0.005565862078644973,0.0
breakout6_v1_S_tp0.030_sl0.012_h12,breakout6_v1,-1,0.03,0.012,12,test,234,-0.11794961603138754,-0.0003514745807332615,0.32051282051282054,0.02754293860005142,0.028400000000000026,-0.013509216647141132,0.9617102537610853,-0.21769734007428543,0.3076923076923077,0.96,-0.0024427210222273386,0.0,234,-0.2686885550586363,-0.0011514745807332605,0.32051282051282054,0.026742938600051426,0.027600000000000027,-0.014309216647141132,0.8815712271565778,-0.2839395937173639,0.3076923076923077,0.96,-0.0032427210222273385,0.0
breakout6_v1_S_tp0.030_sl0.012_h24,breakout6_v1,-1,0.03,0.012,24,train,183,-0.4050064265374286,-0.002667023223830517,0.26229508196721313,0.028025574584146184,0.028400000000000026,-0.013579946888888902,0.7337767093318177,-0.430199259534919,0.25136612021857924,0.9791666666666666,-0.004944495599488746,0.0,183,-0.48629377933564855,-0.0034670232238305184,0.26229508196721313,0.02722557458414619,0.027600000000000027,-0.014379946888888901,0.6731738560220283,-0.5040716612848126,0.25136612021857924,0.9791666666666666,-0.005744495599488744,0.0
breakout6_v1_S_tp0.030_sl0.012_h24,breakout6_v1,-1,0.03,0.012,24,test,233,-0.08627113837067579,-0.00019839216212746966,0.3218884120171674,0.028074902482990684,0.028400000000000026,-0.013619259873417732,0.9785182411138755,-0.22196912700775728,0.31759656652360513,0.9866666666666667,-0.002379473055641568,0.0,233,-0.24179627779746726,-0.0009983921621274686,0.3218884120171674,0.027274902482990686,0.027600000000000027,-0.014419259873417734,0.8978926446172515,-0.26451247102941444,0.31759656652360513,0.9866666666666667,-0.0031794730556415677,0.0
breakout6_v1_S_tp0.030_sl0.018_h6,breakout6_v1,-1,0.03,0.018,6,train,181,-0.41370049223952987,-0.0027336297255965663,0.35359116022099446,0.023521625643182355,0.028400000000000026,-0.017095478816210673,0.7526276628271774,-0.47189717348341287,0.26519337016574585,0.765625,-0.005197193082547834,0.0,181,-0.49299844987040253,-0.003533629725596565,0.35359116022099446,0.022721625643182357,0.027600000000000027,-0.01789547881621067,0.6945286883014578,-0.5396920638967423,0.26519337016574585,0.765625,-0.005997193082547833,0.0
breakout6_v1_S_tp0.030_sl0.018_h6,breakout6_v1,-1,0.03,0.018,6,test,222,-0.234219061676451,-0.0009663540264982646,0.4009009009009009,0.02441742661507737,0.028397189999999916,-0.017952492952063914,0.9101510866269763,-0.33527000368998994,0.31981981981981983,0.8202247191011236,-0.0033512982665067307,0.0,222,-0.35903832938615476,-0.0017663540264982634,0.4009009009009009,0.023617426615077368,0.027597189999999917,-0.018752492952063913,0.8427755532301121,-0.41956996959462567,0.31981981981981983,0.8202247191011236,-0.004151298266506729,0.0
breakout6_v1_S_tp0.030_sl0.018_h12,breakout6_v1,-1,0.03,0.018,12,train,171,-0.4441130370695281,-0.003189470334581697,0.34502923976608185,0.02634410209877395,0.028400000000000026,-0.01874733438429583,0.7402490592445727,-0.480336833599164,0.30994152046783624,0.8983050847457628,-0.005975802669462193,0.0,171,-0.5154567466528335,-0.003989470334581696,0.34502923976608185,0.02554410209877395,0.027600000000000027,-0.019547334384295827,0.6883940186085171,-0.5437807103860761,0.30994152046783624,0.8983050847457628,-0.0067758026694621915,0.0
breakout6_v1_S_tp0.030_sl0.018_h12,breakout6_v1,-1,0.03,0.018,12,test,213,-0.11757065258224297,-0.00032746724179570093,0.4131455399061033,0.02635545106056283,0.028399999999999915,-0.01911224172665611,0.9708038341079781,-0.32684179137106173,0.3755868544600939,0.9090909090909091,-0.0028676694558183095,0.5,213,-0.25598122259414413,-0.001127467241795699,0.4131455399061033,0.025555451060562836,0.027599999999999916,-0.019912241726656107,0.9035164294210032,-0.3663859203217663,0.3755868544600939,0.9090909090909091,-0.003667669455818308,0.0
breakout6_v1_S_tp0.030_sl0.018_h24,breakout6_v1,-1,0.03,0.018,24,train,164,-0.33590036964820336,-0.0022333749682792825,0.3597560975609756,0.028160048983712157,0.028431739999999914,-0.01931158461749352,0.8193665063138116,-0.43420014738730384,0.3475609756097561,0.9830508474576272,-0.005076025279148366,0.5,164,-0.4177979290447844,-0.003033374968279281,0.3597560975609756,0.02736004898371216,0.027631739999999915,-0.020111584617493516,0.7644222025410653,-0.4738396316361574,0.3475609756097561,0.9830508474576272,-0.005876025279148365,0.0
breakout6_v1_S_tp0.030_sl0.018_h24,breakout6_v1,-1,0.03,0.018,24,test,205,0.038110276867890924,0.00045617949971915047,0.4195121951219512,0.027924945852024426,0.028399999999999915,-0.019395197864131724,1.0405180419502686,-0.282142352975977,0.4097560975609756,0.9767441860465116,-0.002302762871168278,0.5,205,-0.1189830266811579,-0.00034382050028084767,0.4195121951219512,0.02712494585202443,0.027599999999999916,-0.020195197864131723,0.9706714525009181,-0.32198539382142477,0.4097560975609756,0.9767441860465116,-0.0031027628711682766,0.5
breakout6_v1.5_S_tp0.022_sl0.012_h6,breakout6_v1.5,-1,0.022,0.012,6,train,169,-0.315728196201009,-0.0021210782777570146,0.3254437869822485,0.02003648334833295,0.02040000000000002,-0.012811129939467081,0.7545567384076858,-0.3708445815163386,0.31952662721893493,0.9454545454545454,-0.0040777728998883525,0.0,169,-0.40248426975990914,-0.002921078277757014,0.3254437869822485,0.019236483348332948,0.01960000000000002,-0.013611129939467084,0.6818507759043554,-0.44534752032194513,0.31952662721893493,0.0,-0.004877772899888351,0.0
breakout6_v1.5_S_tp0.022_sl0.012_h6,breakout6_v1.5,-1,0.022,0.012,6,test,205,-0.1139032854038724,-0.0004574123087484401,0.3804878048780488,0.02019299886242962,0.02040000000000002,-0.013140342004432605,0.9438109980053174,-0.21015616472485532,0.375609756097561,0.9871794871794872,-0.0022881307399082247,0.0,205,-0.24807095016262615,-0.0012574123087484396,0.3804878048780488,0.019392998862429626,0.01960000000000002,-0.013940342004432608,0.8544023320855639,-0.30745236587365743,0.375609756097561,0.01282051282051282,-0.003088130739908224,0.0
breakout6_v1.5_S_tp0.022_sl0.012_h12,breakout6_v1.5,-1,0.022,0.012,12,train,167,-0.32736389314585135,-0.0022457023496494657,0.32934131736526945,0.020398562727272737,0.02040000000000002,-0.01336565394992376,0.7494696014737728,-0.38260071975111487,0.32934131736526945,0.9636363636363636,-0.004235060736280705,0.0,167,-0.411712178333409,-0.003045702349649465,0.32934131736526945,0.019598562727272735,0.01960000000000002,-0.014165653949923763,0.6794105115408647,-0.45528422562774373,0.32934131736526945,0.01818181818181818,-0.005035060736280704,0.0
breakout6_v1.5_S_tp0.022_sl0.012_h12,breakout6_v1.5,-1,0.022,0.012,12,test,204,-0.08412873832029488,-0.0002944973152001844,0.39215686274509803,0.0202772228738042,0.02040000000000002,-0.013566574856493334,0.964287553181533,-0.20524033535118158,0.3872549019607843,0.975,-0.0021664813999787503,0.5,204,-0.22216225559695302,-0.0010944973152001835,0.39215686274509803,0.0194772228738042,0.01960000000000002,-0.014366574856493338,0.8746656991443232,-0.2835897353121176,0.3872549019607843,0.0125,-0.002966481399978751,0.0
breakout6_v1.5_S_tp0.022_sl0.012_h24,breakout6_v1.5,-1,0.022,0.012,24,train,167,-0.33420776302065125,-0.0023060467180577196,0.33532934131736525,0.02009266657293504,0.02040000000000002,-0.013606298468468479,0.7450109092523687,-0.38888257154551276,0.32934131736526945,0.9464285714285714,-0.004264042519111169,0.0,167,-0.41770266802899203,-0.003106046718057719,0.33532934131736525,0.01929266657293504,0.01960000000000002,-0.014406298468468479,0.6756237357745053,-0.46083102451294633,0.32934131736526945,0.017857142857142856,-0.005064042519111168,0.0
breakout6_v1.5_S_tp0.022_sl0.012_h24,breakout6_v1.5,-1,0.022,0.012,24,test,203,-0.10138432822821508,-0.00038972270935960817,0.3891625615763547,0.020375157721519,0.02040000000000002,-0.013618961048387107,0.9531525357877323,-0.20524033535118147,0.3891625615763547,0.9873417721518988,-0.0022385017389162554,0.5,203,-0.23621779465020132,-0.0011897227093596073,0.3891625615763547,0.019575157721519,0.01960000000000002,-0.014418961048387111,0.8649215291489194,-0.29653527893728115,0.3891625615763547,0.012658227848101266,-0.0030385017389162553,0.0
breakout6_v1.5_S_tp0.022_sl0.018_h6,breakout6_v1.5,-1,0.022,0.018,6,train,162,-0.38710986890193577,-0.0028458063189569904,0.3888888888888889,0.019567736297552926,0.02040000000000002,-0.017108969802190576,0.7278168101109841,-0.4339795649061986,0.37037037037037035,0.9206349206349206,-0.005348092684304992,0.0,162,-0.4618598987115906,-0.0036458063189569894,0.3888888888888889,0.018767736297552927,0.01960000000000002,-0.01790896980219057,0.666878388234467,-0.49912218377253537,0.37037037037037035,0.0,-0.006148092684304991,0.0
breakout6_v1.5_S_tp0.022_sl0.018_h6,breakout6_v1.5,-1,0.022,0.018,6,test,197,-0.09410433408901109,-0.0003184301354771255,0.467005076142132,0.01967082611556513,0.02040000000000002,-0.01783282608877129,0.9664979860993314,-0.2298022863566821,0.4467005076142132,0.9456521739130435,-0.0026267229275113817,0.0,197,-0.22632412809833802,-0.0011184301354771238,0.467005076142132,0.018870826115565127,0.01960000000000002,-0.018632826088771287,0.8873821953540822,-0.3056095559735894,0.4467005076142132,0.010869565217391304,-0.0034267229275113803,0.0
breakout6_v1.5_S_tp0.022_sl0.018_h12,breakout6_v1.5,-1,0.022,0.018,12,train,159,-0.36508041782408807,-0.0026692209533280514,0.41509433962264153,0.019695913289549758,0.02040000000000002,-0.018541251706338108,0.7538727771214182,-0.41596004804154585,0.39622641509433965,0.9090909090909091,-0.0051658764638896956,0.0,159,-0.4411619112597347,-0.003469220953328049,0.41509433962264153,0.01889591328954976,0.01960000000000002,-0.01934125170633811,0.6933368730880034,-0.4819216921697662,0.39622641509433965,0.045454545454545456,-0.005965876463889693,0.0
breakout6_v1.5_S_tp0.022_sl0.018_h12,breakout6_v1.5,-1,0.022,0.018,12,test,193,-0.0811838898642866,-0.00024663113833254543,0.48704663212435234,0.019602375014159235,0.02040000000000002,-0.019093162232617665,0.9748178875395455,-0.20230978986035886,0.46632124352331605,0.925531914893617,-0.00253587373123199,0.0,193,-0.21276506939823692,-0.001046631138332544,0.48704663212435234,0.018802375014159232,0.01960000000000002,-0.01989316223261767,0.8974319872173002,-0.2710484979014237,0.46632124352331605,0.010638297872340425,-0.003335873731231989,0.0
breakout6_v1.5_S_tp0.022_sl0.018_h24,breakout6_v1.5,-1,0.022,0.018,24,train,152,-0.3754392142281704,-0.0029030937181603058,0.4144736842105263,0.020015917518360016,0.02040000000000013,-0.019126663469854466,0.7407758729029891,-0.401168549879962,0.40131578947368424,0.9206349206349206,-0.005512038806615806,0.0,152,-0.44719821753487,-0.003703093718160305,0.4144736842105263,0.019215917518360017,0.01960000000000013,-0.019926663469854465,0.6826169726482084,-0.46809263596788186,0.40131578947368424,0.07936507936507936,-0.0063120388066158035,0.0
breakout6_v1.5_S_tp0.022_sl0.018_h24,breakout6_v1.5,-1,0.022,0.018,24,test,190,-0.044879736107939605,-4.1965473684209934e-05,0.48947368421052634,0.020370684731182816,0.02040000000000002,-0.01961285690721651,0.9958088506554655,-0.191918999196937,0.48947368421052634,0.967741935483871,-0.0025530143289473734,0.0,190,-0.1796678943432951,-0.0008419654736842085,0.48947368421052634,0.019570684731182817,0.01960000000000002,-0.02041285690721651,0.9192072560374221,-0.23918472006637648,0.48947368421052634,0.010752688172043012,-0.0033530143289473694,0.0
breakout6_v1.5_S_tp0.030_sl0.012_h6,breakout6_v1.5,-1,0.03,0.012,6,train,161,-0.1797185947746951,-0.0010629231252414642,0.2981366459627329,0.026345749457010504,0.028400000000000026,-0.012705545107083008,0.880805563183482,-0.2809035760524621,0.2670807453416149,0.8958333333333334,-0.0033062205581167615,0.5,161,-0.27901677929148727,-0.0018629231252414635,0.2981366459627329,0.025545749457010505,0.027600000000000027,-0.01350554510708301,0.8034693689673321,-0.3326662383646988,0.2670807453416149,0.8958333333333334,-0.00410622055811676,0.5
breakout6_v1.5_S_tp0.030_sl0.012_h6,breakout6_v1.5,-1,0.03,0.012,6,test,196,-0.057445764399633004,-0.00012414275344494006,0.32653061224489793,0.026547337328810997,0.028399999999999915,-0.013055769459993274,0.9858810941842615,-0.17201519495878237,0.29081632653061223,0.90625,-0.0023448190038339676,0.5,196,-0.1943449400862931,-0.0009241427534449398,0.32653061224489793,0.025747337328810994,0.027599999999999916,-0.013855769459993271,0.9009645786039882,-0.21115674079155256,0.29081632653061223,0.90625,-0.0031448190038339667,0.0
breakout6_v1.5_S_tp0.030_sl0.012_h12,breakout6_v1.5,-1,0.03,0.012,12,train,158,-0.19320927812539823,-0.0011813211361854225,0.2974683544303797,0.027586837933492862,0.028400000000000026,-0.013362433535058208,0.8741606331346908,-0.2705050767493593,0.2848101265822785,0.9574468085106383,-0.0035994306776650866,0.5,158,-0.2891797753981833,-0.001981321136185422,0.2974683544303797,0.026786837933492857,0.027600000000000027,-0.014162433535058205,0.800863396280811,-0.32260488923264674,0.2848101265822785,0.9574468085106383,-0.004399430677665086,0.0
breakout6_v1.5_S_tp0.030_sl0.012_h12,breakout6_v1.5,-1,0.03,0.012,12,test,193,-0.031480498815943836,2.183991087400201e-05,0.3316062176165803,0.027407461171935252,0.02839999999999997,-0.0135648249008153,1.002408819555916,-0.19551137790493123,0.3160621761658031,0.953125,-0.002361000228325846,0.0,193,-0.17014376394356412,-0.0007781600891259975,0.3316062176165803,0.02660746117193525,0.027599999999999972,-0.014364824900815299,0.9189531360562243,-0.2115870115803713,0.3160621761658031,0.953125,-0.0031610002283258463,0.0
breakout6_v1.5_S_tp0.030_sl0.012_h24,breakout6_v1.5,-1,0.03,0.012,24,train,157,-0.201801122035149,-0.0012558837316708287,0.29936305732484075,0.027632186045269815,0.028400000000000026,-0.013598968090909103,0.868189366512482,-0.2876767325468693,0.28662420382165604,0.9574468085106383,-0.00374035861751855,0.5,157,-0.29619267530074234,-0.002055883731670829,0.29936305732484075,0.02683218604526981,0.027600000000000027,-0.014398968090909101,0.796214092417494,-0.3384281123200942,0.28662420382165604,0.9574468085106383,-0.00454035861751855,0.5
breakout6_v1.5_S_tp0.030_sl0.012_h24,breakout6_v1.5,-1,0.03,0.012,24,test,191,-0.01333796421538369,0.00012057626295444829,0.3298429319371728,0.028028386765465103,0.028400000000000026,-0.013615299218750012,1.0132147218718166,-0.1955113779049309,0.32460732984293195,0.9841269841269841,-0.0021726859636198937,0.0,191,-0.15323202234854882,-0.0006794237370455515,0.3298429319371728,0.027228386765465098,0.027600000000000027,-0.014415299218750014,0.9296700268070764,-0.2115870115803714,0.32460732984293195,0.9841269841269841,-0.002972685963619894,0.0
breakout6_v1.5_S_tp0.030_sl0.018_h6,breakout6_v1.5,-1,0.03,0.018,6,train,153,-0.17918621068835872,-0.0010604471531752552,0.37254901960784315,0.025524892291873474,0.028400000000000026,-0.016845492448672936,0.8996712232947394,-0.278738920926222,0.3202614379084967,0.8596491228070176,-0.0037718387280019023,0.5,153,-0.27391934117600436,-0.0018604471531752538,0.37254901960784315,0.024724892291873468,0.027600000000000027,-0.017645492448672934,0.8319634513461222,-0.34199705131353253,0.3202614379084967,0.8596491228070176,-0.0045718387280019,0.0
breakout6_v1.5_S_tp0.030_sl0.018_h6,breakout6_v1.5,-1,0.03,0.018,6,test,185,-0.0567579045905624,-7.404369890134489e-05,0.40540540540540543,0.025694245694671682,0.028399999999999915,-0.01764333192179204,0.9929419205162978,-0.20753725498488484,0.34594594594594597,0.8666666666666667,-0.00278500271132028,0.0,185,-0.1866339112258807,-0.0008740436989013433,0.40540540540540543,0.02489424569467168,0.027599999999999916,-0.01844333192179204,0.9202973415677127,-0.2666948934617952,0.34594594594594597,0.8666666666666667,-0.003585002711320278,0.0
breakout6_v1.5_S_tp0.030_sl0.018_h12,breakout6_v1.5,-1,0.03,0.018,12,train,149,-0.12219031579014994,-0.0006215475021442989,0.3959731543624161,0.02656527338956691,0.028400000000000026,-0.018444018975599427,0.9442092083304621,-0.22943583825313718,0.3624161073825503,0.9152542372881356,-0.0036165574223237127,0.5,149,-0.22097145558245157,-0.0014215475021442977,0.3959731543624161,0.025765273389566915,0.027600000000000027,-0.019244018975599422,0.8777048147975126,-0.28718537526895893,0.3624161073825503,0.9152542372881356,-0.00441655742232371,0.0
breakout6_v1.5_S_tp0.030_sl0.018_h12,breakout6_v1.5,-1,0.03,0.018,12,test,179,0.09011576109323127,0.0007431877497211248,0.441340782122905,0.025862689724420643,0.028399999999999915,-0.01910121881029149,1.069645088369129,-0.21948248426544315,0.39106145251396646,0.8860759493670886,-0.0020751180741885693,0.5,179,-0.055350747621640384,-5.681225027887344e-05,0.441340782122905,0.02506268972442064,0.027599999999999916,-0.019901218810291492,0.9948900653287326,-0.23387348176508693,0.39106145251396646,0.8860759493670886,-0.0028751180741885683,0.5
breakout6_v1.5_S_tp0.030_sl0.018_h24,breakout6_v1.5,-1,0.03,0.018,24,train,144,-0.08035460728003374,-0.0003124201438134621,0.4027777777777778,0.027826135243580706,0.02840745500000008,-0.019289585405079294,0.9728805938394454,-0.22503754612555582,0.3888888888888889,0.9655172413793104,-0.0034002052937914876,0.5,144,-0.18054124646117498,-0.0011124201438134603,0.4027777777777778,0.027026135243580704,0.027607455000000083,-0.02008958540507929,0.9072824576798365,-0.25752082009977306,0.3888888888888889,0.9655172413793104,-0.004200205293791486,0.0
breakout6_v1.5_S_tp0.030_sl0.018_h24,breakout6_v1.5,-1,0.03,0.018,24,test,173,0.09695255153488991,0.0008104528118349603,0.4277456647398844,0.027925726236252214,0.028399999999999915,-0.019457529343790043,1.0727865186621708,-0.21730161594114983,0.4161849710982659,0.972972972972973,-0.0020800656539641557,0.5,173,-0.04484663061992866,1.045281183496188e-05,0.4277456647398844,0.027125726236252205,0.027599999999999916,-0.020257529343790045,1.000901690646066,-0.23111599788366244,0.4161849710982659,0.972972972972973,-0.002880065653964154,0.5
breakout18_v1_S_tp0.022_sl0.012_h6,breakout18_v1,-1,0.022,0.012,6,train,150,-0.3309790144989446,-0.002554848071694041,0.32,0.019963632794964832,0.02040000000000002,-0.013151780244239394,0.7143254032971864,-0.3820077581554374,0.31333333333333335,0.9166666666666666,-0.004602027016833228,0.0,150,-0.4068598951696799,-0.003354848071694042,0.32,0.019163632794964833,0.01960000000000002,-0.013951780244239395,0.6463820373411151,-0.4481746150722019,0.31333333333333335,0.0,-0.005402027016833228,0.0
breakout18_v1_S_tp0.022_sl0.012_h6,breakout18_v1,-1,0.022,0.012,6,test,182,-0.16300608661292026,-0.0008485286382861781,0.37362637362637363,0.01967566327051259,0.02040000000000002,-0.013091029075113513,0.8965193247973542,-0.2165652264233221,0.35714285714285715,0.9558823529411765,-0.0028294711912772554,0.0,182,-0.27657469760073927,-0.0016485286382861774,0.37362637362637363,0.018875663270512592,0.01960000000000002,-0.013891029075113515,0.8105351665441786,-0.3071816979605384,0.35714285714285715,0.014705882352941176,-0.003629471191277254,0.0
breakout18_v1_S_tp0.022_sl0.012_h12,breakout18_v1,-1,0.022,0.012,12,train,149,-0.3348995118061071,-0.0026081547099998837,0.3221476510067114,0.02037851541666667,0.02040000000000002,-0.013532512789999831,0.7156718903718925,-0.3856292244061327,0.3221476510067114,0.9375,-0.004705793352348999,0.0,149,-0.40986662591061995,-0.0034081547099998845,0.3221476510067114,0.019578515416666675,0.01960000000000002,-0.01433251278999983,0.6491981640924197,-0.45097191428529104,0.3221476510067114,0.020833333333333332,-0.005505793352348998,0.0
breakout18_v1_S_tp0.022_sl0.012_h12,breakout18_v1,-1,0.022,0.012,12,test,181,-0.15370033827907081,-0.0007881379201928958,0.3756906077348066,0.020258031175063772,0.02040000000000002,-0.013453089234152657,0.9061616566494017,-0.23600282574859155,0.3701657458563536,0.9705882352941176,-0.002814233712850484,0.5,181,-0.2679399103490373,-0.0015881379201928953,0.3756906077348066,0.019458031175063773,0.01960000000000002,-0.01425308923415266,0.8215241977304981,-0.29891223513921383,0.3701657458563536,0.014705882352941176,-0.0036142337128504845,0.0
breakout18_v1_S_tp0.022_sl0.012_h24,breakout18_v1,-1,0.022,0.012,24,train,149,-0.34023050697272306,-0.0026616459731543685,0.3221476510067114,0.02037851541666667,0.02040000000000002,-0.013611425643564368,0.7115227503358614,-0.3905536045461848,0.3221476510067114,0.9375,-0.004722076171140944,0.0,149,-0.41460054402764124,-0.003461645973154369,0.3221476510067114,0.019578515416666675,0.01960000000000002,-0.014411425643564365,0.6456433402377604,-0.45537609496009,0.3221476510067114,0.020833333333333332,-0.005522076171140944,0.0
breakout18_v1_S_tp0.022_sl0.012_h24,breakout18_v1,-1,0.022,0.012,24,test,178,-0.1572607613880843,-0.0008257541573033701,0.37640449438202245,0.02037322014925375,0.02040000000000002,-0.013621531441441454,0.902787557475827,-0.23600282574859133,0.37640449438202245,0.9850746268656716,-0.0029217957724719103,0.5,178,-0.2692697656190479,-0.0016257541573033699,0.37640449438202245,0.019573220149253754,0.01960000000000002,-0.014421531441441454,0.8192241069673358,-0.3001858262993119,0.37640449438202245,0.014925373134328358,-0.0037217957724719093,0.0
breakout18_v1_S_tp0.022_sl0.018_h6,breakout18_v1,-1,0.022,0.018,6,train,139,-0.39331567842079096,-0.003414827644676058,0.381294964028777,0.019732036071867704,0.02040000000000002,-0.0176797552839414,0.687817259893502,-0.42934359820074586,0.3669064748201439,0.9056603773584906,-0.005911256560217357,0.0,139,-0.45741550263821595,-0.004214827644676057,0.381294964028777,0.018932036071867706,0.01960000000000002,-0.0184797552839414,0.6313621257372968,-0.4857660956477048,0.3669064748201439,0.0,-0.006711256560217356,0.0
breakout18_v1_S_tp0.022_sl0.018_h6,breakout18_v1,-1,0.022,0.018,6,test,172,-0.2582048300719645,-0.0015537259811498746,0.4418604651162791,0.019310093365009967,0.02040000000000002,-0.018070916296859748,0.8459536304728535,-0.27324926650274195,0.4127906976744186,0.9210526315789473,-0.003894874947623493,0.0,172,-0.3537711281445963,-0.0023537259811498724,0.4418604651162791,0.01851009336500997,0.01960000000000002,-0.018870916296859747,0.7765295380174372,-0.365312308173402,0.4127906976744186,0.013157894736842105,-0.004694874947623493,0.0
breakout18_v1_S_tp0.022_sl0.018_h12,breakout18_v1,-1,0.022,0.018,12,train,136,-0.3584064873459891,-0.003072600850532001,0.39705882352941174,0.02041247740740741,0.020400000000000074,-0.01853838409356527,0.7251097562164327,-0.3965074877889687,0.39705882352941174,0.9444444444444444,-0.005736394073680823,0.0,136,-0.42478995761326754,-0.0038726008505319993,0.39705882352941174,0.019612477407407413,0.019600000000000076,-0.01933838409356527,0.6678703784116374,-0.45484526860348096,0.39705882352941174,0.05555555555555555,-0.006536394073680821,0.0
breakout18_v1_S_tp0.022_sl0.018_h12,breakout18_v1,-1,0.022,0.018,12,test,169,-0.26598068165790023,-0.0016355897229421395,0.4437869822485207,0.020155565940102434,0.02040000000000002,-0.01902215009239259,0.845412768331697,-0.28086741511402613,0.4378698224852071,0.9466666666666667,-0.004069441512625643,0.0,169,-0.35901416886686677,-0.0024355897229421377,0.4437869822485207,0.019355565940102435,0.01960000000000002,-0.019822150092392597,0.7790916033279912,-0.3704617119823288,0.4378698224852071,0.013333333333333334,-0.004869441512625642,0.0
breakout18_v1_S_tp0.022_sl0.018_h24,breakout18_v1,-1,0.022,0.018,24,train,130,-0.34723540502220374,-0.003087057895978568,0.4076923076923077,0.020215778595704132,0.02040000000000002,-0.01912667262401991,0.7275053517813543,-0.3859997996613098,0.4,0.9056603773584906,-0.005896331469309783,0.0,130,-0.41194928648917173,-0.003887057895978567,0.4076923076923077,0.019415778595704137,0.01960000000000002,-0.019926672624019905,0.6706642698081848,-0.4426755356333095,0.4,0.05660377358490566,-0.006696331469309782,0.0
breakout18_v1_S_tp0.022_sl0.018_h24,breakout18_v1,-1,0.022,0.018,24,test,167,-0.20708911519526796,-0.0011900749101796389,0.46107784431137727,0.020355866233766257,0.02040000000000002,-0.019623824555555572,0.8874709613888214,-0.23884651878560126,0.46107784431137727,0.961038961038961,-0.0036132615928143722,0.0,167,-0.3064350558704676,-0.001990074910179637,0.46107784431137727,0.01955586623376626,0.01960000000000002,-0.020423824555555574,0.8191967158006611,-0.3320440981941625,0.46107784431137727,0.012987012987012988,-0.004413261592814371,0.0
breakout18_v1_S_tp0.030_sl0.012_h6,breakout18_v1,-1,0.03,0.012,6,train,144,-0.269270322604675,-0.002018412068755385,0.2916666666666667,0.02473831859554226,0.028400000000000026,-0.01303588940111324,0.781409397324858,-0.3574007167074825,0.24305555555555555,0.8333333333333334,-0.004396114864801811,0.5,144,-0.34898806148949024,-0.0028184120687553844,0.2916666666666667,0.023938318595542265,0.027600000000000027,-0.013835889401113237,0.7124193053334489,-0.4027549024638126,0.24305555555555555,0.8333333333333334,-0.005196114864801811,0.5
breakout18_v1_S_tp0.030_sl0.012_h6,breakout18_v1,-1,0.03,0.012,6,test,170,-0.15056386432770663,-0.0007906652318512841,0.3235294117647059,0.024936336457240412,0.028400000000000026,-0.013094883430982092,0.9107430410257724,-0.19257790452245405,0.27058823529411763,0.8363636363636363,-0.0030863194619247985,0.0,170,-0.25873007929519265,-0.0015906652318512836,0.3235294117647059,0.024136336457240407,0.027600000000000027,-0.013894883430982094,0.830770932300118,-0.27418879568124255,0.27058823529411763,0.8363636363636363,-0.003886319461924799,0.0
breakout18_v1_S_tp0.030_sl0.012_h12,breakout18_v1,-1,0.03,0.012,12,train,139,-0.25843712782011175,-0.0019797856582196294,0.28776978417266186,0.026581408882436364,0.028400000000000026,-0.01351966224030286,0.7943958209848135,-0.333880278498205,0.26618705035971224,0.925,-0.004591095707627697,0.5,139,-0.3366802633951609,-0.0027797856582196293,0.28776978417266186,0.025781408882436362,0.027600000000000027,-0.014319662240302858,0.7274424973706739,-0.37889162544049393,0.26618705035971224,0.925,-0.005391095707627696,0.0
breakout18_v1_S_tp0.030_sl0.012_h12,breakout18_v1,-1,0.03,0.012,12,test,168,-0.08987705017273906,-0.0003774609431868688,0.32142857142857145,0.027225260092664013,0.028400000000000026,-0.013452434065432018,0.9586499937959747,-0.18406239762866694,0.30357142857142855,0.9444444444444444,-0.002749869256850766,0.0,168,-0.20445605964358826,-0.0011774609431868686,0.32142857142857145,0.026425260092664007,0.027600000000000027,-0.014252434065432024,0.8782519819057084,-0.22104662645751916,0.30357142857142855,0.9444444444444444,-0.003549869256850766,0.0
breakout18_v1_S_tp0.030_sl0.012_h24,breakout18_v1,-1,0.03,0.012,24,train,139,-0.29869692274205994,-0.0023797681118766494,0.26618705035971224,0.02834302972972976,0.028400000000000026,-0.013524312426969172,0.760208339873681,-0.3503929418945919,0.26618705035971224,1.0,-0.005044895181468821,0.0,139,-0.37272034974994206,-0.0031797681118766494,0.26618705035971224,0.027543029729729763,0.027600000000000027,-0.014324312426969169,0.6974923976662968,-0.39465749650707616,0.26618705035971224,1.0,-0.00584489518146882,0.0
breakout18_v1_S_tp0.030_sl0.012_h24,breakout18_v1,-1,0.03,0.012,24,test,165,-0.07179763771473047,-0.0002635969319739383,0.3212121212121212,0.02795990370234532,0.028400000000000026,-0.013619360625000012,0.9714865641238969,-0.18638853045820392,0.3151515151515151,0.9811320754716981,-0.002786481717133935,0.5,165,-0.18668973343423167,-0.0010635969319739375,0.3212121212121212,0.027159903702345313,0.027600000000000027,-0.014419360625000013,0.8913331710624381,-0.2203118521801376,0.3151515151515151,0.9811320754716981,-0.003586481717133934,0.0
breakout18_v1_S_tp0.030_sl0.018_h6,breakout18_v1,-1,0.03,0.018,6,train,133,-0.2372570722405516,-0.0018035549940222041,0.3684210526315789,0.025310868179578012,0.028400000000000026,-0.017620301845289,0.8379353108926085,-0.3327348737984087,0.3082706766917293,0.8571428571428571,-0.004879171917576075,0.5,133,-0.3144393884214841,-0.002603554994022204,0.3684210526315789,0.02451086817957801,0.027600000000000027,-0.01842030184528899,0.7762091282854793,-0.37351543928402653,0.3082706766917293,0.8571428571428571,-0.005679171917576073,0.0
breakout18_v1_S_tp0.030_sl0.018_h6,breakout18_v1,-1,0.03,0.018,6,test,160,-0.23892573815886664,-0.0014676005794413184,0.3875,0.02489906006914358,0.02839999999999997,-0.018148549153035844,0.867973877224291,-0.2625761606902497,0.325,0.8387096774193549,-0.004320999997408841,0.0,160,-0.3305673094509791,-0.002267600579441317,0.3875,0.02409906006914358,0.027599999999999972,-0.018948549153035846,0.8046180212659635,-0.3476485006797262,0.325,0.8387096774193549,-0.00512099999740884,0.0
breakout18_v1_S_tp0.030_sl0.018_h12,breakout18_v1,-1,0.03,0.018,12,train,127,-0.23149492130510252,-0.0018215995462188394,0.36220472440944884,0.027449532443849213,0.028400000000000137,-0.018444711540578473,0.845154088144917,-0.33759765215839854,0.3464566929133858,0.9565217391304348,-0.005089741397719393,0.5,127,-0.3059318273456,-0.0026215995462188385,0.36220472440944884,0.026649532443849214,0.02760000000000014,-0.019244711540578472,0.7864135735995754,-0.3708872022091808,0.3464566929133858,0.9565217391304348,-0.005889741397719391,0.0
breakout18_v1_S_tp0.030_sl0.018_h12,breakout18_v1,-1,0.03,0.018,12,test,157,-0.19746307490896187,-0.0011419959761339927,0.3885350318471338,0.027024129187407663,0.028400000000000026,-0.01903922134046775,0.901905691454611,-0.2687118421860277,0.3630573248407643,0.9344262295081968,-0.00409366657543401,0.0,157,-0.2923716558992969,-0.001941995976133991,0.3885350318471338,0.02622412918740766,0.027600000000000027,-0.019839221340467752,0.8399144537245102,-0.31477279570530414,0.3630573248407643,0.9344262295081968,-0.004893666575434008,0.0
breakout18_v1_S_tp0.030_sl0.018_h24,breakout18_v1,-1,0.03,0.018,24,train,122,-0.17866818557714104,-0.0013500706161213671,0.3770491803278688,0.02796680210614622,0.02840745500000008,-0.01909449357959912,0.8865003352101795,-0.32465420527690503,0.36885245901639346,0.9782608695652174,-0.004689463430568757,0.5,122,-0.2552080527254317,-0.0021500706161213666,0.3770491803278688,0.02716680210614622,0.027607455000000083,-0.019894493579599114,0.8265133448548324,-0.357042412344321,0.36885245901639346,0.9782608695652174,-0.005489463430568753,0.5
breakout18_v1_S_tp0.030_sl0.018_h24,breakout18_v1,-1,0.03,0.018,24,test,154,-0.1434594884273419,-0.0007367752178737096,0.3961038961038961,0.02782115002430596,0.028400000000000026,-0.01946831758102381,0.9373322128526047,-0.25096957020228094,0.38311688311688313,0.9672131147540983,-0.003868015019052442,0.0,154,-0.24290002259123034,-0.0015367752178737082,0.3961038961038961,0.027021150024305954,0.027600000000000027,-0.020268317581023813,0.8744460385077183,-0.27937164271789194,0.38311688311688313,0.9672131147540983,-0.00466801501905244,0.0
breakout18_v1.5_S_tp0.022_sl0.012_h6,breakout18_v1.5,-1,0.022,0.012,6,train,121,-0.20158272651571674,-0.0017347270701774174,0.35537190082644626,0.019179513740307078,0.02040000000000002,-0.013264372645188106,0.7971218813114724,-0.27755285140715635,0.3305785123966942,0.8604651162790697,-0.004077849888784566,0.5,121,-0.27541417565080695,-0.0025347270701774165,0.35537190082644626,0.018379513740307083,0.01960000000000002,-0.0140643726451881,0.7204228935010293,-0.33914290051478146,0.3305785123966942,0.0,-0.004877849888784566,0.0
breakout18_v1.5_S_tp0.022_sl0.012_h6,breakout18_v1.5,-1,0.022,0.012,6,test,154,-0.17697594812434714,-0.0011363940725893837,0.35714285714285715,0.020112590204900187,0.02040000000000002,-0.012941385337861372,0.8634053413319543,-0.202667241568257,0.35064935064935066,0.9818181818181818,-0.0032557956622450658,0.0,154,-0.2725360856190562,-0.0019363940725893832,0.35714285714285715,0.0193125902049002,0.01960000000000002,-0.013741385337861371,0.7807958598568739,-0.289598652969303,0.35064935064935066,0.01818181818181818,-0.004055795662245066,0.0
breakout18_v1.5_S_tp0.022_sl0.012_h12,breakout18_v1.5,-1,0.022,0.012,12,train,120,-0.18995429460459545,-0.0016259644175686747,0.35833333333333334,0.019667187015854456,0.02040000000000002,-0.013516945088181596,0.8125337859734445,-0.26703087529792957,0.3416666666666667,0.8837209302325582,-0.003997149903996527,0.5,120,-0.26426414349485117,-0.002425964417568674,0.35833333333333334,0.01886718701585446,0.01960000000000002,-0.014316945088181592,0.7359266418671665,-0.3289735352551587,0.3416666666666667,0.023255813953488372,-0.004797149903996527,0.0
breakout18_v1.5_S_tp0.022_sl0.012_h12,breakout18_v1.5,-1,0.022,0.012,12,test,152,-0.13064761341747855,-0.0007875897675030764,0.3815789473684211,0.01991170926801216,0.02040000000000002,-0.013559497683033758,0.9060769476088267,-0.17055801985630126,0.3684210526315789,0.9482758620689655,-0.002988495259109102,0.0,152,-0.23032250566978796,-0.001587589767503076,0.3815789473684211,0.01911170926801217,0.01960000000000002,-0.014359497683033757,0.8212217105901024,-0.24837518680676784,0.3684210526315789,0.017241379310344827,-0.003788495259109101,0.0
breakout18_v1.5_S_tp0.022_sl0.012_h24,breakout18_v1.5,-1,0.022,0.012,24,train,120,-0.2130427048610154,-0.0018657611013680588,0.35,0.019957724710376996,0.02040000000000002,-0.01361686884615386,0.7892025158762429,-0.2879224024595356,0.3416666666666667,0.9047619047619048,-0.0042580794916666715,0.0,120,-0.2852511594686915,-0.002665761101368058,0.35,0.019157724710376998,0.01960000000000002,-0.014416868846153853,0.7155297055868176,-0.34811470257757937,0.3416666666666667,0.023809523809523808,-0.00505807949166667,0.0
breakout18_v1.5_S_tp0.022_sl0.012_h24,breakout18_v1.5,-1,0.022,0.012,24,test,150,-0.11900260087623937,-0.0007087510666666674,0.38,0.020371508947368434,0.02040000000000002,-0.01362891043010754,0.9161233843612975,-0.17055801985630115,0.38,0.9824561403508771,-0.002960843773333338,0.5,150,-0.21875489867218367,-0.0015087510666666668,0.38,0.01957150894736844,0.01960000000000002,-0.01442891043010754,0.831347663141086,-0.23707889646085722,0.38,0.017543859649122806,-0.0037608437733333386,0.0
breakout18_v1.5_S_tp0.022_sl0.018_h6,breakout18_v1.5,-1,0.022,0.018,6,train,114,-0.22314543391140162,-0.002035637738996629,0.4298245614035088,0.01904219833640573,0.02040000000000002,-0.01792508339583841,0.8008268446889235,-0.32429914850122166,0.39473684210526316,0.8571428571428571,-0.004943559804386319,0.5,114,-0.29104071440671975,-0.002835637738996628,0.4298245614035088,0.01824219833640573,0.01960000000000002,-0.018725083395838407,0.7344058642032252,-0.35560534635016194,0.39473684210526316,0.0,-0.005743559804386316,0.5
breakout18_v1.5_S_tp0.022_sl0.018_h6,breakout18_v1.5,-1,0.022,0.018,6,test,148,-0.1747822462728834,-0.0011150462780721278,0.44594594594594594,0.0196587271911426,0.02040000000000002,-0.01783540053378154,0.8871613481931676,-0.1960418628001489,0.42567567567567566,0.9393939393939394,-0.003717099143826026,0.0,148,-0.26708891591976447,-0.0019150462780721264,0.44594594594594594,0.0188587271911426,0.01960000000000002,-0.018635400533781543,0.8145237080670479,-0.28017817753413843,0.42567567567567566,0.015151515151515152,-0.004517099143826024,0.0
breakout18_v1.5_S_tp0.022_sl0.018_h12,breakout18_v1.5,-1,0.022,0.018,12,train,113,-0.17637348808643982,-0.0015295146043409627,0.4424778761061947,0.019805452033634832,0.02040000000000002,-0.01846202780908366,0.8514022883972236,-0.32957486888500875,0.4247787610619469,0.9,-0.004469882975585713,0.5,113,-0.24771997561854353,-0.0023295146043409622,0.4424778761061947,0.019005452033634837,0.01960000000000002,-0.01926202780908365,0.7830791357840923,-0.360194410417377,0.4247787610619469,0.06,-0.005269882975585711,0.5
breakout18_v1.5_S_tp0.022_sl0.018_h12,breakout18_v1.5,-1,0.022,0.018,12,test,144,-0.11045226557874699,-0.0006205454713965071,0.4722222222222222,0.01986267651688311,0.02040000000000002,-0.018947638829330902,0.9379463384621596,-0.1367014304502202,0.4583333333333333,0.9264705882352942,-0.0033418890931576797,0.0,144,-0.20737424994182596,-0.0014205454713965059,0.4722222222222222,0.019062676516883117,0.01960000000000002,-0.019747638829330904,0.8637021942824369,-0.2215299722799875,0.4583333333333333,0.014705882352941176,-0.004141889093157679,0.0
breakout18_v1.5_S_tp0.022_sl0.018_h24,breakout18_v1.5,-1,0.022,0.018,24,train,107,-0.18027057313273998,-0.0016649675834454784,0.4485981308411215,0.019832677571003182,0.02040000000000002,-0.019154577200624048,0.8423605256218643,-0.3347837445742473,0.42990654205607476,0.875,-0.0047712615667501596,0.5,107,-0.24767804720916142,-0.002464967583445477,0.4485981308411215,0.019032677571003184,0.01960000000000002,-0.019954577200624046,0.7759729562534098,-0.3636431960424177,0.42990654205607476,0.0625,-0.005571261566750156,0.5
breakout18_v1.5_S_tp0.022_sl0.018_h24,breakout18_v1.5,-1,0.022,0.018,24,test,141,-0.03584066104932293,-5.9053191489360425e-05,0.48936170212765956,0.020362466376811612,0.02040000000000002,-0.019629676111111126,0.9941086224409036,-0.1299863141197949,0.48936170212765956,0.9565217391304348,-0.002903208592198579,0.0,141,-0.13877169561327207,-0.0008590531914893589,0.48936170212765956,0.019562466376811617,0.01960000000000002,-0.020429676111111128,0.9176534913793845,-0.17057150366885998,0.48936170212765956,0.014492753623188406,-0.003703208592198576,0.0
breakout18_v1.5_S_tp0.030_sl0.012_h6,breakout18_v1.5,-1,0.03,0.012,6,train,117,-0.0678299812865073,-0.0004281046977102863,0.3333333333333333,0.024954415145992323,0.028400000000000026,-0.013119364619561594,0.9510527327209165,-0.1875757045898393,0.28205128205128205,0.8461538461538461,-0.0031098935524179762,0.5,117,-0.1512153349064994,-0.001228104697710286,0.3333333333333333,0.02415441514599233,0.027600000000000027,-0.013919364619561593,0.8676550908094937,-0.2282751615726738,0.28205128205128205,0.8461538461538461,-0.003909893552417975,0.5
breakout18_v1.5_S_tp0.030_sl0.012_h6,breakout18_v1.5,-1,0.03,0.012,6,test,146,-0.12869812091462252,-0.0007733968422253135,0.3082191780821918,0.026266948969767803,0.028400000000000026,-0.01282107566935096,0.9128014199007973,-0.1706862927264733,0.273972602739726,0.8888888888888888,-0.003365742465126854,0.0,146,-0.22488475695785748,-0.0015733968422253133,0.3082191780821918,0.025466948969767807,0.027600000000000027,-0.013621075669350956,0.8330223476847797,-0.24105927585311393,0.273972602739726,0.8888888888888888,-0.004165742465126855,0.0
breakout18_v1.5_S_tp0.030_sl0.012_h12,breakout18_v1.5,-1,0.03,0.012,12,train,115,-0.05328227435551858,-0.00029387712309065193,0.33043478260869563,0.02649256243775152,0.028400000000000026,-0.01351315898428549,0.9675200009013952,-0.1690019831111177,0.30434782608695654,0.9210526315789473,-0.0030942296804121958,0.5,115,-0.1365779023429785,-0.0010938771230906512,0.33043478260869563,0.025692562437751518,0.027600000000000027,-0.014313158984285488,0.88585939775924,-0.20626967369803684,0.30434782608695654,0.9210526315789473,-0.0038942296804121953,0.5
breakout18_v1.5_S_tp0.030_sl0.012_h12,breakout18_v1.5,-1,0.03,0.012,12,test,143,-0.07906646692874197,-0.0003940600668597713,0.32867132867132864,0.026488697715834602,0.028400000000000026,-0.013555410231303888,0.9566973409206763,-0.162325894552245,0.3006993006993007,0.9148936170212766,-0.003039873315832482,0.0,143,-0.17872708378140423,-0.001194060066859771,0.32867132867132864,0.025688697715834593,0.027600000000000027,-0.014355410231303892,0.8760988403720698,-0.1958647861047449,0.3006993006993007,0.9148936170212766,-0.0038398733158324823,0.0
breakout18_v1.5_S_tp0.030_sl0.012_h24,breakout18_v1.5,-1,0.03,0.012,24,train,115,-0.09572467590917522,-0.0006908481927318785,0.3130434782608696,0.027643797162106524,0.028400000000000026,-0.013602838481012671,0.926069467626967,-0.19608218346527506,0.30434782608695654,0.9722222222222222,-0.0034609288680724545,0.5,115,-0.1753164983138158,-0.0014908481927318775,0.3130434782608696,0.02684379716210653,0.027600000000000027,-0.014402838481012665,0.849319836810503,-0.23575081819274646,0.30434782608695654,0.9722222222222222,-0.004260928868072455,0.5
breakout18_v1.5_S_tp0.030_sl0.012_h24,breakout18_v1.5,-1,0.03,0.012,24,test,140,-0.04864431906798361,-0.0001691964113399474,0.32857142857142857,0.02732430831331323,0.028400000000000026,-0.013623464680851077,0.9815028951085142,-0.162325894552245,0.3142857142857143,0.9565217391304348,-0.0028943044223127606,0.5,140,-0.14953567521142574,-0.000969196411339947,0.32857142857142857,0.026524308313313226,0.027600000000000027,-0.014423464680851076,0.899921132069905,-0.18412756427999044,0.3142857142857143,0.9565217391304348,-0.003694304422312761,0.0
breakout18_v1.5_S_tp0.030_sl0.018_h6,breakout18_v1.5,-1,0.03,0.018,6,train,107,-0.063418021135064,-0.000378284596547448,0.411214953271028,0.0242578616716967,0.028400000000000026,-0.017584481990241773,0.963463048684252,-0.23909724041706726,0.3364485981308411,0.8181818181818182,-0.0038224113692294902,0.5,107,-0.1403456617694694,-0.001178284596547447,0.411214953271028,0.023457861671696698,0.027600000000000027,-0.018384481990241765,0.891146591882084,-0.2714477925852484,0.3364485981308411,0.8181818181818182,-0.00462241136922949,0.5
breakout18_v1.5_S_tp0.030_sl0.018_h6,breakout18_v1.5,-1,0.03,0.018,6,test,140,-0.20383028997184405,-0.0013892486131999496,0.37142857142857144,0.026048208514965972,0.028400000000000026,-0.017602291461661625,0.8744386062981367,-0.22857130539299764,0.32857142857142857,0.8846153846153846,-0.00455857373324061,0.0,140,-0.28836982927618016,-0.0021892486131999487,0.37142857142857144,0.02524820851496597,0.027600000000000027,-0.018402291461661627,0.8107357701481904,-0.30652772804911044,0.32857142857142857,0.8846153846153846,-0.005358573733240608,0.0
breakout18_v1.5_S_tp0.030_sl0.018_h12,breakout18_v1.5,-1,0.03,0.018,12,train,106,-0.02432396965179895,2.166765999862537e-05,0.4056603773584906,0.02675688354964088,0.028400000000000137,-0.01822617810594767,1.0020002382048254,-0.23105539540654996,0.37735849056603776,0.9302325581395349,-0.003581354963845819,0.5,106,-0.10371764802021766,-0.0007783323400013733,0.4056603773584906,0.025956883549640875,0.02760000000000014,-0.019026178105947665,0.9311698313258776,-0.26374192394370577,0.37735849056603776,0.9302325581395349,-0.004381354963845817,0.5
breakout18_v1.5_S_tp0.030_sl0.018_h12,breakout18_v1.5,-1,0.03,0.018,12,test,136,-0.15568152185375383,-0.000988277301153768,0.39705882352941174,0.026361621260596976,0.02839999999999997,-0.018999186110111567,0.9137281959895218,-0.21690588355764084,0.3602941176470588,0.9074074074074074,-0.004218147456166583,0.0,136,-0.2428790940457317,-0.0017882773011537662,0.39705882352941174,0.025561621260596974,0.027599999999999972,-0.019799186110111573,0.8501997348654591,-0.2621977307966211,0.3602941176470588,0.9074074074074074,-0.005018147456166582,0.0
breakout18_v1.5_S_tp0.030_sl0.018_h24,breakout18_v1.5,-1,0.03,0.018,24,train,100,0.061797544260124404,0.0008698318988174094,0.43,0.027366502202757204,0.028400000000000137,-0.01911888429538279,1.0798174648447867,-0.21603158994089877,0.41,0.9534883720930233,-0.0029785275841064046,0.5,100,-0.019842751777479628,6.98318988174114e-05,0.43,0.026566502202757202,0.02760000000000014,-0.019918884295382785,1.0061505504711845,-0.24754063927243408,0.41,0.9534883720930233,-0.0037785275841064033,0.5
breakout18_v1.5_S_tp0.030_sl0.018_h24,breakout18_v1.5,-1,0.03,0.018,24,test,131,-0.1432517866151194,-0.0009151202088888891,0.3969465648854962,0.02722931745520712,0.028400000000000026,-0.019440572848547017,0.9219427417822611,-0.254317014042425,0.37404580152671757,0.9423076923076923,-0.0041518673386671985,0.5,131,-0.2286435097490881,-0.001715120208888887,0.3969465648854962,0.026429317455207116,0.027600000000000027,-0.020240572848547016,0.8594871738808036,-0.2785632438709914,0.37404580152671757,0.9423076923076923,-0.004951867338667197,0.0
pullback_rsi25_S_tp0.022_sl0.012_h6,pullback_rsi25,-1,0.022,0.012,6,train,37,-0.004071094782958307,1.2599949534022178e-05,0.43243243243243246,0.01700620750594331,0.02040000000000002,-0.012934910569634956,1.0017162786680467,-0.05980022963098608,0.35135135135135137,0.8125,-0.004343446902726239,0.5,37,-0.03313668562967853,-0.0007874000504659774,0.40540540540540543,0.017325662977263,0.01960000000000002,-0.013137215751190283,0.8991975357397739,-0.06553772568591754,0.35135135135135137,0.0,-0.00514344690272624,0.5
pullback_rsi25_S_tp0.022_sl0.012_h6,pullback_rsi25,-1,0.022,0.012,6,test,32,-0.03079472561931207,-0.0008420471875000001,0.375,0.020416159166666687,0.02041788000000002,-0.01359697100000001,0.9009135564089975,-0.1161538502106404,0.375,1.0,-0.006121805875000004,0.5,32,-0.05532808919435961,-0.0016420471874999997,0.375,0.019616159166666685,0.019617880000000018,-0.014396971000000014,0.8175119266406802,-0.12258455789480005,0.375,0.0,-0.006921805875000005,0.5
pullback_rsi25_S_tp0.022_sl0.012_h12,pullback_rsi25,-1,0.022,0.012,12,train,36,-0.006979372581224386,-6.318623012915496e-05,0.4166666666666667,0.01879695638102338,0.02040000000000002,-0.013534716666666677,0.9919969324576446,-0.0657119210386311,0.3611111111111111,0.8666666666666667,-0.00435720694909969,0.5,36,-0.035190638456351286,-0.0008631862301291549,0.4166666666666667,0.017996956381023374,0.01960000000000002,-0.014334716666666678,0.8967717425123933,-0.06949408421374703,0.3611111111111111,0.0,-0.00515720694909969,0.5
pullback_rsi25_S_tp0.022_sl0.012_h12,pullback_rsi25,-1,0.022,0.012,12,test,32,-0.03079472561931207,-0.0008420471875000001,0.375,0.020416159166666687,0.02041788000000002,-0.01359697100000001,0.9009135564089975,-0.1161538502106404,0.375,1.0,-0.006121805875000004,0.5,32,-0.05532808919435961,-0.0016420471874999997,0.375,0.019616159166666685,0.019617880000000018,-0.014396971000000014,0.8175119266406802,-0.12258455789480005,0.375,0.0,-0.006921805875000005,0.5
pullback_rsi25_S_tp0.022_sl0.012_h24,pullback_rsi25,-1,0.022,0.012,24,train,36,-0.007858374600921647,-8.402899409159129e-05,0.3888888888888889,0.020510771428571443,0.02041092000000002,-0.01318981108124079,0.9895751357252378,-0.0657119210386311,0.3888888888888889,1.0,-0.004572341738183181,0.5,36,-0.0360454547800948,-0.0008840289940915911,0.3888888888888889,0.019710771428571437,0.019610920000000018,-0.013989811081240795,0.8965966808971157,-0.06949408421374703,0.3888888888888889,0.07142857142857142,-0.005372341738183182,0.5
pullback_rsi25_S_tp0.022_sl0.012_h24,pullback_rsi25,-1,0.022,0.012,24,test,32,-0.03079472561931207,-0.0008420471875000001,0.375,0.020416159166666687,0.02041788000000002,-0.01359697100000001,0.9009135564089975,-0.1161538502106404,0.375,1.0,-0.006121805875000004,0.5,32,-0.05532808919435961,-0.0016420471874999997,0.375,0.019616159166666685,0.019617880000000018,-0.014396971000000014,0.8175119266406802,-0.12258455789480005,0.375,0.0,-0.006921805875000005,0.5
pullback_rsi25_S_tp0.022_sl0.018_h6,pullback_rsi25,-1,0.022,0.018,6,train,36,-0.031019830056937536,-0.0007109667507196307,0.4722222222222222,0.017205842358534878,0.02040000000000002,-0.016741795953736826,0.919537013841118,-0.0743134860697392,0.3888888888888889,0.8235294117647058,-0.0058218774731645315,0.5,36,-0.05856750051570758,-0.0015109667507196298,0.4444444444444444,0.017467809041184064,0.01960000000000002,-0.016693987384242586,0.837082652053368,-0.0821902587687191,0.3888888888888889,0.0,-0.006621877473164529,0.5
pullback_rsi25_S_tp0.022_sl0.018_h6,pullback_rsi25,-1,0.022,0.018,6,test,30,0.00995644474883095,0.000507724404403935,0.5333333333333333,0.017506228771620138,0.02040000000000002,-0.018919137729557438,1.0575068949828568,-0.07616181384360865,0.43333333333333335,0.8125,-0.005056249585554062,0.5,30,-0.013999810108366817,-0.0002922755955960641,0.5333333333333333,0.016706228771620136,0.01960000000000002,-0.01971913772955744,0.9682387305015333,-0.08064635550040966,0.43333333333333335,0.0,-0.005856249585554062,0.5
pullback_rsi25_S_tp0.022_sl0.018_h12,pullback_rsi25,-1,0.022,0.018,12,train,35,0.004752199380864575,0.00032685416329572656,0.5142857142857142,0.01908563920640837,0.02040000000000002,-0.01953538882352943,1.0344469745730842,-0.08081100891954529,0.45714285714285713,0.8888888888888888,-0.004827682282906013,0.5,35,-0.02300313244403862,-0.00047314583670427255,0.5142857142857142,0.018285639206408372,0.01960000000000002,-0.020335388823529428,0.952097115530791,-0.08962064073541898,0.45714285714285713,0.05555555555555555,-0.005627682282906012,0.5
pullback_rsi25_S_tp0.022_sl0.018_h12,pullback_rsi25,-1,0.022,0.018,12,test,30,0.006511273728462497,0.0004170473333333342,0.5,0.020454026000000017,0.02044250000000013,-0.019619931333333347,1.0425126190553777,-0.07669935021355023,0.5,1.0,-0.004952670683333323,1.0,30,-0.017366497941148085,-0.0003829526666666642,0.5,0.019654026000000022,0.019642500000000132,-0.02041993133333335,0.9624922669508164,-0.08066778967456101,0.5,0.0,-0.005752670683333322,0.0
pullback_rsi25_S_tp0.022_sl0.018_h24,pullback_rsi25,-1,0.022,0.018,24,train,35,0.0038628128080524515,0.00030541589179150665,0.4857142857142857,0.02051399764705884,0.02040000000000002,-0.018780466877072084,1.031621377568843,-0.0805942276188939,0.4857142857142857,1.0,-0.004761844014285722,0.5,35,-0.023868746837846233,-0.0004945841082084927,0.4857142857142857,0.019713997647058838,0.01960000000000002,-0.019580466877072083,0.9508851690026546,-0.09042723234627692,0.4857142857142857,0.11764705882352941,-0.005561844014285722,0.5
pullback_rsi25_S_tp0.022_sl0.018_h24,pullback_rsi25,-1,0.022,0.018,24,test,30,0.006511273728462497,0.0004170473333333342,0.5,0.020454026000000017,0.02044250000000013,-0.019619931333333347,1.0425126190553777,-0.07669935021355023,0.5,1.0,-0.004952670683333323,1.0,30,-0.017366497941148085,-0.0003829526666666642,0.5,0.019654026000000022,0.019642500000000132,-0.02041993133333335,0.9624922669508164,-0.08066778967456101,0.5,0.0,-0.005752670683333322,0.0
pullback_rsi25_S_tp0.030_sl0.012_h6,pullback_rsi25,-1,0.03,0.012,6,train,36,0.010370444130529455,0.00045298428646958766,0.3888888888888889,0.021528574733945666,0.028400000000000026,-0.012958755089197005,1.0572004802252108,-0.07799076082931133,0.2777777777777778,0.7142857142857143,-0.004447976578918204,0.5,36,-0.01832107125546123,-0.0003470157135304114,0.3611111111111111,0.022368128526083948,0.027600000000000027,-0.013186010283747225,0.9588082355325349,-0.08466836817940482,0.2777777777777778,0.7692307692307693,-0.005247976578918204,0.5
pullback_rsi25_S_tp0.030_sl0.012_h6,pullback_rsi25,-1,0.03,0.012,6,test,31,0.027749828454833203,0.0010781279080715274,0.3548387096774194,0.02776012592274705,0.028418660000000026,-0.01359697100000001,1.122902244736042,-0.11615385021064051,0.3225806451612903,1.0,-0.004372172495154283,0.5,31,0.002582297601872563,0.00027812790807152724,0.3548387096774194,0.02696012592274705,0.027618660000000027,-0.014396971000000014,1.0299436775632085,-0.12258455789479994,0.3225806451612903,1.0,-0.005172172495154284,0.5
pullback_rsi25_S_tp0.030_sl0.012_h12,pullback_rsi25,-1,0.03,0.012,12,train,34,-0.0025116764614940834,0.00010594369751030965,0.35294117647058826,0.025080457142945895,0.028410920000000027,-0.013516518181818192,1.0121134131347387,-0.07799076082931111,0.29411764705882354,0.8333333333333334,-0.004876195485294115,0.5,34,-0.029294926285038603,-0.0006940563024896903,0.35294117647058826,0.024280457142945897,0.027610920000000025,-0.014316518181818193,0.9250772810915507,-0.08466836817940482,0.29411764705882354,0.8333333333333334,-0.005676195485294116,0.5
pullback_rsi25_S_tp0.030_sl0.012_h12,pullback_rsi25,-1,0.03,0.012,12,test,31,0.035017834446276375,0.0013110806451612925,0.3548387096774194,0.028416629090909116,0.028418660000000026,-0.01359697100000001,1.1494579197087351,-0.11615385021064051,0.3548387096774194,1.0,-0.0041330134677419385,0.5,31,0.009677883454756175,0.0005110806451612925,0.3548387096774194,0.027616629090909117,0.027618660000000027,-0.014396971000000014,1.0550237268658804,-0.12258455789479994,0.3548387096774194,1.0,-0.004933013467741939,0.5
pullback_rsi25_S_tp0.030_sl0.012_h24,pullback_rsi25,-1,0.03,0.012,24,train,34,-0.03647818385716828,-0.0009131839349205061,0.29411764705882354,0.028496194000000023,0.028438345000000025,-0.01316709140780406,0.9017492017735498,-0.07799076082931133,0.29411764705882354,1.0,-0.005901222581979334,0.5,34,-0.06237541565775706,-0.0017131839349205059,0.29411764705882354,0.027696194000000028,0.027638345000000026,-0.01396709140780406,0.8262336442421626,-0.0846683681794046,0.29411764705882354,1.0,-0.006701222581979335,0.0
pullback_rsi25_S_tp0.030_sl0.012_h24,pullback_rsi25,-1,0.03,0.012,24,test,31,0.035017834446276375,0.0013110806451612925,0.3548387096774194,0.028416629090909116,0.028418660000000026,-0.01359697100000001,1.1494579197087351,-0.11615385021064051,0.3548387096774194,1.0,-0.0041330134677419385,0.5,31,0.009677883454756175,0.0005110806451612925,0.3548387096774194,0.027616629090909117,0.027618660000000027,-0.014396971000000014,1.0550237268658804,-0.12258455789479994,0.3548387096774194,1.0,-0.004933013467741939,0.5
pullback_rsi25_S_tp0.030_sl0.018_h6,pullback_rsi25,-1,0.03,0.018,6,train,35,-0.015212890427339976,-0.0002193021955931535,0.42857142857142855,0.021991869085015953,0.028400000000000026,-0.016877680656049984,0.9772611622349633,-0.0709844516925553,0.3142857142857143,0.7333333333333333,-0.005974471024196847,0.5,35,-0.04243279696770286,-0.0010193021955931525,0.4,0.022747404345649386,0.027610920000000025,-0.01686377322308818,0.8992611576198511,-0.07770786331680823,0.3142857142857143,0.7857142857142857,-0.006774471024196846,0.5
pullback_rsi25_S_tp0.030_sl0.018_h6,pullback_rsi25,-1,0.03,0.018,6,test,28,0.04965067204696072,0.0019749716886548344,0.5,0.02286908110686711,0.028409330000000024,-0.018919137729557438,1.2087803066806084,-0.07616181384360865,0.35714285714285715,0.7857142857142857,-0.004997548925370148,1.0,28,0.026424906636190126,0.001174971688654836,0.5,0.02206908110686711,0.02760933000000003,-0.01971913772955744,1.1191706964847297,-0.08064635550040977,0.35714285714285715,0.7857142857142857,-0.005797548925370146,0.5
pullback_rsi25_S_tp0.030_sl0.018_h12,pullback_rsi25,-1,0.03,0.018,12,train,33,0.007565064563380242,0.000477263865954866,0.42424242424242425,0.025603105408239343,0.028438345000000025,-0.01803651411257054,1.045958546786674,-0.07619365258467037,0.36363636363636365,0.8571428571428571,-0.006046007179599362,0.5,33,-0.018697474639670197,-0.0003227361340451327,0.42424242424242425,0.024803105408239344,0.027638345000000026,-0.018836514112570535,0.970241749447401,-0.0795744438617193,0.36363636363636365,0.8571428571428571,-0.006846007179599361,0.5
pullback_rsi25_S_tp0.030_sl0.018_h12,pullback_rsi25,-1,0.03,0.018,12,test,28,0.07010960087115348,0.0027092378571428604,0.4642857142857143,0.028473663846153872,0.028436760000000026,-0.019619931333333347,1.257760535145604,-0.07669935021355034,0.4642857142857143,1.0,-0.004183840857142861,1.0,28,0.04644626965819021,0.0019092378571428617,0.4642857142857143,0.02767366384615387,0.027636760000000028,-0.02041993133333335,1.1745309819357215,-0.07970976027406518,0.4642857142857143,1.0,-0.004983840857142859,1.0
pullback_rsi25_S_tp0.030_sl0.018_h24,pullback_rsi25,-1,0.03,0.018,24,train,33,0.034832364669520555,0.001314628976142514,0.42424242424242425,0.028654878571428604,0.028538325000000024,-0.01883081809406829,1.1212535189473554,-0.07902995810932578,0.42424242424242425,1.0,-0.005173591526117931,0.5,33,0.007879900203134005,0.0005146289761425154,0.42424242424242425,0.027854878571428602,0.02773832500000003,-0.01963081809406829,1.0455319421773293,-0.085701611545272,0.42424242424242425,1.0,-0.005973591526117929,0.5
pullback_rsi25_S_tp0.030_sl0.018_h24,pullback_rsi25,-1,0.03,0.018,24,test,28,0.07010960087115348,0.0027092378571428604,0.4642857142857143,0.028473663846153872,0.028436760000000026,-0.019619931333333347,1.257760535145604,-0.07669935021355034,0.4642857142857143,1.0,-0.004183840857142861,1.0,28,0.04644626965819021,0.0019092378571428617,0.4642857142857143,0.02767366384615387,0.027636760000000028,-0.02041993133333335,1.1745309819357215,-0.07970976027406518,0.4642857142857143,1.0,-0.004983840857142859,1.0
pullback_rsi35_S_tp0.022_sl0.012_h6,pullback_rsi35,-1,0.022,0.012,6,train,118,0.07729274034250211,0.0007575176344514311,0.4322033898305085,0.018404612762569043,0.02041014000000013,-0.012675345821279885,1.1052543697121635,-0.1537907856000278,0.3728813559322034,0.8431372549019608,-0.0016427041377307004,0.5,118,-0.019741445471140873,-4.2482365548568795e-05,0.4322033898305085,0.017604612762569045,0.01961014000000013,-0.013475345821279884,0.9944476609676377,-0.20064652124851923,0.3728813559322034,0.0,-0.0024427041377307014,0.5
pullback_rsi35_S_tp0.022_sl0.012_h6,pullback_rsi35,-1,0.022,0.012,6,test,128,-0.05253086844911392,-0.00029430870392291265,0.40625,0.018518943007920778,0.02040000000000002,-0.013166533559394913,0.9623532029218396,-0.2047762223438766,0.3515625,0.8653846153846154,-0.0025772991271031842,0.5,128,-0.14483265856774552,-0.001094308703922912,0.40625,0.017718943007920783,0.01960000000000002,-0.01396653355939491,0.8680383911764429,-0.24220328841257244,0.3515625,0.0,-0.0033772991271031833,0.5
pullback_rsi35_S_tp0.022_sl0.012_h12,pullback_rsi35,-1,0.022,0.012,12,train,114,0.15424270297421527,0.0013952746107911492,0.4473684210526316,0.01962276834232688,0.020417450000000018,-0.013360315552833017,1.1889762722344739,-0.11765133658273008,0.40350877192982454,0.8823529411764706,-0.0011960231324194672,0.5,114,0.053702716465220846,0.0005952746107911497,0.4473684210526316,0.018822768342326886,0.01961745000000002,-0.014160315552833015,1.0760691792080934,-0.16518687733506243,0.40350877192982454,0.0,-0.0019960231324194673,0.5
pullback_rsi35_S_tp0.022_sl0.012_h12,pullback_rsi35,-1,0.022,0.012,12,test,127,0.015138565116719738,0.0002563409293405677,0.4094488188976378,0.02021810726973563,0.02040000000000013,-0.013583817066666679,1.0319549827724925,-0.1899109189375976,0.4015748031496063,0.9807692307692307,-0.0021597002596358147,0.5,127,-0.08297220491224688,-0.0005436590706594321,0.4094488188976378,0.019418107269735637,0.01960000000000013,-0.014383817066666678,0.9359977937671328,-0.22802645342315164,0.4015748031496063,0.0,-0.0029597002596358146,0.5
pullback_rsi35_S_tp0.022_sl0.012_h24,pullback_rsi35,-1,0.022,0.012,24,train,112,0.16513202739879151,0.0015065075643212282,0.44642857142857145,0.020177144144079565,0.020437870000000018,-0.01355045741935485,1.2008369854387222,-0.1196689169989188,0.4375,0.96,-0.0010976444508928528,0.5,112,0.06535518037862076,0.0007065075643212287,0.44642857142857145,0.019377144144079567,0.019637870000000023,-0.01435045741935485,1.0889359615377188,-0.1670558273021474,0.4375,0.04,-0.0018976444508928521,0.5
pullback_rsi35_S_tp0.022_sl0.012_h24,pullback_rsi35,-1,0.022,0.012,24,test,127,0.02686811819170698,0.00034815874015748223,0.4094488188976378,0.02044235461538463,0.02040000000000013,-0.013583817066666679,1.0434008200424527,-0.1899109189375976,0.4094488188976378,1.0,-0.0020687222637795267,0.5,127,-0.07236787955433466,-0.0004518412598425174,0.4094488188976378,0.01964235461538464,0.01960000000000013,-0.014383817066666678,0.9468070357735737,-0.22802645342315164,0.4094488188976378,0.019230769230769232,-0.002868722263779527,0.5
pullback_rsi35_S_tp0.022_sl0.018_h6,pullback_rsi35,-1,0.022,0.018,6,train,111,-0.15273476224213967,-0.0013354588852117575,0.44144144144144143,0.01723080203903371,0.02041014000000013,-0.016008794131792854,0.8506506999818565,-0.26507099195618755,0.35135135135135137,0.7755102040816326,-0.004107239923263567,0.5,111,-0.2248694086997577,-0.0021354588852117566,0.44144144144144143,0.01643080203903371,0.01961014000000013,-0.01680879413179285,0.77254999780129,-0.3041760088279085,0.35135135135135137,0.0,-0.004907239923263564,0.5
pullback_rsi35_S_tp0.022_sl0.018_h6,pullback_rsi35,-1,0.022,0.018,6,test,120,-0.06823624414120977,-0.0004079047120538547,0.49166666666666664,0.01833627007432923,0.02040000000000002,-0.01853751639068668,0.9567128906477735,-0.1901540352648976,0.425,0.864406779661017,-0.0034060579711728198,0.5,120,-0.1536213111855732,-0.0012079047120538533,0.49166666666666664,0.01753627007432924,0.01960000000000002,-0.01933751639068668,0.8771193806423849,-0.21517798199460791,0.425,0.0,-0.004206057971172818,0.0
pullback_rsi35_S_tp0.022_sl0.018_h12,pullback_rsi35,-1,0.022,0.018,12,train,100,-0.08561037733197441,-0.0007087022043359479,0.48,0.01906339675178748,0.02041746000000002,-0.018959870471526804,0.9281171853711269,-0.2667684367558336,0.41,0.8333333333333334,-0.003863317714648423,0.5,100,-0.1560121022576596,-0.0015087022043359466,0.48,0.018263396751787484,0.019617460000000017,-0.019759870471526806,0.8531695641864416,-0.2990851841300334,0.41,0.0625,-0.004663317714648422,0.5
pullback_rsi35_S_tp0.022_sl0.018_h12,pullback_rsi35,-1,0.022,0.018,12,test,117,-0.04336530859551613,-0.0001804000168696395,0.48717948717948717,0.02023683663203953,0.02040000000000013,-0.019576774833333355,0.9820307463363768,-0.17465437954074403,0.47863247863247865,0.9824561403508771,-0.0032594284185790425,0.0,117,-0.12892330280588493,-0.0009804000168696376,0.48717948717948717,0.01943683663203953,0.01960000000000013,-0.020376774833333347,0.9061784777751772,-0.19950499128296562,0.47863247863247865,0.0,-0.0040594284185790416,0.0
pullback_rsi35_S_tp0.022_sl0.018_h24,pullback_rsi35,-1,0.022,0.018,24,train,97,-0.07352352431024345,-0.0005908246838198921,0.4742268041237113,0.02017628428704301,0.020443415000000076,-0.019321942579108,0.9418420081506179,-0.27668885952364464,0.4639175257731959,0.9347826086956522,-0.003909392780259705,0.5,97,-0.14279149610755504,-0.0013908246838198908,0.4742268041237113,0.01937628428704301,0.019643415000000074,-0.020121942579107998,0.8685368474698115,-0.3080222802637054,0.4639175257731959,0.13043478260869565,-0.004709392780259705,0.5
pullback_rsi35_S_tp0.022_sl0.018_h24,pullback_rsi35,-1,0.022,0.018,24,test,117,-0.03231174628216549,-8.0734529914527e-05,0.48717948717948717,0.02044141315789476,0.02040281999999991,-0.019576774833333355,0.991958208914715,-0.17465437954074403,0.48717948717948717,1.0,-0.0031616718846153857,0.5,117,-0.11885034672077721,-0.0008807345299145254,0.48717948717948717,0.019641413157894763,0.01960281999999991,-0.020376774833333347,0.915716184362804,-0.19950499128296562,0.48717948717948717,0.017543859649122806,-0.003961671884615385,0.0
pullback_rsi35_S_tp0.030_sl0.012_h6,pullback_rsi35,-1,0.03,0.012,6,train,111,0.1543114365396845,0.001456083660940615,0.40540540540540543,0.02198027212905876,0.028400000000000026,-0.012537681203685397,1.195320644657839,-0.1262089229173301,0.26126126126126126,0.6444444444444445,-0.0014729819199578687,0.5,111,0.05629656273647976,0.0006560836609406151,0.40540540540540543,0.021180272129058764,0.027600000000000027,-0.013337681203685395,1.08272903009999,-0.14155341292719092,0.26126126126126126,0.6444444444444445,-0.002272981919957868,0.5
pullback_rsi35_S_tp0.030_sl0.012_h6,pullback_rsi35,-1,0.03,0.012,6,test,123,0.08123231239189321,0.0008128898959372774,0.37398373983739835,0.02421811625465866,0.028400000000000026,-0.013169453123558618,1.098600330552044,-0.15156538189580815,0.3008130081300813,0.8043478260869565,-0.001928009855721731,1.0,123,-0.020088282379739697,1.2889895937277626e-05,0.37398373983739835,0.02341811625465867,0.027600000000000027,-0.013969453123558613,1.0014739555706542,-0.1784080211314628,0.3008130081300813,0.8043478260869565,-0.00272800985572173,0.5
pullback_rsi35_S_tp0.030_sl0.012_h12,pullback_rsi35,-1,0.03,0.012,12,train,102,0.15716078492322394,0.0016123541518801327,0.39215686274509803,0.024489951812352355,0.028400000000000026,-0.013147386274230975,1.201757412586499,-0.12485731618450502,0.30392156862745096,0.775,-0.0013993797051444453,0.5,102,0.06656046038734931,0.0008123541518801332,0.39215686274509803,0.023689951812352356,0.027600000000000027,-0.013947386274230979,1.0958210791921092,-0.1583952252924109,0.30392156862745096,0.775,-0.0021993797051444446,0.5
pullback_rsi35_S_tp0.030_sl0.012_h12,pullback_rsi35,-1,0.03,0.012,12,test,122,0.1667224032129151,0.0014631886937844945,0.36065573770491804,0.028005114955142116,0.028413285000000024,-0.013509179966468525,1.1694090384016456,-0.12209918477600956,0.3524590163934426,0.9772727272727273,-0.0014867888419073086,1.0,122,0.0582997077392442,0.0006631886937844951,0.36065573770491804,0.027205114955142117,0.02761328500000003,-0.014309179966468518,1.0724915850428125,-0.14985139869313235,0.3524590163934426,0.9772727272727273,-0.0022867888419073074,1.0
pullback_rsi35_S_tp0.030_sl0.012_h24,pullback_rsi35,-1,0.03,0.012,24,train,97,0.12456205471917436,0.0014084270845770876,0.36082474226804123,0.027803268205827947,0.028442120000000026,-0.013491886451612915,1.1633208890609446,-0.1713094958634449,0.35051546391752575,0.9714285714285714,-0.002014467068128515,0.5,97,0.04064567768766292,0.0006084270845770883,0.36082474226804123,0.027003268205827952,0.027642120000000027,-0.014291886451612914,1.0666038028208307,-0.20112780841111844,0.35051546391752575,0.9714285714285714,-0.0028144670681285143,0.5
pullback_rsi35_S_tp0.030_sl0.012_h24,pullback_rsi35,-1,0.03,0.012,24,test,121,0.19927582949232248,0.0017055260330578516,0.36363636363636365,0.028456697954545473,0.02841888000000003,-0.013580857922077937,1.197344847655417,-0.12209918477600956,0.36363636363636365,1.0,-0.0014167349504132236,1.0,121,0.08872262383269014,0.0009055260330578521,0.36363636363636365,0.027656697954545475,0.027618880000000026,-0.01438085792207793,1.0989488588392837,-0.14985139869313235,0.36363636363636365,1.0,-0.002216734950413223,1.0
pullback_rsi35_S_tp0.030_sl0.018_h6,pullback_rsi35,-1,0.03,0.018,6,train,103,-0.1716783672724811,-0.0016403640084312087,0.4077669902912621,0.01957769625485528,0.028221780000000026,-0.016249520255284203,0.8295460468037348,-0.26315029081732655,0.22330097087378642,0.5476190476190477,-0.004677022005524468,0.5,103,-0.23734768452557908,-0.0024403640084312084,0.4077669902912621,0.018777696254855283,0.027421780000000028,-0.0170495202552842,0.7583149217403928,-0.3023571182076725,0.22330097087378642,0.5476190476190477,-0.005477022005524466,0.5
pullback_rsi35_S_tp0.030_sl0.018_h6,pullback_rsi35,-1,0.03,0.018,6,test,112,-0.0557212391368358,-0.00027799541874928054,0.4375,0.023024587924828234,0.028400000000000026,-0.01840222690819846,0.9731437895944908,-0.20674903299338498,0.32142857142857145,0.7346938775510204,-0.003617545993175594,0.5,112,-0.13673754659171378,-0.0010779954187492787,0.4375,0.02222458792482824,0.027600000000000027,-0.01920222690819845,0.900197184984806,-0.23004213468255874,0.32142857142857145,0.7346938775510204,-0.004417545993175591,0.0
pullback_rsi35_S_tp0.030_sl0.018_h12,pullback_rsi35,-1,0.03,0.018,12,train,91,-0.178183068892818,-0.0019275610096385733,0.4065934065934066,0.022803307760140827,0.028400000000000026,-0.018872785907450385,0.8278845914475618,-0.35250912690572933,0.27472527472527475,0.6756756756756757,-0.0054977037250839135,0.5,91,-0.23604051013136307,-0.002727561009638572,0.4065934065934066,0.02200330776014083,0.027600000000000027,-0.01967278590745038,0.7663551351214105,-0.384074548919509,0.27472527472527475,0.6756756756756757,-0.006297703725083912,0.5
pullback_rsi35_S_tp0.030_sl0.018_h12,pullback_rsi35,-1,0.03,0.018,12,test,109,-0.056073094362793396,-0.0002581021959476325,0.4036697247706422,0.028011342909687566,0.02841888000000003,-0.01939434195976223,0.9776833094163709,-0.20854352369701,0.3944954128440367,0.9772727272727273,-0.003959699636073763,0.0,109,-0.1349874141847449,-0.0010581021959476303,0.4036697247706422,0.027211342909687575,0.027618880000000026,-0.020194341959762226,0.9121359837491604,-0.23117078378650158,0.3944954128440367,0.9772727272727273,-0.0047596996360737606,0.0
pullback_rsi35_S_tp0.030_sl0.018_h24,pullback_rsi35,-1,0.03,0.018,24,train,85,-0.18414134075764288,-0.0021383622145322904,0.3764705882352941,0.02638496602653702,0.028442130000000024,-0.01935999436008357,0.8228589961938164,-0.3621518665081367,0.3411764705882353,0.90625,-0.006083525147287936,0.5,85,-0.23793366355011725,-0.0029383622145322886,0.3764705882352941,0.025584966026537016,0.02764213000000003,-0.020159994360083564,0.7662465763441688,-0.3888678658226157,0.3411764705882353,0.90625,-0.006883525147287934,0.5
pullback_rsi35_S_tp0.030_sl0.018_h24,pullback_rsi35,-1,0.03,0.018,24,test,108,-0.029736019792877766,-2.5325000000022267e-06,0.4074074074074074,0.028462925909090928,0.02842625500000008,-0.019572535156250015,0.9997816535407454,-0.20854352369701,0.4074074074074074,1.0,-0.003575134833333336,0.5,108,-0.11012091830878057,-0.0008025325000000004,0.4074074074074074,0.027662925909090932,0.027626255000000086,-0.020372535156250014,0.9335245425587338,-0.23117078378650158,0.4074074074074074,1.0,-0.0043751348333333365,0.0
squeeze6_r0.15_S_tp0.022_sl0.012_h6,squeeze6_r0.15,-1,0.022,0.012,6,train,82,-0.12926036468376967,-0.0015683231624571794,0.3780487804878049,0.017450263575044887,0.02040000000000002,-0.013128640591134909,0.8079300277701714,-0.1817448516525595,0.3048780487804878,0.8064516129032258,-0.004382853417651935,0.5,82,-0.18466579590368182,-0.002368323162457179,0.36585365853658536,0.017210770147289674,0.01960000000000002,-0.013663953918080361,0.7266776900097417,-0.223352507778107,0.3048780487804878,0.0,-0.005182853417651935,0.0
squeeze6_r0.15_S_tp0.022_sl0.012_h6,squeeze6_r0.15,-1,0.022,0.012,6,test,93,0.01626079138476988,0.0003000124995793478,0.41935483870967744,0.018605402207938864,0.02040000000000002,-0.01292054673423586,1.0399896540253137,-0.18422082542916618,0.3548387096774194,0.8461538461538461,-0.002354483293538092,0.5,93,-0.05662957064516916,-0.0004999875004206519,0.41935483870967744,0.017805402207938862,0.01960000000000002,-0.013720546734235855,0.9372408694247456,-0.2062513869751642,0.3548387096774194,0.0,-0.0031544832935380914,0.5
squeeze6_r0.15_S_tp0.022_sl0.012_h12,squeeze6_r0.15,-1,0.022,0.012,12,train,81,-0.15127795829642166,-0.0018994569648496404,0.35802469135802467,0.018801726885707807,0.02040000000000002,-0.01344434795842976,0.7799246559158204,-0.189869953561838,0.32098765432098764,0.896551724137931,-0.004751885006063803,0.5,81,-0.20466265700602226,-0.0026994569648496397,0.345679012345679,0.018658313453651428,0.01960000000000002,-0.013982807374623785,0.704953013928955,-0.22661677558155913,0.32098765432098764,0.0,-0.0055518850060638026,0.0
squeeze6_r0.15_S_tp0.022_sl0.012_h12,squeeze6_r0.15,-1,0.022,0.012,12,test,92,-0.0725379528652621,-0.0006846260639028933,0.3804347826086957,0.020163433090633762,0.02040000000000002,-0.013486065895635928,0.9180627992138164,-0.22539222323151598,0.3695652173913043,0.9714285714285714,-0.0035536175435648995,0.5,92,-0.13843345673974516,-0.0014846260639028925,0.3804347826086957,0.019363433090633764,0.01960000000000002,-0.014286065895635927,0.8322674292007949,-0.26363494692175826,0.3695652173913043,0.02857142857142857,-0.004353617543564899,0.0
squeeze6_r0.15_S_tp0.022_sl0.012_h24,squeeze6_r0.15,-1,0.022,0.012,24,train,79,-0.173989098622511,-0.0022905661596289996,0.3291139240506329,0.02039511346153848,0.02040000000000002,-0.013419390124730033,0.7455741212532406,-0.20727916530781787,0.3291139240506329,1.0,-0.0052939414317809,0.0,79,-0.22472214175424698,-0.0030905661596290004,0.3291139240506329,0.01959511346153848,0.01960000000000002,-0.014219390124730025,0.6760273883401762,-0.2470053107873339,0.3291139240506329,0.0,-0.006093941431780901,0.0
squeeze6_r0.15_S_tp0.022_sl0.012_h24,squeeze6_r0.15,-1,0.022,0.012,24,test,92,-0.07140615213051671,-0.0006691046739130422,0.3804347826086957,0.020413066857142878,0.02040000000000002,-0.013614297719298257,0.9206746874999076,-0.2244469536610849,0.3804347826086957,1.0,-0.003619367250000005,0.5,92,-0.13738137032274167,-0.0014691046739130414,0.3804347826086957,0.019613066857142876,0.01960000000000002,-0.014414297719298256,0.8354976054051209,-0.2627357480422754,0.3804347826086957,0.02857142857142857,-0.004419367250000005,0.0
squeeze6_r0.15_S_tp0.022_sl0.018_h6,squeeze6_r0.15,-1,0.022,0.018,6,train,76,0.03019662527169875,0.0005656922025545944,0.5,0.01845988246889647,0.02040000000000002,-0.017328498063787282,1.0652903904853432,-0.11960644311293367,0.4342105263157895,0.8421052631578947,-0.0028947107030863786,0.5,76,-0.030583986289266285,-0.00023430779744540328,0.5,0.017659882468896472,0.01960000000000002,-0.018128498063787277,0.9741503353867526,-0.13676201054140313,0.4342105263157895,0.0,-0.0036947107030863777,0.5
squeeze6_r0.15_S_tp0.022_sl0.018_h6,squeeze6_r0.15,-1,0.022,0.018,6,test,90,-0.04324592963306362,-0.0003201427672221318,0.4666666666666667,0.01874086181213371,0.02040000000000002,-0.016998521774158493,0.9646870653509391,-0.22067339747638393,0.4,0.8571428571428571,-0.0035848324936492456,0.5,90,-0.10977892433524206,-0.0011201427672221306,0.4666666666666667,0.017940861812133713,0.01960000000000002,-0.017798521774158495,0.8819976335568017,-0.2586997361715042,0.4,0.0,-0.004384832493649245,0.0
squeeze6_r0.15_S_tp0.022_sl0.018_h12,squeeze6_r0.15,-1,0.022,0.018,12,train,74,-0.06481362991406858,-0.0007187546643848956,0.5,0.018142842292851846,0.02040000000000002,-0.019580351621621642,0.9265840901864897,-0.14249325843554939,0.43243243243243246,0.8378378378378378,-0.004268904048705824,0.0,74,-0.1186477181511626,-0.0015187546643848937,0.4864864864864865,0.017835218384784222,0.01960000000000002,-0.019854097553071423,0.85103453507047,-0.16423652176039494,0.43243243243243246,0.0,-0.005068904048705822,0.0
squeeze6_r0.15_S_tp0.022_sl0.018_h12,squeeze6_r0.15,-1,0.022,0.018,12,test,89,-0.2085691654929399,-0.002438076985564359,0.42696629213483145,0.01968835622033411,0.02040000000000002,-0.018924438982116158,0.7751751916669242,-0.32461071473820635,0.4044943820224719,0.9473684210526315,-0.005712297866617857,0.0,89,-0.26312878576897225,-0.0032380769855643566,0.42696629213483145,0.018888356220334107,0.01960000000000002,-0.019724438982116156,0.7135147010537912,-0.35831301646144054,0.4044943820224719,0.02631578947368421,-0.006512297866617854,0.0
squeeze6_r0.15_S_tp0.022_sl0.018_h24,squeeze6_r0.15,-1,0.022,0.018,24,train,72,-0.06125259106364134,-0.0006780811111111108,0.4722222222222222,0.02044105000000002,0.020401830000000072,-0.019574145789473703,0.9343631504037939,-0.14249325843554905,0.4722222222222222,0.9705882352941176,-0.004548348076388893,0.0,72,-0.1138721398530016,-0.0014780811111111095,0.4722222222222222,0.01964105000000002,0.019601830000000077,-0.020374145789473698,0.8625427163533393,-0.16423652176039494,0.4722222222222222,0.029411764705882353,-0.005348348076388891,0.0
squeeze6_r0.15_S_tp0.022_sl0.018_h24,squeeze6_r0.15,-1,0.022,0.018,24,test,85,-0.12719111933796223,-0.0014026203095093592,0.4588235294117647,0.020069438043377057,0.02040725000000013,-0.019607191521739148,0.8678138888411013,-0.2464765113649996,0.4470588235294118,0.9743589743589743,-0.005007283694117649,0.0,85,-0.18469115586528495,-0.0022026203095093576,0.4588235294117647,0.01926943804337706,0.01960725000000013,-0.020407191521739143,0.800557599352369,-0.2817191009378953,0.4470588235294118,0.07692307692307693,-0.005807283694117649,0.0
squeeze6_r0.15_S_tp0.030_sl0.012_h6,squeeze6_r0.15,-1,0.03,0.012,6,train,78,-0.1370051197129818,-0.0017345127920817703,0.3076923076923077,0.02315586144083652,0.02839999999999997,-0.012796901340045455,0.8042176539643904,-0.24215174656208172,0.23076923076923078,0.75,-0.00507200312198338,0.5,78,-0.18933392197657684,-0.0025345127920817704,0.2948717948717949,0.023335026442277175,0.027600000000000027,-0.013352683744631874,0.7308106723395854,-0.26560668891037864,0.23076923076923078,0.782608695652174,-0.005872003121983381,0.5
squeeze6_r0.15_S_tp0.030_sl0.012_h6,squeeze6_r0.15,-1,0.03,0.012,6,test,87,0.13201571452032268,0.0015911078485447,0.40229885057471265,0.022566642826096245,0.028389580000000136,-0.01252704069403807,1.2125039655050889,-0.18095067738793014,0.26436781609195403,0.7142857142857143,-0.001800030790125974,1.0,87,0.05597006621613798,0.0007911078485447002,0.40229885057471265,0.021766642826096243,0.027589580000000138,-0.013327040694038068,1.099315693217421,-0.2005116089674277,0.26436781609195403,0.7142857142857143,-0.0026000307901259748,0.5
squeeze6_r0.15_S_tp0.030_sl0.012_h12,squeeze6_r0.15,-1,0.03,0.012,12,train,76,-0.13357377887298238,-0.0017202749457038708,0.3026315789473684,0.025295786433254478,0.028400000000000026,-0.0134442261101575,0.8165153326125686,-0.25943099869613007,0.25,0.8260869565217391,-0.005305721666869874,0.5,76,-0.1848046451358748,-0.002520274945703871,0.3026315789473684,0.02449578643325448,0.027600000000000027,-0.014244226110157493,0.7462846251192752,-0.28236452144332935,0.25,0.8260869565217391,-0.006105721666869873,0.5
squeeze6_r0.15_S_tp0.030_sl0.012_h12,squeeze6_r0.15,-1,0.03,0.012,12,test,83,0.02329492309981407,0.0004614118107934262,0.3493975903614458,0.026110775914061055,0.028400000000000026,-0.013313246689109564,1.0532707805298882,-0.21152170007790927,0.3132530120481928,0.896551724137931,-0.003158905889022685,0.5,83,-0.0424645332729785,-0.00033858818920657274,0.3493975903614458,0.02531077591406106,0.027600000000000027,-0.014113246689109559,0.9631252398135018,-0.2303761863835797,0.3132530120481928,0.896551724137931,-0.003958905889022686,0.5
squeeze6_r0.15_S_tp0.030_sl0.012_h24,squeeze6_r0.15,-1,0.03,0.012,24,train,74,-0.1431724414678769,-0.0019176655835641254,0.28378378378378377,0.027107083496521252,0.028400000000000026,-0.01341803786057909,0.8004555233104713,-0.24726022704100836,0.25675675675675674,0.9047619047619048,-0.005357585286750002,0.5,74,-0.19255152146188115,-0.0027176655835641256,0.28378378378378377,0.02630708349652125,0.027600000000000027,-0.014218037860579083,0.7331223539863003,-0.27056131741530565,0.25675675675675674,0.9047619047619048,-0.006157585286750002,0.5
squeeze6_r0.15_S_tp0.030_sl0.012_h24,squeeze6_r0.15,-1,0.03,0.012,24,test,82,0.010024598000270446,0.0003136632500269297,0.32926829268292684,0.02839178888888891,0.028400000000000026,-0.013470143881778045,1.0347170301262967,-0.21731909355609902,0.32926829268292684,1.0,-0.0033339029634146347,0.5,82,-0.05413561687846746,-0.0004863367499730688,0.32926829268292684,0.027591788888888916,0.027600000000000027,-0.014270143881778037,0.949188747654892,-0.23603950726962775,0.32926829268292684,1.0,-0.0041339029634146355,0.0
squeeze6_r0.15_S_tp0.030_sl0.018_h6,squeeze6_r0.15,-1,0.03,0.018,6,train,72,0.08969897895875101,0.00141679136406749,0.4444444444444444,0.02349404410050749,0.028399999999999915,-0.016245010825084512,1.1569850880852346,-0.10719717413541785,0.3194444444444444,0.78125,-0.0026772846269928117,1.0,72,0.028739625258850987,0.0006167913640674907,0.4444444444444444,0.02269404410050749,0.027599999999999916,-0.017045010825084507,1.0651348636099198,-0.11727172087126703,0.3194444444444444,0.78125,-0.0034772846269928107,0.5
squeeze6_r0.15_S_tp0.030_sl0.018_h6,squeeze6_r0.15,-1,0.03,0.018,6,test,83,0.05271215249244143,0.000824383322265808,0.4457831325301205,0.02182428011689842,0.028389580000000136,-0.016066838012547387,1.0925803978499693,-0.19774601567600514,0.27710843373493976,0.6756756756756757,-0.0028487793214673333,1.0,83,-0.014916825151929936,2.4383322265809114e-05,0.4457831325301205,0.02102428011689842,0.027589580000000138,-0.016866838012547375,1.0026084316746484,-0.2162926423728373,0.27710843373493976,0.6756756756756757,-0.0036487793214673337,0.5
squeeze6_r0.15_S_tp0.030_sl0.018_h12,squeeze6_r0.15,-1,0.03,0.018,12,train,70,-0.008802345132750244,0.00012914399530563762,0.44285714285714284,0.02491168708617404,0.028400000000000026,-0.019569800512820527,1.011844623275505,-0.16450322263204364,0.35714285714285715,0.8064516129032258,-0.00438856536562923,0.5,70,-0.06282482737328421,-0.0006708560046943612,0.44285714285714284,0.024111687086174047,0.027600000000000027,-0.02036980051282053,0.9408879571261172,-0.18444643437090136,0.35714285714285715,0.8064516129032258,-0.00518856536562923,0.5
squeeze6_r0.15_S_tp0.030_sl0.018_h12,squeeze6_r0.15,-1,0.03,0.018,12,test,79,-0.15557825732406605,-0.001896997509432596,0.379746835443038,0.025295717323609503,0.028400000000000026,-0.018545598427621636,0.8350862298695741,-0.3123141078121535,0.3291139240506329,0.8666666666666667,-0.006022085189159781,0.0,79,-0.20743381027062469,-0.002696997509432595,0.379746835443038,0.024495717323609504,0.027600000000000027,-0.019345598427621635,0.7752346358961457,-0.34260699072703626,0.3291139240506329,0.8666666666666667,-0.006822085189159778,0.0
squeeze6_r0.15_S_tp0.030_sl0.018_h24,squeeze6_r0.15,-1,0.03,0.018,24,train,68,-0.03190202219835625,-0.00020757009666256773,0.4117647058823529,0.027453384765248067,0.028401830000000024,-0.019570238500000017,0.9819690922864139,-0.15326349184114596,0.38235294117647056,0.9285714285714286,-0.004885046580245326,0.5,68,-0.0832168448464129,-0.0010075700966625657,0.4117647058823529,0.026653384765248082,0.02760183000000003,-0.020370238500000016,0.9159131512217514,-0.17676812187733115,0.38235294117647056,0.9285714285714286,-0.005685046580245326,0.5
squeeze6_r0.15_S_tp0.030_sl0.018_h24,squeeze6_r0.15,-1,0.03,0.018,24,test,75,-0.12270272589293785,-0.0014777601799705554,0.37333333333333335,0.02844026035714289,0.028403625000000026,-0.01930126177654878,0.8778251922562557,-0.2533152873232867,0.37333333333333335,1.0,-0.005932467079970559,0.0,75,-0.173912202723848,-0.002277760179970554,0.37333333333333335,0.027640260357142888,0.027603625000000027,-0.020101261776548772,0.8191793265593488,-0.2838714643650827,0.37333333333333335,1.0,-0.006732467079970558,0.0
squeeze6_r0.25_S_tp0.022_sl0.012_h6,squeeze6_r0.25,-1,0.022,0.012,6,train,106,-0.18473243933835926,-0.0018098773825869637,0.36792452830188677,0.01732790089193581,0.02040000000000002,-0.012949778169249478,0.7788851623247454,-0.19913097481936204,0.29245283018867924,0.7692307692307693,-0.004266791178853413,0.0,106,-0.2511722442335804,-0.002609877382586963,0.3584905660377358,0.016967186009941987,0.01960000000000002,-0.013550001043117845,0.6997536561133707,-0.24592740180507833,0.29245283018867924,0.0,-0.005066791178853413,0.0
squeeze6_r0.25_S_tp0.022_sl0.012_h6,squeeze6_r0.25,-1,0.022,0.012,6,test,123,-0.023454296563324872,-6.471884178146833e-05,0.4065040650406504,0.018967422522192322,0.02040000000000002,-0.013100432104777213,0.9916760901676955,-0.15122086283251546,0.35772357723577236,0.88,-0.0023996113421562064,0.0,123,-0.11503280135887828,-0.0008647188417814676,0.4065040650406504,0.018167422522192323,0.01960000000000002,-0.013900432104777212,0.8951836885284227,-0.20200741041290915,0.35772357723577236,0.0,-0.003199611342156207,0.0
squeeze6_r0.25_S_tp0.022_sl0.012_h12,squeeze6_r0.25,-1,0.022,0.012,12,train,100,-0.20306785902875757,-0.0021437517620189086,0.35,0.018933235646755902,0.02040000000000002,-0.013492898828282269,0.7555692312046253,-0.21333822068913622,0.32,0.8857142857142857,-0.004644241827693215,0.0,100,-0.2645035576788234,-0.0029437517620189086,0.34,0.01867782190156383,0.01960000000000002,-0.014082138194773651,0.6832704039143551,-0.2576552992469724,0.32,0.0,-0.005444241827693214,0.0
squeeze6_r0.25_S_tp0.022_sl0.012_h12,squeeze6_r0.25,-1,0.022,0.012,12,test,120,-0.11421274112462854,-0.0008770771489922183,0.375,0.020188411514937374,0.02040000000000002,-0.013516370347349977,0.8961760145420484,-0.21724929967381945,0.36666666666666664,0.9777777777777777,-0.0032256870586505697,0.0,120,-0.1954134936551578,-0.001677077148992218,0.375,0.019388411514937375,0.01960000000000002,-0.014316370347349974,0.8125695708281084,-0.2704549293136902,0.36666666666666664,0.022222222222222223,-0.00402568705865057,0.0
squeeze6_r0.25_S_tp0.022_sl0.012_h24,squeeze6_r0.25,-1,0.022,0.012,24,train,98,-0.2195845775044586,-0.002400501904190726,0.32653061224489793,0.02043471312500001,0.020400000000000074,-0.013472121312283206,0.7354253622951213,-0.21862118057059088,0.32653061224489793,0.96875,-0.005060643369605944,0.0,98,-0.27860534575983986,-0.003200501904190726,0.32653061224489793,0.019634713125000015,0.019600000000000076,-0.014272121312283207,0.6670249432996138,-0.2718883900557427,0.32653061224489793,0.03125,-0.005860643369605943,0.0
squeeze6_r0.25_S_tp0.022_sl0.012_h24,squeeze6_r0.25,-1,0.022,0.012,24,test,120,-0.11313179697869757,-0.0008651774166666659,0.375,0.02038257111111113,0.02040000000000002,-0.013613826533333345,0.8983177974776408,-0.21629409312872305,0.375,1.0,-0.003145143683333336,0.0,120,-0.19443098738068476,-0.0016651774166666655,0.375,0.01958257111111113,0.01960000000000002,-0.014413826533333344,0.8151577680982038,-0.269564058532478,0.375,0.022222222222222223,-0.003945143683333337,0.0
squeeze6_r0.25_S_tp0.022_sl0.018_h6,squeeze6_r0.25,-1,0.022,0.018,6,train,101,-0.0024225546032579093,0.0001415564454826253,0.4752475247524752,0.018394799291389857,0.02040000000000002,-0.016389682358357888,1.0164590443803434,-0.10854118858593798,0.40594059405940597,0.8125,-0.0029285939694241297,0.5,101,-0.07990022640243666,-0.0006584435545173732,0.4752475247524752,0.017594799291389854,0.01960000000000002,-0.017189682358357883,0.927004480570826,-0.12099846021917238,0.40594059405940597,0.0,-0.003728593969424129,0.0
squeeze6_r0.25_S_tp0.022_sl0.018_h6,squeeze6_r0.25,-1,0.022,0.018,6,test,118,-0.11672317819418243,-0.0008798728529218256,0.4576271186440678,0.018526109807434823,0.02040000000000002,-0.017253670722597744,0.9059756269458722,-0.2620218201612955,0.3898305084745763,0.8333333333333334,-0.0035714347980655595,0.0,118,-0.19641317936348002,-0.0016798728529218239,0.4576271186440678,0.017726109807434817,0.01960000000000002,-0.018053670722597746,0.8284412283703736,-0.31567849153876637,0.3898305084745763,0.0,-0.0043714347980655585,0.0
squeeze6_r0.25_S_tp0.022_sl0.018_h12,squeeze6_r0.25,-1,0.022,0.018,12,train,95,-0.13447389930559694,-0.0013349392652260452,0.4631578947368421,0.01881299674084596,0.020400000000000074,-0.01871747229007248,0.8671481098546209,-0.14939090960626256,0.42105263157894735,0.8636363636363636,-0.004546148913750445,0.0,95,-0.1979448458675055,-0.0021349392652260436,0.45263157894736844,0.01844080357241711,0.01960000000000013,-0.019149495842507882,0.7963199739800642,-0.18149285219665834,0.42105263157894735,0.0,-0.005346148913750444,0.0
squeeze6_r0.25_S_tp0.022_sl0.018_h12,squeeze6_r0.25,-1,0.022,0.018,12,test,114,-0.27877861219119926,-0.0026782718014785947,0.42105263157894735,0.019482118038165994,0.02040000000000002,-0.01879491895758375,0.7538640177508753,-0.36219088430922197,0.39473684210526316,0.9166666666666666,-0.005581566228212122,0.0,114,-0.34185139831315725,-0.0034782718014785925,0.42105263157894735,0.018682118038165996,0.01960000000000002,-0.01959491895758375,0.6933937806152279,-0.41052462680371704,0.39473684210526316,0.020833333333333332,-0.00638156622821212,0.0
squeeze6_r0.25_S_tp0.022_sl0.018_h24,squeeze6_r0.25,-1,0.022,0.018,24,train,92,-0.13192826092571097,-0.0013381306521739152,0.45652173913043476,0.020407686666666685,0.020421380000000072,-0.019604617200000018,0.8744091570428623,-0.14616560882151308,0.45652173913043476,0.9285714285714286,-0.004805445858695655,0.0,92,-0.19365080283715375,-0.0021381306521739136,0.45652173913043476,0.019607686666666686,0.019621380000000077,-0.020404617200000016,0.8071926387327669,-0.17711072847959353,0.45652173913043476,0.047619047619047616,-0.005605445858695653,0.0
squeeze6_r0.25_S_tp0.022_sl0.018_h24,squeeze6_r0.25,-1,0.022,0.018,24,test,108,-0.20288741451106296,-0.0019027614859493266,0.4444444444444444,0.020102432368577196,0.02040000000000002,-0.019506916569570543,0.8244227547447706,-0.29507682127769985,0.4351851851851852,0.9583333333333334,-0.005089064973318471,0.0,108,-0.2690370725285979,-0.0027027614859493243,0.4444444444444444,0.019302432368577198,0.01960000000000002,-0.02030691656957054,0.7604278986402677,-0.34530796941680075,0.4351851851851852,0.0625,-0.005889064973318469,0.0
squeeze6_r0.25_S_tp0.030_sl0.012_h6,squeeze6_r0.25,-1,0.03,0.012,6,train,99,-0.15578331571790494,-0.0015582933246514599,0.31313131313131315,0.02278807549721918,0.028400000000000026,-0.012657373228739546,0.8207612502952149,-0.25415410651626513,0.2222222222222222,0.7419354838709677,-0.0043892252613422274,0.5,99,-0.2202058862668167,-0.0023582933246514594,0.30303030303030304,0.02272650913353645,0.027600000000000027,-0.013264729176037503,0.7449146376448121,-0.2887250612135599,0.2222222222222222,0.7666666666666667,-0.005189225261342226,0.5
squeeze6_r0.25_S_tp0.030_sl0.012_h6,squeeze6_r0.25,-1,0.03,0.012,6,test,116,0.13973122616246947,0.0012987206742973729,0.3879310344827586,0.023571193206855003,0.028363360000000025,-0.012817635156196902,1.165541729825981,-0.1453269627003001,0.27586206896551724,0.7555555555555555,-0.0015939423281958744,1.0,116,0.038777234287142415,0.0004987206742973728,0.3879310344827586,0.022771193206855007,0.027563360000000026,-0.013617635156196899,1.059835003153483,-0.1697077758692883,0.27586206896551724,0.7555555555555555,-0.0023939423281958737,0.5
squeeze6_r0.25_S_tp0.030_sl0.012_h12,squeeze6_r0.25,-1,0.03,0.012,12,train,95,-0.1822228679026121,-0.0019498645044480447,0.29473684210526313,0.025677221282706542,0.028400000000000026,-0.01349551229609474,0.7951368431285389,-0.2824271050470738,0.25263157894736843,0.8571428571428571,-0.004963966242332866,0.5,95,-0.24222561087500927,-0.0027498645044480444,0.29473684210526313,0.024877221282706554,0.027600000000000027,-0.014295512296094737,0.7272527538695003,-0.31516114293240416,0.25263157894736843,0.8571428571428571,-0.005763966242332864,0.5
squeeze6_r0.25_S_tp0.030_sl0.012_h12,squeeze6_r0.25,-1,0.03,0.012,12,test,110,0.02684179767162531,0.00042682600268958976,0.34545454545454546,0.026602951618625564,0.02839479000000008,-0.013388351405721064,1.0487061671841256,-0.17722764083342624,0.3181818181818182,0.9210526315789473,-0.0025615253530775735,0.5,110,-0.0596869018163958,-0.00037317399731041,0.34545454545454546,0.02580295161862557,0.027594790000000084,-0.014188351405721063,0.9598172526157297,-0.20072301847156582,0.3181818181818182,0.9210526315789473,-0.0033615253530775743,0.0
squeeze6_r0.25_S_tp0.030_sl0.012_h24,squeeze6_r0.25,-1,0.03,0.012,24,train,93,-0.1721342663973292,-0.0018560486082513236,0.27956989247311825,0.028084570232435328,0.028411045000000024,-0.013474796218070028,0.8088055481187845,-0.2755324381661066,0.26881720430107525,0.9615384615384616,-0.0051272173982613274,0.5,93,-0.2316410451593105,-0.002656048608251323,0.27956989247311825,0.027284570232435336,0.02761104500000003,-0.014274796218070025,0.7417298305350201,-0.30802228417772437,0.26881720430107525,0.9615384615384616,-0.005927217398261328,0.5
squeeze6_r0.25_S_tp0.030_sl0.012_h24,squeeze6_r0.25,-1,0.03,0.012,24,test,109,0.01352547588276587,0.00031535840827714415,0.3302752293577982,0.028341054444444482,0.028400000000000026,-0.013505532787640993,1.0348655347939204,-0.1832771860264123,0.3302752293577982,1.0,-0.002765649036676986,0.5,109,-0.07114806765889914,-0.0004846415917228552,0.3302752293577982,0.02754105444444448,0.027600000000000027,-0.014305532787640995,0.9494151713627572,-0.2066045438910532,0.3302752293577982,1.0,-0.0035656490366769863,0.0
squeeze6_r0.25_S_tp0.030_sl0.018_h6,squeeze6_r0.25,-1,0.03,0.018,6,train,94,0.08346707565147349,0.0010666887309023344,0.43617021276595747,0.022919619733886037,0.028400000000000026,-0.015838408837443547,1.1194477962769755,-0.11851489872932808,0.2978723404255319,0.7560975609756098,-0.0022110962845067893,1.0,94,0.004996672522780132,0.00026668873090233557,0.43617021276595747,0.022119619733886035,0.027600000000000027,-0.016638408837443545,1.028427905111555,-0.12609863834936474,0.2978723404255319,0.7560975609756098,-0.003011096284506789,0.5
squeeze6_r0.25_S_tp0.030_sl0.018_h6,squeeze6_r0.25,-1,0.03,0.018,6,test,110,0.028516053066169,0.0004674552724832156,0.44545454545454544,0.021966221098582234,0.028301300000000026,-0.01680204514520288,1.0501696146762296,-0.1687247106767844,0.2818181818181818,0.673469387755102,-0.0027249799971868593,0.5,110,-0.05815470563910352,-0.00033254472751678303,0.44545454545454544,0.021166221098582235,0.027501300000000027,-0.01760204514520288,0.965931753090881,-0.2245581398943831,0.2818181818181818,0.673469387755102,-0.0035249799971868567,0.5
squeeze6_r0.25_S_tp0.030_sl0.018_h12,squeeze6_r0.25,-1,0.03,0.018,12,train,89,-0.14305391742770845,-0.001489612055458165,0.39325842696629215,0.025164974395940565,0.028400000000000026,-0.01876573290358697,0.8691710383348124,-0.18376757041091285,0.3258426966292135,0.8285714285714286,-0.005296568369118605,0.0,89,-0.20208226670469775,-0.002289612055458163,0.39325842696629215,0.024364974395940563,0.027600000000000027,-0.019565732903586968,0.8071311773611489,-0.2184269524610445,0.3258426966292135,0.8285714285714286,-0.006096568369118601,0.0
squeeze6_r0.25_S_tp0.030_sl0.018_h12,squeeze6_r0.25,-1,0.03,0.018,12,test,103,-0.12959192073569836,-0.0011027851896963363,0.39805825242718446,0.02515929759822783,0.028389580000000136,-0.018469646388162314,0.900807718511493,-0.27889116281632065,0.33980582524271846,0.8536585365853658,-0.004697041737195552,0.0,103,-0.19856974800855132,-0.0019027851896963345,0.39805825242718446,0.024359297598227827,0.027589580000000138,-0.019269646388162316,0.8359555459443092,-0.32542287755007215,0.33980582524271846,0.8536585365853658,-0.005497041737195552,0.0
squeeze6_r0.25_S_tp0.030_sl0.018_h24,squeeze6_r0.25,-1,0.03,0.018,24,train,89,-0.06882947491507552,-0.0005317875782965034,0.4044943820224719,0.027563625986989224,0.028400000000000026,-0.01961546471698115,0.9544746048433226,-0.16637163217304274,0.38202247191011235,0.9444444444444444,-0.0045903968857933086,0.5,89,-0.13291439778249514,-0.0013317875782965015,0.4044943820224719,0.02676362598698923,0.027600000000000027,-0.020415464716981146,0.8904556893589921,-0.20239559308370192,0.38202247191011235,0.9444444444444444,-0.0053903968857933054,0.0
squeeze6_r0.25_S_tp0.030_sl0.018_h24,squeeze6_r0.25,-1,0.03,0.018,24,test,97,-0.09525187656659306,-0.0007654553425551396,0.3917525773195876,0.027959468669583577,0.028400000000000026,-0.01926625385884787,0.9346805825534075,-0.22352365731931334,0.3711340206185567,0.9736842105263158,-0.004598040033966474,0.5,97,-0.16291570815894474,-0.001565455342555138,0.3917525773195876,0.02715946866958358,0.027600000000000027,-0.020066253858847867,0.8717391530162764,-0.27358606733668656,0.3711340206185567,0.9736842105263158,-0.0053980400339664735,0.0
squeeze18_r0.15_S_tp0.022_sl0.012_h6,squeeze18_r0.15,-1,0.022,0.012,6,train,53,-0.12213004839050978,-0.002335026461923462,0.3584905660377358,0.017874894079897733,0.02040000000000002,-0.013628805588235303,0.7329263986429277,-0.14868721959517128,0.3018867924528302,0.7894736842105263,-0.005906294655302147,0.0,53,-0.15868006570476378,-0.0031350264619234625,0.3584905660377358,0.017074894079897734,0.01960000000000002,-0.014428805588235307,0.661305782776681,-0.16499244671091773,0.3018867924528302,0.0,-0.006706294655302149,0.0
squeeze18_r0.15_S_tp0.022_sl0.012_h6,squeeze18_r0.15,-1,0.022,0.012,6,test,59,0.032074886579429585,0.0006617758706611342,0.423728813559322,0.018720434215114504,0.02040000000000002,-0.012616649382613402,1.0910206617250986,-0.10852933391540431,0.3728813559322034,0.88,-0.002781761260734832,0.5,59,-0.01550685540875374,-0.0001382241293388651,0.423728813559322,0.017920434215114505,0.01960000000000002,-0.0134166493826134,0.9821222488776185,-0.1206581863893813,0.3728813559322034,0.0,-0.00358176126073483,0.5
squeeze18_r0.15_S_tp0.022_sl0.012_h12,squeeze18_r0.15,-1,0.022,0.012,12,train,52,-0.11368226381783286,-0.002197606776222004,0.36538461538461536,0.017663359875602958,0.02040000000000002,-0.013632708787878799,0.7459862467503922,-0.1486872195951714,0.3076923076923077,0.7894736842105263,-0.0055983710724434,0.0,52,-0.14989734236948193,-0.002997606776222004,0.34615384615384615,0.017821474147398313,0.01960000000000002,-0.01401947314755041,0.6729852098388547,-0.16499244671091773,0.3076923076923077,0.0,-0.0063983710724434,0.0
squeeze18_r0.15_S_tp0.022_sl0.012_h12,squeeze18_r0.15,-1,0.022,0.012,12,test,59,-0.03239361707135746,-0.00042705057706337435,0.3728813559322034,0.020418651818181813,0.02040000000000002,-0.012821792541803753,0.9468894431427168,-0.11961564880304332,0.3728813559322034,1.0,-0.0039828594543966245,0.0,59,-0.07705102774094585,-0.001227050577063374,0.3728813559322034,0.019618651818181808,0.01960000000000002,-0.013621792541803755,0.8563589768765966,-0.1460772660425198,0.3728813559322034,0.0,-0.004782859454396625,0.0
squeeze18_r0.15_S_tp0.022_sl0.012_h24,squeeze18_r0.15,-1,0.022,0.012,24,train,50,-0.1330670515997605,-0.0027262834000000066,0.32,0.020428213125000004,0.02040000000000002,-0.01362251705882354,0.7056901983087772,-0.14868721959517106,0.32,0.9375,-0.0061380167900000095,0.0,50,-0.16717284686009082,-0.0035262834000000065,0.32,0.01962821312500001,0.01960000000000002,-0.01442251705882354,0.6404434218241825,-0.16499244671091784,0.32,0.0625,-0.0069380167900000116,0.0
squeeze18_r0.15_S_tp0.022_sl0.012_h24,squeeze18_r0.15,-1,0.022,0.012,24,test,59,-0.05945405062755782,-0.0009038271186440776,0.3728813559322034,0.020418651818181813,0.02040000000000002,-0.013582057837837848,0.8938866366904469,-0.13704335711816606,0.3728813559322034,1.0,-0.004370717796610186,0.0,59,-0.10288310024884784,-0.001703827118644077,0.3728813559322034,0.019618651818181808,0.01960000000000002,-0.01438205783783785,0.8110900718000461,-0.1629946577275564,0.3728813559322034,0.0,-0.005170717796610187,0.0
squeeze18_r0.15_S_tp0.022_sl0.018_h6,squeeze18_r0.15,-1,0.022,0.018,6,train,50,-0.08282456822984441,-0.0015480846007740973,0.46,0.018341362935567696,0.02040000000000002,-0.018490947316917108,0.8449607104691693,-0.09459072103858257,0.4,0.8260869565217391,-0.00570145398434136,0.0,50,-0.11886903133788396,-0.0023480846007740957,0.46,0.017541362935567694,0.01960000000000002,-0.019290947316917103,0.7745935051911575,-0.1087781705455535,0.4,0.0,-0.006501453984341361,0.0
squeeze18_r0.15_S_tp0.022_sl0.018_h6,squeeze18_r0.15,-1,0.022,0.018,6,test,57,0.03655555191341331,0.0007976172882859708,0.49122807017543857,0.018666308769160207,0.02040000000000002,-0.0164549124173857,1.0952743164097234,-0.07979477871696816,0.42105263157894735,0.8571428571428571,-0.0034159059767170014,0.5,57,-0.009647075601503463,-2.3827117140273045e-06,0.49122807017543857,0.017866308769160205,0.01960000000000002,-0.017254912417385703,0.999728583904579,-0.08976048030763317,0.42105263157894735,0.0,-0.0042159059767170005,0.5
squeeze18_r0.15_S_tp0.022_sl0.018_h12,squeeze18_r0.15,-1,0.022,0.018,12,train,49,-0.07716416207371224,-0.0014546040742525138,0.4897959183673469,0.017483690431734467,0.02040000000000002,-0.01963536680000002,0.8548015927293537,-0.09459072103858246,0.40816326530612246,0.7916666666666666,-0.005652200653269197,0.0,49,-0.11271686499216471,-0.002254604074252512,0.46938775510204084,0.01742570727731916,0.01960000000000002,-0.01966411026987361,0.7839179364721837,-0.10877817054555372,0.40816326530612246,0.0,-0.006452200653269196,0.0
squeeze18_r0.15_S_tp0.022_sl0.018_h12,squeeze18_r0.15,-1,0.022,0.018,12,test,56,-0.08506671023029178,-0.0014007495066517006,0.42857142857142855,0.020427382083333327,0.02040000000000002,-0.01777184819914047,0.8620677146702709,-0.13240397003180693,0.42857142857142855,1.0,-0.00567255804414702,0.0,56,-0.12523641881908132,-0.002200749506651698,0.42857142857142855,0.01962738208333333,0.01960000000000002,-0.01857184819914047,0.7926263667813784,-0.16184505490998213,0.42857142857142855,0.0,-0.006472558044147019,0.0
squeeze18_r0.15_S_tp0.022_sl0.018_h24,squeeze18_r0.15,-1,0.022,0.018,24,train,47,-0.08569911363016702,-0.0017060387234042634,0.44680851063829785,0.020469463809523813,0.02043585000000002,-0.01961702153846156,0.8427899428628067,-0.09459072103858268,0.44680851063829785,0.9523809523809523,-0.006806112617021288,0.0,47,-0.11952161074434287,-0.0025060387234042613,0.44680851063829785,0.01966946380952381,0.01963585000000002,-0.02041702153846155,0.778119109364554,-0.10877817054555339,0.44680851063829785,0.047619047619047616,-0.0076061126170212864,0.0
squeeze18_r0.15_S_tp0.022_sl0.018_h24,squeeze18_r0.15,-1,0.022,0.018,24,test,55,-0.08328525720742774,-0.0013814434545454653,0.45454545454545453,0.020448077999999995,0.02040000000000002,-0.019572711333333347,0.8706031938957725,-0.12795549779941473,0.45454545454545453,1.0,-0.0057541801818181875,0.5,55,-0.12283044331796644,-0.0021814434545454637,0.45454545454545453,0.019648078,0.01960000000000002,-0.02037271133333335,0.8036926487317162,-0.1434487859633049,0.45454545454545453,0.04,-0.00655418018181819,0.0
squeeze18_r0.15_S_tp0.030_sl0.012_h6,squeeze18_r0.15,-1,0.03,0.012,6,train,48,-0.09031408147723952,-0.0018099014824696901,0.3125,0.023583258501203828,0.028400000000000026,-0.013352246929594013,0.8028358831002078,-0.2011968737935057,0.25,0.8,-0.006164861899788154,0.5,48,-0.12466903937626383,-0.00260990148246969,0.3125,0.022783258501203826,0.027600000000000027,-0.014152246929594017,0.7317584722041991,-0.2140237647473634,0.25,0.8,-0.006964861899788155,0.5
squeeze18_r0.15_S_tp0.030_sl0.012_h6,squeeze18_r0.15,-1,0.03,0.012,6,test,57,0.17463241245085714,0.0030093924188320438,0.42105263157894735,0.02445551695342842,0.02839999999999997,-0.012587789060874413,1.4129431646472799,-0.07483730432890356,0.3333333333333333,0.7916666666666666,-0.0012865654446406222,1.0,57,0.12238680247653866,0.002209392418832044,0.42105263157894735,0.023655516953428424,0.027599999999999972,-0.013387789060874412,1.2850525394103023,-0.08666711905856506,0.3333333333333333,0.7916666666666666,-0.0020865654446406215,1.0
squeeze18_r0.15_S_tp0.030_sl0.012_h12,squeeze18_r0.15,-1,0.03,0.012,12,train,47,-0.08979342829715364,-0.001836588135394547,0.3191489361702128,0.023315315175763778,0.028400000000000026,-0.013626542812500014,0.8020415845032783,-0.2083576954988241,0.2553191489361702,0.8,-0.00603326819684153,0.5,47,-0.12346640927085983,-0.002636588135394547,0.2978723404255319,0.02415088747522644,0.027600000000000027,-0.01400097172777921,0.731794281804555,-0.2210752665631588,0.2553191489361702,0.8571428571428571,-0.006833268196841531,0.5
squeeze18_r0.15_S_tp0.030_sl0.012_h12,squeeze18_r0.15,-1,0.03,0.012,12,test,56,0.10844506556813527,0.0020343685069288716,0.35714285714285715,0.02840492400000002,0.028400000000000026,-0.012615940100332877,1.25083927220905,-0.08297839596671508,0.35714285714285715,1.0,-0.0023654806874658014,1.0,56,0.059941801507941816,0.001234368506928872,0.35714285714285715,0.02760492400000002,0.027600000000000027,-0.013415940100332879,1.143122939890614,-0.09471057874160083,0.35714285714285715,1.0,-0.0031654806874658018,1.0
squeeze18_r0.15_S_tp0.030_sl0.012_h24,squeeze18_r0.15,-1,0.03,0.012,24,train,45,-0.10970488347108298,-0.0024079613333333276,0.26666666666666666,0.028414775000000055,0.028415870000000024,-0.013616229090909102,0.7588477974011235,-0.20835769549882388,0.26666666666666666,1.0,-0.00705756055555556,0.5,45,-0.14128308318587735,-0.0032079613333333276,0.26666666666666666,0.027614775000000053,0.02761587000000003,-0.014416229090909104,0.6965577683534953,-0.2210752665631588,0.26666666666666666,1.0,-0.007857560555555561,0.5
squeeze18_r0.15_S_tp0.030_sl0.012_h24,squeeze18_r0.15,-1,0.03,0.012,24,test,56,0.07071826525659297,0.001421315178571429,0.35714285714285715,0.02840492400000002,0.028400000000000026,-0.013569578611111122,1.1629331894220984,-0.08972092149608923,0.35714285714285715,1.0,-0.0030756186339285715,1.0,56,0.023837215251789168,0.0006213151785714287,0.35714285714285715,0.02760492400000002,0.027600000000000027,-0.014369578611111124,1.0672594725241593,-0.1013722027670324,0.35714285714285715,1.0,-0.003875618633928572,0.5
squeeze18_r0.15_S_tp0.030_sl0.018_h6,squeeze18_r0.15,-1,0.03,0.018,6,train,46,0.036056027492368914,0.0010076519123374632,0.45652173913043476,0.023402404485756534,0.028400000000000026,-0.017803940249334557,1.1041387183250198,-0.11863919005723644,0.34782608695652173,0.8095238095238095,-0.004137430403552352,0.5,46,-0.0013729100663967264,0.00020765191233746477,0.45652173913043476,0.022602404485756532,0.027600000000000027,-0.018603940249334552,1.0205375589031254,-0.1278514860803337,0.34782608695652173,0.8095238095238095,-0.004937430403552352,0.5
squeeze18_r0.15_S_tp0.030_sl0.018_h6,squeeze18_r0.15,-1,0.03,0.018,6,test,55,0.1735296561623456,0.0031375908158515165,0.4909090909090909,0.023338825369482178,0.028400000000000026,-0.01634217107514948,1.3771301125480857,-0.0764577166559135,0.36363636363636365,0.7407407407407407,-0.00163348987816911,1.0,55,0.12312674496892262,0.0023375908158515175,0.4909090909090909,0.022538825369482176,0.027600000000000027,-0.017142171075149478,1.2678596675586253,-0.08607682971744901,0.36363636363636365,0.7407407407407407,-0.0024334898781691095,1.0
squeeze18_r0.15_S_tp0.030_sl0.018_h12,squeeze18_r0.15,-1,0.03,0.018,12,train,45,0.0015922129737284685,0.0002846233187332994,0.4666666666666667,0.023046358063952326,0.028400000000000026,-0.01963189458333335,1.0271837606074963,-0.13502119909045995,0.35555555555555557,0.7619047619047619,-0.005305129188593405,0.5,45,-0.03384512313111954,-0.0005153766812666992,0.4444444444444444,0.023377810817985616,0.027600000000000027,-0.019629926680668555,0.9527416458873667,-0.14476023205704724,0.35555555555555557,0.8,-0.006105129188593404,0.0
squeeze18_r0.15_S_tp0.030_sl0.018_h12,squeeze18_r0.15,-1,0.03,0.018,12,test,52,-0.0007717318237442372,0.00024037419350501636,0.38461538461538464,0.028414388500000033,0.028400000000000026,-0.01736838474805437,1.0224896022348542,-0.13672999504493455,0.38461538461538464,1.0,-0.004922766331047567,0.5,52,-0.04151356583518695,-0.0005596258064949824,0.38461538461538464,0.02761438850000003,0.027600000000000027,-0.018168384748054368,0.9499464620457394,-0.15461124837782236,0.38461538461538464,1.0,-0.005722766331047565,0.0
squeeze18_r0.15_S_tp0.030_sl0.018_h24,squeeze18_r0.15,-1,0.03,0.018,24,train,42,0.0302929365250586,0.0009926223809523908,0.42857142857142855,0.028477856111111158,0.02847591499999997,-0.019621302916666684,1.0885307756597127,-0.133713408747824,0.42857142857142855,1.0,-0.00481018883333333,0.5,42,-0.0037487792150362464,0.00019262238095239166,0.42857142857142855,0.027677856111111156,0.02767591499999997,-0.02042130291666668,1.0165067414181284,-0.1420937810891928,0.42857142857142855,1.0,-0.00561018883333333,0.5
squeeze18_r0.15_S_tp0.030_sl0.018_h24,squeeze18_r0.15,-1,0.03,0.018,24,test,51,-0.0033528160216509395,0.00021147196078431858,0.4117647058823529,0.02843964523809528,0.028400000000000026,-0.019548249333333347,1.0183905129918887,-0.12473704338069447,0.4117647058823529,1.0,-0.005438223254901963,0.5,51,-0.043226638857059574,-0.00058852803921568,0.4117647058823529,0.027639645238095277,0.027600000000000027,-0.02034824933333335,0.950831265615185,-0.13458380233750988,0.4117647058823529,1.0,-0.006238223254901961,0.5
squeeze18_r0.25_S_tp0.022_sl0.012_h6,squeeze18_r0.25,-1,0.022,0.012,6,train,69,-0.14470004396487857,-0.0021419455636412605,0.36231884057971014,0.01805605624435014,0.02040000000000002,-0.013618082954545469,0.7533455994027211,-0.18808808667211008,0.30434782608695654,0.8,-0.005118926177975532,0.5,69,-0.1907578461779439,-0.002941945563641261,0.36231884057971014,0.01725605624435014,0.01960000000000002,-0.014418082954545464,0.6800194895862751,-0.20430593709173073,0.30434782608695654,0.0,-0.005918926177975533,0.0
squeeze18_r0.25_S_tp0.022_sl0.012_h6,squeeze18_r0.25,-1,0.022,0.012,6,test,75,0.08642117119875992,0.0012366092849200947,0.44,0.0191135859205413,0.02040000000000002,-0.012809586643067992,1.172388924596856,-0.07757859770219677,0.4,0.9090909090909091,-0.0017809799989716385,1.0,75,0.02318822025406586,0.00043660928492009513,0.44,0.0183135859205413,0.01960000000000002,-0.013609586643067991,1.0572875178214494,-0.09010375951734872,0.4,0.0,-0.002580979998971638,1.0
squeeze18_r0.25_S_tp0.022_sl0.012_h12,squeeze18_r0.25,-1,0.022,0.012,12,train,68,-0.12677462275064244,-0.0018673603288756502,0.36764705882352944,0.018348605905458254,0.02040000000000002,-0.013620829069767455,0.783197122321902,-0.18808808667210974,0.3235294117647059,0.84,-0.00497200237008378,0.5,68,-0.17312252997039435,-0.0026673603288756504,0.35294117647058826,0.01829574352721541,0.019600000000000076,-0.014101780614016225,0.707676338367601,-0.20430593709173106,0.3235294117647059,0.0,-0.005772002370083782,0.5
squeeze18_r0.25_S_tp0.022_sl0.012_h12,squeeze18_r0.25,-1,0.022,0.012,12,test,74,0.03260130751222867,0.0005689856209900149,0.40540540540540543,0.020398260666666668,0.02040000000000002,-0.012950974637425883,1.073888675513947,-0.085695566966006,0.40540540540540543,1.0,-0.0025280482336236952,0.5,74,-0.02676026689758937,-0.00023101437900998473,0.40540540540540543,0.01959826066666667,0.01960000000000002,-0.013750974637425887,0.9717456985323072,-0.10780318844090997,0.40540540540540543,0.0,-0.0033280482336236947,0.5
squeeze18_r0.25_S_tp0.022_sl0.012_h24,squeeze18_r0.25,-1,0.022,0.012,24,train,66,-0.1458730655920183,-0.0022578654545454594,0.3333333333333333,0.02045285090909092,0.020425730000000017,-0.013613223636363652,0.7512126244094474,-0.18808808667211008,0.3333333333333333,0.9545454545454546,-0.005368297757575758,0.5,66,-0.1899260598952328,-0.0030578654545454593,0.3333333333333333,0.019652850909090917,0.019625730000000022,-0.014413223636363647,0.6817645866365392,-0.2043059370917305,0.3333333333333333,0.045454545454545456,-0.006168297757575758,0.0
squeeze18_r0.25_S_tp0.022_sl0.012_h24,squeeze18_r0.25,-1,0.022,0.012,24,test,74,0.003723202153511629,0.00018885297297296772,0.40540540540540543,0.020398260666666668,0.02040000000000002,-0.013590288636363647,1.023370832815611,-0.0955068934765585,0.40540540540540543,1.0,-0.003022810831081082,0.5,74,-0.05399990864239401,-0.0006111470270270318,0.40540540540540543,0.01959826066666667,0.01960000000000002,-0.014390288636363647,0.9285741788930566,-0.12547884259680164,0.40540540540540543,0.0,-0.0038228108310810814,0.0
squeeze18_r0.25_S_tp0.022_sl0.018_h6,squeeze18_r0.25,-1,0.022,0.018,6,train,65,-0.037703657986923544,-0.0004153035480105751,0.47692307692307695,0.018531146003508175,0.02040000000000013,-0.01769000755086591,0.9551180143348512,-0.11665761692830656,0.4153846153846154,0.8387096774193549,-0.004107794533440776,0.0,65,-0.08651979818994626,-0.0012153035480105736,0.47692307692307695,0.017731146003508183,0.01960000000000013,-0.018490007550865908,0.8743443222709011,-0.12518877767437941,0.4153846153846154,0.0,-0.004907794533440774,0.0
squeeze18_r0.25_S_tp0.022_sl0.018_h6,squeeze18_r0.25,-1,0.022,0.018,6,test,72,0.07579155258876358,0.0011810649438390086,0.5,0.018510412501889843,0.02040000000000002,-0.01614828261421182,1.1462774676484266,-0.08328253859049994,0.4305555555555556,0.8611111111111112,-0.0024669396606279994,0.5,72,0.015603047770451628,0.00038106494383901006,0.5,0.01771041250188984,0.01960000000000002,-0.016948282614211822,1.0449679713883777,-0.10511970354910438,0.4305555555555556,0.0,-0.003266939660627999,0.5
squeeze18_r0.25_S_tp0.022_sl0.018_h12,squeeze18_r0.25,-1,0.022,0.018,12,train,63,-0.06602913312737935,-0.0008984842139852368,0.49206349206349204,0.01816403097940733,0.02040000000000013,-0.01936529580758429,0.9086566601481676,-0.12014719850766542,0.42857142857142855,0.8387096774193549,-0.004990510916548419,0.0,63,-0.11200954058792822,-0.0016984842139852357,0.47619047619047616,0.017955588579278026,0.019607805000000075,-0.019565823116951837,0.8342742468450368,-0.1292041742256511,0.42857142857142855,0.0,-0.005790510916548418,0.0
squeeze18_r0.25_S_tp0.022_sl0.018_h12,squeeze18_r0.25,-1,0.022,0.018,12,test,69,-0.06479564144739236,-0.0007815003242390591,0.4492753623188406,0.020409765806451617,0.02040000000000002,-0.018069112167697243,0.9214659774501291,-0.16597154815939164,0.4492753623188406,1.0,-0.004644608258915107,0.5,69,-0.11509625968571369,-0.0015815003242390577,0.4492753623188406,0.01960976580645162,0.01960000000000002,-0.018869112167697242,0.8478109825274359,-0.1890366516374571,0.4492753623188406,0.0,-0.005444608258915105,0.0
squeeze18_r0.25_S_tp0.022_sl0.018_h24,squeeze18_r0.25,-1,0.022,0.018,24,train,61,-0.04636497510599391,-0.0005784713114754173,0.47540983606557374,0.020406727931034485,0.02043585000000002,-0.019596308125000017,0.9437286385544617,-0.11186360011763297,0.47540983606557374,0.9310344827586207,-0.004595144860655754,0.0,61,-0.09184622814487053,-0.0013784713114754158,0.47540983606557374,0.01960672793103449,0.01963585000000002,-0.020396308125000016,0.8711673249199844,-0.11959718997962265,0.47540983606557374,0.034482758620689655,-0.0053951448606557526,0.0
squeeze18_r0.25_S_tp0.022_sl0.018_h24,squeeze18_r0.25,-1,0.022,0.018,24,test,68,-0.0629747189275024,-0.0007567785294117716,0.47058823529411764,0.020426485000000005,0.02040000000000002,-0.019586346111111125,0.9270169868618505,-0.1562467377562632,0.47058823529411764,1.0,-0.0048716515808823625,0.5,68,-0.11266239439245684,-0.00155677852941177,0.47058823529411764,0.019626485000000006,0.01960000000000002,-0.020386346111111127,0.8557572970340194,-0.18454693918619314,0.47058823529411764,0.03125,-0.005671651580882361,0.5
squeeze18_r0.25_S_tp0.030_sl0.012_h6,squeeze18_r0.25,-1,0.03,0.012,6,train,65,-0.1280080590981385,-0.001945292808736133,0.3076923076923077,0.0238527198054377,0.028400000000000026,-0.013411076192813395,0.7904815877563678,-0.2638481242973738,0.24615384615384617,0.8,-0.005546790217988203,0.5,65,-0.17230781477029333,-0.0027452928087361326,0.3076923076923077,0.0230527198054377,0.027600000000000027,-0.014211076192813388,0.7209625159875279,-0.2791862907958117,0.24615384615384617,0.8,-0.006346790217988204,0.5
squeeze18_r0.25_S_tp0.030_sl0.012_h6,squeeze18_r0.25,-1,0.03,0.012,6,test,73,0.2146074998904448,0.0028479003469985757,0.4246575342465753,0.024066520785153284,0.028389580000000136,-0.012813462357353705,1.3863063622961533,-0.058205354102722096,0.3287671232876712,0.7741935483870968,-0.0007850518271191637,1.0,73,0.14584526447609414,0.002047900346998576,0.4246575342465753,0.02326652078515328,0.027589580000000138,-0.013613462357353707,1.2614651400045245,-0.07977829018323546,0.3287671232876712,0.7741935483870968,-0.0015850518271191636,1.0
squeeze18_r0.25_S_tp0.030_sl0.012_h12,squeeze18_r0.25,-1,0.03,0.012,12,train,64,-0.11073467734088094,-0.0016637695681803713,0.3125,0.02462211988182284,0.02840000000000008,-0.01361190113636365,0.822212309760111,-0.2704473127043797,0.265625,0.85,-0.005405111307797579,0.5,64,-0.15522312352477818,-0.002463769568180371,0.296875,0.025096057613324754,0.02760000000000014,-0.014100141044815865,0.751489873813051,-0.2856531773902514,0.265625,0.8947368421052632,-0.0062051113077975775,0.5
squeeze18_r0.25_S_tp0.030_sl0.012_h12,squeeze18_r0.25,-1,0.03,0.012,12,test,71,0.15808947700147558,0.0022667510758875645,0.36619718309859156,0.02837836346153849,0.028400000000000026,-0.012819958302488527,1.2789735653504455,-0.08419252618550688,0.36619718309859156,1.0,-0.0017192439189966503,1.0,71,0.09423467884759695,0.0014667510758875648,0.36619718309859156,0.027578363461538493,0.027600000000000027,-0.013619958302488524,1.1699129469907568,-0.09745621025379159,0.36619718309859156,1.0,-0.0025192439189966496,1.0
squeeze18_r0.25_S_tp0.030_sl0.012_h24,squeeze18_r0.25,-1,0.03,0.012,24,train,62,-0.13018802689946662,-0.0020729011290322543,0.27419354838709675,0.02845235117647063,0.028470680000000026,-0.013604663111111127,0.7900721915871202,-0.27044731270438027,0.27419354838709675,1.0,-0.005522186419354834,0.5,62,-0.17239430133050904,-0.0028729011290322547,0.27419354838709675,0.027652351176470635,0.027670680000000027,-0.01440466311111112,0.7252126410176071,-0.2856531773902514,0.27419354838709675,1.0,-0.006322186419354835,0.5
squeeze18_r0.25_S_tp0.030_sl0.012_h24,squeeze18_r0.25,-1,0.03,0.012,24,test,71,0.11867299006954135,0.001783216056338032,0.36619718309859156,0.02837836346153849,0.028400000000000026,-0.013582869111111125,1.207137287685791,-0.09092612465802585,0.36619718309859156,1.0,-0.0023465512957746427,1.0,71,0.056961981147853,0.0009832160563380322,0.36619718309859156,0.027578363461538493,0.027600000000000027,-0.014382869111111122,1.107857231576003,-0.10969619501668748,0.36619718309859156,1.0,-0.003146551295774643,1.0
squeeze18_r0.25_S_tp0.030_sl0.018_h6,squeeze18_r0.25,-1,0.03,0.018,6,train,62,0.04659463441505385,0.0009643714712156167,0.45161290322580644,0.02307686559362183,0.028400000000000026,-0.017245917806060086,1.1019696232699505,-0.1590543591162209,0.3387096774193548,0.7857142857142857,-0.00339664862526509,0.5,62,-0.004044847941548357,0.00016437147121561835,0.45161290322580644,0.022276865593621836,0.027600000000000027,-0.01804591780606009,1.01660964077516,-0.16654194740257755,0.3387096774193548,0.7857142857142857,-0.004196648625265089,0.5
squeeze18_r0.25_S_tp0.030_sl0.018_h6,squeeze18_r0.25,-1,0.03,0.018,6,test,69,0.24646915790890134,0.0034269881194042852,0.5072463768115942,0.023202459724088034,0.028389430000000025,-0.016930115003064277,1.4107928390189648,-0.08020645653589398,0.37681159420289856,0.7428571428571429,-0.0010188859331413962,1.0,69,0.17969548564753612,0.002626988119404286,0.5072463768115942,0.022402459724088032,0.027589430000000026,-0.01773011500306428,1.3006884385318562,-0.08606441856847813,0.37681159420289856,0.7428571428571429,-0.001818885933141395,0.5
squeeze18_r0.25_S_tp0.030_sl0.018_h12,squeeze18_r0.25,-1,0.03,0.018,12,train,60,-0.04593654330128827,-0.0005333952749949706,0.43333333333333335,0.024100596513192265,0.028400000000000026,-0.019371153701255802,0.9514078617144073,-0.18719648315360093,0.35,0.8076923076923077,-0.005199039663400574,0.5,60,-0.09071248218943806,-0.0013333952749949689,0.4166666666666667,0.024247928254388502,0.027600000000000027,-0.019605769224554585,0.8834108243732084,-0.20151808134746585,0.35,0.84,-0.0059990396634005735,0.5
squeeze18_r0.25_S_tp0.030_sl0.018_h12,squeeze18_r0.25,-1,0.03,0.018,12,test,64,0.1377421291579215,0.002280626100344453,0.4375,0.027884444369992316,0.02839999999999997,-0.01763345477604833,1.2299292142183929,-0.13707348605296954,0.421875,0.9642857142857143,-0.002358044215964531,0.5,64,0.08103085274253474,0.0014806261003444542,0.4375,0.027084444369992317,0.027599999999999972,-0.018433454776048328,1.142796030932321,-0.1549478947478723,0.421875,0.9642857142857143,-0.0031580442159645293,0.5
squeeze18_r0.25_S_tp0.030_sl0.018_h24,squeeze18_r0.25,-1,0.03,0.018,24,train,57,0.01899725739067315,0.0006093877192982542,0.42105263157894735,0.02838892208333338,0.02847591499999997,-0.01959391000000002,1.0537196908569448,-0.1859675783657906,0.42105263157894735,1.0,-0.004454841017543851,0.5,57,-0.02644095178829975,-0.000190612280701744,0.42105263157894735,0.027588922083333384,0.02767591499999997,-0.020393910000000015,0.9838559945621329,-0.19902858896812214,0.42105263157894735,1.0,-0.005254841017543851,0.5
squeeze18_r0.25_S_tp0.030_sl0.018_h24,squeeze18_r0.25,-1,0.03,0.018,24,test,63,0.13898654303854463,0.0023489770675930504,0.4603174603174603,0.028049968802012513,0.028400000000000026,-0.019572457058823548,1.2223796592347675,-0.11779892484585508,0.4444444444444444,0.9655172413793104,-0.002522055717855792,0.5,63,0.08307984265861945,0.0015489770675930522,0.4603174603174603,0.02724996880201251,0.027600000000000027,-0.020372457058823543,1.1408844982058133,-0.12911372715702496,0.4444444444444444,0.9655172413793104,-0.0033220557178557917,0.5
