candidate,family,params,profile,split,total_return,cagr,ann_vol,sharpe,max_drawdown,avg_month,median_month,best_month,worst_month,positive_month_pct,month_ge_10_pct,month_le_minus10_pct,months,avg_gross_exposure,annual_turnover
sma_long_50,sma_long,[50],base,train,4.268190028075934,0.2311111356439557,0.19778450650224608,1.1506168034724633,-0.30255097791430585,0.019578359760380762,0.005029608651556328,0.16548096066855078,-0.12162545805010438,0.5104166666666666,0.125,0.03125,96,0.7105325624694802,28.23506498643964
sma_long_50,sma_long,[50],base,test,1.8890089984860143,0.34722818811287226,0.20862368121330724,1.5332071475274451,-0.21211269612298078,0.027086720742949252,0.015977896385064305,0.17798751526082102,-0.10302223677696332,0.5581395348837209,0.13953488372093023,0.023255813953488372,43,0.6805481133051327,23.729183138938424
sma_long_50,sma_long,[50],base,full,14.219848396845647,0.26578259994603015,0.20116866599579447,1.2726251037081178,-0.30255097791430585,0.021901090136283243,0.008533226853344678,0.17798751526082102,-0.12162545805010438,0.5251798561151079,0.12949640287769784,0.02877697841726619,139,0.7012931083642173,26.84661565040096
sma_long_50,sma_long,[50],balanced,train,8.669182734284867,0.3282995896626788,0.2900250730046764,1.124861832750809,-0.455121574485151,0.02844155817755245,0.007096887565180676,0.26368947649818675,-0.1626031500357602,0.5104166666666666,0.25,0.10416666666666667,96,1.0317168907267964,39.66876640514225
sma_long_50,sma_long,[50],balanced,test,3.432559385899734,0.5193885189573626,0.3246140383718387,1.4507650478306084,-0.2982450446155984,0.04025063338022932,0.02758037903485877,0.30829599578015965,-0.16610035752495533,0.5581395348837209,0.32558139534883723,0.046511627906976744,43,1.0648386625248172,36.42228612678564
sma_long_50,sma_long,[50],balanced,full,41.85922668283398,0.3844686407523825,0.301080236581058,1.231653041729876,-0.455121574485151,0.03209472532658198,0.013932136361914926,0.30829599578015965,-0.16610035752495533,0.5251798561151079,0.2733812949640288,0.08633093525179857,139,1.0419230842351526,38.66839099817356
sma_long_50,sma_long,[50],aggressive,train,22.276510389217655,0.4826355557850628,0.43953594612136565,1.1178051040360057,-0.6235708088820813,0.04377691785365192,0.00927665624755536,0.43746615208190676,-0.23762313053769768,0.5104166666666666,0.3229166666666667,0.15625,96,1.5559507658634908,59.75035476647142
sma_long_50,sma_long,[50],aggressive,test,7.117749699750222,0.8009167160015038,0.49521189008641303,1.4344490069257851,-0.4222464027493591,0.06155013871241962,0.04252298083365735,0.5047968532561382,-0.245414211310378,0.5348837209302325,0.3953488372093023,0.13953488372093023,43,1.6237027171476712,55.46206400686981
sma_long_50,sma_long,[50],aggressive,full,187.9528852233047,0.5741996222577348,0.45737324944997493,1.2217834238806007,-0.6235708088820813,0.0492751084790261,0.019764386801971012,0.5047968532561382,-0.245414211310378,0.5179856115107914,0.34532374100719426,0.1510791366906475,139,1.5768279559362868,58.42895428163368
sma_long_100,sma_long,[100],base,train,4.756052615783358,0.2448297230377039,0.19258859646471774,1.2342162645090229,-0.22511528138782066,0.02018255516980832,0.003882813230345228,0.16486907153841845,-0.14280779461034887,0.5,0.10416666666666667,0.03125,96,0.7046150440598791,18.965711736455017
sma_long_100,sma_long,[100],base,test,1.8554250314867464,0.34280988171504556,0.21411414607949286,1.4837897365977069,-0.17972484749236273,0.026596610827582946,0.021539122870471328,0.1600152909498196,-0.09271653477433961,0.5813953488372093,0.11627906976744186,0.0,43,0.7334510161407455,16.284300758772776
sma_long_100,sma_long,[100],base,full,15.435976721662552,0.2742340817298832,0.19944568717501718,1.3153889586020748,-0.22511528138782066,0.022166759438040758,0.007765626460690456,0.16486907153841845,-0.14280779461034887,0.5251798561151079,0.1079136690647482,0.02158273381294964,139,0.7135006046770337,18.13945764954984
sma_long_100,sma_long,[100],balanced,train,11.990703616229874,0.37829544448350716,0.2922590912269788,1.2454810279547575,-0.3234243385594079,0.031220622237514258,0.005808003060620237,0.28109152873975307,-0.2109529005433065,0.5,0.22916666666666666,0.0625,96,1.063601210016483,26.82075820838485
sma_long_100,sma_long,[100],balanced,test,3.2240505316847523,0.498960250788824,0.3390428173400282,1.363342905302283,-0.29270810548949844,0.03869555257053705,0.03695681488045488,0.29178459534174817,-0.14120322275630692,0.5813953488372093,0.3488372093023256,0.06976744186046512,43,1.1801062875005535,24.76986236051183
sma_long_100,sma_long,[100],balanced,full,53.87338851709477,0.4144037540134433,0.30738903980472154,1.282646328922685,-0.3234243385594079,0.033533010757801886,0.011616006121240474,0.29178459534174817,-0.2109529005433065,0.5251798561151079,0.26618705035971224,0.06474820143884892,139,1.0995012630921308,26.18879201960364
sma_long_100,sma_long,[100],aggressive,train,35.50038193072019,0.5684876582492728,0.4439783691716225,1.238906072029418,-0.4614879413353512,0.04781848284678295,0.006512503592298824,0.4610006292527975,-0.3021125280533399,0.5,0.3229166666666667,0.14583333333333334,96,1.6105567151628029,40.43459830240614
sma_long_100,sma_long,[100],aggressive,test,6.360457482981684,0.7520446250007708,0.5198191220332212,1.3380761133441565,-0.4187940715364521,0.058433076962330376,0.056475438984369575,0.4840410207624579,-0.21117004371275505,0.5813953488372093,0.4186046511627907,0.18604651162790697,43,1.8124060421124328,37.779765300564115
sma_long_100,sma_long,[100],aggressive,full,267.65950931365944,0.6228995438199558,0.468586426496536,1.2695314129037614,-0.4614879413353512,0.0511021342638228,0.013025007184597648,0.4840410207624579,-0.3021125280533399,0.5251798561151079,0.35251798561151076,0.15827338129496402,139,1.6727548760263613,39.616533993697
sma_long_150,sma_long,[150],base,train,4.827511647587449,0.24675297737153,0.19046584687561477,1.25396967235596,-0.24944233142188743,0.020262955995308817,0.0,0.1569683670988351,-0.15215901783678643,0.4895833333333333,0.09375,0.020833333333333332,96,0.6762858311682981,13.243530736983796
sma_long_150,sma_long,[150],base,test,2.0043714991917967,0.362129542024078,0.21022996473627792,1.5756034921814883,-0.16813618948053644,0.027783910149995695,0.027892562591578685,0.19074689076484241,-0.09899255139605934,0.6046511627906976,0.13953488372093023,0.0,43,0.7594532876369506,12.884305394197073
sma_long_150,sma_long,[150],base,full,16.508009905219996,0.28122309232239817,0.1967496146383045,1.3586348335331795,-0.24944233142188743,0.022589582100715547,0.008581438667688124,0.19074689076484241,-0.15215901783678643,0.5251798561151079,0.1079136690647482,0.014388489208633094,139,0.7019131786270344,13.132838489481324
sma_long_150,sma_long,[150],balanced,train,14.099212888710726,0.4044802401582617,0.2994014384225553,1.2858502870963529,-0.3467114647320547,0.03301690071494994,0.0,0.28171879009916223,-0.21646092252088234,0.4791666666666667,0.2604166666666667,0.0625,96,1.06205604011093,18.98739143711065
sma_long_150,sma_long,[150],balanced,test,4.062546502791957,0.5771860855667512,0.3432530967792211,1.499531785795292,-0.2800026128655112,0.04337909532852113,0.03693131949149908,0.34691938736042127,-0.15798906917030586,0.6046511627906976,0.3488372093023256,0.06976744186046512,43,1.248668403939521,20.04479859398599
sma_long_150,sma_long,[150],balanced,full,75.44046740465389,0.4555793693914578,0.3135312435194338,1.355404652376708,-0.3467114647320547,0.036222471710515125,0.012979784868798028,0.34691938736042127,-0.21646092252088234,0.5179856115107914,0.28776978417266186,0.06474820143884892,139,1.1195590598135223,19.31322249850439
sma_long_150,sma_long,[150],aggressive,train,44.90841360130361,0.6141460519022579,0.4576242588140139,1.2785141032249157,-0.49022391427926215,0.050913396659178996,0.0,0.46202858372309374,-0.3105040572431219,0.4791666666666667,0.3333333333333333,0.13541666666666666,96,1.6189886763835595,28.733275264203883
sma_long_150,sma_long,[150],aggressive,test,8.792870209742235,0.8983782177427844,0.5286880061673523,1.4772095822007099,-0.40981473632845833,0.066282598014765,0.054602321536971754,0.5618053152049114,-0.23053665673629498,0.6046511627906976,0.4186046511627907,0.13953488372093023,43,1.926051391373467,30.39786116669976
sma_long_150,sma_long,[150],aggressive,full,448.57513593273103,0.6968689044460818,0.48058482446694767,1.3430411657154933,-0.49022391427926215,0.0556678977979574,0.015865314719357038,0.5618053152049114,-0.3105040572431219,0.5179856115107914,0.3597122302158273,0.1366906474820144,139,1.7136074518373374,29.246203314543557
sma_long_200,sma_long,[200],base,train,5.923387563881825,0.27392582032435375,0.1886027481561659,1.3789038784712724,-0.21729612271031973,0.021911479879505275,0.005000841826172553,0.16100748410143995,-0.13458131181178035,0.5208333333333334,0.09375,0.010416666666666666,96,0.668498169970371,10.218160523594111
sma_long_200,sma_long,[200],base,test,1.6838826991081888,0.3196394992547402,0.20955962223460192,1.4287652883032425,-0.18006902329805452,0.024886978996568634,0.020835498977135103,0.18827037374836086,-0.07295656766926495,0.6046511627906976,0.09302325581395349,0.0,43,0.7816600883482329,11.232436676033657
sma_long_200,sma_long,[200],base,full,17.581560101923248,0.28784070064903733,0.19526726734376385,1.3939322293203984,-0.21729612271031973,0.02283195802363279,0.006373597410125109,0.18827037374836086,-0.13458131181178035,0.5467625899280576,0.09352517985611511,0.007194244604316547,139,0.7033680568769124,10.530701131199153
sma_long_200,sma_long,[200],balanced,train,19.40983704975303,0.45845332181412113,0.30205136641247354,1.4022493348259306,-0.3506441164413885,0.03592076770421216,0.002822462662782965,0.28107107915955165,-0.18940941376046028,0.5104166666666666,0.22916666666666666,0.041666666666666664,96,1.0678831711504133,14.414359206258268
sma_long_200,sma_long,[200],balanced,test,3.4658365854581596,0.52258447177956,0.3464945208149718,1.3872896743128489,-0.2996203620136424,0.039995107813962594,0.03083140184519939,0.31383096832320523,-0.12569425512925136,0.5813953488372093,0.3023255813953488,0.046511627906976744,43,1.2956887043223275,17.035536797901646
sma_long_200,sma_long,[200],balanced,full,90.1469970000262,0.4779214373040974,0.31635625491843566,1.394496192266515,-0.3506441164413885,0.03718117507629323,0.00879817996621135,0.31383096832320523,-0.18940941376046028,0.5323741007194245,0.2517985611510791,0.04316546762589928,139,1.138079517167317,15.222052885304683
sma_long_200,sma_long,[200],aggressive,train,72.27706393230136,0.7114038630615069,0.46273111233672204,1.3962430498493983,-0.49865662040297065,0.05528104967637073,0.002090306975669698,0.46093349750235046,-0.27489967698505535,0.5,0.3125,0.125,96,1.6317902947273524,21.811803367782236
sma_long_200,sma_long,[200],aggressive,test,7.15689047730158,0.8033519689682629,0.5355220515325951,1.3699716416579615,-0.4382285769232701,0.0610361907328389,0.04465210216822135,0.49384436792849384,-0.19330308968575527,0.5813953488372093,0.3953488372093023,0.13953488372093023,43,2.0031912314657685,25.756847412727
sma_long_200,sma_long,[200],aggressive,full,596.7129849940075,0.7392257060955221,0.4862370252313809,1.3842374287199737,-0.49865662040297065,0.05706141705355153,0.009226716187584971,0.49384436792849384,-0.27489967698505535,0.5251798561151079,0.3381294964028777,0.12949640287769784,139,1.7462343484045628,23.027435284070613
dual_ema_10-100,dual_ema,"[10, 100]",base,train,4.010326230299011,0.22340464665492243,0.19127065782751818,1.150528173689076,-0.24591697368216914,0.01863827606936699,0.006411636182364511,0.1687849969763935,-0.15034971834055022,0.5104166666666666,0.08333333333333333,0.03125,96,0.7063026862725664,12.93640885670029
dual_ema_10-100,dual_ema,"[10, 100]",base,test,1.5476052133798968,0.3004609640544498,0.2127983224050622,1.3412781976395907,-0.17061393348088083,0.023940306046454328,0.013562515582177914,0.14747509325392705,-0.0934079176336915,0.6046511627906976,0.13953488372093023,0.0,43,0.7423199604030911,11.710006719500722
dual_ema_10-100,dual_ema,"[10, 100]",base,full,11.764333225043858,0.2466491812321645,0.19812586535120155,1.2123719805004591,-0.24591697368216914,0.020278472393214154,0.00952775488310964,0.1687849969763935,-0.15034971834055022,0.539568345323741,0.10071942446043165,0.02158273381294964,139,0.7174011043059161,12.55850342314893
dual_ema_10-100,dual_ema,"[10, 100]",balanced,train,10.43253356154845,0.35643553618626833,0.29758148208365054,1.174714016212868,-0.35180874088721514,0.029817052367129893,0.005059239808116955,0.2543862400385286,-0.22452377538658508,0.5,0.20833333333333334,0.0625,96,1.0906165261014489,18.309355999416272
dual_ema_10-100,dual_ema,"[10, 100]",balanced,test,2.921247722955322,0.46796098538981235,0.3491022647212834,1.2745655817145112,-0.28341187620202113,0.0374929654828932,0.021981474902099007,0.26798295775845205,-0.15892678361315327,0.6046511627906976,0.3023255813953488,0.13953488372093023,43,1.232996745688504,18.20502292139841
dual_ema_10-100,dual_ema,"[10, 100]",balanced,full,43.8297961958321,0.38986668437989636,0.3143097796078616,1.2057017778686492,-0.35180874088721514,0.03219161541733005,0.014404900872517779,0.26798295775845205,-0.22452377538658508,0.5323741007194245,0.23741007194244604,0.08633093525179857,139,1.1344897851085216,18.2772066449051
dual_ema_10-100,dual_ema,"[10, 100]",aggressive,train,28.892116062377433,0.5297756538989551,0.45445243306859456,1.1658044247486772,-0.4874903788030459,0.045687924478144494,0.00574068016832241,0.42132153905441516,-0.32125029919530945,0.5,0.3333333333333333,0.125,96,1.6586084542483468,27.62766274184752
dual_ema_10-100,dual_ema,"[10, 100]",aggressive,test,5.693811131520164,0.7059322252375586,0.5373732920462291,1.2631105785860322,-0.41233211973699757,0.05768625425937872,0.021118319374350714,0.4425281215481969,-0.24050286037325297,0.6046511627906976,0.4186046511627907,0.16279069767441862,43,1.9025953118723362,27.552609588680077
dual_ema_10-100,dual_ema,"[10, 100]",aggressive,full,199.09217924303505,0.5820249371002204,0.48145380229710877,1.1957599684449127,-0.4874903788030459,0.049399638007591055,0.020683829863492376,0.4425281215481969,-0.32125029919530945,0.5323741007194245,0.3597122302158273,0.1366906474820144,139,1.7337909383736363,27.604535748240096
dual_ema_10-150,dual_ema,"[10, 150]",base,train,5.708309290140066,0.2689053927291307,0.18797012240822927,1.361830963121101,-0.2275822460336715,0.021574016874921925,0.00402221057367147,0.1674808620478465,-0.15026119066171217,0.5208333333333334,0.08333333333333333,0.010416666666666666,96,0.6806286011137874,8.376489794125979
dual_ema_10-150,dual_ema,"[10, 150]",base,test,1.709324339333989,0.3231419362104837,0.2096365850230242,1.4410044130823,-0.18756426197539977,0.02529241808758473,0.0195104023778645,0.16364931671847915,-0.0794396724809614,0.5813953488372093,0.16279069767441862,0.0,43,0.777817868224064,8.279401745497935
dual_ema_10-150,dual_ema,"[10, 150]",base,full,17.174985635556776,0.285376603713013,0.19487157846009934,1.386502861095459,-0.23019595565767847,0.022724313652939913,0.016722369473898935,0.1674808620478465,-0.15026119066171217,0.539568345323741,0.1079136690647482,0.007194244604316547,139,0.7105766507867239,8.346572934071236
dual_ema_10-150,dual_ema,"[10, 150]",balanced,train,18.849172817242753,0.45337903696119164,0.29982593079683817,1.3987601881472493,-0.36886199684222276,0.03549697458947241,0.001295843707744826,0.25442641384972076,-0.2182660810477397,0.5,0.23958333333333334,0.052083333333333336,96,1.0774316923668594,11.324594583935397
dual_ema_10-150,dual_ema,"[10, 150]",balanced,test,3.535904407648033,0.5292582293783581,0.3472811816021229,1.3975216767367957,-0.3106972370093587,0.040771179961812495,0.03317071675866323,0.2979579887503947,-0.1344743038941686,0.5813953488372093,0.3488372093023256,0.06976744186046512,43,1.2899106059214356,12.457060275369667
dual_ema_10-150,dual_ema,"[10, 150]",balanced,full,89.03395046989921,0.47635029692326425,0.31515659731394025,1.3951985181974962,-0.36886199684222276,0.037128563301779056,0.023713504897913795,0.2979579887503947,-0.2182660810477397,0.5251798561151079,0.2733812949640288,0.05755395683453238,139,1.1429052703326632,11.673554297166774
dual_ema_10-150,dual_ema,"[10, 150]",aggressive,train,70.20615108012284,0.7052758589378603,0.45956743094697494,1.3948719442630966,-0.5236698282757591,0.05465544368952721,0.0,0.42132153905441405,-0.3126733805243538,0.4895833333333333,0.3229166666666667,0.10416666666666667,96,1.6453496562396832,16.95886964314328
dual_ema_10-150,dual_ema,"[10, 150]",aggressive,test,7.4813996985841555,0.8232254584665211,0.5368863403339255,1.3882325503163246,-0.45216205422296196,0.06300372709669116,0.05059136467853409,0.484309781419914,-0.20191216567638803,0.5813953488372093,0.4186046511627907,0.20930232558139536,43,1.9957525554126536,18.720292894409223
dual_ema_10-150,dual_ema,"[10, 150]",aggressive,full,602.9278283082917,0.7407838161293547,0.4846248130084754,1.3890588221452758,-0.5236698282757591,0.057238006182390874,0.03181650513970191,0.484309781419914,-0.3126733805243538,0.5179856115107914,0.35251798561151076,0.1366906474820144,139,1.7533233424499732,17.50163730249936
dual_ema_10-200,dual_ema,"[10, 200]",base,train,5.802158067191831,0.27111310807096034,0.18969487557280937,1.3602802374661083,-0.2882988843968546,0.021791278572342043,0.01027326789348415,0.1810377175295006,-0.19178449549342202,0.5416666666666666,0.08333333333333333,0.010416666666666666,96,0.6805044370236236,7.344069114170378
dual_ema_10-200,dual_ema,"[10, 200]",base,test,1.9030578366592175,0.3490655001598435,0.20944038490483843,1.5349184389095858,-0.18178500820993015,0.026970084935128265,0.019825486319681396,0.17622241994709986,-0.08127942239290331,0.5813953488372093,0.11627906976744186,0.0,43,0.7884387067755527,7.14742941868306
dual_ema_10-200,dual_ema,"[10, 200]",base,full,18.747058283155926,0.29464082572488537,0.19596381061283022,1.416513431411767,-0.2882988843968546,0.02339335536082987,0.015545380276171583,0.1810377175295006,-0.19178449549342202,0.5539568345323741,0.09352517985611511,0.007194244604316547,139,0.7137634682731875,7.283476257127395
dual_ema_10-200,dual_ema,"[10, 200]",balanced,train,18.57334644927638,0.45083649399518233,0.306716903987883,1.3683586118180113,-0.4220317794183739,0.03566146983225083,0.01056184636086388,0.28032374532626214,-0.29002151084388383,0.5416666666666666,0.22916666666666666,0.03125,96,1.0909646341287575,10.041127871263933
dual_ema_10-200,dual_ema,"[10, 200]",balanced,test,3.989565678422464,0.5707652053486278,0.34805817458545973,1.4723892527752753,-0.3013892955786981,0.043143158993400904,0.03244190834841909,0.2916556950364655,-0.13769033571688516,0.5813953488372093,0.32558139534883723,0.046511627906976744,43,1.3087575249543313,10.545996414114512
dual_ema_10-200,dual_ema,"[10, 200]",balanced,full,96.66249765518168,0.48678145646735116,0.3199764600337501,1.4010017950029112,-0.4220317794183739,0.03797594921303826,0.020111356804537683,0.2916556950364655,-0.29002151084388383,0.5539568345323741,0.2589928057553957,0.03597122302158273,139,1.158075669192495,10.196698837576875
dual_ema_10-200,dual_ema,"[10, 200]",aggressive,train,69.32020006581365,0.7026065204050735,0.4714440800218047,1.3679730123025169,-0.5751572436591488,0.0553420220401706,0.013359954676876007,0.44387727111154485,-0.4146775407661073,0.5208333333333334,0.3333333333333333,0.11458333333333333,96,1.6716155881573325,15.012342818727662
dual_ema_10-200,dual_ema,"[10, 200]",aggressive,test,8.675216911596985,0.8919429029150612,0.5381960044589931,1.4554019629477846,-0.4376377628899035,0.06634057894683307,0.046149924546474486,0.45885649976577314,-0.20896705941587446,0.5813953488372093,0.4186046511627907,0.18604651162790697,43,2.02378763379787,15.779353453603681
dual_ema_10-200,dual_ema,"[10, 200]",aggressive,full,679.3631889036446,0.7588355837421352,0.4929002432323404,1.3949271565680386,-0.5751572436591488,0.05874445331345467,0.030469758101943523,0.45885649976577314,-0.4146775407661073,0.539568345323741,0.3597122302158273,0.1366906474820144,139,1.7801344218706827,15.248690650910346
dual_ema_20-100,dual_ema,"[20, 100]",base,train,4.0785637442131515,0.2254771499348871,0.1900737242909284,1.1655019680411578,-0.24907384186685555,0.018745594623890628,0.005157897650256871,0.15648578596730434,-0.16070548032051024,0.5208333333333334,0.08333333333333333,0.020833333333333332,96,0.6992523379455905,12.27162219032632
dual_ema_20-100,dual_ema,"[20, 100]",base,test,1.5775740177654871,0.30474067422580253,0.2112506654681726,1.3651861070438274,-0.17654307340489261,0.024144682764304013,0.019587718008975408,0.14423230720275915,-0.10050901166583748,0.627906976744186,0.18604651162790697,0.023255813953488372,43,0.7482141208365046,10.781816058535417
dual_ema_20-100,dual_ema,"[20, 100]",base,full,12.09037395464962,0.24937415332879942,0.19681516445589461,1.2302671774513816,-0.24907384186685555,0.020415816134953763,0.01075169212420235,0.15648578596730434,-0.16070548032051024,0.5539568345323741,0.11510791366906475,0.02158273381294964,139,0.7143394967409014,11.812551046315178
dual_ema_20-100,dual_ema,"[20, 100]",balanced,train,10.982297787155254,0.3644304215021841,0.29602391086451135,1.1992385059150545,-0.3349118122821175,0.030185681299876515,0.004185817241538103,0.2544773731029739,-0.22211088615815544,0.5104166666666666,0.20833333333333334,0.0625,96,1.0804442255711113,17.166467870743446
dual_ema_20-100,dual_ema,"[20, 100]",balanced,test,3.0613821631903964,0.48251356410311974,0.3448232483403947,1.314779225166458,-0.2920940383721716,0.03806529997361452,0.0265266281879053,0.2615312693407268,-0.1705690629087272,0.627906976744186,0.3023255813953488,0.09302325581395349,43,1.2317696115879397,16.369438352698705
dual_ema_20-100,dual_ema,"[20, 100]",balanced,full,47.66469050678818,0.3997776615848794,0.31182892698692044,1.2356552498981048,-0.3349118122821175,0.032623261177363805,0.0179549050737684,0.2615312693407268,-0.22211088615815544,0.5467625899280576,0.23741007194244604,0.07194244604316546,139,1.1270738618669187,16.92086997390863
dual_ema_20-100,dual_ema,"[20, 100]",aggressive,train,31.527333282814773,0.5460330527256916,0.45257893251381776,1.1922266661867744,-0.4763477138198149,0.04631327537225122,0.004246364879800568,0.4214820583429255,-0.3181896746694284,0.5104166666666666,0.34375,0.125,96,1.6449848983759041,25.894101372794015
dual_ema_20-100,dual_ema,"[20, 100]",aggressive,test,5.9894516971205425,0.7267714242587269,0.530295736651369,1.2959563129321965,-0.42315450537632615,0.05805693495568185,0.03959444087525177,0.43057183195727533,-0.2572452666327576,0.627906976744186,0.3953488372093023,0.20930232558139536,43,1.8984065660712082,24.83570780020653
dual_ema_20-100,dual_ema,"[20, 100]",aggressive,full,226.3482248163744,0.5996115176096339,0.47780252830424763,1.2245182362258515,-0.4763477138198149,0.04994620603475135,0.026384378805203834,0.43057183195727533,-0.3181896746694284,0.5467625899280576,0.3597122302158273,0.1510791366906475,139,1.723074639331826,25.567966355751427
dual_ema_20-150,dual_ema,"[20, 150]",base,train,5.810917955641245,0.2713178150275597,0.18720252895822026,1.3767826596367012,-0.2326297634432578,0.021647811871257697,0.006192891320434324,0.15413301016650705,-0.15343009313434364,0.5416666666666666,0.09375,0.010416666666666666,96,0.6738688532500342,7.867175523105482
dual_ema_20-150,dual_ema,"[20, 150]",base,test,1.8097970541783788,0.33674679231775073,0.2087721071204619,1.495181519237254,-0.1834971699947876,0.026028427275401455,0.018039436965523903,0.17014166865277214,-0.07246824842136279,0.5581395348837209,0.13953488372093023,0.0,43,0.7767720683028408,7.74510339679588
dual_ema_20-150,dual_ema,"[20, 150]",base,full,18.13729720801139,0.2911303291824858,0.19407487678157692,1.4144268537679627,-0.2326297634432578,0.023002966276856128,0.008662490666566658,0.17014166865277214,-0.15343009313434364,0.5467625899280576,0.1079136690647482,0.007194244604316547,139,0.7055776075964333,7.829560031075351
dual_ema_20-150,dual_ema,"[20, 150]",balanced,train,19.50400525959154,0.4592936007883497,0.2994545536525012,1.4136628538675244,-0.37640235894104657,0.03567292521459502,0.010041643486378371,0.2600934097590668,-0.22835825865124892,0.53125,0.22916666666666666,0.041666666666666664,96,1.0682543474525275,10.58168001073631
dual_ema_20-150,dual_ema,"[20, 150]",balanced,test,3.689280124772792,0.5436121567781524,0.3447261737690981,1.4325746817893732,-0.304861158898617,0.04116926127185244,0.03029029024879626,0.3038607211165667,-0.12195911559363815,0.5581395348837209,0.3488372093023256,0.046511627906976744,43,1.2816249112679041,11.58162347403777
dual_ema_20-150,dual_ema,"[20, 150]",balanced,full,95.1490243420393,0.4847726138664401,0.31404753297658733,1.417165624270589,-0.37640235894104657,0.03737323061360272,0.013003143493068414,0.3038607211165667,-0.22835825865124892,0.539568345323741,0.26618705035971224,0.04316546762589928,139,1.134002679895809,10.889804121550947
dual_ema_20-150,dual_ema,"[20, 150]",aggressive,train,75.5291067985459,0.7207277873352007,0.45942709557227007,1.4147207892818416,-0.5331505164155115,0.0550655595419312,0.009265479707882829,0.42149267079474906,-0.3261331916759346,0.5104166666666666,0.3229166666666667,0.10416666666666667,96,1.6328358125559062,15.79113319628554
dual_ema_20-150,dual_ema,"[20, 150]",aggressive,test,7.772294573675865,0.8405807723735002,0.5325555127802268,1.4132785299764157,-0.44355187141354346,0.06282451209999934,0.04481077869810046,0.47934552770233885,-0.18460176107554194,0.5581395348837209,0.4186046511627907,0.16279069767441862,43,1.9804921671758657,17.505442051824076
dual_ema_20-150,dual_ema,"[20, 150]",aggressive,full,670.3358682971433,0.7568030029258979,0.4830586286320943,1.4110162305503844,-0.5331505164155115,0.05746581105270049,0.015886687092797835,0.47934552770233885,-0.3261331916759346,0.5251798561151079,0.35251798561151076,0.1223021582733813,139,1.7399631743195971,16.31938295355729
dual_ema_20-200,dual_ema,"[20, 200]",base,train,5.7837060865918275,0.2706811541167291,0.18946377661817124,1.3599329893385361,-0.29039567168890423,0.021792972183946102,0.0075180440383458835,0.16545830809038442,-0.2090892028663851,0.5520833333333334,0.08333333333333333,0.010416666666666666,96,0.677078145554982,6.791200384150692
dual_ema_20-200,dual_ema,"[20, 200]",base,test,1.6548352564721522,0.3156113557602529,0.20849033351437235,1.4204241746739177,-0.18671613215137117,0.024800739213997346,0.014834399776529006,0.180123788942953,-0.08394571423394404,0.5813953488372093,0.11627906976744186,0.0,43,0.7768822644779776,7.186957452608305
dual_ema_20-200,dual_ema,"[20, 200]",base,full,17.009622088228664,0.28435996685137677,0.19549116243784265,1.3786678545755569,-0.29039567168890423,0.022723432488206557,0.012809842289760676,0.180123788942953,-0.2090892028663851,0.5611510791366906,0.09352517985611511,0.007194244604316547,139,0.7078319396717555,6.913149573572362
dual_ema_20-200,dual_ema,"[20, 200]",balanced,train,17.94751249657509,0.4449493008631884,0.3065734795502217,1.3556704711806284,-0.4300809243022916,0.03539556001875775,0.007800388657345558,0.28591700540106757,-0.3188472544619917,0.5520833333333334,0.2604166666666667,0.041666666666666664,96,1.0848893204945318,9.160727377993844
dual_ema_20-200,dual_ema,"[20, 200]",balanced,test,3.251123770142631,0.5016530939805162,0.3468866928699308,1.3464064856270714,-0.308957849975133,0.03919730988486076,0.02512794815964492,0.28306573326410644,-0.1424328067766133,0.5813953488372093,0.3023255813953488,0.06976744186046512,43,1.2887079020737735,10.66077317057021
dual_ema_20-200,dual_ema,"[20, 200]",balanced,full,79.548220759265,0.46219001227915935,0.31948141287336973,1.3505097420753165,-0.4300809243022916,0.03657164091258819,0.017263958865978868,0.28591700540106757,-0.3188472544619917,0.5611510791366906,0.2733812949640288,0.050359712230215826,139,1.1476942904967922,9.622953786767805
dual_ema_20-200,dual_ema,"[20, 200]",aggressive,train,65.6823038563249,0.6913276192887534,0.4716189581602512,1.3537825873849663,-0.5865745127390857,0.05497135754574493,0.009957077212048415,0.46712742146472563,-0.453513957288728,0.53125,0.3229166666666667,0.11458333333333333,96,1.6631437108638072,13.706512085679421
dual_ema_20-200,dual_ema,"[20, 200]",aggressive,test,6.561655907253552,0.7653690977597547,0.5369048693052837,1.3287085701337764,-0.4470116158836337,0.0601275484190934,0.03771233945234842,0.4436720565626331,-0.21691987557346037,0.5813953488372093,0.4186046511627907,0.16279069767441862,43,1.9934698361899743,16.0121651185656
dual_ema_20-200,dual_ema,"[20, 200]",aggressive,full,503.22863686445504,0.713805651034296,0.4925706856597894,1.3430674849985902,-0.5865745127390857,0.0565664381756297,0.024421474721500136,0.46712742146472563,-0.453513957288728,0.5467625899280576,0.35251798561151076,0.12949640287769784,139,1.7649309092209258,14.416979543769045
dual_ema_50-100,dual_ema,"[50, 100]",base,train,4.115865981914931,0.22659981194880552,0.18736747183283506,1.1845092005269244,-0.24703135077597016,0.01869439492338969,0.00666874388287142,0.1445342406244099,-0.15283439682374578,0.5416666666666666,0.08333333333333333,0.020833333333333332,96,0.6841681697748717,12.623444016770883
dual_ema_50-100,dual_ema,"[50, 100]",base,test,1.6059071859708096,0.30875402682859576,0.20714302850186053,1.4029983257236116,-0.1828777656206655,0.024649212231748072,0.014982656676360229,0.1677608634904666,-0.09885584398697944,0.5813953488372093,0.16279069767441862,0.0,43,0.7461832942959675,10.76531188112084
dual_ema_50-100,dual_ema,"[50, 100]",base,full,12.331471924735773,0.25134960504120474,0.1936508705350717,1.2553650051539453,-0.24703135077597016,0.020536532651874655,0.006777545034913901,0.1677608634904666,-0.15283439682374578,0.5539568345323741,0.1079136690647482,0.014388489208633094,139,0.7032776052593867,12.050876333611116
dual_ema_50-100,dual_ema,"[50, 100]",balanced,train,11.880346197128057,0.37682492180147387,0.29411418302139375,1.2359261141531976,-0.33845487504104643,0.03071471118160021,0.01055989819432579,0.255009478852531,-0.204647903194632,0.53125,0.22916666666666666,0.052083333333333336,96,1.0638771855629605,17.727022532760635
dual_ema_50-100,dual_ema,"[50, 100]",balanced,test,3.0140320140077534,0.4776373464765684,0.33920144094119853,1.3212896690777758,-0.30206427103597944,0.03823914462920993,0.025385419701440926,0.30553185487535983,-0.1571044226952628,0.5813953488372093,0.3023255813953488,0.11627906976744186,43,1.2231828479907974,16.67285188518524
dual_ema_50-100,dual_ema,"[50, 100]",balanced,full,50.70212198677506,0.40713354795694046,0.3086608536982998,1.2622164663304936,-0.33845487504104643,0.033042413615033434,0.011316131837947552,0.30553185487535983,-0.204647903194632,0.5467625899280576,0.2517985611510791,0.07194244604316546,139,1.1129658764587933,17.4021887743013
dual_ema_50-100,dual_ema,"[50, 100]",aggressive,train,35.9454951757886,0.5708682776175538,0.4506020198392728,1.2309901323481693,-0.48500643840517377,0.04715286847191985,0.013004577081591306,0.42235978361861304,-0.29465427153305146,0.53125,0.3229166666666667,0.13541666666666666,96,1.6231631052104483,26.814270036923578
dual_ema_50-100,dual_ema,"[50, 100]",aggressive,test,5.940665311392628,0.7233768026776346,0.5231378340090177,1.3030262544517324,-0.4366900780809969,0.058937845697310955,0.03811225032938381,0.4897531573787133,-0.232299138253372,0.5813953488372093,0.4186046511627907,0.18604651162790697,43,1.8896623166483029,25.295226239422153
dual_ema_50-100,dual_ema,"[50, 100]",aggressive,full,255.4263167788198,0.616365345393211,0.4740607627188393,1.2526097309177107,-0.48500643840517377,0.05079858085099768,0.015886687092797835,0.4897531573787133,-0.29465427153305146,0.5467625899280576,0.35251798561151076,0.1510791366906475,139,1.70528258053156,26.346189553804795
dual_ema_50-150,dual_ema,"[50, 150]",base,train,5.735124027419074,0.26953893067588863,0.1871118547355009,1.3698889572217814,-0.2344981836690191,0.021535314142201487,0.007656294794911034,0.15519832668066558,-0.14873756507479452,0.5520833333333334,0.08333333333333333,0.010416666666666666,96,0.668824699330832,7.608378092561622
dual_ema_50-150,dual_ema,"[50, 150]",base,test,2.0248654982563585,0.36473352010345605,0.2061532788140604,1.6121353518018207,-0.1862539678982228,0.027854989610144237,0.01991175158519387,0.18019869599128047,-0.06683372386369357,0.6046511627906976,0.16279069767441862,0.0,43,0.7595659867848137,6.671118198774508
dual_ema_50-150,dual_ema,"[50, 150]",base,full,19.372844297017338,0.2981420943770019,0.19315638951411687,1.4483019583959094,-0.2344981836690191,0.023490321661061474,0.012256179045255111,0.18019869599128047,-0.14873756507479452,0.5683453237410072,0.1079136690647482,0.007194244604316547,139,0.696785858673402,7.319569392895857
dual_ema_50-150,dual_ema,"[50, 150]",balanced,train,18.78391260877675,0.45278027879037586,0.3009299164738509,1.393409201002921,-0.3791552586263195,0.03537011562663845,0.010316842681280303,0.2859170054010691,-0.228129418951729,0.5416666666666666,0.23958333333333334,0.052083333333333336,96,1.0684094517906542,10.213550233962808
dual_ema_50-150,dual_ema,"[50, 150]",balanced,test,4.011616356997881,0.5727123119586082,0.339488072254201,1.5045506761678282,-0.3079469439559449,0.04279308880009505,0.032635060771927016,0.2764984826657899,-0.11569176296791617,0.6046511627906976,0.27906976744186046,0.06976744186046512,43,1.2493734108625425,10.143932152747839
dual_ema_50-150,dual_ema,"[50, 150]",balanced,full,98.14938003556195,0.4887275024984248,0.3132697644369723,1.428483453552587,-0.3791552586263195,0.0376664310687869,0.01796422183856894,0.2859170054010691,-0.228129418951729,0.5611510791366906,0.2517985611510791,0.05755395683453238,139,1.1241719633974847,10.192098011754004
dual_ema_50-150,dual_ema,"[50, 150]",aggressive,train,72.09166050738733,0.7108614571127514,0.4621866385601937,1.3967733591405658,-0.5365454906216105,0.05479549887951945,0.013119239880464706,0.46712742146472563,-0.3261331916759346,0.53125,0.3333333333333333,0.09375,96,1.6358527296547125,15.234012650105027
dual_ema_50-150,dual_ema,"[50, 150]",aggressive,test,8.707853157530314,0.8937336308567472,0.5252857099806703,1.4799412446036124,-0.4453610394008607,0.06539214289405047,0.04654260536829913,0.43130524172878193,-0.17900203149428662,0.6046511627906976,0.3953488372093023,0.13953488372093023,43,1.9330497384414989,15.381150522646449
dual_ema_50-150,dual_ema,"[50, 150]",aggressive,full,708.563107245776,0.7652455763292108,0.48243428246777503,1.4223487899154679,-0.5365454906216105,0.05807359738761178,0.025486904342762573,0.46712742146472563,-0.3261331916759346,0.5539568345323741,0.35251798561151076,0.1079136690647482,139,1.7274314712836192,15.279351939582751
dual_ema_50-200,dual_ema,"[50, 200]",base,train,5.194385875366338,0.2563136937834505,0.18831843730944137,1.3066217551641426,-0.2944370438852387,0.020802632896510943,0.007581807234891769,0.1551983266806658,-0.20348761698988893,0.5416666666666666,0.08333333333333333,0.010416666666666666,96,0.6701027402087959,6.793861560382658
dual_ema_50-200,dual_ema,"[50, 200]",base,test,1.582915256702894,0.3054996708865694,0.20781914212951785,1.3871412412835193,-0.18970566987075166,0.02416338582685937,0.018580825133315937,0.1871913925908255,-0.09325255708607727,0.5813953488372093,0.13953488372093023,0.0,43,0.7655250683935182,6.217778091102145
dual_ema_50-200,dual_ema,"[50, 200]",base,full,14.999573783388627,0.27126908389292637,0.19450372750120276,1.331947279256207,-0.2944370438852387,0.021842290277841753,0.011868586634313782,0.1871913925908255,-0.20348761698988893,0.5539568345323741,0.10071942446043165,0.007194244604316547,139,0.6995063226140504,6.616346317529818
dual_ema_50-200,dual_ema,"[50, 200]",balanced,train,15.235011464597804,0.4172838219206112,0.30668942447893555,1.2922207855315466,-0.44415270569204046,0.033790474173600225,0.008109972103325536,0.2859170054010691,-0.31757755924152997,0.5416666666666666,0.23958333333333334,0.07291666666666667,96,1.0789019091618985,9.396021782825445
dual_ema_50-200,dual_ema,"[50, 200]",balanced,test,2.913342592447965,0.4671289871547877,0.34556614247057194,1.2829133512263324,-0.3131612801322813,0.037128160287253825,0.030342207784747055,0.2685821337592793,-0.1594344967939676,0.5581395348837209,0.23255813953488372,0.11627906976744186,43,1.2704709038839304,9.553090452682452
dual_ema_50-200,dual_ema,"[50, 200]",balanced,full,62.533161853291624,0.4324599437828742,0.31911696756202096,1.2873009089714071,-0.44415270569204046,0.03482299577710458,0.013003143493068192,0.2859170054010691,-0.31757755924152997,0.5467625899280576,0.23741007194244604,0.08633093525179857,139,1.1379322727021468,9.444421163403163
dual_ema_50-200,dual_ema,"[50, 200]",aggressive,train,51.23123492108681,0.6404180349004303,0.4721345399512393,1.2881253167548616,-0.6038361859835805,0.05245099576582063,0.009318663198218724,0.46712742146472563,-0.4522676451067684,0.5208333333333334,0.3125,0.11458333333333333,96,1.654675868593739,14.075793573356753
dual_ema_50-200,dual_ema,"[50, 200]",aggressive,test,5.651170426834366,0.7028722497624547,0.5348869900256772,1.2643664442163152,-0.4488642560490269,0.05681630300622022,0.04535477169628521,0.4245658502850791,-0.24276314379104047,0.5581395348837209,0.37209302325581395,0.16279069767441862,43,1.966178108101616,14.332183964544742
dual_ema_50-200,dual_ema,"[50, 200]",aggressive,full,346.3988450641721,0.6594146204316338,0.4922354459720024,1.2781698490307056,-0.6038361859835805,0.05380141455241906,0.015886687092797835,0.46712742146472563,-0.4522676451067684,0.5323741007194245,0.33093525179856115,0.12949640287769784,139,1.7506626459343662,14.154798101318152
top_momentum_21-1-5-200,top_momentum,"[21, 1, 5, 200]",base,train,3.3845910811097477,0.2031528949444692,0.2136677389827268,0.9724156661919023,-0.32060805602535525,0.017516149108509484,0.0,0.24363772906018766,-0.14602483991240378,0.4375,0.11458333333333333,0.010416666666666666,96,0.374128713734518,18.51408632836652
top_momentum_21-1-5-200,top_momentum,"[21, 1, 5, 200]",base,test,1.9151024037278632,0.35063560940317995,0.23284897618227823,1.4073427502195552,-0.1577954821863886,0.02744400857363203,0.019143409053234306,0.21051655327018048,-0.10193324658251923,0.5581395348837209,0.16279069767441862,0.023255813953488372,43,0.4260749716746937,19.25068276804451
top_momentum_21-1-5-200,top_momentum,"[21, 1, 5, 200]",base,full,11.781531999906775,0.24679450440107442,0.21974417389830003,1.1136930722506293,-0.32060805602535525,0.02058735743225243,0.0,0.24363772906018766,-0.14602483991240378,0.4748201438848921,0.12949640287769784,0.014388489208633094,139,0.3901355132440809,18.741062283842698
top_momentum_21-1-5-200,top_momentum,"[21, 1, 5, 200]",balanced,train,10.46390612637461,0.35690072260779804,0.3652408496917604,1.0177734815888837,-0.4840000184194275,0.03184099238842491,0.0,0.4570900591176952,-0.24586731156231034,0.4166666666666667,0.19791666666666666,0.08333333333333333,96,0.6439386276067357,31.319467778278096
top_momentum_21-1-5-200,top_momentum,"[21, 1, 5, 200]",balanced,test,4.741265958651729,0.6339280286090772,0.4001798639170753,1.4261003436752926,-0.26682190566157016,0.04829175709594316,0.03195601734691533,0.36720306880302855,-0.17287818932888444,0.5581395348837209,0.3488372093023256,0.09302325581395349,43,0.7403386426016737,32.98635370695415
top_momentum_21-1-5-200,top_momentum,"[21, 1, 5, 200]",balanced,full,64.81733399653343,0.4368466731110636,0.37632807814592584,1.150702290843654,-0.4840000184194275,0.036930077873484506,0.0,0.4570900591176952,-0.24586731156231034,0.460431654676259,0.2446043165467626,0.08633093525179857,139,0.6736434759236233,31.833104562208845
top_momentum_21-1-5-200,top_momentum,"[21, 1, 5, 200]",aggressive,train,27.89343739306283,0.5232852334074729,0.5714911902638443,1.0213012958423462,-0.6703188624149685,0.05081620145509688,0.0,0.7886323286546641,-0.3667371409558655,0.3958333333333333,0.23958333333333334,0.14583333333333334,96,1.0085088987254691,48.89455874308221
top_momentum_21-1-5-200,top_momentum,"[21, 1, 5, 200]",aggressive,test,11.033122659658437,1.011488999257164,0.626598554988359,1.4259283015773432,-0.39924721210598646,0.07624153370943726,0.04686174403891341,0.5835645670066636,-0.26050959151792663,0.5581395348837209,0.4418604651162791,0.16279069767441862,43,1.16195594625748,51.67516356529966
top_momentum_21-1-5-200,top_momentum,"[21, 1, 5, 200]",aggressive,full,346.6782762098867,0.6595301252757924,0.5889822458260607,1.153062053830158,-0.6703188624149685,0.05868159200859787,0.0,0.7886323286546641,-0.3667371409558655,0.4460431654676259,0.302158273381295,0.1510791366906475,139,1.0557923070512036,49.75137857321929
top_momentum_21-1-21-200,top_momentum,"[21, 1, 21, 200]",base,train,3.43657155062592,0.20492843936950567,0.21879221608374547,0.9612149789411003,-0.30649979877097144,0.01789375315056746,0.0,0.25279362816490614,-0.13174251789187397,0.4166666666666667,0.125,0.020833333333333332,96,0.39506951885170455,10.052044407955977
top_momentum_21-1-21-200,top_momentum,"[21, 1, 21, 200]",base,test,1.5159086656061302,0.29589494722971255,0.23912923519228554,1.2034016411408075,-0.18638430147264784,0.024105388672783345,0.012857370991259165,0.3294355719789499,-0.11691206392086806,0.5581395348837209,0.06976744186046512,0.023255813953488372,43,0.43869212834451937,10.429532296830976
top_momentum_21-1-21-200,top_momentum,"[21, 1, 21, 200]",base,full,10.162008809801359,0.23225661831747502,0.2252245431644002,1.0397430952607236,-0.30649979877097144,0.019815338240173813,0.0,0.3294355719789499,-0.13174251789187397,0.460431654676259,0.1079136690647482,0.02158273381294964,139,0.4085114565758732,10.16836410439049
top_momentum_21-1-21-200,top_momentum,"[21, 1, 21, 200]",balanced,train,11.257096186110154,0.36830701029815227,0.37507266096607417,1.0222535638317671,-0.47823688922332586,0.03324156851896531,0.0,0.4732643465797468,-0.1830145602829658,0.4166666666666667,0.19791666666666666,0.08333333333333333,96,0.6836459744136493,17.063588862733177
top_momentum_21-1-21-200,top_momentum,"[21, 1, 21, 200]",balanced,test,3.2832358030811397,0.5048311810112547,0.4090386229476683,1.2035031853079015,-0.3070487899148162,0.04191743564259264,0.02120699913558144,0.6338553106472378,-0.19819421291900252,0.5581395348837209,0.27906976744186046,0.09302325581395349,43,0.7642273895973345,17.90051095089233
top_momentum_21-1-21-200,top_momentum,"[21, 1, 21, 200]",balanced,full,51.5000332261564,0.40900034859759793,0.3857999698592046,1.0807767233496912,-0.47823688922332586,0.035925469859368016,0.0,0.6338553106472378,-0.19819421291900252,0.460431654676259,0.22302158273381295,0.08633093525179857,139,0.7084764551487115,17.321479317243227
top_momentum_21-1-21-200,top_momentum,"[21, 1, 21, 200]",aggressive,train,31.51552628444655,0.5459628231795199,0.5867561704450339,1.0326341527478802,-0.6539843266160188,0.05388224005220841,0.0,0.8129945305612349,-0.2720993619820289,0.3958333333333333,0.23958333333333334,0.13541666666666666,96,1.0712912682873341,26.671212063057936
top_momentum_21-1-21-200,top_momentum,"[21, 1, 21, 200]",aggressive,test,6.487728478664273,0.7605031800829383,0.640930356039916,1.2029314905137438,-0.44502959425119937,0.06703681187419314,0.031815341077853665,1.1312927150348129,-0.2982849844133615,0.5581395348837209,0.3488372093023256,0.13953488372093023,43,1.2001324499373949,28.049106792873808
top_momentum_21-1-21-200,top_momentum,"[21, 1, 21, 200]",aggressive,full,242.4674321588077,0.609125311089632,0.6038757371810517,1.0876009205337016,-0.6539843266160188,0.05795163996836197,0.0,1.1312927150348129,-0.2982849844133615,0.4460431654676259,0.2733812949640288,0.1366906474820144,139,1.1109925874010769,27.09579865620285
top_momentum_21-1-63-200,top_momentum,"[21, 1, 63, 200]",base,train,1.8753188478098188,0.14128126641124328,0.2293896602078429,0.6886983298470348,-0.2788162609695026,0.013455124938741493,0.0,0.36869173756787244,-0.13174251789187397,0.34375,0.10416666666666667,0.010416666666666666,96,0.34916422377251033,4.658741944628861
top_momentum_21-1-63-200,top_momentum,"[21, 1, 63, 200]",base,test,1.1778743026242555,0.24441643850761063,0.24797908052811216,1.002122276821827,-0.31243407132984624,0.021399765086107893,0.0,0.3379398879253128,-0.09561362237847126,0.3953488372093023,0.13953488372093023,0.0,43,0.42673749484372,5.532905969808045
top_momentum_21-1-63-200,top_momentum,"[21, 1, 63, 200]",base,full,5.262083030496181,0.17211576170163378,0.23524627446321952,0.7901286201195057,-0.31243407132984546,0.015912819372818868,0.0,0.36869173756787244,-0.13174251789187397,0.3597122302158273,0.11510791366906475,0.007194244604316547,139,0.37306777037191774,4.928108186671365
top_momentum_21-1-63-200,top_momentum,"[21, 1, 63, 200]",balanced,train,4.042638862554171,0.22438910088935393,0.38789736661779983,0.7105399697901362,-0.41445300778304517,0.02407137219208334,0.0,0.7032422272812637,-0.1830145602829658,0.3333333333333333,0.17708333333333334,0.07291666666666667,96,0.5977426546335163,7.493808436029106
top_momentum_21-1-63-200,top_momentum,"[21, 1, 63, 200]",balanced,test,2.203558972718387,0.38691761690109616,0.41153783133760813,0.9940512257125483,-0.4941063014146191,0.03679635003588375,0.0,0.6515260510981382,-0.1631508262669139,0.3953488372093023,0.20930232558139536,0.11627906976744186,43,0.7342166223834895,8.979948114378782
top_momentum_21-1-63-200,top_momentum,"[21, 1, 63, 200]",balanced,full,15.154390974313824,0.27232930112481113,0.3952806815956487,0.8013171505974667,-0.494106301414619,0.028007876129374113,0.0,0.7032422272812637,-0.1830145602829658,0.35251798561151076,0.18705035971223022,0.08633093525179857,139,0.6397959521504266,7.951749793459425
top_momentum_21-1-63-200,top_momentum,"[21, 1, 63, 200]",aggressive,train,6.748087596328386,0.29199160555175907,0.6060480929093437,0.7139376431157389,-0.5751877663659702,0.039136873804863186,0.0,1.230580826646753,-0.26768942788325034,0.3333333333333333,0.1875,0.16666666666666666,96,0.9350434200309024,11.561425813665037
top_momentum_21-1-63-200,top_momentum,"[21, 1, 63, 200]",aggressive,test,3.7352459141520535,0.5478481001081552,0.6416494932511316,0.987859662024958,-0.6759045373915727,0.06030537633425395,0.0,1.1659383070459897,-0.24779706146618186,0.3953488372093023,0.2558139534883721,0.23255813953488372,43,1.1502652353970204,13.950811919824089
top_momentum_21-1-63-200,top_momentum,"[21, 1, 63, 200]",aggressive,full,35.68910013300628,0.36596364530734915,0.6171542296667716,0.8015373803999764,-0.6759045373915722,0.045685403364314994,0.0,1.230580826646753,-0.26768942788325034,0.35251798561151076,0.20863309352517986,0.18705035971223022,139,1.0013621999633682,12.297694909242045
top_momentum_21-2-5-200,top_momentum,"[21, 2, 5, 200]",base,train,4.919614937899382,0.24920164599770311,0.20773268399215436,1.1753459367171046,-0.26146159648560074,0.02080747666484768,0.0,0.24003293238793955,-0.1772651951347659,0.4791666666666667,0.10416666666666667,0.020833333333333332,96,0.4585985573005977,20.83232897207906
top_momentum_21-2-5-200,top_momentum,"[21, 2, 5, 200]",base,test,1.5226363585805336,0.2968675423592795,0.22889606101554516,1.2500112566073918,-0.20519485321307784,0.02381001391784767,0.015620752943576788,0.14208190288101186,-0.10794583070740338,0.6046511627906976,0.18604651162790697,0.023255813953488372,43,0.510300686583089,23.410705698707783
top_momentum_21-2-5-200,top_momentum,"[21, 2, 5, 200]",base,full,13.933035871141412,0.2636996816710919,0.2144404952319456,1.1988821901012316,-0.26146159648560074,0.021736319124408827,0.0038815549131248073,0.24003293238793955,-0.1772651951347659,0.5179856115107914,0.12949640287769784,0.02158273381294964,139,0.47453013063154736,21.62683392700382
top_momentum_21-2-5-200,top_momentum,"[21, 2, 5, 200]",balanced,train,16.826062034693617,0.4339606095255861,0.35394404275751334,1.1959165383244112,-0.4115502126988648,0.03699523105437069,0.0,0.4509955688980447,-0.29591023361952995,0.46875,0.20833333333333334,0.052083333333333336,96,0.7832477768741657,35.04861459377567
top_momentum_21-2-5-200,top_momentum,"[21, 2, 5, 200]",balanced,test,3.4327710298642495,0.5194088997376967,0.39348149696160123,1.2593583370790116,-0.33765961236936126,0.04151743608691857,0.025500835640679176,0.257087471834613,-0.18528947993033196,0.6046511627906976,0.27906976744186046,0.09302325581395349,43,0.8892122819691818,40.26639383561486
top_momentum_21-2-5-200,top_momentum,"[21, 2, 5, 200]",balanced,full,78.01885136395295,0.45976555653310824,0.3665197269753859,1.2156227917759337,-0.4115502126988648,0.03839418656803658,0.0013376747121889299,0.4509955688980447,-0.29591023361952995,0.5107913669064749,0.2302158273381295,0.06474820143884892,139,0.8158998418244334,36.656429083617574
top_momentum_21-2-5-200,top_momentum,"[21, 2, 5, 200]",aggressive,train,58.25749601554566,0.6665293420282838,0.5536779928460661,1.2005183831982515,-0.5735320191929834,0.05977835225359279,0.0,0.7797562847924941,-0.4358380718724776,0.4583333333333333,0.3125,0.13541666666666666,96,1.2257791523449248,54.694820462994805
top_momentum_21-2-5-200,top_momentum,"[21, 2, 5, 200]",aggressive,test,7.153191934086177,0.8031222137022207,0.6165008012316039,1.2629150266097815,-0.487899756271055,0.06544211566757675,0.0332749771117391,0.4220744656528075,-0.2833659019013083,0.5813953488372093,0.3953488372093023,0.18604651162790697,43,1.3963441624274275,63.09816251962565
top_momentum_21-2-5-200,top_momentum,"[21, 2, 5, 200]",aggressive,full,482.1377385480902,0.7074781859538493,0.5736725222806145,1.2198494011570402,-0.5735320191929834,0.06153045172698352,0.0,0.7797562847924941,-0.4358380718724776,0.49640287769784175,0.3381294964028777,0.1510791366906475,139,1.2783373158777331,57.284239159249665
top_momentum_21-2-21-200,top_momentum,"[21, 2, 21, 200]",base,train,6.229984927452779,0.2808516133406851,0.23133818062414158,1.1819363999082282,-0.2751467381502163,0.022879437159636796,0.0,0.27523289313986266,-0.12452799845153395,0.4895833333333333,0.125,0.010416666666666666,96,0.43899835994523945,9.93587620804325
top_momentum_21-2-21-200,top_momentum,"[21, 2, 21, 200]",base,test,1.8033498008882067,0.33588437864996945,0.23211494316666156,1.3636984862771258,-0.20627481099361855,0.026710878021418322,0.015600919703265825,0.3013085772744519,-0.11915204795344703,0.6046511627906976,0.13953488372093023,0.023255813953488372,43,0.5278753909181947,11.89223667116593
top_momentum_21-2-21-200,top_momentum,"[21, 2, 21, 200]",base,full,19.268176806799428,0.2975633831584976,0.2315413112565334,1.2382685071234325,-0.2751467381502163,0.024064703037741875,0.001167744147814398,0.3013085772744519,-0.12452799845153395,0.5251798561151079,0.12949640287769784,0.014388489208633094,139,0.46638506443948224,10.538712118527979
top_momentum_21-2-21-200,top_momentum,"[21, 2, 21, 200]",balanced,train,23.447079729495755,0.4917659695854517,0.3816807162571368,1.2323524205311454,-0.435566890231064,0.040117256760643386,0.0,0.5185548309672758,-0.21319377628197067,0.4791666666666667,0.20833333333333334,0.041666666666666664,96,0.7574762165156582,16.750644015754666
top_momentum_21-2-21-200,top_momentum,"[21, 2, 21, 200]",balanced,test,4.237925622943465,0.5923483121337192,0.39861753599945904,1.3659594602124907,-0.3396339400494086,0.04686424573882986,0.025501089956035283,0.5761067748086699,-0.20167730197752376,0.6046511627906976,0.32558139534883723,0.13953488372093023,43,0.9202980991012664,20.46024360597851
top_momentum_21-2-21-200,top_momentum,"[21, 2, 21, 200]",balanced,full,127.05198532126789,0.5220629630611111,0.38691593870840446,1.2747155411860596,-0.435566890231064,0.04220445478986654,0.001662252591336122,0.5761067748086699,-0.21319377628197067,0.5179856115107914,0.2446043165467626,0.07194244604316546,139,0.8076484008781766,17.893725717036283
top_momentum_21-2-21-200,top_momentum,"[21, 2, 21, 200]",aggressive,train,92.61743111740529,0.7646732263623497,0.593275046682779,1.2409964867330037,-0.6097619963605803,0.06404709794567963,0.0,0.8987939157043481,-0.32437204828825683,0.4791666666666667,0.2708333333333333,0.125,96,1.1857474903517427,26.102401337419444
top_momentum_21-2-21-200,top_momentum,"[21, 2, 21, 200]",aggressive,test,9.443290499761877,0.9329853194223967,0.6249144113566787,1.3656744720023548,-0.4907618896280044,0.07531719999039362,0.03622695974027823,1.0197421314752462,-0.3029309224055039,0.5813953488372093,0.37209302325581395,0.16279069767441862,43,1.4453657503359922,32.07154382229495
top_momentum_21-2-21-200,top_momentum,"[21, 2, 21, 200]",aggressive,full,976.6740290005082,0.8149124841923023,0.603103144370333,1.2806424282659896,-0.6097619963605803,0.06753353239116669,0.0026109197281565244,1.0197421314752462,-0.32437204828825683,0.5107913669064749,0.302158273381295,0.1366906474820144,139,1.2657466587495,27.941742048148857
top_momentum_21-2-63-200,top_momentum,"[21, 2, 63, 200]",base,train,4.9708943346129715,0.2505505564995869,0.23741802020439168,1.0558567012848854,-0.2284707314462704,0.020851016057848296,0.0,0.2816212745210638,-0.13468647314150473,0.4375,0.11458333333333333,0.010416666666666666,96,0.3745413428022994,4.349340784059292
top_momentum_21-2-63-200,top_momentum,"[21, 2, 63, 200]",base,test,1.1071902356821228,0.23293500363986386,0.22897648696958783,1.0277035734928723,-0.2759477645251298,0.020216174031922274,0.0,0.310582305368039,-0.11040458546086995,0.46511627906976744,0.16279069767441862,0.023255813953488372,43,0.5151269327913007,5.850570158762177
top_momentum_21-2-63-200,top_momentum,"[21, 2, 63, 200]",base,full,11.581810240186169,0.24509581072932218,0.23481035429374097,1.0474262209271146,-0.27594776452513037,0.020654626078604993,0.0,0.310582305368039,-0.13468647314150473,0.4460431654676259,0.12949640287769784,0.014388489208633094,139,0.4178616018954407,4.811931903643107
top_momentum_21-2-63-200,top_momentum,"[21, 2, 63, 200]",balanced,train,15.319708101166743,0.41820686606180013,0.3894932664746991,1.0832713381704984,-0.35183223618384485,0.0355752054115776,0.0,0.5305535065929463,-0.22237224295479652,0.4375,0.19791666666666666,0.041666666666666664,96,0.6398916720484388,6.912144926349312
top_momentum_21-2-63-200,top_momentum,"[21, 2, 63, 200]",balanced,test,2.060060558130602,0.3691759756968922,0.3867826900900766,1.0031525513922737,-0.4464745207845432,0.034604213026880326,0.0,0.5954309616006666,-0.1872934087961573,0.46511627906976744,0.23255813953488372,0.06976744186046512,43,0.8853153411908711,9.536156640710065
top_momentum_21-2-63-200,top_momentum,"[21, 2, 63, 200]",balanced,full,48.93929508058485,0.4029141138866865,0.3885948647966638,1.0588746124320174,-0.4464745207845433,0.035274826472426635,0.0,0.5954309616006666,-0.22237224295479652,0.4460431654676259,0.20863309352517986,0.050359712230215826,139,0.7155168974763884,7.720711916312071
top_momentum_21-2-63-200,top_momentum,"[21, 2, 63, 200]",aggressive,train,47.09917952130927,0.6235886778791664,0.6038292969286972,1.0869687194655095,-0.5051538162024971,0.05607593481074045,0.0,0.9192587563137047,-0.33092513484906283,0.4166666666666667,0.25,0.11458333333333333,96,1.0004273511803536,10.647443516693341
top_momentum_21-2-63-200,top_momentum,"[21, 2, 63, 200]",aggressive,test,3.527284009257981,0.5284411780586002,0.6045983241331745,0.9981951484347454,-0.6269654478926766,0.05662883928420776,0.0,1.0578242577393167,-0.28225570107525066,0.4418604651162791,0.3023255813953488,0.23255813953488372,43,1.3868324201357962,14.824853889773244
top_momentum_21-2-63-200,top_momentum,"[21, 2, 63, 200]",aggressive,full,216.75864630525302,0.5936549589652933,0.6039644245542157,1.059768471296624,-0.6269654478926764,0.05624697720181308,0.0,1.0578242577393167,-0.33092513484906283,0.4244604316546763,0.26618705035971224,0.1510791366906475,139,1.119494801147043,11.934677149346268
top_momentum_21-3-5-200,top_momentum,"[21, 3, 5, 200]",base,train,5.245478468273733,0.2576056182158317,0.20523538407725186,1.2199019943776517,-0.2513363486491482,0.021486108277626925,0.0,0.2748851113672077,-0.17568642922518618,0.4791666666666667,0.13541666666666666,0.020833333333333332,96,0.5001023438249814,20.044186443456745
top_momentum_21-3-5-200,top_momentum,"[21, 3, 5, 200]",base,test,1.6872184778975128,0.3201000772046114,0.2293967333909056,1.3251803374674387,-0.217040316121071,0.025564881282869767,0.015960027350359507,0.1828139211206654,-0.12321256618067578,0.6046511627906976,0.16279069767441862,0.023255813953488372,43,0.5480602820102547,23.081136494333737
top_momentum_21-3-5-200,top_momentum,"[21, 3, 5, 200]",base,full,15.782965143256192,0.27654069781297963,0.21293874987452394,1.2533704641476286,-0.2513363486491482,0.02274788697709054,0.00363992891501308,0.2748851113672077,-0.17568642922518618,0.5179856115107914,0.14388489208633093,0.02158273381294964,139,0.5148801763746861,20.97999688510451
top_momentum_21-3-5-200,top_momentum,"[21, 3, 5, 200]",balanced,train,18.697276281828508,0.451982720792951,0.35013169131447375,1.2409396855252353,-0.4026575511818389,0.03841085481860176,0.0,0.5218594848594926,-0.2930275093412854,0.4791666666666667,0.20833333333333334,0.07291666666666667,96,0.854690545235183,33.79708406776966
top_momentum_21-3-5-200,top_momentum,"[21, 3, 5, 200]",balanced,test,3.9921610919167465,0.5709947049740323,0.3943260553301157,1.3416658290695405,-0.3545611520162022,0.045150021230498064,0.026185654094857957,0.32822471519961605,-0.20920330503214202,0.5813953488372093,0.3023255813953488,0.09302325581395349,43,0.9541551179805557,39.689647727960285
top_momentum_21-3-5-200,top_momentum,"[21, 3, 5, 200]",balanced,full,97.33197627087908,0.48766100228225273,0.3642635484042315,1.2727889826074767,-0.4026575511818389,0.04049563291724594,0.004428688260030178,0.5218594848594926,-0.2930275093412854,0.5107913669064749,0.23741007194244604,0.07913669064748201,139,0.8853397110725582,35.61282766213277
top_momentum_21-3-5-200,top_momentum,"[21, 3, 5, 200]",aggressive,train,69.00422682519793,0.7016473831322332,0.5477102873574637,1.2459140167013725,-0.5787616015690319,0.06251064206661094,0.0,0.9151023908583591,-0.42852461530473773,0.4791666666666667,0.28125,0.13541666666666666,96,1.3366386895047768,52.724586766224135
top_momentum_21-3-5-200,top_momentum,"[21, 3, 5, 200]",aggressive,test,8.716544236396603,0.8942097742279298,0.617703408351797,1.3400934896180619,-0.5077800985591474,0.07156138621501959,0.03500956433937752,0.5235603937114399,-0.31545506322515415,0.5813953488372093,0.4186046511627907,0.18604651162790697,43,1.497934991031583,62.18641440673009
top_momentum_21-3-5-200,top_momentum,"[21, 3, 5, 200]",aggressive,full,679.1991666817769,0.7587988729898578,0.5701029368828386,1.2755550160781437,-0.5787616015690319,0.0653105125585647,0.002858442214208612,0.9151023908583591,-0.42852461530473773,0.5107913669064749,0.3237410071942446,0.1510791366906475,139,1.386340778982463,55.64016883202071
top_momentum_21-3-21-200,top_momentum,"[21, 3, 21, 200]",base,train,5.764270983225906,0.2702250726683475,0.22334000057163772,1.1802362875086367,-0.2809002526081439,0.022224421629477898,0.0,0.31081958957724565,-0.13573307325660566,0.4895833333333333,0.125,0.010416666666666666,96,0.47937482573168383,10.519599266224606
top_momentum_21-3-21-200,top_momentum,"[21, 3, 21, 200]",base,test,1.9026532824992244,0.34901268192571067,0.22892779725323817,1.4224667168620988,-0.22296248602474866,0.027635456682995475,0.01582112850795614,0.2938551299464893,-0.12543189401971433,0.6046511627906976,0.11627906976744186,0.023255813953488372,43,0.5796068999235976,11.995409699615998
top_momentum_21-3-21-200,top_momentum,"[21, 3, 21, 200]",base,full,18.634333373174943,0.29399937981132895,0.22504444295941575,1.2562567487717478,-0.2809002526081439,0.02389833894819197,0.0041612223997982145,0.31081958957724565,-0.13573307325660566,0.5251798561151079,0.1223021582733813,0.014388489208633094,139,0.5102604906407001,10.97435775428784
top_momentum_21-3-21-200,top_momentum,"[21, 3, 21, 200]",balanced,train,20.334261838468706,0.4665594829907409,0.3690714297865461,1.2184100095558972,-0.44326759729873755,0.03882247305682996,0.0,0.5908182737682408,-0.23000219174506809,0.4895833333333333,0.20833333333333334,0.041666666666666664,96,0.8225452625530414,17.65482948289801
top_momentum_21-3-21-200,top_momentum,"[21, 3, 21, 200]",balanced,test,4.798043063689172,0.6384514643919643,0.3947780695763277,1.4480405372516378,-0.36422179696460144,0.04964405660946105,0.026148336096089686,0.5613298442994727,-0.21169052442573788,0.6046511627906976,0.32558139534883723,0.13953488372093023,43,1.0095837913932961,20.640796405766125
top_momentum_21-3-21-200,top_momentum,"[21, 3, 21, 200]",balanced,full,122.69696887146203,0.5175106080528062,0.37712796511746105,1.2920433495740131,-0.44326759729873755,0.04217015717742807,0.00617973382005732,0.5908182737682408,-0.23000219174506809,0.5251798561151079,0.2446043165467626,0.07194244604316546,139,0.8801796013952635,18.574929905368876
top_momentum_21-3-21-200,top_momentum,"[21, 3, 21, 200]",aggressive,train,75.20019975358821,0.7198007063143572,0.5746940185170674,1.223149785098114,-0.6188193151303483,0.06229023915442872,0.0,1.036166819658403,-0.3454623198560043,0.4895833333333333,0.2604166666666667,0.125,96,1.2852641470743995,27.46394584455481
top_momentum_21-3-21-200,top_momentum,"[21, 3, 21, 200]",aggressive,test,11.462364335402143,1.031393715601585,0.6188213509928641,1.4537280264771384,-0.5209967960351972,0.08046958996469032,0.03780050297366366,0.9925372351455624,-0.316751818845017,0.6046511627906976,0.4186046511627907,0.16279069767441862,43,1.584973557976065,32.35526965053263
top_momentum_21-3-21-200,top_momentum,"[21, 3, 21, 200]",aggressive,full,948.6346517596361,0.8103463900692081,0.5885649581553728,1.297284692125044,-0.6188193151303483,0.06791406710292691,0.0068769016489163,1.036166819658403,-0.3454623198560043,0.5251798561151079,0.30935251798561153,0.1366906474820144,139,1.3776170641402854,28.971165856221628
top_momentum_21-3-63-200,top_momentum,"[21, 3, 63, 200]",base,train,4.055173907637649,0.22476951515345567,0.22985323654883394,0.9937262493957018,-0.2749925215991439,0.019224499201810286,0.0,0.3279951722603318,-0.1550830584882391,0.4166666666666667,0.10416666666666667,0.010416666666666666,96,0.40833285775489114,4.389885876390936
top_momentum_21-3-63-200,top_momentum,"[21, 3, 63, 200]",base,test,1.1848225319117227,0.24553052174214574,0.22546569330719515,1.08586078565165,-0.2699866303862627,0.021113533836653958,0.0,0.3079896252336112,-0.11780200366171034,0.4418604651162791,0.16279069767441862,0.023255813953488372,43,0.5646214834939168,5.843732205251805
top_momentum_21-3-63-200,top_momentum,"[21, 3, 63, 200]",base,full,10.04465785613893,0.23112968525695354,0.22847204151437647,1.0218702010631315,-0.2749925215991439,0.019808876822661206,0.0,0.3279951722603318,-0.1550830584882391,0.4244604316546763,0.1223021582733813,0.014388489208633094,139,0.45649187434297295,4.837876311632503
top_momentum_21-3-63-200,top_momentum,"[21, 3, 63, 200]",balanced,train,11.136062641572853,0.366609054838992,0.37487793181856754,1.0151390162828564,-0.4005001775554886,0.032644211953929886,0.0,0.6253014901165788,-0.22563304342113266,0.40625,0.1875,0.0625,96,0.6951161587242086,6.974982946575074
top_momentum_21-3-63-200,top_momentum,"[21, 3, 63, 200]",balanced,test,2.2673820401783145,0.3946251792780213,0.38263119885908103,1.059013266412236,-0.43936370127320057,0.03627600105142615,0.0,0.5908013026719656,-0.19941673577477825,0.4418604651162791,0.23255813953488372,0.046511627906976744,43,0.9692509154473825,9.524190222066915
top_momentum_21-3-63-200,top_momentum,"[21, 3, 63, 200]",balanced,full,38.65315311355415,0.3751814622814902,0.3772188442627866,1.028982160951659,-0.4393637012732,0.03376771505603305,0.0,0.6253014901165788,-0.22563304342113266,0.4172661870503597,0.2014388489208633,0.05755395683453238,139,0.7795884626681066,7.760499582135425
top_momentum_21-3-63-200,top_momentum,"[21, 3, 63, 200]",aggressive,train,29.599414526381555,0.5342585875715331,0.5825604366484199,1.0146607794735225,-0.5629188504726004,0.051916555966202316,0.0,1.1007035872531814,-0.3346520508013391,0.3854166666666667,0.23958333333333334,0.13541666666666666,96,1.086863624654286,10.756799897767603
top_momentum_21-3-63-200,top_momentum,"[21, 3, 63, 200]",aggressive,test,4.030972946083438,0.5744164557405524,0.5983883065107221,1.05398635832659,-0.620729457521723,0.059500871235754135,0.0,1.0506816422027896,-0.29965659473481776,0.4418604651162791,0.3023255813953488,0.20930232558139536,43,1.5170615051164265,14.806049517619723
top_momentum_21-3-63-200,top_momentum,"[21, 3, 63, 200]",aggressive,full,152.94482664821746,0.5465224780205826,0.5873811983943579,1.0271032382147387,-0.6207294575217235,0.05426278299203489,0.0,1.1007035872531814,-0.3346520508013391,0.4028776978417266,0.2589928057553957,0.15827338129496402,139,1.2194254586544713,12.004541879563329
top_momentum_21-5-5-200,top_momentum,"[21, 5, 5, 200]",base,train,4.764077934719282,0.245046755074537,0.2037502710432077,1.178102090673892,-0.23939819428639098,0.02059070571919736,0.0,0.28403472680607766,-0.1660824186647567,0.4791666666666667,0.11458333333333333,0.03125,96,0.5381356172400422,20.067538482843474
top_momentum_21-5-5-200,top_momentum,"[21, 5, 5, 200]",base,test,1.533378677121215,0.2984166560483239,0.22768431253179944,1.2605090932238459,-0.2349325124814422,0.024175854508666675,0.013896330749298968,0.1593052491914131,-0.1282987948735571,0.5813953488372093,0.18604651162790697,0.046511627906976744,43,0.5925768201064074,23.64863449459441
top_momentum_21-5-5-200,top_momentum,"[21, 5, 5, 200]",base,full,13.602592133082704,0.2612541061895082,0.2113792310582669,1.2040388231074663,-0.23939819428639098,0.02169978052457276,0.004187176473703147,0.28403472680607766,-0.1660824186647567,0.5107913669064749,0.1366906474820144,0.03597122302158273,139,0.5549112129017152,21.171022894571603
top_momentum_21-5-5-200,top_momentum,"[21, 5, 5, 200]",balanced,train,15.773558721845369,0.42308278728808113,0.34771415055483007,1.1895186511811218,-0.3954003659328382,0.0364941467599591,0.0,0.5407909016610866,-0.27484943126749795,0.4791666666666667,0.1875,0.07291666666666667,96,0.9175874500424296,33.79348020796771
top_momentum_21-5-5-200,top_momentum,"[21, 5, 5, 200]",balanced,test,3.4164993113937285,0.5178399288671185,0.39155327633281706,1.2600877010675429,-0.38020511080804564,0.042146107596354836,0.02285666339654413,0.26495806132777977,-0.21703959138319906,0.5813953488372093,0.32558139534883723,0.09302325581395349,43,1.031388995907076,40.68276922841647
top_momentum_21-5-5-200,top_momentum,"[21, 5, 5, 200]",balanced,full,73.0804105446522,0.4516330144407923,0.36172886574755686,1.2113926542472373,-0.3954003659328382,0.03824259507625418,0.005548341794117784,0.5407909016610866,-0.27484943126749795,0.5107913669064749,0.2302158273381295,0.07913669064748201,139,0.9526544327427345,35.91635628194316
top_momentum_21-5-5-200,top_momentum,"[21, 5, 5, 200]",aggressive,train,53.73611135016941,0.6500610635056703,0.5435665350409108,1.1951070124951992,-0.5724750751480152,0.059304059317545975,0.0,0.9520482903107375,-0.3992805027979165,0.4791666666666667,0.3125,0.14583333333333334,96,1.4333984960009296,52.6709222534329
top_momentum_21-5-5-200,top_momentum,"[21, 5, 5, 200]",aggressive,test,7.033573077349425,0.7956506860792956,0.6134618159829497,1.2571914106171975,-0.5382098262321735,0.06675466078612291,0.03279157220131812,0.40847287296316903,-0.325714474011516,0.5813953488372093,0.4186046511627907,0.18604651162790697,43,1.6192701035539,63.74398627282926
top_momentum_21-5-5-200,top_momentum,"[21, 5, 5, 200]",aggressive,full,438.7265505015206,0.6936183098465305,0.5659293179988297,1.214102085329462,-0.5724750751480152,0.06160892164235754,0.004288134818699385,0.9520482903107375,-0.3992805027979165,0.5107913669064749,0.34532374100719426,0.15827338129496402,139,1.490673257929825,56.082993165627514
top_momentum_21-5-21-200,top_momentum,"[21, 5, 21, 200]",base,train,5.79134567594443,0.27086011858191017,0.2156521591030443,1.2181381040275783,-0.2912800936759371,0.022286323252740242,0.0,0.3339145843377449,-0.13933408698793126,0.4791666666666667,0.10416666666666667,0.020833333333333332,96,0.5170911534356768,10.538605867764206
top_momentum_21-5-21-200,top_momentum,"[21, 5, 21, 200]",base,test,1.7688211313710136,0.33124123519670956,0.22621927325342664,1.3782269192888006,-0.230754503416709,0.026467231950890693,0.023569239797619046,0.2584354544027472,-0.1370825634028754,0.5813953488372093,0.16279069767441862,0.023255813953488372,43,0.6395268847019887,12.462541874168995
top_momentum_21-5-21-200,top_momentum,"[21, 5, 21, 200]",base,full,17.804021418000104,0.28916818588865967,0.21892831804161209,1.2689997124914763,-0.2916854775205764,0.02357969788598103,0.001828946893762673,0.3339145843377449,-0.13933408698793126,0.5107913669064749,0.1223021582733813,0.02158273381294964,139,0.5548186872542552,11.131450456477737
top_momentum_21-5-21-200,top_momentum,"[21, 5, 21, 200]",balanced,train,20.513170704556014,0.46809271280649,0.36029944849427054,1.2438252868251698,-0.4576787379920988,0.03900218438176026,0.0,0.6382912347706238,-0.23554018184361358,0.46875,0.17708333333333334,0.052083333333333336,96,0.884094081504805,17.654986879512542
top_momentum_21-5-21-200,top_momentum,"[21, 5, 21, 200]",balanced,test,4.430237916846987,0.6085605184550698,0.3898239773920005,1.4144483101626,-0.37571518975789664,0.04786102538375491,0.03956742842356342,0.4887609828652548,-0.23026987443034463,0.5813953488372093,0.3488372093023256,0.11627906976744186,43,1.1132418260322094,21.432836603058586
top_momentum_21-5-21-200,top_momentum,"[21, 5, 21, 200]",balanced,full,115.82163527148187,0.5100166898192264,0.36959337036928236,1.2986189563249757,-0.4576787379920988,0.041742689152161484,0.0012760313007884605,0.6382912347706238,-0.23554018184361358,0.5035971223021583,0.2302158273381295,0.07194244604316546,139,0.9547040185852179,18.81909928144343
top_momentum_21-5-21-200,top_momentum,"[21, 5, 21, 200]",aggressive,train,78.55330484655647,0.7290924282923965,0.5613872950352027,1.2515320999798463,-0.6308461395842948,0.06293208480693167,0.0,1.1277350276313238,-0.3527019818730388,0.4583333333333333,0.2916666666666667,0.125,96,1.3797805982863265,27.412325018357983
top_momentum_21-5-21-200,top_momentum,"[21, 5, 21, 200]",aggressive,test,10.256169262388328,0.9741218348440417,0.610559788790552,1.418820826426592,-0.5351496497297775,0.07736873313862772,0.05852559589393702,0.8525898305552897,-0.34243235989040766,0.5813953488372093,0.3953488372093023,0.20930232558139536,43,1.7467514861142164,33.45449436249506
top_momentum_21-5-21-200,top_momentum,"[21, 5, 21, 200]",aggressive,full,894.4654647352156,0.8011651022081787,0.5769001741917498,1.3053056368725036,-0.6308461395842948,0.06739809831961462,0.0,1.1277350276313238,-0.3527019818730388,0.49640287769784175,0.3237410071942446,0.1510791366906475,139,1.4928595699048828,29.274168337386136
top_momentum_21-5-63-200,top_momentum,"[21, 5, 63, 200]",base,train,4.318356590676453,0.23257193020380895,0.22154973340895856,1.0526338626620833,-0.27940989860730214,0.019675670361856128,0.0,0.34830312109729644,-0.147989605745395,0.4375,0.09375,0.010416666666666666,96,0.4348273229822126,4.401494347551696
top_momentum_21-5-63-200,top_momentum,"[21, 5, 63, 200]",base,test,1.369994509059075,0.2743249584280989,0.22151999750025927,1.2047634403286136,-0.22255042918162626,0.022857606712100426,0.0,0.26901922577715065,-0.1190679843183522,0.46511627906976744,0.13953488372093023,0.023255813953488372,43,0.6062817179990126,5.45294392193585
top_momentum_21-5-63-200,top_momentum,"[21, 5, 63, 200]",base,full,11.604475917121322,0.24528982318603654,0.2215046716930401,1.0996851456331627,-0.27940989860730214,0.020660010383874147,0.0,0.34830312109729644,-0.147989605745395,0.4460431654676259,0.1079136690647482,0.014388489208633094,139,0.48765954295131925,4.725489630348874
top_momentum_21-5-63-200,top_momentum,"[21, 5, 63, 200]",balanced,train,12.299692080755241,0.3823553635794046,0.3650260484978595,1.0661485941894648,-0.4145005524261218,0.03349498225788368,0.0,0.6682902820732097,-0.2134958452289203,0.4166666666666667,0.15625,0.0625,96,0.7398952141307712,6.9803991551923055
top_momentum_21-5-63-200,top_momentum,"[21, 5, 63, 200]",balanced,test,2.7799818189796577,0.45290732096262865,0.3761562152579922,1.1800336609524098,-0.3736924111760559,0.03921456550976222,0.0,0.5105586594484799,-0.201469344147997,0.4418604651162791,0.23255813953488372,0.046511627906976744,43,1.0339150414500022,8.840277551869866
top_momentum_21-5-63-200,top_momentum,"[21, 5, 63, 200]",balanced,full,49.272594263282535,0.4037222063648309,0.3684301930240358,1.1020510662469356,-0.4145005524261218,0.03526434973868064,0.0,0.6682902820732097,-0.2134958452289203,0.4244604316546763,0.17985611510791366,0.05755395683453238,139,0.8304949341944436,7.553504933900575
top_momentum_21-5-63-200,top_momentum,"[21, 5, 63, 200]",aggressive,train,35.12049434910611,0.566435714195394,0.568215827662989,1.0666169683348248,-0.5794323705272567,0.05349453166883548,0.0,1.1869689488047896,-0.31688282999487527,0.3958333333333333,0.22916666666666666,0.11458333333333333,96,1.1562044981914166,10.66113093729586
top_momentum_21-5-63-200,top_momentum,"[21, 5, 63, 200]",aggressive,test,5.312703553464805,0.6780684658689389,0.5874849563994101,1.171944296655322,-0.5479495187276571,0.06336809492231596,0.0,0.8949243661491937,-0.30255839097774573,0.4418604651162791,0.32558139534883723,0.20930232558139536,43,1.6148290102364566,13.731211150165791
top_momentum_21-5-63-200,top_momentum,"[21, 5, 63, 200]",aggressive,full,227.01797303050714,0.6000189065535939,0.5741261549100023,1.0998785769790649,-0.5794323705272567,0.05654894332278986,0.0,1.1869689488047896,-0.31688282999487527,0.41007194244604317,0.2589928057553957,0.14388489208633093,139,1.2975257580005546,11.607150157819504
top_momentum_63-1-5-200,top_momentum,"[63, 1, 5, 200]",base,train,9.338756584415313,0.3394745482091299,0.2447463845527393,1.3115602445031216,-0.31446177655274765,0.027077544898637906,0.0,0.29773391848093866,-0.11529540644277159,0.4791666666666667,0.13541666666666666,0.010416666666666666,96,0.34063785755696296,9.824421898314307
top_momentum_63-1-5-200,top_momentum,"[63, 1, 5, 200]",base,test,1.5923436999837541,0.3068367144168971,0.24715963520750733,1.2047609782635857,-0.2552627693023103,0.024826155750120447,0.02568769419548378,0.29844107223945127,-0.07415600638488917,0.5581395348837209,0.11627906976744186,0.0,43,0.4319789762270663,18.23435676519369
top_momentum_63-1-5-200,top_momentum,"[63, 1, 5, 200]",base,full,25.80161049727461,0.32933152109934105,0.24545096312272208,1.2786304931092392,-0.31446177655274765,0.026381071996578544,0.0023981676522890627,0.29844107223945127,-0.11529540644277159,0.5035971223021583,0.12949640287769784,0.007194244604316547,139,0.3687838498094819,12.415872113220116
top_momentum_63-1-5-200,top_momentum,"[63, 1, 5, 200]",balanced,train,42.392573805150576,0.6028031249629229,0.4142270245603045,1.3328399289585018,-0.49499471283603746,0.04735860406237588,0.0,0.5662238055321405,-0.19582097880867766,0.4791666666666667,0.22916666666666666,0.07291666666666667,96,0.5873476681124333,16.373693743967912
top_momentum_63-1-5-200,top_momentum,"[63, 1, 5, 200]",balanced,test,3.5482706054412905,0.5304283644179335,0.42587160892589837,1.2070201866358794,-0.40862731748228354,0.043320765688099026,0.04363671967636229,0.5602593093219925,-0.1275892924776031,0.5581395348837209,0.2558139534883721,0.09302325581395349,43,0.751314816568654,31.20020033130278
top_momentum_63-1-5-200,top_momentum,"[63, 1, 5, 200]",balanced,full,196.3611679324079,0.5801439426267827,0.41777791911535267,1.293437488980585,-0.49499471283603746,0.046109488594074405,0.0006510665186849618,0.5662238055321405,-0.19582097880867766,0.5035971223021583,0.23741007194244604,0.07913669064748201,139,0.6378727564550063,20.942356199769833
top_momentum_63-1-5-200,top_momentum,"[63, 1, 5, 200]",aggressive,train,216.94318353920616,0.9614767848701107,0.6476773085685116,1.335148746386072,-0.6765028961302152,0.07566305916502056,0.0,0.9940247317905533,-0.2955657421750514,0.46875,0.3020833333333333,0.10416666666666667,96,0.9203928413510194,25.508838382837222
top_momentum_63-1-5-200,top_momentum,"[63, 1, 5, 200]",aggressive,test,7.276058337116815,0.8107149713260529,0.6670252656187945,1.211068594629395,-0.5832585564904,0.06897971780334519,0.05865207285317431,0.9647408035206126,-0.19588381564276858,0.5581395348837209,0.3488372093023256,0.18604651162790697,43,1.1785582308587303,48.68395348214845
top_momentum_63-1-5-200,top_momentum,"[63, 1, 5, 200]",aggressive,full,1802.7105011474257,0.9137291315087548,0.653587465814883,1.2962341185167787,-0.6765028961302152,0.07359555068622892,0.0,0.9940247317905533,-0.2955657421750514,0.49640287769784175,0.31654676258992803,0.12949640287769784,139,0.9999443200141651,32.65005385658582
top_momentum_63-1-21-200,top_momentum,"[63, 1, 21, 200]",base,train,10.000776605354021,0.3499173872500536,0.22085132059897108,1.4671558954031243,-0.24823931266946564,0.027408540502368555,0.0,0.27564448934587893,-0.13893328443639652,0.4791666666666667,0.15625,0.020833333333333332,96,0.3551974543341405,6.02504505556611
top_momentum_63-1-21-200,top_momentum,"[63, 1, 21, 200]",base,test,2.7822413714834853,0.4531512623115095,0.25381737878778454,1.597525651757255,-0.16300857473886787,0.034214010830344185,0.027291351021083043,0.3154049938334349,-0.0906964784610712,0.5581395348837209,0.11627906976744186,0.0,43,0.45552702739715456,8.569269842165887
top_momentum_63-1-21-200,top_momentum,"[63, 1, 21, 200]",base,full,40.60759239521762,0.3809210171670252,0.23147834575637605,1.5082336672805052,-0.24823931266946564,0.029513829884404187,0.0027563987889163144,0.3154049938334349,-0.13893328443639652,0.5035971223021583,0.14388489208633093,0.014388489208633094,139,0.38611316269467766,6.809026379365491
top_momentum_63-1-21-200,top_momentum,"[63, 1, 21, 200]",balanced,train,51.58451381833914,0.6418022435948545,0.37203574733080796,1.5142719621538716,-0.40441730084022465,0.04843115196702175,0.0,0.5211407623560431,-0.23426666498665727,0.4791666666666667,0.23958333333333334,0.020833333333333332,96,0.6150481618215586,10.074613355681604
top_momentum_63-1-21-200,top_momentum,"[63, 1, 21, 200]",balanced,test,7.915294740408127,0.848961025682863,0.42921832319230013,1.6405034867587622,-0.2768195625231624,0.06059198013692115,0.03880235268021415,0.594295053392595,-0.12363895854414186,0.5581395348837209,0.32558139534883723,0.06976744186046512,43,0.7814704892045419,13.942710518104684
top_momentum_63-1-21-200,top_momentum,"[63, 1, 21, 200]",balanced,full,467.8064394715584,0.7030330559644524,0.39049618299968325,1.553768447309123,-0.40441730084022465,0.05219313478217049,0.004318186392963996,0.594295053392595,-0.23426666498665727,0.5035971223021583,0.26618705035971224,0.03597122302158273,139,0.6663297927602521,11.266534741697923
top_momentum_63-1-21-200,top_momentum,"[63, 1, 21, 200]",aggressive,train,318.48993382400647,1.0576335304331073,0.5813619224519575,1.5212126942899937,-0.5744368221031012,0.07761394394807841,0.0,0.9077350886162232,-0.3498639636143517,0.4791666666666667,0.3125,0.07291666666666667,96,0.9642040261136092,15.724286018000448
top_momentum_63-1-21-200,top_momentum,"[63, 1, 21, 200]",aggressive,test,22.52407901911382,1.4283310662466886,0.6704862296098087,1.6432917684483213,-0.4287808535804686,0.09690270325182346,0.05585448314910324,1.024645076871587,-0.18852135268866566,0.5581395348837209,0.37209302325581395,0.16279069767441862,43,1.2224519884038954,21.6419470818538
top_momentum_63-1-21-200,top_momentum,"[63, 1, 21, 200]",aggressive,full,7514.706449087389,1.165387818995813,0.6101298253554431,1.5592978980981467,-0.5744368221031012,0.08358097020751035,0.003307518897793793,1.024645076871587,-0.3498639636143517,0.5035971223021583,0.33093525179856115,0.10071942446043165,139,1.0437809488804888,17.547763164780406
top_momentum_63-1-63-200,top_momentum,"[63, 1, 63, 200]",base,train,5.726453428665823,0.2693343167031548,0.22084929275114837,1.1888987866222736,-0.2788162609695026,0.02216814371846737,0.0,0.25091240980455454,-0.13898258181203915,0.4791666666666667,0.11458333333333333,0.020833333333333332,96,0.34581330295052215,4.187689466626837
top_momentum_63-1-63-200,top_momentum,"[63, 1, 63, 200]",base,test,1.8727234986795476,0.3450903067657207,0.25852970801658764,1.2728115267459998,-0.27324856369813577,0.028786764621469074,0.003928205146982666,0.3611499627856394,-0.15551397717999638,0.5348837209302325,0.11627906976744186,0.023255813953488372,43,0.41343142631630436,4.857572065490127
top_momentum_63-1-63-200,top_momentum,"[63, 1, 63, 200]",base,full,18.32324082730192,0.29221153780564935,0.23307320361204723,1.2144529723345965,-0.2788162609695026,0.024215630760403152,0.0,0.3611499627856394,-0.15551397717999638,0.49640287769784175,0.11510791366906475,0.02158273381294964,139,0.3666492550835028,4.394108116980795
top_momentum_63-1-63-200,top_momentum,"[63, 1, 63, 200]",balanced,train,21.37973312693027,0.4753648144115523,0.3754954618526565,1.2196902513444647,-0.41445300778304517,0.0391446000083262,0.0,0.46824791294128776,-0.23434491123306989,0.46875,0.19791666666666666,0.041666666666666664,96,0.5957347943718756,6.85924107503788
top_momentum_63-1-63-200,top_momentum,"[63, 1, 63, 200]",balanced,test,4.337639868153069,0.6008068164861944,0.4453106269438073,1.2694389342704269,-0.4340679440417533,0.05165119756788932,0.005115523040291725,0.6994749622829288,-0.2600741655464426,0.5348837209302325,0.18604651162790697,0.11627906976744186,43,0.7098254321354002,7.798113781822425
top_momentum_63-1-63-200,top_momentum,"[63, 1, 63, 200]",balanced,full,118.45495577692888,0.5129333792083826,0.3982492582124918,1.2330311517594108,-0.43406794404175286,0.04301354745480976,0.0,0.6994749622829288,-0.2600741655464426,0.4892086330935252,0.19424460431654678,0.06474820143884892,139,0.6308908582928242,7.148546749371695
top_momentum_63-1-63-200,top_momentum,"[63, 1, 63, 200]",aggressive,train,81.81775936863818,0.7378149671003096,0.5874190956970143,1.2255872098123881,-0.5751877663659702,0.06263794311590319,0.0,0.8005853124179558,-0.3499711957901266,0.46875,0.2604166666666667,0.10416666666666667,96,0.9334533267016629,10.671558148417448
top_momentum_63-1-63-200,top_momentum,"[63, 1, 63, 200]",aggressive,test,9.300277132248992,0.9255117891801279,0.6973904196004144,1.2655632573919537,-0.6007044765248741,0.0855541805828207,0.0015148441971097881,1.2591293844448064,-0.3842702636033807,0.5116279069767442,0.2558139534883721,0.16279069767441862,43,1.1110516695891903,12.093643682949814
top_momentum_63-1-63-200,top_momentum,"[63, 1, 63, 200]",aggressive,full,852.0458729688802,0.7936139511803282,0.623273142799296,1.2355018595539868,-0.600704476524874,0.06972713887905034,0.0,1.2591293844448064,-0.3842702636033807,0.48201438848920863,0.2589928057553957,0.1223021582733813,139,0.9881787521809182,11.109761763833296
top_momentum_63-2-5-200,top_momentum,"[63, 2, 5, 200]",base,train,6.457323806851446,0.2858229997961259,0.22475386860298596,1.228753268321679,-0.2655489119741655,0.023208766509644346,0.0,0.22224915188809513,-0.11815558805012438,0.46875,0.13541666666666666,0.020833333333333332,96,0.4090046134512922,11.306939096558652
top_momentum_63-2-5-200,top_momentum,"[63, 2, 5, 200]",base,test,1.6938897858546973,0.3210199667917921,0.23940106106452771,1.2820541274354145,-0.28209882737449343,0.025604723401753994,0.008376455252582238,0.24551940873849754,-0.0797354175172249,0.5581395348837209,0.16279069767441862,0.0,43,0.5006060797632829,15.091638511293297
top_momentum_63-2-5-200,top_momentum,"[63, 2, 5, 200]",base,full,19.089208433088192,0.29656750474928395,0.22932738077061787,1.2455769032120005,-0.28209882737449243,0.023949961807203442,0.0,0.24551940873849754,-0.11815558805012438,0.49640287769784175,0.14388489208633093,0.014388489208633094,139,0.437230829625066,12.473162172826937
top_momentum_63-2-5-200,top_momentum,"[63, 2, 5, 200]",balanced,train,23.163936664105943,0.4895931111947067,0.38234650042633184,1.2274339609123603,-0.4413060429472613,0.03985398593050715,0.0,0.4130506185829388,-0.20072099253062248,0.46875,0.22916666666666666,0.0625,96,0.7042630189406895,19.016478083961193
top_momentum_63-2-5-200,top_momentum,"[63, 2, 5, 200]",balanced,test,4.132577117682693,0.583285128236712,0.41279114176587905,1.3169185328051092,-0.44755295425760944,0.0457552163664784,0.012785792631049286,0.45555900638819824,-0.1363227088770549,0.5581395348837209,0.2558139534883721,0.06976744186046512,43,0.8718254033357334,25.70802625763952
top_momentum_63-2-5-200,top_momentum,"[63, 2, 5, 200]",balanced,full,123.02326839532425,0.5178567265373399,0.39191442785863356,1.2558920691008273,-0.44755295425760944,0.041679546425088185,0.0,0.45555900638819824,-0.20072099253062248,0.49640287769784175,0.23741007194244604,0.06474820143884892,139,0.7558959487937826,21.078421990450185
top_momentum_63-2-5-200,top_momentum,"[63, 2, 5, 200]",aggressive,train,88.56887984624969,0.754938760950767,0.5983932473701461,1.2255383596444507,-0.6248853180234188,0.0630908444045872,0.0,0.7028385413868934,-0.30301139467213756,0.4479166666666667,0.28125,0.10416666666666667,96,1.103527747900398,29.71898826004777
top_momentum_63-2-5-200,top_momentum,"[63, 2, 5, 200]",aggressive,test,9.118566821114316,0.9159076419618031,0.6458260378420032,1.323015106285805,-0.6147243308556898,0.07256116409644993,0.016173735399258815,0.7729377565490936,-0.20764041627922547,0.5581395348837209,0.32558139534883723,0.18604651162790697,43,1.3686861210530525,40.20308644769412
top_momentum_63-2-5-200,top_momentum,"[63, 2, 5, 200]",aggressive,full,905.3086958166326,0.8030428261147866,0.6132987281854789,1.2565895998367211,-0.6248853180234188,0.06602051164739366,0.0,0.7729377565490936,-0.30301139467213756,0.48201438848920863,0.2949640287769784,0.12949640287769784,139,1.1852340552579834,32.94957433848088
top_momentum_63-2-21-200,top_momentum,"[63, 2, 21, 200]",base,train,9.72170470796108,0.34558416609486375,0.20930768719720413,1.522356029409644,-0.29266518322214774,0.027012910913050293,0.0006534306279002422,0.2283888549579507,-0.14920507444115538,0.5,0.13541666666666666,0.010416666666666666,96,0.4331955094392513,6.699201643432753
top_momentum_63-2-21-200,top_momentum,"[63, 2, 21, 200]",base,test,2.103427365390538,0.3745996573996302,0.23959093487210945,1.4467237893273257,-0.20124313331360155,0.029460125510907532,0.019853148220621453,0.2786892326498793,-0.09922699692017489,0.6046511627906976,0.16279069767441862,0.0,43,0.5190888725631635,8.293196561982176
top_momentum_63-2-21-200,top_momentum,"[63, 2, 21, 200]",base,full,32.27403179432303,0.35445914954871505,0.21904564116872594,1.4940400203417885,-0.29266518322214774,0.027769962910948576,0.012128048569904903,0.2786892326498793,-0.14920507444115538,0.5323741007194245,0.14388489208633093,0.007194244604316547,139,0.45966282195115415,7.190377679825344
top_momentum_63-2-21-200,top_momentum,"[63, 2, 21, 200]",balanced,train,49.390277788559004,0.6330694639788736,0.35560131012876955,1.5554280308704587,-0.46339762395101924,0.047674579522339465,0.0002797175241036065,0.42544844785182323,-0.2507131208360627,0.5,0.22916666666666666,0.03125,96,0.745747176418381,11.188397207783305
top_momentum_63-2-21-200,top_momentum,"[63, 2, 21, 200]",balanced,test,5.652517800290816,0.7029691552673898,0.4091409514957139,1.502059691282797,-0.33081571776703256,0.05351588992089898,0.032338274063855366,0.5207469636523543,-0.16854369741540598,0.6046511627906976,0.27906976744186046,0.06976744186046512,43,0.8935559539000932,13.603492286238076
top_momentum_63-2-21-200,top_momentum,"[63, 2, 21, 200]",balanced,full,334.22221994998756,0.654297024136264,0.37285232021365605,1.5342402645062982,-0.46339762395101924,0.049481603602469386,0.01901538780434997,0.5207469636523543,-0.2507131208360627,0.5323741007194245,0.2446043165467626,0.04316546762589928,139,0.7912931995723128,11.932588305472736
top_momentum_63-2-21-200,top_momentum,"[63, 2, 21, 200]",aggressive,train,301.6599412849874,1.0437479367146056,0.556116980194119,1.558729984668434,-0.6357275207783586,0.07626425687779582,0.0,0.7351844391432119,-0.37261265768484053,0.4895833333333333,0.3020833333333333,0.10416666666666667,96,1.1679571994490892,17.412914246693
top_momentum_63-2-21-200,top_momentum,"[63, 2, 21, 200]",aggressive,test,14.360829761855141,1.1543047205170716,0.6394311706786837,1.5103651259285062,-0.47753160752225843,0.08654035120266974,0.04792955527149201,0.876756450290537,-0.25446649364373763,0.6046511627906976,0.37209302325581395,0.2558139534883721,43,1.399340319981588,21.09012676668718
top_momentum_63-2-21-200,top_momentum,"[63, 2, 21, 200]",aggressive,full,4648.107833811751,1.0771963397670428,0.5829555777072425,1.5392651764395482,-0.6357275207783586,0.07944319253225322,0.025186077832893394,0.876756450290537,-0.37261265768484053,0.5251798561151079,0.3237410071942446,0.1510791366906475,139,1.2392559487165749,18.546016146533187
top_momentum_63-2-63-200,top_momentum,"[63, 2, 63, 200]",base,train,6.626068054893394,0.2894280261446487,0.2127104850113094,1.3009610837073278,-0.32688190457402233,0.02350174158529746,0.0,0.23098547386914525,-0.15584058211270835,0.46875,0.09375,0.020833333333333332,96,0.41734047425751863,4.5085780487650045
top_momentum_63-2-63-200,top_momentum,"[63, 2, 63, 200]",base,test,1.7651672584262839,0.33074745967036945,0.24049459595024217,1.3071115679576875,-0.25040760386806094,0.027173044437081458,0.004317676911155921,0.34508171098792784,-0.1464210838344493,0.5116279069767442,0.11627906976744186,0.023255813953488372,43,0.49416716682010287,5.395616500087375
top_momentum_63-2-63-200,top_momentum,"[63, 2, 63, 200]",base,full,20.087353695921855,0.3020216169269492,0.2216043632187032,1.3010662214247068,-0.32688190457402233,0.024637468366784595,0.0,0.34508171098792784,-0.15584058211270835,0.48201438848920863,0.10071942446043165,0.02158273381294964,139,0.44101396901143075,4.781911436204429
top_momentum_63-2-63-200,top_momentum,"[63, 2, 63, 200]",balanced,train,28.49140749019562,0.5271945740377322,0.36223803873762445,1.3485564909012953,-0.4945983286736063,0.04224941047639757,0.0,0.4304068593808119,-0.26145941368025805,0.46875,0.25,0.03125,96,0.7171232878724892,7.42079609377967
top_momentum_63-2-63-200,top_momentum,"[63, 2, 63, 200]",balanced,test,3.892634616041798,0.5621319143267913,0.4109537460917019,1.2868947892383265,-0.4012551292843962,0.04749417441418569,0.006940237064450905,0.6671005423836411,-0.24531165051597725,0.5116279069767442,0.2558139534883721,0.046511627906976744,43,0.8481655913955352,8.73998773802916
top_momentum_63-2-63-200,top_momentum,"[63, 2, 63, 200]",balanced,full,143.29068116232537,0.5378761054146048,0.3778496622056682,1.3257488339029864,-0.4945983286736063,0.04387189140679245,0.0,0.6671005423836411,-0.26145941368025805,0.48201438848920863,0.2517985611510791,0.03597122302158273,139,0.7575028640525553,7.8272938281980124
top_momentum_63-2-63-200,top_momentum,"[63, 2, 63, 200]",aggressive,train,131.8745383053203,0.843715072928622,0.5662579697191646,1.3594822035560041,-0.669033071429606,0.06822851305621523,0.0,0.7350101415831427,-0.38769221156045774,0.4479166666666667,0.28125,0.11458333333333333,96,1.123081656484169,11.554001749297406
top_momentum_63-2-63-200,top_momentum,"[63, 2, 63, 200]",aggressive,test,8.240322119993628,0.8676552521527756,0.6431596489532312,1.2831370864591265,-0.5615973449254799,0.07809800910662146,0.009599916380686802,1.1985115005525757,-0.3634463856660348,0.5116279069767442,0.3488372093023256,0.23255813953488372,43,1.3279094012937176,13.573731328417537
top_momentum_63-2-63-200,top_momentum,"[63, 2, 63, 200]",aggressive,full,1226.8035354865917,0.8510591411020763,0.5909124098459516,1.3316734106718504,-0.669033071429606,0.07128166651065745,0.0,1.1985115005525757,-0.38769221156045774,0.4676258992805755,0.302158273381295,0.1510791366906475,139,1.1861975915903744,12.176364316274649
top_momentum_63-3-5-200,top_momentum,"[63, 3, 5, 200]",base,train,5.832606611319809,0.2718236606690161,0.21766708752038486,1.2122433492239006,-0.27252126994108383,0.022178853115450137,0.0,0.21776091464776992,-0.12344666836068374,0.4791666666666667,0.13541666666666666,0.020833333333333332,96,0.452266596381953,11.817330610302394
top_momentum_63-3-5-200,top_momentum,"[63, 3, 5, 200]",base,test,1.7130052588774127,0.32364671120699073,0.23429377519900313,1.3134576077205253,-0.2572005036892201,0.025753466795812852,0.020534676008219677,0.21089888734248663,-0.08702542500558386,0.6046511627906976,0.18604651162790697,0.0,43,0.5530233927849891,15.886939532642181
top_momentum_63-3-5-200,top_momentum,"[63, 3, 5, 200]",base,full,17.53689766835122,0.28757243941977495,0.22288581321431353,1.2445093678825625,-0.27252126994108383,0.023284668858296158,0.002999193353556473,0.21776091464776992,-0.12344666836068374,0.5179856115107914,0.1510791366906475,0.014388489208633094,139,0.48331394999704175,13.071346138759553
top_momentum_63-3-5-200,top_momentum,"[63, 3, 5, 200]",balanced,train,20.280576353816024,0.4660972099559775,0.37210667836988887,1.2104645834557293,-0.4508866821745757,0.03828103449282728,0.0,0.40723424520637663,-0.20909896498085911,0.4791666666666667,0.21875,0.0625,96,0.7793537313823811,19.877947513621493
top_momentum_63-3-5-200,top_momentum,"[63, 3, 5, 200]",balanced,test,4.191009319106944,0.5883284222158227,0.40368767852085297,1.3457353505384888,-0.4126152742369825,0.04595568183852719,0.03331874675201263,0.38810427298354044,-0.14844149656976702,0.5813953488372093,0.2558139534883721,0.09302325581395349,43,0.9634132093608266,27.09980304500007
top_momentum_63-3-5-200,top_momentum,"[63, 3, 5, 200]",balanced,full,109.46767016862553,0.5027238241985785,0.3820560766236318,1.2538165198375304,-0.4508866821745757,0.04065520597387114,0.002890305939285076,0.40723424520637663,-0.20909896498085911,0.5107913669064749,0.2302158273381295,0.07194244604316546,139,0.8360701009277832,22.103301141806515
top_momentum_63-3-5-200,top_momentum,"[63, 3, 5, 200]",aggressive,train,74.8323352936935,0.7187596604657447,0.5825206253287474,1.2122519474812203,-0.6306600740151607,0.060887838216248914,0.0,0.6997245467431865,-0.31444022582476316,0.4583333333333333,0.2708333333333333,0.125,96,1.2210763996963716,31.022522396962753
top_momentum_63-3-5-200,top_momentum,"[63, 3, 5, 200]",aggressive,test,9.353186675510546,0.9282853579482175,0.6313862790317076,1.3498836006794388,-0.5749523836762169,0.07292033079407409,0.04380407229931471,0.6513955433020988,-0.225397174194909,0.5581395348837209,0.3488372093023256,0.18604651162790697,43,1.5125705067568507,42.39456255094216
top_momentum_63-3-5-200,top_momentum,"[63, 3, 5, 200]",aggressive,full,784.1063233355162,0.7807736351861678,0.5979097667808068,1.256364159534082,-0.6306600740151607,0.06461012009284231,0.0,0.6997245467431865,-0.31444022582476316,0.4892086330935252,0.2949640287769784,0.14388489208633093,139,1.3108978404498068,34.52672027333497
top_momentum_63-3-21-200,top_momentum,"[63, 3, 21, 200]",base,train,9.989303557835251,0.349741148286812,0.20643057149830046,1.5561129756342396,-0.2978699663428761,0.027287984387924985,0.003563929746907224,0.2340934760971014,-0.1637846919623086,0.53125,0.125,0.010416666666666666,96,0.47619599080360925,6.7686050692879745
top_momentum_63-3-21-200,top_momentum,"[63, 3, 21, 200]",base,test,2.1894893424695194,0.3852036766817888,0.2342349925884527,1.5076855182556221,-0.20337829107516303,0.030110525261192917,0.020179596053422566,0.2650067005602741,-0.1072204249224823,0.5813953488372093,0.16279069767441862,0.023255813953488372,43,0.5821739096512143,8.520781359611279
top_momentum_63-3-21-200,top_momentum,"[63, 3, 21, 200]",base,full,34.050266578877725,0.36057075454584564,0.21534246076229008,1.537394064369858,-0.2978699663428761,0.02816114451418772,0.004872639980934901,0.2650067005602741,-0.1637846919623086,0.5467625899280576,0.1366906474820144,0.014388489208633094,139,0.5088521890881512,7.308523355931741
top_momentum_63-3-21-200,top_momentum,"[63, 3, 21, 200]",balanced,train,49.09497936641911,0.6318689255292553,0.35169373639432994,1.5677281833049586,-0.4696534615021102,0.0476381920804109,0.005593822956406758,0.4364645236537208,-0.27369205753566306,0.5104166666666666,0.23958333333333334,0.041666666666666664,96,0.8168112065179179,11.221991592697433
top_momentum_63-3-21-200,top_momentum,"[63, 3, 21, 200]",balanced,test,5.899907500931832,0.720527640780394,0.3987258432387771,1.557652894605827,-0.33401618665029376,0.05425112898025077,0.03512692969904907,0.48208593763837637,-0.18155081050088462,0.5813953488372093,0.3023255813953488,0.06976744186046512,43,0.9992692685492084,13.849301878650165
top_momentum_63-3-21-200,top_momentum,"[63, 3, 21, 200]",balanced,full,344.65072388938074,0.6586900900986918,0.3667658538184298,1.5618756714923945,-0.4696534615021102,0.04968392076165633,0.007915461774234744,0.48208593763837637,-0.27369205753566306,0.5323741007194245,0.2589928057553957,0.050359712230215826,139,0.8730341132998032,12.031575009564355
top_momentum_63-3-21-200,top_momentum,"[63, 3, 21, 200]",aggressive,train,298.169161883965,1.0407835330988475,0.5501170156726516,1.5694288813608546,-0.6438893383206753,0.07625600633828268,0.005823722388454411,0.7458361596631429,-0.4037354430363348,0.5104166666666666,0.28125,0.09375,96,1.2782007596138127,17.463492370627424
top_momentum_63-3-21-200,top_momentum,"[63, 3, 21, 200]",aggressive,test,15.170353210292355,1.1856135426642247,0.6230834297702713,1.5592486796848597,-0.48157423325604687,0.08739126788111902,0.054789617504530375,0.803692027980559,-0.27297635349391935,0.5581395348837209,0.37209302325581395,0.23255813953488372,43,1.5643876210821854,21.427096820974455
top_momentum_63-3-21-200,top_momentum,"[63, 3, 21, 200]",aggressive,full,4836.671017290836,1.0843579189030725,0.5734915023580118,1.563583703303989,-0.6438893383206753,0.07970072753498746,0.011150310355216408,0.803692027980559,-0.4037354430363348,0.5251798561151079,0.30935251798561153,0.1366906474820144,139,1.3663868175791616,18.684843518673212
top_momentum_63-3-63-200,top_momentum,"[63, 3, 63, 200]",base,train,6.002904360384409,0.27574742288221477,0.20969622830447096,1.266052431781434,-0.36270109899690084,0.022666802963628246,0.0,0.23828142832709576,-0.17335809860119356,0.4791666666666667,0.09375,0.020833333333333332,96,0.45334960830044907,4.429671980935643
top_momentum_63-3-63-200,top_momentum,"[63, 3, 63, 200]",base,test,1.6954262838479623,0.3212315984404437,0.2342783901686992,1.305645234563074,-0.23818359940301737,0.026386157966639196,0.0,0.3123937143097417,-0.1432039515484662,0.4883720930232558,0.11627906976744186,0.023255813953488372,43,0.5542462848171724,5.482824221951156
top_momentum_63-3-63-200,top_momentum,"[63, 3, 63, 200]",base,full,17.875812476253603,0.2895935212056602,0.2175297588201166,1.2776860344588576,-0.36270109899690084,0.023817394799092065,0.0,0.3123937143097417,-0.17335809860119356,0.48201438848920863,0.10071942446043165,0.02158273381294964,139,0.48444006478808244,4.754191926037297
top_momentum_63-3-63-200,top_momentum,"[63, 3, 63, 200]",balanced,train,24.45242035960934,0.4993072138111896,0.3564065220383306,1.3136027604634861,-0.5218875901110456,0.0408173476636225,0.0,0.44503295674753574,-0.2887487149609461,0.46875,0.22916666666666666,0.041666666666666664,96,0.7754787273704284,7.24447005290617
top_momentum_63-3-63-200,top_momentum,"[63, 3, 63, 200]",balanced,test,3.8725408050941885,0.5603268709639015,0.39876979482606845,1.3129651116224375,-0.38608018196237304,0.046889845702928104,0.00041321888881951097,0.5975720912756304,-0.2400394040691478,0.5116279069767442,0.2558139534883721,0.06976744186046512,43,0.949638281645836,8.892601251290777
top_momentum_63-3-63-200,top_momentum,"[63, 3, 63, 200]",balanced,full,123.01795679060704,0.5178510989766714,0.36991206002786775,1.3117870669407266,-0.5218875901110456,0.042695890222544386,0.0,0.5975720912756304,-0.2887487149609461,0.48201438848920863,0.23741007194244604,0.050359712230215826,139,0.8291445192581097,7.752327725510428
top_momentum_63-3-63-200,top_momentum,"[63, 3, 63, 200]",aggressive,train,101.71098840998354,0.7852614113370555,0.5565537693072287,1.3169971104996476,-0.6975293813562206,0.06575569555073844,0.0,0.7623886373583475,-0.42405328635530226,0.4479166666666667,0.2708333333333333,0.10416666666666667,96,1.2120454617307974,11.14679561383078
top_momentum_63-3-63-200,top_momentum,"[63, 3, 63, 200]",aggressive,test,8.3927717153137,0.876260917318368,0.6235463126825135,1.3154847830044205,-0.5470854168981351,0.07725368546953736,0.0,1.057972979655561,-0.3559205295805995,0.46511627906976744,0.32558139534883723,0.13953488372093023,43,1.4854608798829534,13.813552563542938
top_momentum_63-3-63-200,top_momentum,"[63, 3, 63, 200]",aggressive,full,963.7408667892047,0.8128214417087056,0.5779224254994788,1.314841072159392,-0.6975293813562206,0.06931262768389206,0.0,1.057972979655561,-0.42405328635530226,0.45323741007194246,0.28776978417266186,0.11510791366906475,139,1.2962961075853092,11.968534186105535
top_momentum_63-5-5-200,top_momentum,"[63, 5, 5, 200]",base,train,5.93690166900749,0.2742366935592282,0.2142559486546871,1.2374505977621681,-0.2599580581070152,0.022419176562679843,0.0005426964412731383,0.2187219406775509,-0.11961677729611342,0.5,0.11458333333333333,0.03125,96,0.4990528027567034,11.388424285521
top_momentum_63-5-5-200,top_momentum,"[63, 5, 5, 200]",base,test,1.807039610537101,0.33637811855385724,0.2308152192378473,1.3714761180147428,-0.24408064617760705,0.026511437809357045,0.019981904454721366,0.19606760199547768,-0.09650444775052891,0.6046511627906976,0.16279069767441862,0.0,43,0.6057638132934786,15.593333848661157
top_momentum_63-5-5-200,top_momentum,"[63, 5, 5, 200]",base,full,18.47215775930499,0.2930706151433218,0.2194569251834807,1.2803321836403596,-0.2599580581070152,0.02368512788359437,0.003798990096446353,0.2187219406775509,-0.11961677729611342,0.5323741007194245,0.12949640287769784,0.02158273381294964,139,0.5319348970375304,12.684131560731139
top_momentum_63-5-5-200,top_momentum,"[63, 5, 5, 200]",balanced,train,21.159871915037858,0.473543402977906,0.3666145742143991,1.2380324669691252,-0.4388845597607637,0.03899929690564639,0.0,0.40916147374383205,-0.202871191993114,0.4895833333333333,0.21875,0.07291666666666667,96,0.8578096467642459,19.080618569635668
top_momentum_63-5-5-200,top_momentum,"[63, 5, 5, 200]",balanced,test,4.497826494505255,0.6141602335985179,0.39722567342178194,1.4024901323214662,-0.3933325161255885,0.047180900197025935,0.03076141847400482,0.36035904069032876,-0.16413028688670606,0.6046511627906976,0.27906976744186046,0.06976744186046512,43,1.0555021875115242,26.545260334837668
top_momentum_63-5-5-200,top_momentum,"[63, 5, 5, 200]",balanced,full,120.83113092933759,0.5155152746774747,0.37625586862795984,1.2908461847144577,-0.4388845597607637,0.04153029648499402,0.003846459768512389,0.40916147374383205,-0.202871191993114,0.5251798561151079,0.23741007194244604,0.07194244604316546,139,0.9187269291587182,21.380784719888567
top_momentum_63-5-5-200,top_momentum,"[63, 5, 5, 200]",aggressive,train,80.7358839184135,0.7349580778829148,0.5731756970684923,1.241429314611545,-0.6207751624537365,0.062397869976327285,0.0,0.7032684446492012,-0.3062535838412752,0.4583333333333333,0.28125,0.125,96,1.3415827766995234,29.64252487304375
top_momentum_63-5-5-200,top_momentum,"[63, 5, 5, 200]",aggressive,test,10.387714820237369,0.9805761651350582,0.6210646522253227,1.4067072823675915,-0.5521589526485624,0.07491612967439733,0.03918463577630016,0.6040204006255447,-0.2482434818377366,0.6046511627906976,0.4186046511627907,0.20930232558139536,43,1.6564073909409063,41.36550965415086
top_momentum_63-5-5-200,top_momentum,"[63, 5, 5, 200]",aggressive,full,929.7849366429185,0.8072070544046603,0.5882593143799201,1.294508298849481,-0.6207751624537365,0.06627042513472305,0.0017666098526389895,0.7032684446492012,-0.3062535838412752,0.5035971223021583,0.3237410071942446,0.1510791366906475,139,1.4385933156808082,33.254863364508225
top_momentum_63-5-21-200,top_momentum,"[63, 5, 21, 200]",base,train,10.289861240010968,0.3543058265206924,0.20326520989224908,1.5940804655283565,-0.28462873984211834,0.027688624012887266,0.0023750944134229846,0.23680924684706484,-0.16672977106823583,0.5208333333333334,0.11458333333333333,0.020833333333333332,96,0.5176043188739242,6.585917611633683
top_momentum_63-5-21-200,top_momentum,"[63, 5, 21, 200]",base,test,2.3438645454833913,0.4037202486559919,0.23103811754951023,1.5830282256322008,-0.20025359539304777,0.03137826356144,0.020575991887476164,0.2665857198920789,-0.10648575318512488,0.5581395348837209,0.18604651162790697,0.023255813953488372,43,0.6321536291561775,8.553369158437176
top_momentum_63-5-21-200,top_momentum,"[63, 5, 21, 200]",base,full,36.75176672389991,0.3693441335005798,0.2121742549834463,1.5877344936535303,-0.28462873984211834,0.028830023297691347,0.007246384087800983,0.2665857198920789,-0.16672977106823583,0.5323741007194245,0.1366906474820144,0.02158273381294964,139,0.5529017188475351,7.192171145636683
top_momentum_63-5-21-200,top_momentum,"[63, 5, 21, 200]",balanced,train,51.24793439508471,0.6404836505414206,0.3466579917417004,1.6013376496403835,-0.4536572958952738,0.04836781614750207,0.0026193095865304494,0.44424648494764774,-0.2783854556750507,0.5104166666666666,0.2604166666666667,0.020833333333333332,96,0.8857156741997103,10.896834670033176
top_momentum_63-5-21-200,top_momentum,"[63, 5, 21, 200]",balanced,test,6.39360541748781,0.754257734876882,0.39346678256319473,1.6230467209239572,-0.3293295923880011,0.056200292810444086,0.03350924555192747,0.47999701658645777,-0.18043990872369187,0.5581395348837209,0.32558139534883723,0.06976744186046512,43,1.0854228953922174,13.849272905286394
top_momentum_63-5-21-200,top_momentum,"[63, 5, 21, 200]",balanced,full,385.30061079604735,0.67473249911094,0.3616676546235628,1.606020983872409,-0.4536572958952738,0.05079081252524672,0.010451065876611487,0.47999701658645777,-0.2783854556750507,0.5251798561151079,0.2805755395683453,0.03597122302158273,139,0.9472537633133065,11.806603511332433
top_momentum_63-5-21-200,top_momentum,"[63, 5, 21, 200]",aggressive,train,319.5402324329906,1.0584786944760212,0.5418380564934601,1.6026109054529696,-0.6289812540882,0.07763996427823895,0.0004887219880279625,0.7662394258999972,-0.41016503828879747,0.5,0.3229166666666667,0.125,96,1.3836548295952003,16.880553936608695
top_momentum_63-5-21-200,top_momentum,"[63, 5, 21, 200]",aggressive,test,16.960060925076082,1.251027435383255,0.6148089826221325,1.6209524739101941,-0.47565979179513374,0.0905799893243782,0.04722367009436512,0.8004108444259621,-0.2715529233047117,0.5581395348837209,0.37209302325581395,0.23255813953488372,43,1.6972831900879741,21.4415651932495
top_momentum_63-5-21-200,top_momentum,"[63, 5, 21, 200]",aggressive,full,5755.92210343455,1.1159863973999262,0.5652336479015238,1.6061776619988088,-0.6289812540882,0.08164299360905901,0.01175008461629834,0.8004108444259621,-0.41016503828879747,0.5179856115107914,0.3381294964028777,0.15827338129496402,139,1.480296753113585,18.28599093324449
top_momentum_63-5-63-200,top_momentum,"[63, 5, 63, 200]",base,train,5.939195712885191,0.27428941224150405,0.20583108133373737,1.2805678336671966,-0.3293567668524334,0.02252652450537337,0.0,0.24915002312952805,-0.17493094025729627,0.46875,0.08333333333333333,0.020833333333333332,96,0.4990797525660135,4.484636074779145
top_momentum_63-5-63-200,top_momentum,"[63, 5, 63, 200]",base,test,1.8227121203248302,0.3384700988081675,0.23329337590010785,1.3657608277835038,-0.2322831132458485,0.02749130481314654,0.0,0.315421528565752,-0.1289665703889249,0.4883720930232558,0.13953488372093023,0.023255813953488372,43,0.6007622011754455,5.385012655156395
top_momentum_63-5-63-200,top_momentum,"[63, 5, 63, 200]",base,full,18.587351844067143,0.29373104410199,0.21463355564290976,1.3070718478907548,-0.3293567668524334,0.02406239179482838,0.0,0.315421528565752,-0.17493094025729627,0.4748201438848921,0.10071942446043165,0.02158273381294964,139,0.530412338070191,4.762079493741149
top_momentum_63-5-63-200,top_momentum,"[63, 5, 63, 200]",balanced,train,22.97640600220893,0.4881416936673544,0.3494727311828163,1.3119772178540707,-0.4914472432245436,0.040042567992465354,0.0,0.46726596213232297,-0.29132950258976864,0.4583333333333333,0.20833333333333334,0.041666666666666664,96,0.850933088486074,7.274015292387815
top_momentum_63-5-63-200,top_momentum,"[63, 5, 63, 200]",balanced,test,4.333426611137417,0.6004517260331546,0.39675981944086325,1.3814790580855276,-0.37823393370823677,0.049108424758277244,0.0,0.6036923431991601,-0.21748219814684866,0.4883720930232558,0.2558139534883721,0.06976744186046512,43,1.020734487447323,8.721177443910832
top_momentum_63-5-63-200,top_momentum,"[63, 5, 63, 200]",balanced,full,126.87640181161608,0.521882178853436,0.36463827019200906,1.3331414766691305,-0.4914472432245436,0.04284711361066615,0.0,0.6036923431991601,-0.29132950258976864,0.4676258992805755,0.22302158273381295,0.050359712230215826,139,0.9032559517180356,7.719946054983536
top_momentum_63-5-63-200,top_momentum,"[63, 5, 63, 200]",aggressive,train,93.55913042459532,0.7668845773752007,0.5457535774994755,1.3147760538207198,-0.6662565869533488,0.06452671380718904,0.0,0.8050208274731128,-0.4277005251104907,0.4583333333333333,0.28125,0.11458333333333333,96,1.3283973474739992,11.101184183731434
top_momentum_63-5-63-200,top_momentum,"[63, 5, 63, 200]",aggressive,test,9.861465133427751,0.954424140129249,0.6203845307839212,1.3843884290959245,-0.5539785736219844,0.08086689272065364,0.0,1.069555598261017,-0.3250200886593507,0.4883720930232558,0.3488372093023256,0.16279069767441862,43,1.593988281414491,13.544172294803024
top_momentum_63-5-63-200,top_momentum,"[63, 5, 63, 200]",aggressive,full,1026.0506981539882,0.8226700491251202,0.5697002535709089,1.3359429538454068,-0.6662565869533488,0.0695815892984047,0.0,1.069555598261017,-0.4277005251104907,0.4676258992805755,0.302158273381295,0.12949640287769784,139,1.4102369447754837,11.85397028322687
top_momentum_126-1-5-200,top_momentum,"[126, 1, 5, 200]",base,train,9.635954132709102,0.3442328731501971,0.24888000101603525,1.305513855230833,-0.15426152766145174,0.027273627138382227,0.0,0.29943785049493443,-0.09692591111247761,0.4791666666666667,0.13541666666666666,0.0,96,0.35576134917133007,10.268798629249686
top_momentum_126-1-5-200,top_momentum,"[126, 1, 5, 200]",base,test,1.6994602628516358,0.32178681150644284,0.24419078799310595,1.2634701102527341,-0.23734283120008415,0.02557188790147201,0.021379142261156447,0.22938401136657927,-0.1040459488148846,0.627906976744186,0.11627906976744186,0.046511627906976744,43,0.4427582044883236,11.468871861832596
top_momentum_126-1-5-200,top_momentum,"[126, 1, 5, 200]",base,full,27.71133553876087,0.33727597637749285,0.24740308793460739,1.2928953564196501,-0.23734283120008426,0.026747189820489136,0.004328170413326005,0.29943785049493443,-0.1040459488148846,0.5251798561151079,0.12949640287769784,0.014388489208633094,139,0.382568693458291,10.63859103379344
top_momentum_126-1-5-200,top_momentum,"[126, 1, 5, 200]",balanced,train,43.65209376391983,0.6085517042939956,0.43002466011007334,1.2995461462254476,-0.26428316430431453,0.04738360879249287,0.0,0.5697381373596697,-0.1666896846853939,0.4791666666666667,0.20833333333333334,0.041666666666666664,96,0.6030856831412854,16.607054723441504
top_momentum_126-1-5-200,top_momentum,"[126, 1, 5, 200]",balanced,test,3.8836335750045654,0.5613240038750065,0.4207494813350877,1.2653729574737895,-0.38269670802848477,0.044279749973132616,0.0346346693241566,0.41821040786680697,-0.1771419325372251,0.627906976744186,0.3023255813953488,0.09302325581395349,43,0.770685182613264,19.51135791538074
top_momentum_126-1-5-200,top_momentum,"[126, 1, 5, 200]",balanced,full,217.06446429973093,0.593848584157614,0.42711656335325576,1.2893251604866374,-0.38269670802848477,0.04642342225125193,0.004879717400836148,0.5697381373596697,-0.1771419325372251,0.5251798561151079,0.23741007194244604,0.05755395683453238,139,0.65473004969105,17.501991158745348
top_momentum_126-1-5-200,top_momentum,"[126, 1, 5, 200]",aggressive,train,223.83172704763874,0.9691288638570976,0.6738621645985733,1.298345632275244,-0.40191257591344065,0.07523341697721793,0.0,1.0008441597787896,-0.2554661400471031,0.46875,0.2916666666666667,0.11458333333333333,96,0.941393121315934,25.70355301057761
top_momentum_126-1-5-200,top_momentum,"[126, 1, 5, 200]",aggressive,test,8.251271394972237,0.8682767192329435,0.6593880200346169,1.2678658397051141,-0.5396016945375499,0.06952434428130604,0.05395182826761946,0.6924646099577416,-0.26826057139779014,0.627906976744186,0.3488372093023256,0.18604651162790697,43,1.2099618883333454,30.500170178541456
top_momentum_126-1-5-200,top_momentum,"[126, 1, 5, 200]",aggressive,full,2078.9793251180304,0.9374850597089415,0.6693232633821584,1.2892458424335644,-0.5396016945375496,0.07346730096337468,0.005401227282628929,1.0008441597787896,-0.26826057139779014,0.5179856115107914,0.30935251798561153,0.1366906474820144,139,1.024150312664137,27.181589973704913
top_momentum_126-1-21-200,top_momentum,"[126, 1, 21, 200]",base,train,12.29987298665188,0.38235771629444715,0.27425525981019466,1.3043040717980086,-0.22525322106293777,0.030187138542137015,0.0008088922046752822,0.3389664943867021,-0.15180324070913154,0.5,0.13541666666666666,0.010416666666666666,96,0.34031756788439643,4.978146655109717
top_momentum_126-1-21-200,top_momentum,"[126, 1, 21, 200]",base,test,2.1227123055993316,0.376994037642973,0.23766683115228462,1.464364000297109,-0.22237131183484493,0.029827998417950197,0.003116835059093992,0.23182195739585354,-0.12982317921988884,0.5116279069767442,0.20930232558139536,0.023255813953488372,43,0.4688780465444432,6.54500462759756
top_momentum_126-1-21-200,top_momentum,"[126, 1, 21, 200]",base,full,40.531677038325995,0.38070272085613865,0.2634824677701232,1.3463096148064202,-0.3341381001676492,0.03007603764041016,0.0016177844093505644,0.3389664943867021,-0.15180324070913154,0.5035971223021583,0.15827338129496402,0.014388489208633094,139,0.3799323907487255,5.460960671365847
top_momentum_126-1-21-200,top_momentum,"[126, 1, 21, 200]",balanced,train,64.77980753958299,0.6884463151261901,0.4734069401910372,1.307470846431024,-0.36607464202107587,0.05313396732592268,0.0006200300101337763,0.6400244169654887,-0.254928889009162,0.5,0.25,0.041666666666666664,96,0.5856020597725371,8.240554449358665
top_momentum_126-1-21-200,top_momentum,"[126, 1, 21, 200]",balanced,test,5.840639375016876,0.7163628475049943,0.4095329077219709,1.521342380185875,-0.3612291478409021,0.0546452742161563,0.0036807999582844086,0.4331826756247592,-0.17326005168842096,0.5116279069767442,0.3488372093023256,0.09302325581395349,43,0.8116111205088762,10.85858441380338
top_momentum_126-1-21-200,top_momentum,"[126, 1, 21, 200]",balanced,full,448.9759415363037,0.6969998109905624,0.45461225503523145,1.3642860112901714,-0.484390930748275,0.05360149391786545,0.0012400600202675527,0.6400244169654887,-0.254928889009162,0.5035971223021583,0.2805755395683453,0.05755395683453238,139,0.6552448380207323,9.04727821373754
top_momentum_126-1-21-200,top_momentum,"[126, 1, 21, 200]",aggressive,train,397.259029431514,1.115161170608137,0.741643942381911,1.3071982216832778,-0.5209937010930867,0.08512654289210791,0.0,1.1277239392132876,-0.37857425134817235,0.4791666666666667,0.2916666666666667,0.10416666666666667,96,0.9162566493381468,12.760825707142175
top_momentum_126-1-21-200,top_momentum,"[126, 1, 21, 200]",aggressive,test,14.91729463244345,1.1759498799497856,0.6409729879136875,1.5265923586206422,-0.5140295831933983,0.0885950122207236,0.0020997420720250126,0.7430890191755566,-0.2556948215159207,0.5116279069767442,0.37209302325581395,0.18604651162790697,43,1.270944423045455,16.902954676062745
top_momentum_126-1-21-200,top_momentum,"[126, 1, 21, 200]",aggressive,full,6338.206311492394,1.1337094319592675,0.7120322033413853,1.3654688556789194,-0.6527483300380345,0.08619952261247103,0.0,1.1277239392132876,-0.37857425134817235,0.4892086330935252,0.31654676258992803,0.12949640287769784,139,1.0255506833523877,14.037187673862118
top_momentum_126-1-63-200,top_momentum,"[126, 1, 63, 200]",base,train,6.257225818015167,0.2814544631231479,0.27867337535649156,1.0156475582697726,-0.26947216585573275,0.023727338823459707,0.0,0.3685771934034534,-0.2331348649096865,0.4479166666666667,0.125,0.020833333333333332,96,0.33378305053668955,3.467206722561831
top_momentum_126-1-63-200,top_momentum,"[126, 1, 63, 200]",base,test,1.2847761230437866,0.2612821900367537,0.25103198986793535,1.0469445325353257,-0.24328482403305107,0.022516355722110318,0.0,0.33435132631999687,-0.13455840953835485,0.46511627906976744,0.11627906976744186,0.023255813953488372,43,0.4201198676338995,3.9788026688954896
top_momentum_126-1-63-200,top_momentum,"[126, 1, 63, 200]",base,full,15.58113626853796,0.2752043954147936,0.2704149526302301,1.0236272848068444,-0.26947216585573275,0.023352718151819246,0.0,0.3685771934034534,-0.2331348649096865,0.45323741007194246,0.1223021582733813,0.02158273381294964,139,0.3603870096353489,3.6248506812912336
top_momentum_126-1-63-200,top_momentum,"[126, 1, 63, 200]",balanced,train,20.55566627148865,0.4684552551985337,0.47853821335490115,1.0069318640502352,-0.4426747687535194,0.04077493820481303,0.0,0.7032434145871163,-0.38257253597725527,0.4479166666666667,0.20833333333333334,0.041666666666666664,96,0.5748248129642947,5.560924821385635
top_momentum_126-1-63-200,top_momentum,"[126, 1, 63, 200]",balanced,test,2.6053963884852998,0.43373341377455654,0.4319622598911276,1.04029772739739,-0.39113674178982283,0.03953190515262573,0.0,0.5923152349202689,-0.22658890048887925,0.46511627906976744,0.18604651162790697,0.09302325581395349,43,0.7215302044411919,6.2602673377818085
top_momentum_126-1-63-200,top_momentum,"[126, 1, 63, 200]",balanced,full,76.7167213266198,0.45766731293743645,0.4646112501043992,1.0155696482952385,-0.4426747687535194,0.040390402800179546,0.0,0.7032434145871163,-0.38257253597725527,0.45323741007194246,0.2014388489208633,0.05755395683453238,139,0.6200308370641837,5.776421295864291
top_momentum_126-1-63-200,top_momentum,"[126, 1, 63, 200]",aggressive,train,66.32692725122004,0.693364825217686,0.749621351615544,1.005531406031522,-0.6345927622735588,0.06462982236571664,0.0,1.2305808266467522,-0.549262519470672,0.4375,0.28125,0.125,96,0.8996831321606433,8.495485861826216
top_momentum_126-1-63-200,top_momentum,"[126, 1, 63, 200]",aggressive,test,4.653495943599994,0.626871663427303,0.6763343692676621,1.035617010525592,-0.5496920012235704,0.06383485076023673,0.0,0.9772639127056733,-0.33795939822290644,0.4418604651162791,0.2558139534883721,0.13953488372093023,43,1.1294448832125772,9.67702784231456
top_momentum_126-1-63-200,top_momentum,"[126, 1, 63, 200]",aggressive,full,379.632510109824,0.6725908717047462,0.7277116881559359,1.0132174431703416,-0.6345927622735588,0.06438389589783437,0.0,1.2305808266467522,-0.549262519470672,0.43884892086330934,0.2733812949640288,0.12949640287769784,139,0.9704822701522562,8.859568017957459
top_momentum_126-2-5-200,top_momentum,"[126, 2, 5, 200]",base,train,10.736863977346593,0.36090175326697116,0.22342583851060727,1.48862159506432,-0.20866338510528648,0.02837793216756973,0.002227033648189547,0.2985675890462087,-0.10582982977600253,0.5,0.13541666666666666,0.020833333333333332,96,0.42481822432646993,9.563895054931772
top_momentum_126-2-5-200,top_momentum,"[126, 2, 5, 200]",base,test,2.1066097914977306,0.3749955168519703,0.23584852269278167,1.4677864504580198,-0.22144467839505322,0.028808096865815248,0.020786484869218524,0.21374701116565498,-0.10574531772450824,0.627906976744186,0.13953488372093023,0.023255813953488372,43,0.5120329513107712,13.01533071933065
top_momentum_126-2-5-200,top_momentum,"[126, 2, 5, 200]",base,full,35.46185655350192,0.36522915901878616,0.2272857837884823,1.4817499606846223,-0.22144467839505333,0.0285110047001205,0.011157328019414381,0.2985675890462087,-0.10582982977600253,0.539568345323741,0.1366906474820144,0.02158273381294964,139,0.45169270392280053,10.627425728571689
top_momentum_126-2-5-200,top_momentum,"[126, 2, 5, 200]",balanced,train,55.24560997940183,0.6556873066573428,0.38379834796183493,1.4983644576601427,-0.3502412072532992,0.05005253920372038,0.002243948017821684,0.5678291496830619,-0.18149319257739327,0.5,0.25,0.0625,96,0.7213473030651368,15.526284528523824
top_momentum_126-2-5-200,top_momentum,"[126, 2, 5, 200]",balanced,test,5.4312488624831445,0.6868622539349285,0.4067461385406086,1.4867829203977037,-0.359784958594225,0.05067933212859277,0.035692100731933074,0.39447445963734196,-0.1796275906204502,0.6046511627906976,0.32558139534883723,0.06976744186046512,43,0.8925129731347888,22.16737007289029
top_momentum_126-2-5-200,top_momentum,"[126, 2, 5, 200]",balanced,full,360.72951519969894,0.6652316881426856,0.39094380330429657,1.4943667300276533,-0.3597849585942249,0.05024643917328522,0.012826538783300423,0.5678291496830619,-0.18149319257739327,0.5323741007194245,0.2733812949640288,0.06474820143884892,139,0.7740905548866681,17.57267880310188
top_momentum_126-2-5-200,top_momentum,"[126, 2, 5, 200]",aggressive,train,340.40286681621717,1.0747838205647229,0.6007119915646589,1.4986479045637566,-0.5216182822815503,0.08049311244256428,0.0,0.9968769292702162,-0.2770589236655825,0.4895833333333333,0.2916666666666667,0.11458333333333333,96,1.1270957100160133,24.049696002878804
top_momentum_126-2-5-200,top_momentum,"[126, 2, 5, 200]",aggressive,test,13.580484284259907,1.122980307085748,0.6372691847304275,1.493999161470058,-0.5120778218623119,0.08026630878328249,0.05459792808250796,0.6647818693299208,-0.2712185251555711,0.6046511627906976,0.37209302325581395,0.16279069767441862,43,1.4010422104366498,34.58001141318663
top_momentum_126-2-5-200,top_momentum,"[126, 2, 5, 200]",aggressive,full,4976.819134215123,1.089517356596727,0.6121013004108475,1.4968516656902788,-0.5216182822815503,0.08042295015947712,0.013320085178417651,0.9968769292702162,-0.2770589236655825,0.5251798561151079,0.31654676258992803,0.12949640287769784,139,1.211510004374416,27.294523527113128
top_momentum_126-2-21-200,top_momentum,"[126, 2, 21, 200]",base,train,11.32082426723856,0.3691951518950838,0.24997660297548746,1.3733763705674886,-0.256373558688589,0.028985710151030367,0.004284606771154498,0.3219667034749796,-0.1665446232739486,0.5208333333333334,0.13541666666666666,0.020833333333333332,96,0.4054645799917575,5.100125892652721
top_momentum_126-2-21-200,top_momentum,"[126, 2, 21, 200]",base,test,2.7200333101791045,0.44639663706022437,0.22580366672419674,1.7475410428717708,-0.20785998620589197,0.0335573339757008,0.02160333187429786,0.2758998371187089,-0.09465338755476371,0.6046511627906976,0.16279069767441862,0.0,43,0.5126851844185873,5.4842787042270515
top_momentum_126-2-21-200,top_momentum,"[126, 2, 21, 200]",base,full,44.833876682990535,0.39253434699673284,0.2427505949553543,1.4793632008845834,-0.34107838703919535,0.03039995349247518,0.014998299892012179,0.3219667034749796,-0.1665446232739486,0.5467625899280576,0.14388489208633093,0.014388489208633094,139,0.4385037013146247,5.218499328579267
top_momentum_126-2-21-200,top_momentum,"[126, 2, 21, 200]",balanced,train,51.39305387051263,0.6410530833500876,0.39794290514364156,1.4315301346923677,-0.41187668829942525,0.049080650906497665,0.005968076540945666,0.5102300061478158,-0.2783425216437502,0.5208333333333334,0.23958333333333334,0.052083333333333336,96,0.695386604442391,8.334956822348675
top_momentum_126-2-21-200,top_momentum,"[126, 2, 21, 200]",balanced,test,8.142910036543727,0.8621028173926728,0.38946115841287915,1.7901627090413672,-0.339962178342082,0.060697573217480795,0.036404675676030784,0.5254720739970127,-0.16122216701468384,0.6046511627906976,0.3023255813953488,0.023255813953488372,43,0.8917624739495084,9.246274978205234
top_momentum_126-2-21-200,top_momentum,"[126, 2, 21, 200]",balanced,full,478.0249780778848,0.7062149911306412,0.3952993129160376,1.540516306797261,-0.5079854919347073,0.05267437507464353,0.019935572278500846,0.5254720739970127,-0.2783425216437502,0.5467625899280576,0.2589928057553957,0.04316546762589928,139,0.7558981657436222,8.615771795142674
top_momentum_126-2-21-200,top_momentum,"[126, 2, 21, 200]",aggressive,train,296.8043506854919,1.0396162880124904,0.6165535349712866,1.4402814391800756,-0.5770678591331275,0.07828214036015002,0.0063154771456434,0.883805990727095,-0.4105821708093089,0.5104166666666666,0.3020833333333333,0.09375,96,1.0878846634739288,12.93837987963424
top_momentum_126-2-21-200,top_momentum,"[126, 2, 21, 200]",aggressive,test,24.726490559339673,1.4901603330432396,0.6099747749014978,1.7971759473220648,-0.4879058637627637,0.09855996596907635,0.053510612462752016,0.925825570095947,-0.24427830369238834,0.6046511627906976,0.4186046511627907,0.16279069767441862,43,1.399589159174996,14.449593121508368
top_momentum_126-2-21-200,top_momentum,"[126, 2, 21, 200]",aggressive,full,7660.460816440631,1.1689913589761565,0.6144589773714825,1.5496108010178733,-0.6797938452311576,0.0845551367715445,0.016884655610635013,0.925825570095947,-0.4105821708093089,0.539568345323741,0.3381294964028777,0.11510791366906475,139,1.183933764347806,13.404047443344684
top_momentum_126-2-63-200,top_momentum,"[126, 2, 63, 200]",base,train,9.988760042297306,0.3497327952815916,0.25736686399380493,1.285228053200911,-0.23613257258403453,0.028142169278727227,0.0,0.33762404417857517,-0.19147512894307528,0.46875,0.125,0.010416666666666666,96,0.3994589016809128,3.822100371362805
top_momentum_126-2-63-200,top_momentum,"[126, 2, 63, 200]",base,test,2.119218406527804,0.3765610322375166,0.23923496539560016,1.4539442959092588,-0.21185086963581645,0.029789605846421457,0.014866545907914253,0.26253686649323815,-0.11712997591372665,0.627906976744186,0.13953488372093023,0.023255813953488372,43,0.4894470520919998,3.99112620139813
top_momentum_126-2-63-200,top_momentum,"[126, 2, 63, 200]",base,full,33.27634258885099,0.3579434754952049,0.25187838015073716,1.3341032339326602,-0.2631643116869514,0.028651807929165007,0.0018798956778576237,0.33762404417857517,-0.19147512894307528,0.5179856115107914,0.12949640287769784,0.014388489208633094,139,0.4271879882211893,3.8741842495976684
top_momentum_126-2-63-200,top_momentum,"[126, 2, 63, 200]",balanced,train,38.20132116484053,0.5825606617736148,0.40903020703666126,1.3142298598222046,-0.38885437195046857,0.04658765153543756,0.0,0.5473529081423822,-0.31766546198441514,0.46875,0.23958333333333334,0.052083333333333336,96,0.6809331934260957,5.885230926838064
top_momentum_126-2-63-200,top_momentum,"[126, 2, 63, 200]",balanced,test,5.120517899390551,0.6635562100240631,0.4077119386106904,1.4468018636273117,-0.34535074887286754,0.051902133597437866,0.02457440518216636,0.4903642134627273,-0.19838499683713173,0.6046511627906976,0.23255813953488372,0.09302325581395349,43,0.8341135617027304,6.2818669022700355
top_momentum_126-2-63-200,top_momentum,"[126, 2, 63, 200]",balanced,full,238.93238786916447,0.6070892096893015,0.4085572394221931,1.3552110126496473,-0.40915393389586974,0.04823169994310672,0.0013455976003877712,0.5473529081423822,-0.31766546198441514,0.5107913669064749,0.23741007194244604,0.06474820143884892,139,0.7281344267974943,6.007450944001403
top_momentum_126-2-63-200,top_momentum,"[126, 2, 63, 200]",aggressive,train,179.45609382766494,0.9156957241330062,0.6333009802051234,1.318432771699912,-0.5595517748702545,0.07420641688841907,0.0,0.9120134848658099,-0.46368800363493656,0.4583333333333333,0.28125,0.10416666666666667,96,1.063782720557271,9.027978795614082
top_momentum_126-2-63-200,top_momentum,"[126, 2, 63, 200]",aggressive,test,12.346171988194746,1.0708742433136726,0.6377285983508421,1.4471539145709353,-0.49880856357379355,0.08432948858832755,0.0339172035619113,0.8576084251831162,-0.2982220930173103,0.5581395348837209,0.32558139534883723,0.20930232558139536,43,1.3037392990448258,9.710970015081775
top_momentum_126-2-63-200,top_momentum,"[126, 2, 63, 200]",aggressive,full,2407.398064541821,0.9622308262001658,0.6345641174175768,1.3585051566436928,-0.5784009165010064,0.07733801460853464,0.0,0.9120134848658099,-0.46368800363493656,0.4892086330935252,0.2949640287769784,0.1366906474820144,139,1.1377233082945903,9.238436756405056
top_momentum_126-3-5-200,top_momentum,"[126, 3, 5, 200]",base,train,10.43281986778078,0.35643978652744934,0.2189901838725293,1.499955458189963,-0.24066453156631806,0.027987850874276066,0.002912134531233068,0.2537274534391962,-0.11583647433728494,0.5104166666666666,0.14583333333333334,0.020833333333333332,96,0.4696106276675942,9.425204212070861
top_momentum_126-3-5-200,top_momentum,"[126, 3, 5, 200]",base,test,1.6722885048080833,0.3180354558271905,0.2340125272934369,1.2967440123248155,-0.22653295219655323,0.0252094979107426,0.022952418741463143,0.16329383869053093,-0.10676799594477737,0.6511627906976745,0.13953488372093023,0.023255813953488372,43,0.5563737495688306,12.411930844520318
top_momentum_126-3-5-200,top_momentum,"[126, 3, 5, 200]",base,full,29.55179311021209,0.3444880268573396,0.22368747324378602,1.433989363864458,-0.24066453156631806,0.027128360389154203,0.009178392719231043,0.2537274534391962,-0.11583647433728494,0.5539568345323741,0.14388489208633093,0.02158273381294964,139,0.49634594898171613,10.34553873261609
top_momentum_126-3-5-200,top_momentum,"[126, 3, 5, 200]",balanced,train,50.832062723853284,0.6388441172402548,0.37180550362999293,1.509757516396161,-0.4021916556023615,0.04876271027679182,0.0027067243430516363,0.47536385871284215,-0.19809949678217786,0.5104166666666666,0.23958333333333334,0.0625,96,0.7962981463857854,15.075444127609222
top_momentum_126-3-5-200,top_momentum,"[126, 3, 5, 200]",balanced,test,3.966094703250927,0.5686858743891221,0.4026574259418941,1.3178964381204872,-0.36732124366954844,0.044393653851886594,0.035367813136417015,0.29763136197472284,-0.1811821250805693,0.627906976744186,0.3023255813953488,0.09302325581395349,43,0.9665137322234748,20.839874511366403
top_momentum_126-3-5-200,top_momentum,"[126, 3, 5, 200]",balanced,full,256.40293215149734,0.616897336752035,0.3815096005264462,1.4465790601542323,-0.4021916556023615,0.04741113167052617,0.013136465115013651,0.47536385871284215,-0.19809949678217786,0.5467625899280576,0.2589928057553957,0.07194244604316546,139,0.8487486377964372,16.851704537856627
top_momentum_126-3-5-200,top_momentum,"[126, 3, 5, 200]",aggressive,train,305.1530916839389,1.0466845606869408,0.5780775791514786,1.5178475930988056,-0.5765367016351103,0.0782793022406399,0.0003397715909286836,0.8174954976093818,-0.3011966916410488,0.5,0.3125,0.11458333333333333,96,1.2428275586630408,23.259093306665793
top_momentum_126-3-5-200,top_momentum,"[126, 3, 5, 200]",aggressive,test,8.605428898895815,0.888099059210119,0.6301915649380406,1.319167509047171,-0.5214377529632651,0.06982761027890343,0.043044612755145595,0.49346411815390745,-0.2732021354529337,0.627906976744186,0.37209302325581395,0.20930232558139536,43,1.5130895957071917,32.35790378297178
top_momentum_126-3-5-200,top_momentum,"[126, 3, 5, 200]",aggressive,full,2939.731754347208,0.9964475532077266,0.5945154745440114,1.4519835105085055,-0.5765367016351103,0.07566475005103798,0.015565963697998786,0.8174954976093818,-0.3011966916410488,0.539568345323741,0.33093525179856115,0.14388489208633093,139,1.326106516831575,26.0628147073001
top_momentum_126-3-21-200,top_momentum,"[126, 3, 21, 200]",base,train,10.483013842366546,0.35718350272540844,0.23179305111588522,1.4287551177306268,-0.2532727042252916,0.02805283649847964,0.0036884862219100922,0.25977335561468773,-0.17716918139801718,0.5208333333333334,0.13541666666666666,0.010416666666666666,96,0.44677563121247077,5.090281567283211
top_momentum_126-3-21-200,top_momentum,"[126, 3, 21, 200]",base,test,2.4976072605953616,0.4215597184651889,0.22606798438217154,1.6690990897503861,-0.21012872706996755,0.03200505265152014,0.019710133311563238,0.2525013412952375,-0.0976567879839717,0.627906976744186,0.16279069767441862,0.0,43,0.5662365231495384,5.817627381782854
top_momentum_126-3-21-200,top_momentum,"[126, 3, 21, 200]",base,full,39.163072588578274,0.3767034280169945,0.23000924879118143,1.5016682360486766,-0.32309995770480726,0.029275464517046126,0.009041501452388134,0.25977335561468773,-0.17716918139801718,0.5539568345323741,0.14388489208633093,0.007194244604316547,139,0.48358649348232635,5.31440702094387
top_momentum_126-3-21-200,top_momentum,"[126, 3, 21, 200]",balanced,train,47.752820127917886,0.6263330999655947,0.3770581935834308,1.471567400883674,-0.40668596609795127,0.04798604917450478,0.004986411564761428,0.4585316998041269,-0.2949581433696603,0.5208333333333334,0.25,0.0625,96,0.7673319542345377,8.307664005314692
top_momentum_126-3-21-200,top_momentum,"[126, 3, 21, 200]",balanced,test,7.2057950960179635,0.8063829267628149,0.38991514448082987,1.7106195294320452,-0.34345815630517595,0.057787834840342,0.03270423456025395,0.4775992472343511,-0.16597702851851237,0.627906976744186,0.32558139534883723,0.046511627906976744,43,0.9853741950220798,9.80790549228383
top_momentum_126-3-21-200,top_momentum,"[126, 3, 21, 200]",balanced,full,399.0556523227152,0.679812672129319,0.3810129727074477,1.5469773261186561,-0.4842341022807156,0.051018256250986806,0.014373383733228717,0.4775992472343511,-0.2949581433696603,0.5539568345323741,0.2733812949640288,0.05755395683453238,139,0.83451982437759,8.769950715658668
top_momentum_126-3-21-200,top_momentum,"[126, 3, 21, 200]",aggressive,train,269.25018643761183,1.0149886677653148,0.5856911777060065,1.4751876018293335,-0.5699495249343017,0.07645117795316043,0.004735524262598267,0.7692729389641961,-0.43278820304242405,0.5208333333333334,0.2916666666666667,0.10416666666666667,96,1.1994794276063656,12.76262896481494
top_momentum_126-3-21-200,top_momentum,"[126, 3, 21, 200]",aggressive,test,20.693769464006557,1.3736966845764327,0.6105315187337983,1.7178025732446218,-0.4924539854065313,0.0935052724990667,0.04757605594045722,0.8335439747318376,-0.25078876807982753,0.627906976744186,0.4186046511627907,0.20930232558139536,43,1.545907339594472,15.251887799389165
top_momentum_126-3-21-200,top_momentum,"[126, 3, 21, 200]",aggressive,full,5861.745242182343,1.1193255987313764,0.5933754270792426,1.5520345020875574,-0.6551177510056301,0.08172690504290121,0.019531605716107237,0.8335439747318376,-0.43278820304242405,0.5539568345323741,0.33093525179856115,0.1366906474820144,139,1.3062282551753561,13.529672995942757
top_momentum_126-3-63-200,top_momentum,"[126, 3, 63, 200]",base,train,8.555633867078246,0.32633771237772247,0.2378760255465898,1.3013155062542432,-0.23585782962012491,0.02625540641333027,0.00031389765817224635,0.2776217496005191,-0.2004795892569825,0.5104166666666666,0.11458333333333333,0.010416666666666666,96,0.44134865549034785,3.9009324565604016
top_momentum_126-3-63-200,top_momentum,"[126, 3, 63, 200]",base,test,1.6979160279699892,0.32157434265346097,0.23619640327572475,1.297215133087443,-0.22965258484932183,0.02622111014225642,0.00912007140069182,0.2802258299149305,-0.12975187204817995,0.5813953488372093,0.13953488372093023,0.023255813953488372,43,0.54361103638465,4.217451860754181
top_momentum_126-3-63-200,top_momentum,"[126, 3, 63, 200]",base,full,24.780297767403184,0.324868093104548,0.2373191830927152,1.3002733824594135,-0.273521933786688,0.026244796775516055,0.003275815081735134,0.2802258299149305,-0.2004795892569825,0.5323741007194245,0.1223021582733813,0.014388489208633094,139,0.47285994221731076,3.9984652307142388
top_momentum_126-3-63-200,top_momentum,"[126, 3, 63, 200]",balanced,train,30.98258677499884,0.5427693596129493,0.38529370656709666,1.310978593200808,-0.3965818942468732,0.04351162915578571,0.0,0.44808372439338395,-0.3314062977405773,0.4895833333333333,0.23958333333333334,0.052083333333333336,96,0.7508399623428033,6.01319568960759
top_momentum_126-3-63-200,top_momentum,"[126, 3, 63, 200]",balanced,test,3.804910068525312,0.5542119408319801,0.4019944047949962,1.2934687677790129,-0.37568084552815073,0.04576579953512536,0.015274350457840091,0.5136018984148512,-0.2187232292203315,0.5813953488372093,0.23255813953488372,0.09302325581395349,43,0.9259873590793853,6.67819961919607
top_momentum_126-3-63-200,top_momentum,"[126, 3, 63, 200]",balanced,full,152.6734532126764,0.5462862851916592,0.39044693906252076,1.30539983281579,-0.41806221907970753,0.044208962438603006,0.004238459466264333,0.5136018984148512,-0.3314062977405773,0.5179856115107914,0.23741007194244604,0.06474820143884892,139,0.8048101495199638,6.218111019336504
top_momentum_126-3-63-200,top_momentum,"[126, 3, 63, 200]",aggressive,train,134.26519647460626,0.8478333662980102,0.5980784889741646,1.3116433374407288,-0.5687473066747273,0.06902360008639961,0.0,0.7680770547850073,-0.4813848411580268,0.4791666666666667,0.2916666666666667,0.11458333333333333,96,1.1730077068827687,9.265856185514522
top_momentum_126-3-63-200,top_momentum,"[126, 3, 63, 200]",aggressive,test,8.187129786086441,0.8646285643248621,0.6286376666808847,1.2945382718244354,-0.5375546354615163,0.07432679260989329,0.022540884962448215,0.8560518320171895,-0.32671885391687716,0.5813953488372093,0.3023255813953488,0.20930232558139536,43,1.4465331715040832,10.333575932368026
top_momentum_126-3-63-200,top_momentum,"[126, 3, 63, 200]",aggressive,full,1241.698915552691,0.8529924751013067,0.6075509939949374,1.3060688223788204,-0.5875888138929257,0.07066415604690485,0.0037812621328461304,0.8560518320171895,-0.4813848411580268,0.5107913669064749,0.2949640287769784,0.14388489208633093,139,1.2572922626248915,9.594864984184253
top_momentum_126-5-5-200,top_momentum,"[126, 5, 5, 200]",base,train,8.503316124035463,0.32542690372113103,0.21464826165174153,1.4188426647409456,-0.2635647404757253,0.02594778126892361,0.000970888991070118,0.23293689784539606,-0.12580148101583533,0.5,0.15625,0.03125,96,0.5175184035952473,9.199574936291476
top_momentum_126-5-5-200,top_momentum,"[126, 5, 5, 200]",base,test,2.0923827805027324,0.37322356179886285,0.2350645218131536,1.4666645119813584,-0.23629103376887284,0.028718727380225188,0.018066573582278478,0.15197978543565682,-0.11077141447426142,0.6511627906976745,0.16279069767441862,0.023255813953488372,43,0.6058092365776526,11.317708689604007
top_momentum_126-5-5-200,top_momentum,"[126, 5, 5, 200]",base,full,28.387891139641265,0.3399749587032912,0.2211027264527072,1.43346073149456,-0.2635647404757253,0.02680498042565719,0.006959477233512201,0.23293689784539606,-0.12580148101583533,0.5467625899280576,0.15827338129496402,0.02877697841726619,139,0.5447244761425567,9.852259916271326
top_momentum_126-5-5-200,top_momentum,"[126, 5, 5, 200]",balanced,train,35.213388549871226,0.5669392153811297,0.3579954406451312,1.4319011983417185,-0.43252241380842493,0.044627569890153714,0.0,0.4339293145041021,-0.21448190019862212,0.4895833333333333,0.2708333333333333,0.0625,96,0.8768494097930251,14.703530221398776
top_momentum_126-5-5-200,top_momentum,"[126, 5, 5, 200]",balanced,test,5.226848477101868,0.671625239306546,0.40342434852909065,1.4739853943229446,-0.3816760353701071,0.04992850437504325,0.02964321445660456,0.27639164349808976,-0.1876870908062962,0.6511627906976745,0.3023255813953488,0.09302325581395349,43,1.051100421688632,18.944836409617924
top_momentum_126-5-5-200,top_momentum,"[126, 5, 5, 200]",balanced,full,224.49528334246426,0.598478686919867,0.37252238129557363,1.4439137245579174,-0.43252241380842493,0.04626742732073105,0.0095970977993316,0.4339293145041021,-0.21448190019862212,0.539568345323741,0.2805755395683453,0.07194244604316546,139,0.9305433835719186,16.010452808424738
top_momentum_126-5-5-200,top_momentum,"[126, 5, 5, 200]",aggressive,train,179.4858229259114,0.915735210437739,0.5575315961006778,1.4408487062610396,-0.6068818359577132,0.07185789802616889,0.0,0.7405190096963499,-0.3246912047317462,0.4895833333333333,0.3020833333333333,0.125,96,1.3682580042591628,22.565999247290573
top_momentum_126-5-5-200,top_momentum,"[126, 5, 5, 200]",aggressive,test,12.56998288989779,1.080572305983253,0.6311095392773475,1.4723425143463376,-0.539111594776309,0.0784538458283412,0.0419548983980107,0.4569464984855802,-0.28244005037005837,0.6511627906976745,0.3953488372093023,0.20930232558139536,43,1.6452485730103654,29.432620242340406
top_momentum_126-5-5-200,top_momentum,"[126, 5, 5, 200]",aggressive,full,2448.189528973733,0.9650858717931379,0.5810995203390148,1.449168018467623,-0.6068818359577132,0.07389837108727255,0.01225304537596994,0.7405190096963499,-0.3246912047317462,0.539568345323741,0.33093525179856115,0.1510791366906475,139,1.453610302496823,24.681890361189467
top_momentum_126-5-21-200,top_momentum,"[126, 5, 21, 200]",base,train,9.233372687876006,0.33775851376260957,0.21506158530686628,1.4591949122603316,-0.26777406786275215,0.02662361162280673,0.004918875651581445,0.22221750981580413,-0.18575124110275743,0.53125,0.13541666666666666,0.010416666666666666,96,0.4941126206199004,5.169635594911963
top_momentum_126-5-21-200,top_momentum,"[126, 5, 21, 200]",base,test,2.2967750236144955,0.39813843412912875,0.22425240073317088,1.6068085066835724,-0.20685881902221814,0.03037773281114216,0.019998477056225816,0.2412864843016127,-0.09771448439708807,0.6511627906976745,0.13953488372093023,0.0,43,0.6198025185051427,6.108786998771129
top_momentum_126-5-21-200,top_momentum,"[126, 5, 21, 200]",base,full,32.737127484728354,0.3560807528155443,0.21790050784743004,1.5059608484550715,-0.3220931164349007,0.02778495846524143,0.010652293228760712,0.2412864843016127,-0.18575124110275743,0.5683453237410072,0.1366906474820144,0.007194244604316547,139,0.5328428983262082,5.4590271473893495
top_momentum_126-5-21-200,top_momentum,"[126, 5, 21, 200]",balanced,train,40.207697784620855,0.5924755127678492,0.3576359220067466,1.47781189497055,-0.4272513496818656,0.0457336476275641,0.00764327966337186,0.39741918473895677,-0.30827685408127015,0.53125,0.22916666666666666,0.07291666666666667,96,0.8477267959211301,8.384703411019345
top_momentum_126-5-21-200,top_momentum,"[126, 5, 21, 200]",balanced,test,6.408037996450146,0.7552190916898278,0.38666895989387867,1.647846796136971,-0.33900100516767917,0.054640366681771975,0.03298553864290832,0.4549851761209347,-0.16626846889118618,0.6046511627906976,0.32558139534883723,0.046511627906976744,43,1.0790165458645822,10.300630842446834
top_momentum_126-5-21-200,top_momentum,"[126, 5, 21, 200]",balanced,full,304.2681909347063,0.6409463561062587,0.36677393049349716,1.5322762812421267,-0.48317876710388674,0.04848896359397373,0.017058605547585648,0.4549851761209347,-0.30827685408127015,0.5539568345323741,0.2589928057553957,0.06474820143884892,139,0.9189967738322524,8.975080225169279
top_momentum_126-5-21-200,top_momentum,"[126, 5, 21, 200]",aggressive,train,208.76633748448438,0.9521139906278919,0.5570640617933791,1.4747208210421558,-0.5958975238711843,0.07264055275682606,0.009955588227411605,0.6448452378702341,-0.45039544769388706,0.5208333333333334,0.3125,0.09375,96,1.3246511425405978,12.939018482642405
top_momentum_126-5-21-200,top_momentum,"[126, 5, 21, 200]",aggressive,test,17.520686814612226,1.2705500954007212,0.6053743947808607,1.655060132786894,-0.4875293939432537,0.08794005159168318,0.04755057604176094,0.7907619012263296,-0.25158033879273156,0.6046511627906976,0.37209302325581395,0.20930232558139536,43,1.692871971390107,16.026170492502455
top_momentum_126-5-21-200,top_momentum,"[126, 5, 21, 200]",aggressive,full,3884.016640798386,1.0451597820760727,0.5723045272750154,1.5325895860021608,-0.6544071461032351,0.07737349124530703,0.021725821374667387,0.7907619012263296,-0.45039544769388706,0.5467625899280576,0.33093525179856115,0.12949640287769784,139,1.438115272900615,13.890298232846623
top_momentum_126-5-63-200,top_momentum,"[126, 5, 63, 200]",base,train,7.349053828145166,0.3041245227625582,0.2210804341080911,1.310001481662101,-0.24589737754211738,0.024623465366536423,0.0,0.23954339955971227,-0.2049287229999709,0.4895833333333333,0.11458333333333333,0.010416666666666666,96,0.4908117886094166,3.9253279483191386
top_momentum_126-5-63-200,top_momentum,"[126, 5, 63, 200]",base,test,1.6289448821043098,0.3119942178628954,0.23215585706056985,1.284812873984224,-0.23111280063009998,0.025277286616558522,0.015088096060211997,0.2670088926673895,-0.1223478388841126,0.5813953488372093,0.11627906976744186,0.023255813953488372,43,0.604794459106235,4.358634615831343
top_momentum_126-5-63-200,top_momentum,"[126, 5, 63, 200]",base,full,20.94920233191557,0.30654445768449246,0.22451155006790854,1.301868667302445,-0.2674815037673097,0.024825726616543257,0.0025381775697363995,0.2670088926673895,-0.2049287229999709,0.5179856115107914,0.11510791366906475,0.014388489208633094,139,0.5259345833313837,4.058847728723964
top_momentum_126-5-63-200,top_momentum,"[126, 5, 63, 200]",balanced,train,25.05201796411328,0.5036817232129276,0.3658492574121641,1.2957972840890866,-0.4111617191473613,0.04099527865481598,0.0,0.4476591902347147,-0.3382995412834757,0.4895833333333333,0.23958333333333334,0.052083333333333336,96,0.8342784302486288,6.020238530731216
top_momentum_126-5-63-200,top_momentum,"[126, 5, 63, 200]",balanced,test,3.631962173775219,0.538288027796421,0.39483479853460274,1.2848399923709029,-0.37786828681971174,0.0439240550446709,0.025599072041645465,0.4856915662837953,-0.20701288951575647,0.5813953488372093,0.23255813953488372,0.046511627906976744,43,1.0278626566074365,6.925113100671424
top_momentum_126-5-63-200,top_momentum,"[126, 5, 63, 200]",balanced,full,119.67196176028528,0.5142615510876178,0.374952716495014,1.291648094608134,-0.4118971380551387,0.04190130300563441,0.0032483716725171252,0.4856915662837953,-0.3382995412834757,0.5179856115107914,0.23741007194244604,0.050359712230215826,139,0.8939297703530088,6.299067967088608
top_momentum_126-5-63-200,top_momentum,"[126, 5, 63, 200]",aggressive,train,99.63085900445671,0.7806968837581509,0.5690404270973616,1.2941004613711553,-0.5856166023356852,0.06514509190067987,0.0,0.7674978230199223,-0.4904366518692954,0.4791666666666667,0.2916666666666667,0.125,96,1.3009655688745005,9.147778406727666
top_momentum_126-5-63-200,top_momentum,"[126, 5, 63, 200]",aggressive,test,7.698559820426638,0.8362212510541516,0.617362330688987,1.284788484095051,-0.5402834013426916,0.0706088445645149,0.03651731310213879,0.7993547520736513,-0.3107097330435665,0.5581395348837209,0.3023255813953488,0.23255813953488372,43,1.6049933351047525,10.721785469712524
top_momentum_126-5-63-200,top_momentum,"[126, 5, 63, 200]",aggressive,full,874.3435468311845,0.7976248757773157,0.5842519595354073,1.2903562241736788,-0.5856166023356852,0.06683531754488782,0.0025824901471629413,0.7993547520736513,-0.4904366518692954,0.5035971223021583,0.2949640287769784,0.15827338129496402,139,1.3946491505675735,9.63279535468281
top_momentum_252-1-5-200,top_momentum,"[252, 1, 5, 200]",base,train,6.37038045298919,0.2839376101594424,0.2141954985744739,1.2725718578380947,-0.2160809219484704,0.02300732482088595,0.0,0.28006269923810456,-0.11029046314188995,0.4895833333333333,0.10416666666666667,0.010416666666666666,96,0.3319595496013478,4.737304403359671
top_momentum_252-1-5-200,top_momentum,"[252, 1, 5, 200]",base,test,1.5160506944779688,0.29591549907615056,0.24153083645459822,1.1926772861833093,-0.30529592773341996,0.024177692339289614,0.006807460279333544,0.2748968208333231,-0.08030154638198517,0.6046511627906976,0.13953488372093023,0.0,43,0.4041278229233584,7.327482721724967
top_momentum_252-1-5-200,top_momentum,"[252, 1, 5, 200]",base,full,17.544250857310292,0.2876166463148975,0.22293460754151165,1.2440958627534913,-0.30529592773341974,0.023369380959672698,0.002642130716795199,0.28006269923810456,-0.11029046314188995,0.5251798561151079,0.11510791366906475,0.007194244604316547,139,0.35419759191321437,5.5354459188435845
top_momentum_252-1-5-200,top_momentum,"[252, 1, 5, 200]",balanced,train,25.71980735378376,0.5084512515476547,0.3672678439148127,1.2987809089533706,-0.33385951616621634,0.04086831497349943,0.0,0.49026733575165937,-0.18908257315638377,0.4791666666666667,0.1875,0.041666666666666664,96,0.5656360875073895,7.821067214320338
top_momentum_252-1-5-200,top_momentum,"[252, 1, 5, 200]",balanced,test,3.2555505933809936,0.5020922346049157,0.4169547081847689,1.180172677673992,-0.4825498117266446,0.0415688729173629,0.010373156627127678,0.49980152927558774,-0.13828089321982717,0.6046511627906976,0.23255813953488372,0.11627906976744186,43,0.692894493853393,12.120753625894944
top_momentum_252-1-5-200,top_momentum,"[252, 1, 5, 200]",balanced,full,112.70749203942043,0.5064889100117458,0.38319336134063314,1.2569284820167492,-0.4825498117266447,0.041085034337428425,0.003214991557229041,0.49980152927558774,-0.18908257315638377,0.5179856115107914,0.2014388489208633,0.06474820143884892,139,0.6048496878139389,9.145979172816533
top_momentum_252-1-5-200,top_momentum,"[252, 1, 5, 200]",aggressive,train,108.44590516154446,0.7995050415265719,0.5736414625001828,1.3018137583669933,-0.486941060760831,0.06506560835608956,0.0,0.7894965625235906,-0.2884498336117861,0.4583333333333333,0.22916666666666666,0.07291666666666667,96,0.8847342221004468,12.182999224432741
top_momentum_252-1-5-200,top_momentum,"[252, 1, 5, 200]",aggressive,test,6.4165604002802805,0.7557861383415518,0.653661153386118,1.179089528656323,-0.6616318085649078,0.06584352921484672,0.013023198494954258,0.8229504992979453,-0.21245400716102503,0.6046511627906976,0.27906976744186046,0.18604651162790697,43,1.0844363190997597,18.88624391959212
top_momentum_252-1-5-200,top_momentum,"[252, 1, 5, 200]",aggressive,full,810.712166193944,0.7859186346920182,0.5993251726334056,1.2583395121059207,-0.6616318085649078,0.06530626013253961,0.0033108428596395623,0.8229504992979453,-0.2884498336117861,0.5035971223021583,0.2446043165467626,0.1079136690647482,139,0.9462707322373014,14.248547314971374
top_momentum_252-1-21-200,top_momentum,"[252, 1, 21, 200]",base,train,4.3065643234952,0.2322296397269028,0.21204767593181006,1.088846712982431,-0.3058584928471385,0.01945407123515383,0.0018619211600604535,0.3243305052053753,-0.18289642571278486,0.5208333333333334,0.10416666666666667,0.020833333333333332,96,0.3243808568854073,3.323274686844254
top_momentum_252-1-21-200,top_momentum,"[252, 1, 21, 200]",base,test,2.972106362071972,0.4732851092083663,0.24079444014987858,1.7289031014731917,-0.1720546248700029,0.03555020181910476,0.015608737494568148,0.2796920299407317,-0.0743814134274089,0.6046511627906976,0.13953488372093023,0.0,43,0.4110353970406956,4.2808679642505885
top_momentum_252-1-21-200,top_momentum,"[252, 1, 21, 200]",base,full,20.078237910099396,0.3019728826733086,0.22132798045523638,1.301344241167609,-0.320266683134666,0.024433449761124267,0.003848104894299542,0.3243305052053753,-0.18289642571278486,0.5467625899280576,0.11510791366906475,0.014388489208633094,139,0.3510827196539726,3.6183489464916194
top_momentum_252-1-21-200,top_momentum,"[252, 1, 21, 200]",balanced,train,12.715438735811375,0.38768973627576586,0.3561765221234828,1.0948585339975778,-0.4823961279747012,0.03311536640646393,0.0006200300101337763,0.4967157410142147,-0.30417321352468374,0.5,0.1875,0.0625,96,0.5589233727431141,5.556241314816088
top_momentum_252-1-21-200,top_momentum,"[252, 1, 21, 200]",balanced,test,8.282984870975227,0.8700737569213046,0.41580597241585665,1.7103667004838254,-0.2960968280690436,0.06198015747976666,0.02611989526391878,0.5321232183742244,-0.12940591269995794,0.6046511627906976,0.23255813953488372,0.06976744186046512,43,0.7151183818581628,7.140348368876656
top_momentum_252-1-21-200,top_momentum,"[252, 1, 21, 200]",balanced,full,126.32021028332439,0.5213080127123031,0.3756050339557028,1.3017489139657066,-0.49531381571043287,0.04204476220611873,0.006375059600651767,0.5321232183742244,-0.30417321352468374,0.5323741007194245,0.2014388489208633,0.06474820143884892,139,0.6070535421612517,6.044370489495691
top_momentum_252-1-21-200,top_momentum,"[252, 1, 21, 200]",aggressive,train,37.75612077575152,0.5803005817490223,0.5561892934431522,1.0945594890955697,-0.659537206944319,0.052233668041088636,0.0,0.8015297238511645,-0.4456009192487098,0.4791666666666667,0.25,0.10416666666666667,96,0.8762511278018834,8.659736848378182
top_momentum_252-1-21-200,top_momentum,"[252, 1, 21, 200]",aggressive,test,24.012556105955962,1.4705495756013454,0.6520655013861907,1.7054704804734613,-0.4503008788767161,0.09998445265559955,0.0384813873494918,0.9357723716174198,-0.2011166230873277,0.6046511627906976,0.3023255813953488,0.13953488372093023,43,1.121735340452329,11.140279878277745
top_momentum_252-1-21-200,top_momentum,"[252, 1, 21, 200]",aggressive,full,968.3896453526901,0.8135759910556168,0.5874717510834144,1.3002646137861462,-0.6731305105981387,0.0670054934973762,0.0041168237970039545,0.9357723716174198,-0.4456009192487098,0.5179856115107914,0.26618705035971224,0.11510791366906475,139,0.9518950091991523,9.424095178099895
top_momentum_252-1-63-200,top_momentum,"[252, 1, 63, 200]",base,train,2.830350631628737,0.1829794882533713,0.2293951015547659,0.845234213398821,-0.2892584349766303,0.016135205988039195,0.0,0.3243305052053753,-0.23251229039270838,0.4791666666666667,0.07291666666666667,0.03125,96,0.37569173092098757,3.791584380221414
top_momentum_252-1-63-200,top_momentum,"[252, 1, 63, 200]",base,test,2.567167261127092,0.42944614762782174,0.26017307194542283,1.4996114636282272,-0.1582298706459837,0.03334494700637565,0.006807460279333544,0.3614653319929979,-0.059273375847360144,0.5813953488372093,0.13953488372093023,0.0,43,0.4298079176356609,3.6364798371341283
top_momentum_252-1-63-200,top_momentum,"[252, 1, 63, 200]",base,full,12.66350137178354,0.25401735498048716,0.23932424962093257,1.0628687812434843,-0.29359960861301493,0.021459082705941844,0.0032097568581412883,0.3614653319929979,-0.23251229039270838,0.5107913669064749,0.09352517985611511,0.02158273381294964,139,0.39236717560771445,3.7437902286757954
top_momentum_252-1-63-200,top_momentum,"[252, 1, 63, 200]",balanced,train,6.293571731223025,0.2822557345966774,0.37945222540779455,0.8425084836182695,-0.45789786067176974,0.02667438513806467,0.0,0.4967157410142147,-0.381684957188977,0.4791666666666667,0.15625,0.03125,96,0.6386643356896297,5.8102062670108925
top_momentum_252-1-63-200,top_momentum,"[252, 1, 63, 200]",balanced,test,6.631188157730158,0.7699146051420791,0.43731600500852075,1.5144587797913416,-0.30348752838642656,0.05840710195332944,0.010373156627127678,0.7001458594341712,-0.10388317993091101,0.5813953488372093,0.20930232558139536,0.046511627906976744,43,0.7336391105094239,5.6614985778609785
top_momentum_252-1-63-200,top_momentum,"[252, 1, 63, 200]",balanced,full,54.65861822286462,0.4161445377538888,0.3982283010782959,1.0678865705567941,-0.45789786067176974,0.03649098098739118,0.0035133478165971788,0.7001458594341712,-0.381684957188977,0.5107913669064749,0.17266187050359713,0.03597122302158273,139,0.66793000831531,5.764383251838281
top_momentum_252-1-63-200,top_momentum,"[252, 1, 63, 200]",aggressive,train,12.409417572255192,0.38377724899730015,0.590927611653264,0.8409194916722841,-0.6459428965264462,0.04161637736870861,0.0,0.8015297238511645,-0.5482279803828244,0.4583333333333333,0.23958333333333334,0.09375,96,0.997947011042783,8.945661078334954
top_momentum_252-1-63-200,top_momentum,"[252, 1, 63, 200]",aggressive,test,17.369249522873247,1.2653189621593177,0.6831894784354039,1.5162061752470752,-0.4858263974820053,0.09525972619340517,0.013023198494954036,1.2604825272619573,-0.16386025853156172,0.5813953488372093,0.2558139534883721,0.16279069767441862,43,1.1479953810904633,8.736105505296113
top_momentum_252-1-63-200,top_momentum,"[252, 1, 63, 200]",aggressive,full,245.32093734115568,0.6107492600066782,0.6208994132085285,1.0677902819103524,-0.6459428965264462,0.058211082400808974,0.0,1.2604825272619573,-0.5482279803828244,0.49640287769784175,0.2446043165467626,0.11510791366906475,139,1.044183145681316,8.881088302994575
top_momentum_252-2-5-200,top_momentum,"[252, 2, 5, 200]",base,train,8.368194767475854,0.3230540958932848,0.2050966336906915,1.4674298240644406,-0.22735230925870697,0.02562937216341218,0.0,0.2550646954836575,-0.13564116451625385,0.4583333333333333,0.09375,0.010416666666666666,96,0.3943055173484183,5.351597017395169
top_momentum_252-2-5-200,top_momentum,"[252, 2, 5, 200]",base,test,1.852479307579316,0.34242056320800307,0.22969517354917413,1.3961445207714391,-0.2833782804328231,0.02697558293650263,0.015742367395137347,0.21334671354643908,-0.11632536736790311,0.5813953488372093,0.16279069767441862,0.023255813953488372,43,0.49484447460628,7.628991624751659
top_momentum_252-2-5-200,top_momentum,"[252, 2, 5, 200]",base,full,25.722581723597678,0.328991738166283,0.21294038855671352,1.4419167485051625,-0.28337828043282287,0.02604582585580707,0.0,0.2550646954836575,-0.13564116451625385,0.49640287769784175,0.11510791366906475,0.014388489208633094,139,0.4252857456755574,6.053356880946791
top_momentum_252-2-5-200,top_momentum,"[252, 2, 5, 200]",balanced,train,36.77600958293295,0.5752438456146578,0.35131380194597284,1.4682843624538693,-0.3548506332801783,0.04479456077280314,0.0,0.4652985814180788,-0.2297315796482382,0.4479166666666667,0.20833333333333334,0.052083333333333336,96,0.6738904147237998,8.837271907270686
top_momentum_252-2-5-200,top_momentum,"[252, 2, 5, 200]",balanced,test,4.36830821866854,0.6033854703354888,0.3959591874632816,1.387438362558977,-0.45020586868730184,0.0466150636892705,0.0266756572032969,0.3844603390543637,-0.196803462562126,0.5813953488372093,0.18604651162790697,0.06976744186046512,43,0.8516134734048005,12.642110965402024
top_momentum_252-2-5-200,top_momentum,"[252, 2, 5, 200]",balanced,full,201.7932627125593,0.583862391959953,0.3655848766599154,1.4392382920703948,-0.45020586868730206,0.04535773793401247,0.0,0.4652985814180788,-0.2297315796482382,0.4892086330935252,0.2014388489208633,0.05755395683453238,139,0.7286542703187356,10.009700844111569
top_momentum_252-2-5-200,top_momentum,"[252, 2, 5, 200]",aggressive,train,186.40756262838826,0.9247774082732501,0.5486023731780751,1.4656200909709334,-0.5065286097507419,0.07160701943038499,0.0,0.8071990374950997,-0.34489489759842396,0.4479166666666667,0.28125,0.07291666666666667,96,1.0539777010603142,13.726905680010814
top_momentum_252-2-5-200,top_momentum,"[252, 2, 5, 200]",aggressive,test,9.97812473789081,0.9602988843639861,0.6205864330730334,1.3876850694165253,-0.622061024589863,0.07405716296612706,0.03790558555253054,0.6263038833047057,-0.2955614872901797,0.5813953488372093,0.3488372093023256,0.11627906976744186,43,1.333723059282432,19.692026688480148
top_momentum_252-2-5-200,top_momentum,"[252, 2, 5, 200]",aggressive,full,2056.3835993585362,0.9356538909284602,0.5716449902940671,1.4373406707771261,-0.6220610245898628,0.07236497750259296,0.0,0.8071990374950997,-0.34489489759842396,0.4892086330935252,0.302158273381295,0.08633093525179857,139,1.140178864346209,15.56500720683905
top_momentum_252-2-21-200,top_momentum,"[252, 2, 21, 200]",base,train,7.259293927579986,0.30236191110271005,0.20196830162688503,1.4090160129646325,-0.30013921269001076,0.02433710610172014,0.003019851201779722,0.2604233526674471,-0.2094185976082834,0.5208333333333334,0.10416666666666667,0.020833333333333332,96,0.38733911195210835,3.6013446788412833
top_momentum_252-2-21-200,top_momentum,"[252, 2, 21, 200]",base,test,3.315700939721041,0.5080268452775099,0.22853203228261382,1.911646423010261,-0.15768096627482298,0.03717267439425447,0.014626471050042111,0.2513535522416832,-0.0671927503964449,0.5581395348837209,0.18604651162790697,0.0,43,0.49179580215773583,3.8977405310539153
top_momentum_252-2-21-200,top_momentum,"[252, 2, 21, 200]",base,full,34.6446425646891,0.36255277873029956,0.21051816953044233,1.5747108900568412,-0.30013921269001076,0.02830782147279191,0.0052210862798405255,0.2604233526674471,-0.2094185976082834,0.5323741007194245,0.12949640287769784,0.014388489208633094,139,0.41952655651220727,3.6926765508559627
top_momentum_252-2-21-200,top_momentum,"[252, 2, 21, 200]",balanced,train,27.463457339035052,0.5204301696955267,0.34516312314600506,1.3864471406366454,-0.47229887298980444,0.041573733465611266,0.003387859442429919,0.4467672764971766,-0.3440791492618739,0.5208333333333334,0.1875,0.041666666666666664,96,0.6687220666005499,5.982490492019489
top_momentum_252-2-21-200,top_momentum,"[252, 2, 21, 200]",balanced,test,9.867105455560548,0.9547092165806155,0.3940490587782333,1.896120548569425,-0.267369554385383,0.06468619192740209,0.024033514569591574,0.4751277145771684,-0.11809427867318867,0.5581395348837209,0.2558139534883721,0.023255813953488372,43,0.8564490908129833,6.469875360782478
top_momentum_252-2-21-200,top_momentum,"[252, 2, 21, 200]",balanced,full,308.31539253314327,0.6428183761009041,0.36094936831086705,1.5551255449841443,-0.47229887298980444,0.04872363068760411,0.0073030992938951655,0.4751277145771684,-0.3440791492618739,0.5323741007194245,0.20863309352517986,0.03597122302158273,139,0.7265685594616124,6.132674012212
top_momentum_252-2-21-200,top_momentum,"[252, 2, 21, 200]",aggressive,train,122.27892429880453,0.8265040890496091,0.5403639798414887,1.3845012309772557,-0.6452282686484343,0.06653691143561093,0.002158785584423173,0.772009156680683,-0.4961457655512911,0.5,0.28125,0.08333333333333333,96,1.0486490869749905,9.327450405730971
top_momentum_252-2-21-200,top_momentum,"[252, 2, 21, 200]",aggressive,test,31.88052007338223,1.6678620818130168,0.6178036956370293,1.891578972863628,-0.4009928868755742,0.1038954454659149,0.034738410346889514,0.8284532603332679,-0.18625518419515785,0.5581395348837209,0.3953488372093023,0.09302325581395349,43,1.3438264545241898,10.086679436986895
top_momentum_252-2-21-200,top_momentum,"[252, 2, 21, 200]",aggressive,full,4052.475145031792,1.0526887229647062,0.5653829239222807,1.5524080326081895,-0.6452282686484343,0.0780938680061366,0.005861110089003363,0.8284532603332679,-0.4961457655512911,0.5179856115107914,0.31654676258992803,0.08633093525179857,139,1.139605493258615,9.56140040265181
top_momentum_252-2-63-200,top_momentum,"[252, 2, 63, 200]",base,train,4.054140431056285,0.22473818238106724,0.21516562786360927,1.049486482613015,-0.2611786498780645,0.018943153398712966,0.0,0.27143325512742633,-0.2077730409475127,0.4583333333333333,0.08333333333333333,0.020833333333333332,96,0.4158834084489255,3.4258384578327616
top_momentum_252-2-63-200,top_momentum,"[252, 2, 63, 200]",base,test,2.6899112031706887,0.4430967247957813,0.24566807674647945,1.6134347241534241,-0.15740937103243813,0.033436380624116566,0.015343928461185596,0.33435132631999687,-0.06200019392517675,0.6046511627906976,0.13953488372093023,0.0,43,0.5002593851929342,3.5123570613813646
top_momentum_252-2-63-200,top_momentum,"[252, 2, 63, 200]",base,full,17.649329398952563,0.28824662860449224,0.22501782770927864,1.237096652089089,-0.2614583225550957,0.02342666973462919,0.000404767702319786,0.33435132631999687,-0.2077730409475127,0.5035971223021583,0.10071942446043165,0.014388489208633094,139,0.44188315119690763,3.452498432887072
top_momentum_252-2-63-200,top_momentum,"[252, 2, 63, 200]",balanced,train,10.779637647967666,0.361521338375548,0.3629290003219648,1.0314369863127735,-0.4228096771506118,0.03165546614447442,0.0,0.46532288100835806,-0.3436495869519336,0.4479166666666667,0.14583333333333334,0.020833333333333332,96,0.7063325506796178,5.135240905250107
top_momentum_252-2-63-200,top_momentum,"[252, 2, 63, 200]",balanced,test,7.255537184559593,0.8094524929673004,0.41830952652484754,1.6190591102413336,-0.2678375616495362,0.05808733971086785,0.02563340455697749,0.5923152349202689,-0.10914289680832834,0.6046511627906976,0.2558139534883721,0.023255813953488372,43,0.8563591505255784,5.444283720293642
top_momentum_252-2-63-200,top_momentum,"[252, 2, 63, 200]",balanced,full,96.24723662343507,0.4862331243607725,0.38088244418454203,1.2278947166378964,-0.4228096771506118,0.039832232787315555,0.0,0.5923152349202689,-0.3436495869519336,0.49640287769784175,0.17985611510791366,0.02158273381294964,139,0.7525619770148384,5.2304698317681595
top_momentum_252-2-63-200,top_momentum,"[252, 2, 63, 200]",aggressive,train,28.485490750423434,0.5271562332939941,0.5669460445236681,1.0297336583190726,-0.6012623151244343,0.05003945829756281,0.0,0.8001397009750391,-0.4990144170753579,0.4375,0.23958333333333334,0.08333333333333333,96,1.1033353040790286,7.888145646109643
top_momentum_252-2-63-200,top_momentum,"[252, 2, 63, 200]",aggressive,test,20.185303821288933,1.3579331417433398,0.6542400615029947,1.6198539095233262,-0.40308873030985926,0.09299285105803869,0.03766744935695909,0.9772639127056733,-0.1725535415195215,0.5813953488372093,0.32558139534883723,0.11627906976744186,43,1.3399599017816384,8.394767871976011
top_momentum_252-2-63-200,top_momentum,"[252, 2, 63, 200]",aggressive,full,623.6590798675252,0.7458774608256764,0.5952581938828367,1.2271473543341604,-0.6012623151244343,0.06332719850404095,0.0,0.9772639127056733,-0.4990144170753579,0.48201438848920863,0.26618705035971224,0.09352517985611511,139,1.1762491701522821,8.04425699499392
top_momentum_252-3-5-200,top_momentum,"[252, 3, 5, 200]",base,train,8.110267736352016,0.31844039351576603,0.203776384676957,1.4584718072709428,-0.2410474679351624,0.025292175423852977,0.0,0.2730328259048078,-0.14810053480155072,0.4791666666666667,0.10416666666666667,0.010416666666666666,96,0.429469241680655,6.077619547026071
top_momentum_252-3-5-200,top_momentum,"[252, 3, 5, 200]",base,test,1.704184643336804,0.32243628937907176,0.22425749320117835,1.3579787691064589,-0.24731938140531928,0.025437052608499763,0.010409967558362876,0.1895651366436204,-0.1141517026791613,0.627906976744186,0.16279069767441862,0.023255813953488372,43,0.535851061444017,7.7277195224109345
top_momentum_252-3-5-200,top_momentum,"[252, 3, 5, 200]",base,full,23.63584610932969,0.3196704062534488,0.21026141496032194,1.4242378678385696,-0.24731938140532028,0.02533699354572213,0.005183754374505245,0.2730328259048078,-0.14810053480155072,0.5251798561151079,0.1223021582733813,0.014388489208633094,139,0.46224989861220284,6.586083881591588
top_momentum_252-3-5-200,top_momentum,"[252, 3, 5, 200]",balanced,train,33.9652455171353,0.5600775456058826,0.34697483318669764,1.4546784214559663,-0.3735762420011218,0.04372737878034102,0.0,0.47497470075606585,-0.24951938458499034,0.46875,0.20833333333333334,0.041666666666666664,96,0.7328826090755769,9.934271515174922
top_momentum_252-3-5-200,top_momentum,"[252, 3, 5, 200]",balanced,test,3.8863168765492064,0.5615649621083987,0.386256698177482,1.3451638365604135,-0.39957146036213675,0.04352354382297377,0.019035982960851294,0.3405604578224186,-0.19331354051468574,0.627906976744186,0.20930232558139536,0.06976744186046512,43,0.9226594766905362,12.810638730092453
top_momentum_252-3-5-200,top_momentum,"[252, 3, 5, 200]",balanced,full,169.85126926306532,0.560535729320266,0.35947018019491,1.4168356292156805,-0.39957146036213675,0.043664321923025974,0.006003357171563195,0.47497470075606585,-0.24951938458499034,0.5179856115107914,0.20863309352517986,0.050359712230215826,139,0.7913607438232988,10.820599715718044
top_momentum_252-3-5-200,top_momentum,"[252, 3, 5, 200]",aggressive,train,167.52878258130664,0.8993747484485826,0.5422443741592426,1.4524367789420571,-0.5287806051445577,0.0698764477751892,0.0,0.8045345652408908,-0.37201955045832824,0.46875,0.2916666666666667,0.0625,96,1.1465463620497673,15.44994969908173
top_momentum_252-3-5-200,top_momentum,"[252, 3, 5, 200]",aggressive,test,8.551773020540734,0.8851300772755892,0.6052882668946717,1.3452156767713679,-0.5637432203401984,0.06858165885445675,0.025860657896696226,0.5526644118453126,-0.2906803115917719,0.5813953488372093,0.32558139534883723,0.18604651162790697,43,1.4451260856983827,19.95025328033242
top_momentum_252-3-5-200,top_momentum,"[252, 3, 5, 200]",aggressive,full,1608.748678644699,0.8949739376542833,0.5623200139289902,1.4151960548725524,-0.5637432203401989,0.06947590156230075,0.0022683166123327325,0.8045345652408908,-0.37201955045832824,0.5035971223021583,0.302158273381295,0.10071942446043165,139,1.2385511755546825,16.8366801396114
top_momentum_252-3-21-200,top_momentum,"[252, 3, 21, 200]",base,train,5.72877222979496,0.26938905975162175,0.19861106382996235,1.3005552027769363,-0.30320742519827726,0.022052153981704885,0.003524888546626803,0.2957485417324124,-0.22209507911282755,0.53125,0.09375,0.020833333333333332,96,0.41968204313082286,3.877935437450923
top_momentum_252-3-21-200,top_momentum,"[252, 3, 21, 200]",base,test,2.829616743072226,0.45824194552605735,0.22382742616679732,1.7972349948680748,-0.16684734280425484,0.0339958848698577,0.014159794954157645,0.25018063304151505,-0.06626898974331219,0.6046511627906976,0.16279069767441862,0.0,43,0.5316033668779427,4.468539535290754
top_momentum_252-3-21-200,top_momentum,"[252, 3, 21, 200]",base,full,24.76861879154219,0.3248161249038193,0.2067129458509247,1.4641874644072321,-0.30320742519827726,0.02574697720609748,0.006263689276021056,0.2957485417324124,-0.22209507911282755,0.5539568345323741,0.11510791366906475,0.014388489208633094,139,0.4541696513071081,4.059925089035372
top_momentum_252-3-21-200,top_momentum,"[252, 3, 21, 200]",balanced,train,20.266760088768034,0.4659780762956325,0.3410260121101214,1.292641154203019,-0.47671430206198273,0.038276758880465334,0.004064095510364685,0.488410294021246,-0.36335538794932953,0.5104166666666666,0.16666666666666666,0.03125,96,0.7252154859181889,6.421325730719321
top_momentum_252-3-21-200,top_momentum,"[252, 3, 21, 200]",balanced,test,7.853976815943838,0.8453795299774312,0.3856796304823741,1.7802627753335367,-0.2801794329962467,0.05867412986276941,0.02156017997066173,0.3920781014321919,-0.11621826328305207,0.6046511627906976,0.2558139534883721,0.023255813953488372,43,0.9261123290733453,7.468773618196946
top_momentum_252-3-21-200,top_momentum,"[252, 3, 21, 200]",balanced,full,187.29540077619214,0.5737246795096438,0.3553890679560272,1.453509506340331,-0.47671430206198273,0.044586736954127744,0.010659859711305009,0.488410294021246,-0.36335538794932953,0.539568345323741,0.19424460431654678,0.02877697841726619,139,0.7871201469659989,6.7440879275820595
top_momentum_252-3-21-200,top_momentum,"[252, 3, 21, 200]",aggressive,train,77.40562185248046,0.7259513415975543,0.5340775625234625,1.2896745106778216,-0.6504756297712366,0.06122489009396686,0.003296405674379721,0.8131093533458553,-0.5208833744741028,0.5,0.2604166666666667,0.08333333333333333,96,1.1364165087424933,9.917055537375484
top_momentum_252-3-21-200,top_momentum,"[252, 3, 21, 200]",aggressive,test,23.02327829702777,1.4426988956187325,0.6046174975233094,1.7754515827641422,-0.415363551190842,0.09339990168602258,0.030078750146004696,0.6716847525008507,-0.18279494324030177,0.6046511627906976,0.37209302325581395,0.11627906976744186,43,1.4532972575047585,11.656376698638201
top_momentum_252-3-21-200,top_momentum,"[252, 3, 21, 200]",aggressive,full,1882.5600738136643,0.9209189650011707,0.5567746026922321,1.4499996683232825,-0.6504756297712366,0.07117831094618556,0.009856540811142622,0.8131093533458553,-0.5208833744741028,0.5323741007194245,0.2949640287769784,0.09352517985611511,139,1.2340606281652868,10.453012624854928
top_momentum_252-3-63-200,top_momentum,"[252, 3, 63, 200]",base,train,3.617820104769878,0.2109803707757174,0.21313777970637168,1.0047208841012438,-0.30487776920079346,0.01794237949694742,0.0,0.25497543176132753,-0.22577028014658995,0.4791666666666667,0.07291666666666667,0.010416666666666666,96,0.4469594243842134,3.5211802131462813
top_momentum_252-3-63-200,top_momentum,"[252, 3, 63, 200]",base,test,2.35004958467105,0.40444919210816765,0.24320028874918145,1.5159017234778724,-0.17920477512633448,0.030981943970480832,0.009439258974532683,0.33435132631999687,-0.06565770686401529,0.6046511627906976,0.13953488372093023,0.0,43,0.5319175356978004,3.5176502570238375
top_momentum_252-3-63-200,top_momentum,"[252, 3, 63, 200]",base,full,14.469926324069974,0.267569684588989,0.22283702337879524,1.1746664093616455,-0.30487776920079346,0.021976201600270705,0.0005153621729150348,0.33435132631999687,-0.22577028014658995,0.5179856115107914,0.09352517985611511,0.007194244604316547,139,0.4731385469703651,3.5200924870583967
top_momentum_252-3-63-200,top_momentum,"[252, 3, 63, 200]",balanced,train,9.40231204346393,0.34050207972344215,0.3608648045434787,0.9927243900106189,-0.47967167939281563,0.03024262998738848,0.0,0.4785851643056134,-0.3687894556710397,0.46875,0.14583333333333334,0.020833333333333332,96,0.7594198892766146,5.297712057939976
top_momentum_252-3-63-200,top_momentum,"[252, 3, 63, 200]",balanced,test,5.987692851893138,0.7266493380060677,0.41419221235199427,1.5183115901879627,-0.3049912184663486,0.05364993747415075,0.015298062696757597,0.5923152349202689,-0.11536902065662136,0.5581395348837209,0.2558139534883721,0.046511627906976744,43,0.9044292584594666,5.4535468126679705
top_momentum_252-3-63-200,top_momentum,"[252, 3, 63, 200]",balanced,full,71.68816150927499,0.4492507747693144,0.3781095775267074,1.1680019602448528,-0.47967167939281563,0.03748373949768184,0.0,0.5923152349202689,-0.3687894556710397,0.49640287769784175,0.17985611510791366,0.02877697841726619,139,0.8041032984683075,5.345731218019334
top_momentum_252-3-63-200,top_momentum,"[252, 3, 63, 200]",aggressive,train,23.290284759159384,0.49056545196077295,0.5631078988501879,0.9911789821443343,-0.6572237240255319,0.047643050131390585,0.0,0.8253858883699001,-0.5262627692226353,0.46875,0.25,0.08333333333333333,96,1.185055075811844,8.094865790166596
top_momentum_252-3-63-200,top_momentum,"[252, 3, 63, 200]",aggressive,test,15.443753790727875,1.1959325707728525,0.6477379899110738,1.5206925508165428,-0.4662446397189476,0.08571568502613545,0.02145120448069049,0.9772639127056733,-0.18191779097036098,0.5581395348837209,0.32558139534883723,0.11627906976744186,43,1.4129103520478596,8.409324159992808
top_momentum_252-3-63-200,top_momentum,"[252, 3, 63, 200]",aggressive,full,398.42346208628635,0.6795827079422887,0.5904979924990146,1.16795820164608,-0.6572237240255319,0.05942091560242676,0.0,0.9772639127056733,-0.5262627692226353,0.49640287769784175,0.2733812949640288,0.09352517985611511,139,1.2552667497327326,8.19176347403266
top_momentum_252-5-5-200,top_momentum,"[252, 5, 5, 200]",base,train,7.239452917158095,0.3019700334977846,0.2018003428408943,1.408659958587384,-0.24367770151083534,0.02418459823306684,0.0,0.2438017180530081,-0.1493321443699882,0.4791666666666667,0.10416666666666667,0.010416666666666666,96,0.47421225496288716,5.778846102961474
top_momentum_252-5-5-200,top_momentum,"[252, 5, 5, 200]",base,test,1.4397751421375071,0.28475607579206486,0.22089271487403556,1.2446322687206153,-0.24183327873928517,0.022786794855603844,0.014223759774980804,0.1666647170087665,-0.11146496000548667,0.6744186046511628,0.11627906976744186,0.023255813953488372,43,0.5882811680300019,8.595749693906583
top_momentum_252-5-5-200,top_momentum,"[252, 5, 5, 200]",base,full,19.102412412094694,0.2966412552775177,0.20783240122410623,1.353930753391236,-0.24367770151083534,0.023752184238599868,0.00392697108751916,0.2438017180530081,-0.1493321443699882,0.539568345323741,0.1079136690647482,0.014388489208633094,139,0.5093616246025993,6.646851091308352
top_momentum_252-5-5-200,top_momentum,"[252, 5, 5, 200]",balanced,train,28.313018691403414,0.5260356379092024,0.34349955120597664,1.4022018495430706,-0.3756805152372288,0.04166441984163146,0.0,0.45808477870086173,-0.2517810752095857,0.4583333333333333,0.21875,0.041666666666666664,96,0.808425634670622,9.492935120777595
top_momentum_252-5-5-200,top_momentum,"[252, 5, 5, 200]",balanced,test,3.1155304523784277,0.48804002013206604,0.3803118555261842,1.2342184326109884,-0.3915105683628507,0.03874250229020252,0.023269994823215345,0.2967105888970849,-0.18894341122176517,0.6744186046511628,0.20930232558139536,0.06976744186046512,43,1.0151089302171241,14.329691530209834
top_momentum_252-5-5-200,top_momentum,"[252, 5, 5, 200]",balanced,full,119.63862107560861,0.514225328274095,0.3551839935122747,1.3454308045752352,-0.39151056836285103,0.04076051728975056,0.005693184255973316,0.45808477870086173,-0.2517810752095857,0.5251798561151079,0.2158273381294964,0.050359712230215826,139,0.8721133420238381,10.983340651269081
top_momentum_252-5-5-200,top_momentum,"[252, 5, 5, 200]",aggressive,train,127.77193628287304,0.8364941431122721,0.5363708556332298,1.4009138108348242,-0.5313960279431489,0.06644916107612005,0.0,0.791004517286934,-0.3756588809767287,0.4479166666666667,0.28125,0.11458333333333333,96,1.263105953853279,14.627973590204398
top_momentum_252-5-5-200,top_momentum,"[252, 5, 5, 200]",aggressive,test,6.3366847061801606,0.750453027250916,0.5959275144852122,1.2346179385610647,-0.55384331721689,0.060507358758048406,0.026627133545541026,0.48334516122999194,-0.28446990176358755,0.6744186046511628,0.3023255813953488,0.18604651162790697,43,1.5905630594118474,22.337336251945445
top_momentum_252-5-5-200,top_momentum,"[252, 5, 5, 200]",aggressive,full,943.7590955117631,0.8095398830843461,0.5553006479199951,1.3444641755206164,-0.5538433172168897,0.06461104956765183,0.0036619022271198176,0.791004517286934,-0.3756588809767287,0.5179856115107914,0.28776978417266186,0.1366906474820144,139,1.3640090880635283,17.003548412458507
top_momentum_252-5-21-200,top_momentum,"[252, 5, 21, 200]",base,train,5.479055754619934,0.26339658451171477,0.19689820720440085,1.2863666268406635,-0.29045884834869196,0.021551547962895424,0.003341884751930535,0.2381067234785239,-0.1898152557386602,0.5104166666666666,0.09375,0.020833333333333332,96,0.4615517671277179,4.078031315283395
top_momentum_252-5-21-200,top_momentum,"[252, 5, 21, 200]",base,test,2.323097071418423,0.4012655635786262,0.22116975164387512,1.6360008406282311,-0.16603674115382228,0.030455787783474682,0.01857309207887292,0.25018063304151505,-0.07232942139950971,0.6511627906976745,0.11627906976744186,0.0,43,0.5865230131317508,4.705088723487442
top_momentum_252-5-21-200,top_momentum,"[252, 5, 21, 200]",base,full,20.53053120373416,0.3043680006045264,0.2046702242943824,1.4009474853964907,-0.29045884834869196,0.024306096972139368,0.00875098600838542,0.25018063304151505,-0.1898152557386602,0.5539568345323741,0.10071942446043165,0.014388489208633094,139,0.5000605983422894,4.271253745774303
top_momentum_252-5-21-200,top_momentum,"[252, 5, 21, 200]",balanced,train,18.89438094275759,0.45379280959640256,0.3376983774545217,1.2777678362067686,-0.45911624104979687,0.037248069718607814,0.0033645256621713804,0.38832950570311353,-0.31514603244398454,0.5104166666666666,0.19791666666666666,0.041666666666666664,96,0.7934484459090481,6.647907577580942
top_momentum_252-5-21-200,top_momentum,"[252, 5, 21, 200]",balanced,test,5.922711972808175,0.722123266815051,0.3809424187708352,1.6166408303950612,-0.278419536527166,0.052216753410062204,0.02944200630364846,0.38708135678284683,-0.12644171098930412,0.6511627906976745,0.2558139534883721,0.023255813953488372,43,1.0222217100175097,7.882734697541152
top_momentum_252-5-21-200,top_momentum,"[252, 5, 21, 200]",balanced,full,136.72306914403475,0.5316866847006969,0.35156574055726314,1.3889438538141894,-0.45911624104979687,0.0418786697094894,0.012183608946146673,0.38832950570311353,-0.31514603244398454,0.5539568345323741,0.2158273381294964,0.03597122302158273,139,0.8639429900194191,7.028409098228249
top_momentum_252-5-21-200,top_momentum,"[252, 5, 21, 200]",aggressive,train,69.06886823326836,0.7018439099545031,0.5282202350380908,1.272501602498309,-0.6307383437640824,0.05925758483710536,0.002015944138901382,0.6631322650584133,-0.4604529178846227,0.5,0.2604166666666667,0.10416666666666667,96,1.2396292216428324,10.280260970785692
top_momentum_252-5-21-200,top_momentum,"[252, 5, 21, 200]",aggressive,test,15.381167895335967,1.1935813263301767,0.5971511636897792,1.6114319904423307,-0.41212770343119043,0.08268325432526576,0.03910007523351888,0.64400051814095,-0.19800823616587604,0.627906976744186,0.3488372093023256,0.18604651162790697,43,1.604326284702731,12.306886966179093
top_momentum_252-5-21-200,top_momentum,"[252, 5, 21, 200]",aggressive,full,1146.8098947653398,0.8402948183614121,0.5503425730425755,1.383783972637863,-0.6307383437640824,0.0665043746787665,0.012549818549635772,0.6631322650584133,-0.4604529178846227,0.539568345323741,0.28776978417266186,0.12949640287769784,139,1.3520075334136086,10.904748610039515
top_momentum_252-5-63-200,top_momentum,"[252, 5, 63, 200]",base,train,3.1370944568370165,0.19443763977125106,0.2105234937331911,0.9493972896493366,-0.2961330818928807,0.01666593976032395,0.0,0.25181975241981047,-0.19288551283384414,0.4583333333333333,0.07291666666666667,0.010416666666666666,96,0.489639932226014,3.556040384496098
top_momentum_252-5-63-200,top_momentum,"[252, 5, 63, 200]",base,test,1.811556058479984,0.33698183756386046,0.2416419512461152,1.3202727125911846,-0.1898367662914736,0.026744793054274154,0.009717473312190084,0.33435132631999687,-0.07054065826141676,0.5813953488372093,0.06976744186046512,0.0,43,0.5816638377377558,3.85135339309134
top_momentum_252-5-63-200,top_momentum,"[252, 5, 63, 200]",base,full,10.631672984624077,0.23666114175290875,0.22056597013022178,1.0726471283629386,-0.2961330818928807,0.01978385840521502,0.0,0.33435132631999687,-0.19288551283384414,0.49640287769784175,0.07194244604316546,0.007194244604316547,139,0.5179963194620264,3.6470385874194693
top_momentum_252-5-63-200,top_momentum,"[252, 5, 63, 200]",balanced,train,7.783577717944818,0.3124297609961777,0.3560024049693617,0.9421868865158389,-0.4571295734559202,0.028074990977366796,0.0,0.47190713548713115,-0.31950734430191075,0.4375,0.15625,0.041666666666666664,96,0.8267335990593359,5.401658364338227
top_momentum_252-5-63-200,top_momentum,"[252, 5, 63, 200]",balanced,test,4.191684955756158,0.588386497250029,0.411389393895617,1.3229105776323578,-0.32289641855299667,0.04623732904049766,0.012719168939084868,0.5923152349202689,-0.12356268313692964,0.5813953488372093,0.2558139534883721,0.046511627906976744,43,0.9869986294941386,6.0375158862572516
top_momentum_252-5-63-200,top_momentum,"[252, 5, 63, 200]",balanced,full,44.60156829596906,0.39192192614155275,0.37392252436544465,1.069109199111546,-0.4571295734559202,0.033693555989702244,0.0,0.5923152349202689,-0.31950734430191075,0.48201438848920863,0.18705035971223022,0.04316546762589928,139,0.876117911082702,5.597592475352094
top_momentum_252-5-63-200,top_momentum,"[252, 5, 63, 200]",aggressive,train,17.80677336073358,0.4436019777604019,0.555549895975553,0.9399141310052633,-0.629774893335847,0.04401031994958888,0.0,0.8119686418541592,-0.4619809963135547,0.4375,0.22916666666666666,0.11458333333333333,96,1.28841642582003,8.266274753949348
top_momentum_252-5-63-200,top_momentum,"[252, 5, 63, 200]",aggressive,test,9.257100950006965,0.923240851581798,0.6432954594617746,1.3208625608081817,-0.4883607008618951,0.07344073067896058,0.008565657067694188,0.9772639127056733,-0.19401436236188896,0.5813953488372093,0.32558139534883723,0.18604651162790697,43,1.5405477516494792,9.326989847061682
top_momentum_252-5-63-200,top_momentum,"[252, 5, 63, 200]",aggressive,full,191.90297290494652,0.5770216409593165,0.5839604859516005,1.0670183378990208,-0.629774893335847,0.05311469161407077,0.0,0.9772639127056733,-0.4619809963135547,0.48201438848920863,0.2589928057553957,0.1366906474820144,139,1.366108558856449,8.59312512788331
inverse_vol_100-21-5,inverse_vol,"[100, 21, 5]",base,train,4.253945859872229,0.23069414316535464,0.20520994211438948,1.11506100675344,-0.40901088600681423,0.0194176612776779,0.002776745462729102,0.1516836514690767,-0.12823490684984473,0.5104166666666666,0.10416666666666667,0.03125,96,0.8276400204896839,12.078314531585779
inverse_vol_100-21-5,inverse_vol,"[100, 21, 5]",base,test,1.941500736080945,0.35406060483263135,0.20832059905417308,1.5597360964479767,-0.1716391902476614,0.027062173056249292,0.018967564569693396,0.15938161025617603,-0.09846794189889652,0.627906976744186,0.11627906976744186,0.0,43,0.8828367363946833,9.153023370379444
inverse_vol_100-21-5,inverse_vol,"[100, 21, 5]",base,full,14.45448561414356,0.267460110655114,0.20615658585471003,1.253586441312232,-0.40901088600681423,0.02178251024514963,0.009449236172575981,0.15938161025617603,-0.12823490684984473,0.5467625899280576,0.1079136690647482,0.02158273381294964,139,0.8446484210966176,11.17691083127589
inverse_vol_100-21-5,inverse_vol,"[100, 21, 5]",balanced,train,9.252343231982138,0.33806856101132854,0.32209384653238127,1.067246697081965,-0.5966371177563687,0.02970202185441816,0.002637570654560939,0.2721837750645899,-0.20195474368869926,0.5208333333333334,0.2604166666666667,0.11458333333333333,96,1.2848365988109474,17.127079554235728
inverse_vol_100-21-5,inverse_vol,"[100, 21, 5]",balanced,test,4.190472859008239,0.5882823063720914,0.34604262616820525,1.5106792501503112,-0.2848275960539104,0.04353836319694109,0.030573729895839508,0.29122082327998267,-0.15433584858846539,0.627906976744186,0.27906976744186046,0.06976744186046512,43,1.4566673301666095,14.113120401354335
inverse_vol_100-21-5,inverse_vol,"[100, 21, 5]",balanced,full,52.21450928684005,0.41065007951957444,0.32964025431384997,1.210145656155702,-0.5966371177563687,0.033982328888436046,0.013155273459150907,0.29122082327998267,-0.20195474368869926,0.5539568345323741,0.26618705035971224,0.10071942446043165,139,1.3377847836361034,16.198353563121128
inverse_vol_100-21-5,inverse_vol,"[100, 21, 5]",aggressive,train,23.111023092029807,0.4891845806821937,0.49210401116301705,1.0597586631108666,-0.7663542494014773,0.04595326008781022,0.0019376012189004088,0.4421940926019714,-0.2986595580803666,0.5,0.34375,0.16666666666666666,96,1.9569316514804496,25.70855451033909
inverse_vol_100-21-5,inverse_vol,"[100, 21, 5]",aggressive,test,9.516864680465206,0.9368014894966548,0.5353754769920465,1.5031591630653676,-0.416781571173922,0.0671177259175713,0.04244068642272891,0.48453293824919785,-0.23553763921339477,0.627906976744186,0.37209302325581395,0.09302325581395349,43,2.251857113221883,21.53199359167919
inverse_vol_100-21-5,inverse_vol,"[100, 21, 5]",aggressive,full,252.57236716644962,0.6148000393274888,0.5058068831808258,1.2036025234489682,-0.7663542494014773,0.05250054088406725,0.01688964695244044,0.48453293824919785,-0.2986595580803666,0.539568345323741,0.35251798561151076,0.14388489208633093,139,2.0478104351225195,24.421582629872606
inverse_vol_100-21-21,inverse_vol,"[100, 21, 21]",base,train,5.592376444200035,0.266140551476036,0.2081084521111015,1.2389858285762645,-0.3694769239986002,0.0218538192631484,0.0005321802993691893,0.15830109873150144,-0.13046600594444124,0.5104166666666666,0.15625,0.041666666666666664,96,0.8120732103128259,6.911965645715621
inverse_vol_100-21-21,inverse_vol,"[100, 21, 21]",base,test,1.7027355388683376,0.32223716249402123,0.20901591975170544,1.441463954469005,-0.1720447443006392,0.025122127290740492,0.013545273801033098,0.13286217022706315,-0.09608313974158866,0.6046511627906976,0.13953488372093023,0.0,43,0.8800987777270975,7.128610186304558
inverse_vol_100-21-21,inverse_vol,"[100, 21, 21]",base,full,16.81745010133792,0.28316774693965274,0.208356406675084,1.3017635864492645,-0.3890894756585995,0.0228648785810366,0.00399448140790204,0.15830109873150144,-0.13046600594444124,0.539568345323741,0.1510791366906475,0.02877697841726619,139,0.8330347128791611,6.97872282637803
inverse_vol_100-21-21,inverse_vol,"[100, 21, 21]",balanced,train,15.043788096810154,0.4151842310127847,0.3253976860664181,1.2319109081301207,-0.5197674061570388,0.034395264659044404,0.0,0.2856338963628635,-0.2144558892790761,0.4791666666666667,0.2604166666666667,0.07291666666666667,96,1.251478094998466,8.775902880086624
inverse_vol_100-21-21,inverse_vol,"[100, 21, 21]",balanced,test,3.540462471169599,0.5296897967078875,0.3516185252250071,1.3855820751293206,-0.28679601219324635,0.040653595931480234,0.02146345392545257,0.24052399395961954,-0.16004629180175223,0.6046511627906976,0.3023255813953488,0.09302325581395349,43,1.4800823943515486,10.566947774096088
inverse_vol_100-21-21,inverse_vol,"[100, 21, 21]",balanced,full,71.8462177489639,0.4495233076596261,0.33364571527507203,1.2811927490889023,-0.5510547972890351,0.03633129519656053,0.004826921583607646,0.2856338963628635,-0.2144558892790761,0.5179856115107914,0.2733812949640288,0.07913669064748201,139,1.3219205740502402,9.327798197821592
inverse_vol_100-21-21,inverse_vol,"[100, 21, 21]",aggressive,train,46.158044525742724,0.6195792867260443,0.4976110684289017,1.222122790923025,-0.6873712636055267,0.05300260849632884,0.0,0.45186365983819754,-0.3198708425979523,0.4791666666666667,0.3333333333333333,0.11458333333333333,96,1.9037572376565837,13.036420089877371
inverse_vol_100-21-21,inverse_vol,"[100, 21, 21]",aggressive,test,7.484543754047115,0.8234153096324925,0.5445376498196378,1.3768898105906295,-0.4225066796860484,0.06265473993465066,0.02764248080720111,0.3952107546990906,-0.2398797333695466,0.6046511627906976,0.3488372093023256,0.11627906976744186,43,2.2915197114869934,15.788669094205755
inverse_vol_100-21-21,inverse_vol,"[100, 21, 21]",aggressive,full,399.1144921339661,0.6798340586865017,0.5124514921382527,1.2718917764624327,-0.7215711233555612,0.05598851966070177,0.004417106064836807,0.45186365983819754,-0.3198708425979523,0.5179856115107914,0.3381294964028777,0.11510791366906475,139,2.0232429604411517,13.884502314845616
inverse_vol_100-63-5,inverse_vol,"[100, 63, 5]",base,train,3.750590524954359,0.2152830905973,0.20498283378774387,1.0545977929871335,-0.4222114436447554,0.01834086457476193,0.0019969302615201467,0.1480395811634092,-0.12298147893347045,0.53125,0.10416666666666667,0.041666666666666664,96,0.8323334957566497,9.377359870364682
inverse_vol_100-63-5,inverse_vol,"[100, 63, 5]",base,test,1.9864742952385726,0.3598450460318743,0.20796145146704065,1.5826905679907541,-0.17332871501811964,0.02735213531607491,0.014680659436087096,0.15174172502024108,-0.1023918083637162,0.6511627906976745,0.11627906976744186,0.023255813953488372,43,0.8890617705489325,6.165512735431786
inverse_vol_100-63-5,inverse_vol,"[100, 63, 5]",base,full,13.18751648998013,0.25810952360676764,0.20589571378902166,1.2189831255462014,-0.4222114436447554,0.021128523868837172,0.0074809923698890834,0.15174172502024108,-0.12298147893347045,0.5683453237410072,0.1079136690647482,0.03597122302158273,139,0.8498138332656424,8.387656373272682
inverse_vol_100-63-5,inverse_vol,"[100, 63, 5]",balanced,train,7.8767471727703775,0.3141636158991501,0.32099805826448086,1.0136583239030024,-0.6109988624285538,0.028078713287590266,0.0029746045492565765,0.2623961138612596,-0.19348637716510686,0.53125,0.2604166666666667,0.125,96,1.2877247943198604,12.809984148157719
inverse_vol_100-63-5,inverse_vol,"[100, 63, 5]",balanced,test,4.349832221761441,0.6018332455940987,0.34504467708276493,1.5389701302624843,-0.2875706585622838,0.04404044983044129,0.023013261373878047,0.2764261587935051,-0.15523293505866664,0.6511627906976745,0.3023255813953488,0.06976744186046512,43,1.4680049651883835,9.095830011106235
inverse_vol_100-63-5,inverse_vol,"[100, 63, 5]",balanced,full,46.48910804931678,0.3968176317602903,0.3285902299735103,1.1830718013506007,-0.6109988624285538,0.03301651667854418,0.01075221226814782,0.2764261587935051,-0.19348637716510686,0.5683453237410072,0.2733812949640288,0.1079136690647482,139,1.3432766023820606,11.665499001838521
inverse_vol_100-63-5,inverse_vol,"[100, 63, 5]",aggressive,train,18.128140915997687,0.4466657204838651,0.49017744992577794,1.0030081128761354,-0.7789134892570118,0.0432190103398216,0.0022932434825554404,0.42673673409246216,-0.2874671965395943,0.5208333333333334,0.34375,0.15625,96,1.9589839790839536,19.27851310089199
inverse_vol_100-63-5,inverse_vol,"[100, 63, 5]",aggressive,test,10.012389997785075,0.9620158812180262,0.5338704693111952,1.5307682684259458,-0.42063959148204355,0.06769869994951529,0.030482534908369496,0.45802035845529687,-0.23470387406761584,0.6744186046511628,0.37209302325581395,0.09302325581395349,43,2.2694810850491542,13.764501580565131
inverse_vol_100-63-5,inverse_vol,"[100, 63, 5]",aggressive,full,209.64654769955672,0.589080481203853,0.5040415067761947,1.1744601896242741,-0.7789134892570118,0.05079186396008655,0.013527230822595548,0.45802035845529687,-0.2874671965395943,0.5683453237410072,0.35251798561151076,0.1366906474820144,139,2.0546610330347557,17.57941714289364
inverse_vol_100-63-21,inverse_vol,"[100, 63, 21]",base,train,4.874703207723733,0.2480118136946059,0.20788190591471403,1.1707307527162876,-0.37663115600215513,0.020573748686427057,0.00045509557634026976,0.1530543543769074,-0.1343147401356658,0.5,0.13541666666666666,0.041666666666666664,96,0.8168796453057503,5.832389276334511
inverse_vol_100-63-21,inverse_vol,"[100, 63, 21]",base,test,1.688227634427001,0.3202393325524797,0.20883580143063057,1.4353394884792265,-0.17309853444265189,0.024963950528086497,0.016878148667105686,0.12772030494959585,-0.09500434965307325,0.5813953488372093,0.13953488372093023,0.0,43,0.886404122816322,5.761302001337982
inverse_vol_100-63-21,inverse_vol,"[100, 63, 21]",base,full,14.792539507059919,0.2698365331966448,0.20814686984251676,1.2527005157315403,-0.40080590249990966,0.021931868680609475,0.006216581284916867,0.1530543543769074,-0.1343147401356658,0.5251798561151079,0.1366906474820144,0.02877697841726619,139,0.8383030243256688,5.810484334502877
inverse_vol_100-63-21,inverse_vol,"[100, 63, 21]",balanced,train,12.35066640012341,0.3830171892742791,0.3241644605459755,1.1644296454300322,-0.5248146684299562,0.03222519522333128,0.0010707280938115904,0.27638291138020943,-0.22051709081305793,0.5,0.2604166666666667,0.07291666666666667,96,1.252875498400465,7.01805953229164
inverse_vol_100-63-21,inverse_vol,"[100, 63, 21]",balanced,test,3.442571025036206,0.5203518492173105,0.3501263654132184,1.3726431770658962,-0.2872156454260899,0.04000218043523674,0.02696222018150274,0.2310376682384967,-0.1556556895743172,0.5813953488372093,0.27906976744186046,0.06976744186046512,43,1.486903926727227,8.196379075484586
inverse_vol_100-63-21,inverse_vol,"[100, 63, 21]",balanced,full,58.311283714112584,0.42395835482940747,0.33233358650013894,1.2314311085049279,-0.5615753665030616,0.0346310251809711,0.007725712810014773,0.27638291138020943,-0.22051709081305793,0.5251798561151079,0.26618705035971224,0.07194244604316546,139,1.3249893768646028,7.3811487216575165
inverse_vol_100-63-21,inverse_vol,"[100, 63, 21]",aggressive,train,34.84821056405074,0.5649533386739212,0.49552146584868945,1.155958165027313,-0.6918854311921911,0.04953727615308545,0.0004953698447479615,0.44886681162692543,-0.3282251273004757,0.5,0.3333333333333333,0.11458333333333333,96,1.9044179845027895,10.452773023988728
inverse_vol_100-63-21,inverse_vol,"[100, 63, 21]",aggressive,test,7.21438778815471,0.8069141328755907,0.5420083365631938,1.3643599274857763,-0.4201748648327215,0.06154783300526017,0.03689205357457115,0.3792557007103119,-0.2335265849306115,0.5813953488372093,0.37209302325581395,0.13953488372093023,43,2.3002889104939217,12.240052002582702
inverse_vol_100-63-21,inverse_vol,"[100, 63, 21]",aggressive,full,293.4711030845371,0.6358389894933381,0.5102267389531501,1.223312851213961,-0.7313736900739224,0.053252772157715046,0.006833651915997718,0.44886681162692543,-0.3282251273004757,0.5251798561151079,0.34532374100719426,0.1223021582733813,139,2.0264022581592807,11.003507906777733
inverse_vol_150-21-5,inverse_vol,"[150, 21, 5]",base,train,3.8858722161124373,0.21956031043251167,0.20634026302357378,1.0659436585842652,-0.3605055022858745,0.01882444559020786,0.0,0.15536856281333455,-0.1613681131197513,0.4791666666666667,0.10416666666666667,0.052083333333333336,96,0.8061973711012586,9.166299830774824
inverse_vol_150-21-5,inverse_vol,"[150, 21, 5]",base,test,1.821505833064884,0.33830937964472585,0.20844372179919113,1.5028131143757173,-0.19154373109781797,0.02607518425592179,0.026445203040765364,0.15431766219141152,-0.09154099754398048,0.6046511627906976,0.11627906976744186,0.0,43,0.8955633674265848,9.229688030391207
inverse_vol_150-21-5,inverse_vol,"[150, 21, 5]",base,full,12.785516957370907,0.25498285072223514,0.20697265735396164,1.2015992921990486,-0.3605055022858745,0.0210674798537021,0.007285357173777207,0.15536856281333455,-0.1613681131197513,0.5179856115107914,0.1079136690647482,0.03597122302158273,139,0.8337347461283343,9.185832367722915
inverse_vol_150-21-5,inverse_vol,"[150, 21, 5]",balanced,train,10.001499504734307,0.3499284864145771,0.32650800366095367,1.0841148601355923,-0.521302991163501,0.030931715061206785,0.0,0.2810361425366863,-0.22582653507554362,0.4895833333333333,0.2708333333333333,0.09375,96,1.270393758992748,12.623868295601383
inverse_vol_150-21-5,inverse_vol,"[150, 21, 5]",balanced,test,4.096966667433521,0.5801913048625069,0.3558641356183501,1.4643702930571902,-0.3154331246808636,0.043356833761153034,0.04406890067267222,0.2815950611514546,-0.15433584858846527,0.6046511627906976,0.27906976744186046,0.09302325581395349,43,1.5207767219386552,14.725731785251618
inverse_vol_150-21-5,inverse_vol,"[150, 21, 5]",balanced,full,55.07427626741718,0.4170569538248763,0.33580106235443297,1.2074899248163011,-0.521302991163501,0.03477545681730527,0.008534426453762567,0.2815950611514546,-0.22582653507554362,0.5251798561151079,0.2733812949640288,0.09352517985611511,139,1.3475471488115314,13.27153973160834
inverse_vol_150-21-5,inverse_vol,"[150, 21, 5]",aggressive,train,26.215444477987624,0.5119242546061415,0.5002847263102025,1.0806424084722153,-0.6899733408225426,0.048406709177514745,0.0,0.44297014852470107,-0.33249720485447387,0.46875,0.34375,0.15625,96,1.9398581290501853,18.843638398766107
inverse_vol_150-21-5,inverse_vol,"[150, 21, 5]",aggressive,test,9.272645806319446,0.9240592548566717,0.5519397091273457,1.4625343965708038,-0.4583655488798971,0.0672242574448297,0.0635491440276672,0.4677018214466109,-0.23553763921339466,0.6046511627906976,0.3953488372093023,0.11627906976744186,43,2.3579758920759644,22.327614514649653
inverse_vol_150-21-5,inverse_vol,"[150, 21, 5]",aggressive,full,278.5746215839198,0.6285041917508818,0.5167149423512558,1.2052680577929344,-0.6899733408225426,0.0542279651163244,0.009919225370058626,0.4677018214466109,-0.33249720485447387,0.5107913669064749,0.3597122302158273,0.14388489208633093,139,2.0686975771553464,19.91719613698237
inverse_vol_150-21-21,inverse_vol,"[150, 21, 21]",base,train,5.001965009271778,0.25136295128875363,0.20208704645520564,1.2115637959416465,-0.35837093464933034,0.020727898348593954,0.0030842704716946834,0.15830109873150144,-0.1363238286806947,0.53125,0.125,0.041666666666666664,96,0.7781898203026916,5.57173857440248
inverse_vol_150-21-21,inverse_vol,"[150, 21, 21]",base,test,1.5988696407859986,0.3077601089315536,0.2068536666883366,1.4011802542716973,-0.17204474430063932,0.024166518380399814,0.013545273801033098,0.13286217022706315,-0.09608313974158866,0.6046511627906976,0.13953488372093023,0.0,43,0.8957482462171182,6.62396700498385
inverse_vol_150-21-21,inverse_vol,"[150, 21, 21]",base,full,14.598324647656284,0.26847700479534153,0.2035363356192746,1.2710609023385822,-0.378328940422174,0.021791644113828862,0.005720539908539601,0.15830109873150144,-0.1363238286806947,0.5539568345323741,0.12949640287769784,0.02877697841726619,139,0.8144144537775253,5.895973855141569
inverse_vol_150-21-21,inverse_vol,"[150, 21, 21]",balanced,train,15.145028009355435,0.41629853366485925,0.3259187330325932,1.2328368222384882,-0.5191982556579189,0.0344859804822641,0.002413460791803823,0.2856338963628635,-0.2308662800354747,0.5,0.25,0.08333333333333333,96,1.2452909755104746,7.310131947229043
inverse_vol_150-21-21,inverse_vol,"[150, 21, 21]",balanced,test,3.5470278914997087,0.530310877734042,0.3551554612835905,1.3765878257849047,-0.28679601219324635,0.0408170408855515,0.02146345392545257,0.24052399395961954,-0.16004629180175223,0.6046511627906976,0.3023255813953488,0.09302325581395349,43,1.532830397606771,10.21560121211686
inverse_vol_150-21-21,inverse_vol,"[150, 21, 21]",balanced,full,72.41189266758342,0.4504942827344165,0.3351477811075668,1.2789675831596252,-0.5505227272265769,0.03644450995954006,0.008740599937122173,0.2856338963628635,-0.2308662800354747,0.5323741007194245,0.26618705035971224,0.08633093525179857,139,1.3338938135799967,8.205427698037829
inverse_vol_150-21-21,inverse_vol,"[150, 21, 21]",aggressive,train,47.94614447203612,0.6271386365238514,0.5016094619972643,1.2255729227982395,-0.6930407317463364,0.05362106319054891,0.0015263360267020465,0.45186365983819754,-0.346434292032054,0.5,0.34375,0.09375,96,1.9078182757034379,10.80541969927779
inverse_vol_150-21-21,inverse_vol,"[150, 21, 21]",aggressive,test,7.6992679330995895,0.8362632439097928,0.5518000055654355,1.3789890434087122,-0.4225066796860484,0.06371183064470848,0.02764248080720111,0.3952107546990906,-0.2398797333695466,0.6046511627906976,0.37209302325581395,0.11627906976744186,43,2.380827253097909,15.236762134445865
inverse_vol_150-21-21,inverse_vol,"[150, 21, 21]",aggressive,full,424.79562505444477,0.6889048684541799,0.5175160952982414,1.2749345604975315,-0.7266203829464175,0.05674266751090043,0.010584928044946817,0.45186365983819754,-0.346434292032054,0.5323741007194245,0.35251798561151076,0.10071942446043165,139,2.05357198670407,12.170900346596845
inverse_vol_150-63-5,inverse_vol,"[150, 63, 5]",base,train,3.5949015579316317,0.2102267150206627,0.20616054800043243,1.0294384535229282,-0.37660457214318255,0.01815274921021648,0.001491632980415325,0.15183303117981928,-0.1653002477145893,0.5104166666666666,0.10416666666666667,0.052083333333333336,96,0.8110636963186517,6.44821520506715
inverse_vol_150-63-5,inverse_vol,"[150, 63, 5]",base,test,1.8746408925494573,0.34534246482808784,0.20837921430290726,1.528488404400277,-0.1747437603763039,0.02645762092850973,0.028043181419880492,0.14703685964622792,-0.09540964382248596,0.627906976744186,0.13953488372093023,0.0,43,0.903385326855818,6.223896846103412
inverse_vol_150-63-5,inverse_vol,"[150, 63, 5]",base,full,12.20869191566946,0.25034771459531435,0.2068340186810337,1.1844160295478006,-0.37660457214318255,0.020721882187817987,0.007367707882737218,0.15183303117981928,-0.1653002477145893,0.5467625899280576,0.11510791366906475,0.03597122302158273,139,0.839511825000149,6.379093402253521
inverse_vol_150-63-5,inverse_vol,"[150, 63, 5]",balanced,train,9.053953065596648,0.33480101383219085,0.3255505359573355,1.0517419707875768,-0.5384892483573938,0.029853249196644786,0.0006972760025921731,0.2741132320713646,-0.23406457275318926,0.5,0.2708333333333333,0.10416666666666667,96,1.273339924436582,8.236335054914816
inverse_vol_150-63-5,inverse_vol,"[150, 63, 5]",balanced,test,4.301637860051817,0.5977660683076742,0.3551435034886077,1.4980706690084535,-0.2901666495144998,0.04411119524159533,0.04628291620768876,0.2675319724716949,-0.15636493550679165,0.627906976744186,0.27906976744186046,0.09302325581395349,43,1.5346442412676358,9.47572466640708
inverse_vol_150-63-5,inverse_vol,"[150, 63, 5]",balanced,full,52.302418215751175,0.41085166215273694,0.33493208788833506,1.1967487335726117,-0.5384892483573938,0.034263980706953225,0.010752212268148043,0.2741132320713646,-0.23406457275318926,0.539568345323741,0.2733812949640288,0.10071942446043165,139,1.3538586369743544,8.618242468693094
inverse_vol_150-63-5,inverse_vol,"[150, 63, 5]",aggressive,train,22.55108801425652,0.4848127260370978,0.4987458878851219,1.0462166372129431,-0.7069751237107609,0.04655222063144695,0.00032492303398690137,0.4313099264138289,-0.34363380193042825,0.5,0.3541666666666667,0.15625,96,1.9422743307843782,12.250683883358803
inverse_vol_150-63-5,inverse_vol,"[150, 63, 5]",aggressive,test,9.889417311637883,0.9558358736605179,0.5506094872739326,1.4951577403159657,-0.42641980053444317,0.06815685280667413,0.06656433448387666,0.4425820242555869,-0.23471614667147167,0.6511627906976745,0.3953488372093023,0.11627906976744186,43,2.37835289411539,14.195070438120995
inverse_vol_150-63-5,inverse_vol,"[150, 63, 5]",aggressive,full,255.45762553035257,0.6163824288913688,0.5152630776459032,1.1929557717156605,-0.7069751237107609,0.05323566799500644,0.013705828494321448,0.4425820242555869,-0.34363380193042825,0.5467625899280576,0.3669064748201439,0.14388489208633093,139,2.0766482474136865,12.849830135375871
inverse_vol_150-63-21,inverse_vol,"[150, 63, 21]",base,train,4.495750827515125,0.23764257183972837,0.20204229091502512,1.1572304940101859,-0.36972764401655367,0.019743477958789963,0.00579201945802299,0.1530543543769074,-0.13970499229772404,0.53125,0.10416666666666667,0.041666666666666664,96,0.7830938811854606,4.444522042654479
inverse_vol_150-63-21,inverse_vol,"[150, 63, 21]",base,test,1.5848455696401555,0.3057736931006285,0.2069159142710779,1.393523589369346,-0.17309853444265177,0.0240098752872104,0.016878148667105686,0.12772030494959585,-0.09500434965307314,0.5813953488372093,0.16279069767441862,0.0,43,0.9028569998134826,5.184937486727771
inverse_vol_150-63-21,inverse_vol,"[150, 63, 21]",base,full,13.205667178348707,0.25824877831337734,0.20352705400982202,1.2313512489173255,-0.39417011427657667,0.02106329871506391,0.006482147915121805,0.1530543543769074,-0.13970499229772404,0.5467625899280576,0.1223021582733813,0.02877697841726619,139,0.8199978720509142,4.672674791996198
inverse_vol_150-63-21,inverse_vol,"[150, 63, 21]",balanced,train,12.707873371958177,0.38759393784835017,0.32505414890494266,1.1722861564663984,-0.5322945400268853,0.03255832186940095,0.007133757846235933,0.27638291138020943,-0.2361696619741056,0.53125,0.23958333333333334,0.08333333333333333,96,1.2465563796395285,5.434219601350678
inverse_vol_150-63-21,inverse_vol,"[150, 63, 21]",balanced,test,3.455567923361138,0.5216000983411755,0.35414639686234334,1.3635133572192055,-0.2872156454260901,0.040203596957544184,0.026962220181502516,0.2310376682384967,-0.15565568957431708,0.5813953488372093,0.27906976744186046,0.06976744186046512,43,1.54149569434872,7.663812881909562
inverse_vol_150-63-21,inverse_vol,"[150, 63, 21]",balanced,full,60.07636089359333,0.4275778658141651,0.33424045381345496,1.2339426898800967,-0.5684765895535553,0.03492340696861072,0.00920143602915413,0.27638291138020943,-0.2361696619741056,0.5467625899280576,0.2517985611510791,0.07913669064748201,139,1.3374394319563079,6.121249890825539
inverse_vol_150-63-21,inverse_vol,"[150, 63, 21]",aggressive,train,37.40572951461348,0.5785057751843588,0.5001268500116295,1.1671363988849202,-0.7060375734430169,0.050582334759360276,0.004269388985579825,0.44886681162692543,-0.35360199264566483,0.53125,0.3541666666666667,0.10416666666666667,96,1.90891939484016,7.99543828649283
inverse_vol_150-63-21,inverse_vol,"[150, 63, 21]",aggressive,test,7.435174106359911,0.8204283051524184,0.5500531608068885,1.366210808178729,-0.4201748648327214,0.06264374693507842,0.03689205357457115,0.3792557007103119,-0.2335265849306115,0.5813953488372093,0.3953488372093023,0.13953488372093023,43,2.392751603897165,11.399627149012515
inverse_vol_150-63-21,inverse_vol,"[150, 63, 21]",aggressive,full,322.95901513753074,0.6494098373313173,0.5159540916636998,1.2315318000691409,-0.743712080189969,0.054313562986381,0.01166124959973569,0.44886681162692543,-0.35360199264566483,0.5467625899280576,0.3669064748201439,0.11510791366906475,139,2.05800819302777,9.044410258213944
inverse_vol_200-21-5,inverse_vol,"[200, 21, 5]",base,train,4.8912319672134785,0.24845062741815194,0.19531400579675426,1.2347209046230228,-0.22552959018900787,0.02044162332248253,0.0,0.15536856281333478,-0.13636645938135805,0.4791666666666667,0.09375,0.041666666666666664,96,0.7736939446972583,7.95276890413447
inverse_vol_200-21-5,inverse_vol,"[200, 21, 5]",base,test,1.391570625927844,0.27757357004756766,0.2190092827028358,1.227782103323037,-0.23104401412671083,0.022278473709362378,0.02005408262834063,0.15431766219141174,-0.11529153814430815,0.6046511627906976,0.13953488372093023,0.023255813953488372,43,0.9024208083251732,10.70348814174232
inverse_vol_200-21-5,inverse_vol,"[200, 21, 5]",base,full,13.08929732331485,0.2573531371976463,0.20287422149731466,1.2308381345787724,-0.2310440141267106,0.02100985761482665,0.005756103124261225,0.15536856281333478,-0.13636645938135805,0.5179856115107914,0.1079136690647482,0.03597122302158273,139,0.8133600376805079,8.800379744441665
inverse_vol_200-21-5,inverse_vol,"[200, 21, 5]",balanced,train,13.37311172952945,0.395846102413155,0.31464143606287875,1.2193020176723102,-0.36296350162615454,0.033034937235299044,0.00030055882367918674,0.2810361425366863,-0.22582653507554373,0.5,0.25,0.07291666666666667,96,1.2295943378605412,11.419944401764617
inverse_vol_200-21-5,inverse_vol,"[200, 21, 5]",balanced,test,2.6842858284243034,0.44247831370513735,0.3670110085917517,1.181534319585781,-0.37522027098430777,0.035888363538707696,0.039721554500252054,0.28159506115145483,-0.19540206280470673,0.6046511627906976,0.27906976744186046,0.09302325581395349,43,1.5395717763596295,17.044587820864944
inverse_vol_200-21-5,inverse_vol,"[200, 21, 5]",balanced,full,51.95465185546468,0.4100524208346308,0.33160040732645535,1.2033999335259071,-0.3752202709843079,0.033917651847144875,0.007049562811406007,0.28159506115145483,-0.22582653507554373,0.5323741007194245,0.2589928057553957,0.07913669064748201,139,1.3251112606821427,13.153130642552316
inverse_vol_200-21-5,inverse_vol,"[200, 21, 5]",aggressive,train,41.28554532797198,0.5976286973629377,0.4837665754554461,1.2147531869435162,-0.5235005727004529,0.05147910167966772,0.0,0.44297014852470107,-0.332497204854474,0.4791666666666667,0.3333333333333333,0.125,96,1.8835212977877085,17.08569588728288
inverse_vol_200-21-5,inverse_vol,"[200, 21, 5]",aggressive,test,5.120728253232491,0.6635722721300519,0.5693754459605966,1.1779927317821075,-0.5331075466974522,0.055412062470412644,0.05540615136996263,0.4677018214466111,-0.29407615474421955,0.6046511627906976,0.37209302325581395,0.13953488372093023,43,2.3951050380196097,25.87745479883877
inverse_vol_200-21-5,inverse_vol,"[200, 21, 5]",aggressive,full,257.81833199226156,0.6176650838870721,0.5115814664210795,1.1987380996505956,-0.5331075466974518,0.052695773003423346,0.008700430967010453,0.4677018214466111,-0.332497204854474,0.5179856115107914,0.34532374100719426,0.12949640287769784,139,2.041161495310215,19.794801948315392
inverse_vol_200-21-21,inverse_vol,"[200, 21, 21]",base,train,4.924086562072181,0.24931967860409832,0.19634801700240048,1.2327631989440573,-0.25181106734926906,0.020431343803154547,0.0014212361350296465,0.15830109873150144,-0.13046600594444102,0.5208333333333334,0.11458333333333333,0.03125,96,0.7552952365506103,5.242334165904759
inverse_vol_200-21-21,inverse_vol,"[200, 21, 21]",base,test,1.6928656234549369,0.32087885417202977,0.21223559198094702,1.418031789667966,-0.20541809873468775,0.02527554083372384,0.013545273801033098,0.16598924909305413,-0.08791762131892034,0.6046511627906976,0.13953488372093023,0.0,43,0.9116583376662677,5.806884049792522
inverse_vol_200-21-21,inverse_vol,"[200, 21, 21]",base,full,14.952769053375503,0.2709467113140809,0.2013478568950586,1.2923011069887183,-0.32439393823747675,0.021929908352179582,0.005219737342275321,0.16598924909305413,-0.13046600594444102,0.5467625899280576,0.1223021582733813,0.02158273381294964,139,0.8034772020953524,5.416295432083847
inverse_vol_200-21-21,inverse_vol,"[200, 21, 21]",balanced,train,14.786157536267618,0.4123206119204106,0.31874055869148066,1.2443899724050995,-0.4074079585464968,0.03389955556285977,0.0,0.2856338963628635,-0.21445588927907622,0.4895833333333333,0.23958333333333334,0.07291666666666667,96,1.2134739198523516,6.947773062063666
inverse_vol_200-21-21,inverse_vol,"[200, 21, 21]",balanced,test,3.9972187672465687,0.5714416838983782,0.35978020876364003,1.4372493562612778,-0.33298320655970104,0.0437872197804546,0.02146345392545257,0.30538005298823934,-0.13180170413785097,0.6046511627906976,0.3023255813953488,0.13953488372093023,43,1.549375347771146,8.749159800714864
inverse_vol_200-21-21,inverse_vol,"[200, 21, 21]",balanced,full,77.8868827029474,0.4595543472350132,0.3318838316024298,1.3069487219292286,-0.4834167817560704,0.036958329385568964,0.007602727004113241,0.30538005298823934,-0.21445588927907622,0.5251798561151079,0.2589928057553957,0.09352517985611511,139,1.3169791004923925,7.502855131651479
inverse_vol_200-21-21,inverse_vol,"[200, 21, 21]",aggressive,train,46.94580917987244,0.6229400025865319,0.4910828850979682,1.2356404639547351,-0.5748699356362919,0.05257443126937094,0.0,0.45186365983819754,-0.3198708425979523,0.4895833333333333,0.3333333333333333,0.10416666666666667,96,1.8605863952203865,10.256872842475271
inverse_vol_200-21-21,inverse_vol,"[200, 21, 21]",aggressive,test,9.168774144460345,0.9185736255733379,0.5589868271530261,1.4468368469021284,-0.4716675808029611,0.0694102474811997,0.02764248080720133,0.5130951051995476,-0.20299698413478084,0.6046511627906976,0.37209302325581395,0.16279069767441862,43,2.408288502167424,13.086950705595706
inverse_vol_200-21-21,inverse_vol,"[200, 21, 21]",aggressive,full,486.550104723516,0.7088225266682411,0.5129023072186574,1.304409049623623,-0.6574593146047489,0.057782633406843156,0.009245849065885992,0.5130951051995476,-0.3198708425979523,0.5251798561151079,0.34532374100719426,0.1223021582733813,139,2.0293561616001505,11.128937371234814
inverse_vol_200-63-5,inverse_vol,"[200, 63, 5]",base,train,4.579030297381119,0.2399738065236805,0.1951371236974121,1.2007560405523088,-0.23324023573037767,0.019832212948469246,0.0009446087201784303,0.15183303117981883,-0.14332775784197216,0.5,0.09375,0.041666666666666664,96,0.7788970931432962,5.334442247206345
inverse_vol_200-63-5,inverse_vol,"[200, 63, 5]",base,test,1.433072758933375,0.28376355951220034,0.21775437252208357,1.2561434236432065,-0.2159249468982395,0.022565698180566807,0.025430857623574443,0.14703685964622726,-0.11685888172406689,0.627906976744186,0.11627906976744186,0.023255813953488372,43,0.9125939258507915,7.777665281552078
inverse_vol_200-63-5,inverse_vol,"[200, 63, 5]",base,full,12.574186637821935,0.25330561227137216,0.20234145261156616,1.2177285947905894,-0.23324023573037767,0.020677823487895108,0.006775572375703476,0.15183303117981883,-0.14332775784197216,0.539568345323741,0.10071942446043165,0.03597122302158273,139,0.8200946400133146,6.087300736319408
inverse_vol_200-63-5,inverse_vol,"[200, 63, 5]",balanced,train,12.239392794384303,0.38156959567251914,0.31367307942555867,1.1893320101365072,-0.3778597687352928,0.032022433875362764,0.0006972760025922842,0.2741132320713646,-0.23406457275318915,0.5,0.2604166666666667,0.07291666666666667,96,1.233236610144393,7.174181942061173
inverse_vol_200-63-5,inverse_vol,"[200, 63, 5]",balanced,test,2.8128492914049508,0.4564454163967939,0.36590640107604927,1.2108957078613312,-0.35333653819796484,0.03641931315691447,0.03842991721210054,0.267531972471694,-0.19794268589373498,0.627906976744186,0.2558139534883721,0.09302325581395349,43,1.5579633837532463,11.805360611234354
inverse_vol_200-63-5,inverse_vol,"[200, 63, 5]",balanced,full,49.47980943470001,0.40422214139943957,0.3305914456857879,1.1937252754594645,-0.3778597687352928,0.03338261955238955,0.010371004756801083,0.2741132320713646,-0.23406457275318915,0.539568345323741,0.2589928057553957,0.07913669064748201,139,1.333298415684462,8.601240432699562
inverse_vol_200-63-5,inverse_vol,"[200, 63, 5]",aggressive,train,36.00056281334299,0.5711610518199703,0.4821958206204125,1.1825432235879836,-0.5391419474664421,0.04970435252132397,0.00032492303398690137,0.4313099264138289,-0.3436338019304286,0.5,0.34375,0.125,96,1.8870403161922222,10.685873298524982
inverse_vol_200-63-5,inverse_vol,"[200, 63, 5]",aggressive,test,5.454551645760387,0.6885771398802463,0.5677168062113177,1.207238909466535,-0.5067081102281107,0.056007832880391975,0.05410421846680258,0.44258202425558557,-0.2976700171341381,0.6511627906976745,0.3953488372093023,0.11627906976744186,43,2.4228806813156187,17.67892792007996
inverse_vol_200-63-5,inverse_vol,"[200, 63, 5]",aggressive,full,237.822043600925,0.606444020990685,0.5099908584020284,1.1876696074390942,-0.5391419474664421,0.05165435004247451,0.01238930996733778,0.44258202425558557,-0.3436338019304286,0.5467625899280576,0.3597122302158273,0.1223021582733813,139,2.052154987272843,12.840723863806607
inverse_vol_200-63-21,inverse_vol,"[200, 63, 21]",base,train,4.432200207070366,0.23584272197002587,0.19604664413531522,1.179030353760305,-0.25586066542162444,0.019437769493578946,0.003937896890874093,0.1530543543769074,-0.13431474013566602,0.5208333333333334,0.09375,0.03125,96,0.7594854293829525,4.1115986711965045
inverse_vol_200-63-21,inverse_vol,"[200, 63, 21]",base,test,1.6990679729546798,0.3217328452380688,0.21221805995175497,1.4212268137136765,-0.20596240182956127,0.025310456528730544,0.016878148667105686,0.1650557555702712,-0.09647920309285163,0.5813953488372093,0.16279069767441862,0.0,43,0.9191200313195311,4.291452926686765
inverse_vol_200-63-21,inverse_vol,"[200, 63, 21]",base,full,13.661877601581388,0.2616965674800167,0.2011420618909176,1.25711226778798,-0.3353612767435724,0.021254500015244548,0.006216581284916867,0.1650557555702712,-0.13431474013566602,0.539568345323741,0.11510791366906475,0.02158273381294964,139,0.8086754802029837,4.167019237041494
inverse_vol_200-63-21,inverse_vol,"[200, 63, 21]",balanced,train,12.468744718970594,0.3845418093993682,0.3175777296793877,1.1852320690953733,-0.4130861633796039,0.03199097252204056,0.004558611986873684,0.27638291138020943,-0.22051709081305804,0.5208333333333334,0.22916666666666666,0.07291666666666667,96,1.2147985371285237,5.071073142272946
inverse_vol_200-63-21,inverse_vol,"[200, 63, 21]",balanced,test,3.959082181512258,0.56806325317311,0.35873344402366003,1.4345119028195878,-0.33593668136218013,0.043480505983308944,0.02696222018150274,0.29777213593981333,-0.1291881176733375,0.5813953488372093,0.27906976744186046,0.11627906976744186,43,1.5594461660035663,6.104108368965009
inverse_vol_200-63-21,inverse_vol,"[200, 63, 21]",balanced,full,65.79261194318451,0.43867745002835123,0.33076779717125515,1.266718622418349,-0.4958198617647931,0.035545288628763876,0.008139156500976519,0.29777213593981333,-0.22051709081305804,0.539568345323741,0.2446043165467626,0.08633093525179857,139,1.3209987855314482,5.389394199759301
inverse_vol_200-63-21,inverse_vol,"[200, 63, 21]",aggressive,train,36.91974933362574,0.5759925802373684,0.4891384866935959,1.1786178492596497,-0.5819886738331594,0.04954533743233797,0.0014422029432427097,0.44886681162692543,-0.3282251273004758,0.5208333333333334,0.34375,0.10416666666666667,96,1.8617600023429581,7.448232892105291
inverse_vol_200-63-21,inverse_vol,"[200, 63, 21]",aggressive,test,9.052338417684629,0.9123763585033846,0.5573754131521678,1.4438913032034368,-0.4761870974524154,0.06882225064975925,0.03689205357457115,0.4994941850810457,-0.1909198720925458,0.5813953488372093,0.3953488372093023,0.16279069767441862,43,2.4231650482439755,9.059132380419305
inverse_vol_200-63-21,inverse_vol,"[200, 63, 21]",aggressive,full,380.1821530153768,0.6727998189036009,0.5110831891468747,1.265646336257952,-0.6697428559459178,0.05550869907513736,0.009956009908856478,0.4994941850810457,-0.3282251273004758,0.539568345323741,0.3597122302158273,0.1223021582733813,139,2.0347522133265423,7.944617928524964
pullback_50-30-55,pullback,"[50, 30, 55]",base,train,0.0,0.0,0.0,,0.0,0.0,0.0,0.0,0.0,0.0,0.0,0.0,96,0.0,0.0
pullback_50-30-55,pullback,"[50, 30, 55]",base,test,0.0,0.0,0.0,,0.0,0.0,0.0,0.0,0.0,0.0,0.0,0.0,43,0.0,0.0
pullback_50-30-55,pullback,"[50, 30, 55]",base,full,0.0,0.0,0.0,,0.0,0.0,0.0,0.0,0.0,0.0,0.0,0.0,139,0.0,0.0
pullback_50-30-55,pullback,"[50, 30, 55]",balanced,train,0.0,0.0,0.0,,0.0,0.0,0.0,0.0,0.0,0.0,0.0,0.0,96,0.0,0.0
pullback_50-30-55,pullback,"[50, 30, 55]",balanced,test,0.0,0.0,0.0,,0.0,0.0,0.0,0.0,0.0,0.0,0.0,0.0,43,0.0,0.0
pullback_50-30-55,pullback,"[50, 30, 55]",balanced,full,0.0,0.0,0.0,,0.0,0.0,0.0,0.0,0.0,0.0,0.0,0.0,139,0.0,0.0
pullback_50-30-55,pullback,"[50, 30, 55]",aggressive,train,0.0,0.0,0.0,,0.0,0.0,0.0,0.0,0.0,0.0,0.0,0.0,96,0.0,0.0
pullback_50-30-55,pullback,"[50, 30, 55]",aggressive,test,0.0,0.0,0.0,,0.0,0.0,0.0,0.0,0.0,0.0,0.0,0.0,43,0.0,0.0
pullback_50-30-55,pullback,"[50, 30, 55]",aggressive,full,0.0,0.0,0.0,,0.0,0.0,0.0,0.0,0.0,0.0,0.0,0.0,139,0.0,0.0
pullback_50-30-60,pullback,"[50, 30, 60]",base,train,0.0,0.0,0.0,,0.0,0.0,0.0,0.0,0.0,0.0,0.0,0.0,96,0.0,0.0
pullback_50-30-60,pullback,"[50, 30, 60]",base,test,0.0,0.0,0.0,,0.0,0.0,0.0,0.0,0.0,0.0,0.0,0.0,43,0.0,0.0
pullback_50-30-60,pullback,"[50, 30, 60]",base,full,0.0,0.0,0.0,,0.0,0.0,0.0,0.0,0.0,0.0,0.0,0.0,139,0.0,0.0
pullback_50-30-60,pullback,"[50, 30, 60]",balanced,train,0.0,0.0,0.0,,0.0,0.0,0.0,0.0,0.0,0.0,0.0,0.0,96,0.0,0.0
pullback_50-30-60,pullback,"[50, 30, 60]",balanced,test,0.0,0.0,0.0,,0.0,0.0,0.0,0.0,0.0,0.0,0.0,0.0,43,0.0,0.0
pullback_50-30-60,pullback,"[50, 30, 60]",balanced,full,0.0,0.0,0.0,,0.0,0.0,0.0,0.0,0.0,0.0,0.0,0.0,139,0.0,0.0
pullback_50-30-60,pullback,"[50, 30, 60]",aggressive,train,0.0,0.0,0.0,,0.0,0.0,0.0,0.0,0.0,0.0,0.0,0.0,96,0.0,0.0
pullback_50-30-60,pullback,"[50, 30, 60]",aggressive,test,0.0,0.0,0.0,,0.0,0.0,0.0,0.0,0.0,0.0,0.0,0.0,43,0.0,0.0
pullback_50-30-60,pullback,"[50, 30, 60]",aggressive,full,0.0,0.0,0.0,,0.0,0.0,0.0,0.0,0.0,0.0,0.0,0.0,139,0.0,0.0
pullback_50-30-65,pullback,"[50, 30, 65]",base,train,0.0,0.0,0.0,,0.0,0.0,0.0,0.0,0.0,0.0,0.0,0.0,96,0.0,0.0
pullback_50-30-65,pullback,"[50, 30, 65]",base,test,0.0,0.0,0.0,,0.0,0.0,0.0,0.0,0.0,0.0,0.0,0.0,43,0.0,0.0
pullback_50-30-65,pullback,"[50, 30, 65]",base,full,0.0,0.0,0.0,,0.0,0.0,0.0,0.0,0.0,0.0,0.0,0.0,139,0.0,0.0
pullback_50-30-65,pullback,"[50, 30, 65]",balanced,train,0.0,0.0,0.0,,0.0,0.0,0.0,0.0,0.0,0.0,0.0,0.0,96,0.0,0.0
pullback_50-30-65,pullback,"[50, 30, 65]",balanced,test,0.0,0.0,0.0,,0.0,0.0,0.0,0.0,0.0,0.0,0.0,0.0,43,0.0,0.0
pullback_50-30-65,pullback,"[50, 30, 65]",balanced,full,0.0,0.0,0.0,,0.0,0.0,0.0,0.0,0.0,0.0,0.0,0.0,139,0.0,0.0
pullback_50-30-65,pullback,"[50, 30, 65]",aggressive,train,0.0,0.0,0.0,,0.0,0.0,0.0,0.0,0.0,0.0,0.0,0.0,96,0.0,0.0
pullback_50-30-65,pullback,"[50, 30, 65]",aggressive,test,0.0,0.0,0.0,,0.0,0.0,0.0,0.0,0.0,0.0,0.0,0.0,43,0.0,0.0
pullback_50-30-65,pullback,"[50, 30, 65]",aggressive,full,0.0,0.0,0.0,,0.0,0.0,0.0,0.0,0.0,0.0,0.0,0.0,139,0.0,0.0
pullback_50-35-55,pullback,"[50, 35, 55]",base,train,0.0,0.0,0.0,,0.0,0.0,0.0,0.0,0.0,0.0,0.0,0.0,96,0.0,0.0
pullback_50-35-55,pullback,"[50, 35, 55]",base,test,0.0,0.0,0.0,,0.0,0.0,0.0,0.0,0.0,0.0,0.0,0.0,43,0.0,0.0
pullback_50-35-55,pullback,"[50, 35, 55]",base,full,0.0,0.0,0.0,,0.0,0.0,0.0,0.0,0.0,0.0,0.0,0.0,139,0.0,0.0
pullback_50-35-55,pullback,"[50, 35, 55]",balanced,train,0.0,0.0,0.0,,0.0,0.0,0.0,0.0,0.0,0.0,0.0,0.0,96,0.0,0.0
pullback_50-35-55,pullback,"[50, 35, 55]",balanced,test,0.0,0.0,0.0,,0.0,0.0,0.0,0.0,0.0,0.0,0.0,0.0,43,0.0,0.0
pullback_50-35-55,pullback,"[50, 35, 55]",balanced,full,0.0,0.0,0.0,,0.0,0.0,0.0,0.0,0.0,0.0,0.0,0.0,139,0.0,0.0
pullback_50-35-55,pullback,"[50, 35, 55]",aggressive,train,0.0,0.0,0.0,,0.0,0.0,0.0,0.0,0.0,0.0,0.0,0.0,96,0.0,0.0
pullback_50-35-55,pullback,"[50, 35, 55]",aggressive,test,0.0,0.0,0.0,,0.0,0.0,0.0,0.0,0.0,0.0,0.0,0.0,43,0.0,0.0
pullback_50-35-55,pullback,"[50, 35, 55]",aggressive,full,0.0,0.0,0.0,,0.0,0.0,0.0,0.0,0.0,0.0,0.0,0.0,139,0.0,0.0
pullback_50-35-60,pullback,"[50, 35, 60]",base,train,0.0,0.0,0.0,,0.0,0.0,0.0,0.0,0.0,0.0,0.0,0.0,96,0.0,0.0
pullback_50-35-60,pullback,"[50, 35, 60]",base,test,0.0,0.0,0.0,,0.0,0.0,0.0,0.0,0.0,0.0,0.0,0.0,43,0.0,0.0
pullback_50-35-60,pullback,"[50, 35, 60]",base,full,0.0,0.0,0.0,,0.0,0.0,0.0,0.0,0.0,0.0,0.0,0.0,139,0.0,0.0
pullback_50-35-60,pullback,"[50, 35, 60]",balanced,train,0.0,0.0,0.0,,0.0,0.0,0.0,0.0,0.0,0.0,0.0,0.0,96,0.0,0.0
pullback_50-35-60,pullback,"[50, 35, 60]",balanced,test,0.0,0.0,0.0,,0.0,0.0,0.0,0.0,0.0,0.0,0.0,0.0,43,0.0,0.0
pullback_50-35-60,pullback,"[50, 35, 60]",balanced,full,0.0,0.0,0.0,,0.0,0.0,0.0,0.0,0.0,0.0,0.0,0.0,139,0.0,0.0
pullback_50-35-60,pullback,"[50, 35, 60]",aggressive,train,0.0,0.0,0.0,,0.0,0.0,0.0,0.0,0.0,0.0,0.0,0.0,96,0.0,0.0
pullback_50-35-60,pullback,"[50, 35, 60]",aggressive,test,0.0,0.0,0.0,,0.0,0.0,0.0,0.0,0.0,0.0,0.0,0.0,43,0.0,0.0
pullback_50-35-60,pullback,"[50, 35, 60]",aggressive,full,0.0,0.0,0.0,,0.0,0.0,0.0,0.0,0.0,0.0,0.0,0.0,139,0.0,0.0
pullback_50-35-65,pullback,"[50, 35, 65]",base,train,0.0,0.0,0.0,,0.0,0.0,0.0,0.0,0.0,0.0,0.0,0.0,96,0.0,0.0
pullback_50-35-65,pullback,"[50, 35, 65]",base,test,0.0,0.0,0.0,,0.0,0.0,0.0,0.0,0.0,0.0,0.0,0.0,43,0.0,0.0
pullback_50-35-65,pullback,"[50, 35, 65]",base,full,0.0,0.0,0.0,,0.0,0.0,0.0,0.0,0.0,0.0,0.0,0.0,139,0.0,0.0
pullback_50-35-65,pullback,"[50, 35, 65]",balanced,train,0.0,0.0,0.0,,0.0,0.0,0.0,0.0,0.0,0.0,0.0,0.0,96,0.0,0.0
pullback_50-35-65,pullback,"[50, 35, 65]",balanced,test,0.0,0.0,0.0,,0.0,0.0,0.0,0.0,0.0,0.0,0.0,0.0,43,0.0,0.0
pullback_50-35-65,pullback,"[50, 35, 65]",balanced,full,0.0,0.0,0.0,,0.0,0.0,0.0,0.0,0.0,0.0,0.0,0.0,139,0.0,0.0
pullback_50-35-65,pullback,"[50, 35, 65]",aggressive,train,0.0,0.0,0.0,,0.0,0.0,0.0,0.0,0.0,0.0,0.0,0.0,96,0.0,0.0
pullback_50-35-65,pullback,"[50, 35, 65]",aggressive,test,0.0,0.0,0.0,,0.0,0.0,0.0,0.0,0.0,0.0,0.0,0.0,43,0.0,0.0
pullback_50-35-65,pullback,"[50, 35, 65]",aggressive,full,0.0,0.0,0.0,,0.0,0.0,0.0,0.0,0.0,0.0,0.0,0.0,139,0.0,0.0
pullback_50-40-55,pullback,"[50, 40, 55]",base,train,-0.0007023504675786052,-8.790800392199927e-05,0.0019440118656685814,-0.04425122324073726,-0.0029197134303692307,-7.256318157627025e-06,0.0,0.002073522406579542,-0.0027701289497117365,0.010416666666666666,0.0,0.0,96,0.0008378848063555114,0.09384309831181728
pullback_50-40-55,pullback,"[50, 40, 55]",base,test,-0.014229200950607868,-0.004018120263596936,0.004912321253599312,-0.8171445408292386,-0.014229200950607868,-0.00033091165001413646,0.0,0.0,-0.014229200950607868,0.0,0.0,0.0,43,0.0010451505016722408,0.21070234113712374
pullback_50-40-55,pullback,"[50, 40, 55]",base,full,-0.014921557532245555,-0.00130061996520614,0.003171326560597007,-0.40879446317542484,-0.01710736919185818,-0.00010737991002690692,0.0,0.002073522406579542,-0.014229200950607868,0.007194244604316547,0.0,0.0,139,0.0009017519752662315,0.12985228443833732
pullback_50-40-55,pullback,"[50, 40, 55]",balanced,train,-0.0009430458953493259,-0.00011804650386382232,0.0025920158208914417,-0.04425122324073729,-0.0038922103394671836,-9.717218771358033e-06,0.0,0.0027600959272027215,-0.0036929489292530926,0.010416666666666666,0.0,0.0,96,0.0011171797418073487,0.12512413108242304
pullback_50-40-55,pullback,"[50, 40, 55]",balanced,test,-0.01894608326696312,-0.005359300590385807,0.006549761671465751,-0.8171445408292384,-0.01894608326696312,-0.0004406065876037935,0.0,0.0,-0.01894608326696312,0.0,0.0,0.0,43,0.0013935340022296545,0.2809364548494983
pullback_50-40-55,pullback,"[50, 40, 55]",balanced,full,-0.019871262136254564,-0.001736031850609443,0.004228435414129343,-0.40879446317542484,-0.02276455146524614,-0.00014301392999290283,0.0,0.0027600959272027215,-0.01894608326696312,0.007194244604316547,0.0,0.0,139,0.0012023359670216421,0.17313637925111647
pullback_50-40-55,pullback,"[50, 40, 55]",aggressive,train,-0.001434272424326588,-0.00017957478730268317,0.0038880237313371627,-0.04425122324073726,-0.005836093228196004,-1.4702310482880843e-05,0.0,0.00412633274820573,-0.005537754554562291,0.010416666666666666,0.0,0.0,96,0.0016757696127110229,0.18768619662363456
pullback_50-40-55,pullback,"[50, 40, 55]",aggressive,test,-0.028340655395622583,-0.00804439361935938,0.009824642507198625,-0.8171445408292386,-0.028340655395622583,-0.0006590850092005252,0.0,0.0,-0.028340655395622583,0.0,0.0,0.0,43,0.0020903010033444815,0.4214046822742475
pullback_50-40-55,pullback,"[50, 40, 55]",aggressive,full,-0.02973427959942776,-0.0026096761911011956,0.006342653121194014,-0.40879446317542484,-0.03401134991678134,-0.00021404372087754778,0.0,0.00412633274820573,-0.028340655395622583,0.007194244604316547,0.0,0.0,139,0.001803503950532463,0.25970456887667465
pullback_50-40-60,pullback,"[50, 40, 60]",base,train,-0.003499122812946398,-0.0004384963266839126,0.002087644281569191,-0.20904685484297347,-0.005903848729422956,-3.6470289890707754e-05,0.0,0.0,-0.0027701289497117365,0.0,0.0,0.0,96,0.0011171797418073487,0.09384309831181728
pullback_50-40-60,pullback,"[50, 40, 60]",base,test,-0.014229200950607868,-0.004018120263596936,0.004912321253599312,-0.8171445408292386,-0.014229200950607868,-0.00033091165001413646,0.0,0.0,-0.014229200950607868,0.0,0.0,0.0,43,0.0010451505016722408,0.21070234113712374
pullback_50-40-60,pullback,"[50, 40, 60]",base,full,-0.01767853404189812,-0.001542896375911651,0.003233521942908044,-0.4759025754669846,-0.020049042630077896,-0.00012755646604399864,0.0,0.0,-0.014229200950607868,0.0,0.0,0.0,139,0.0010949845413947097,0.12985228443833732
pullback_50-40-60,pullback,"[50, 40, 60]",balanced,train,-0.004670464306829825,-0.0005855852113824112,0.002783525708758921,-0.20904685484297356,-0.007866207823848725,-4.868841251916856e-05,0.0,0.0,-0.0036929489292530926,0.0,0.0,0.0,96,0.0014895729890764648,0.12512413108242304
pullback_50-40-60,pullback,"[50, 40, 60]",balanced,test,-0.01894608326696312,-0.005359300590385807,0.006549761671465751,-0.8171445408292384,-0.01894608326696312,-0.0004406065876037935,0.0,0.0,-0.01894608326696312,0.0,0.0,0.0,43,0.0013935340022296545,0.2809364548494983
pullback_50-40-60,pullback,"[50, 40, 60]",balanced,full,-0.023528060568140385,-0.0020590023026493265,0.004311362590544058,-0.47590257546698456,-0.026663257262386053,-0.00016992928682592304,0.0,0.0,-0.01894608326696312,0.0,0.0,0.0,139,0.0014599793885262796,0.17313637925111647
pullback_50-40-60,pullback,"[50, 40, 60]",aggressive,train,-0.0070205118502344455,-0.0008811450501513551,0.004175288563138382,-0.20904685484297347,-0.011782555869403466,-7.321634084087615e-05,0.0,0.0,-0.005537754554562291,0.0,0.0,0.0,96,0.0022343594836146973,0.18768619662363456
pullback_50-40-60,pullback,"[50, 40, 60]",aggressive,test,-0.028340655395622583,-0.00804439361935938,0.009824642507198625,-0.8171445408292386,-0.028340655395622583,-0.0006590850092005252,0.0,0.0,-0.028340655395622583,0.0,0.0,0.0,43,0.0020903010033444815,0.4214046822742475
pullback_50-40-60,pullback,"[50, 40, 60]",aggressive,full,-0.03516220133880854,-0.0030939361301187684,0.006467043885816088,-0.4759025754669846,-0.03978928590945152,-0.0002544562886068107,0.0,0.0,-0.028340655395622583,0.0,0.0,0.0,139,0.0021899690827894194,0.25970456887667465
pullback_50-40-65,pullback,"[50, 40, 65]",base,train,-0.003499122812946398,-0.0004384963266839126,0.002087644281569191,-0.20904685484297347,-0.005903848729422956,-3.6470289890707754e-05,0.0,0.0,-0.0027701289497117365,0.0,0.0,0.0,96,0.0011171797418073487,0.09384309831181728
pullback_50-40-65,pullback,"[50, 40, 65]",base,test,-0.014229200950607868,-0.004018120263596936,0.004912321253599312,-0.8171445408292386,-0.014229200950607868,-0.00033091165001413646,0.0,0.0,-0.014229200950607868,0.0,0.0,0.0,43,0.0010451505016722408,0.21070234113712374
pullback_50-40-65,pullback,"[50, 40, 65]",base,full,-0.01767853404189812,-0.001542896375911651,0.003233521942908044,-0.4759025754669846,-0.020049042630077896,-0.00012755646604399864,0.0,0.0,-0.014229200950607868,0.0,0.0,0.0,139,0.0010949845413947097,0.12985228443833732
pullback_50-40-65,pullback,"[50, 40, 65]",balanced,train,-0.004670464306829825,-0.0005855852113824112,0.002783525708758921,-0.20904685484297356,-0.007866207823848725,-4.868841251916856e-05,0.0,0.0,-0.0036929489292530926,0.0,0.0,0.0,96,0.0014895729890764648,0.12512413108242304
pullback_50-40-65,pullback,"[50, 40, 65]",balanced,test,-0.01894608326696312,-0.005359300590385807,0.006549761671465751,-0.8171445408292384,-0.01894608326696312,-0.0004406065876037935,0.0,0.0,-0.01894608326696312,0.0,0.0,0.0,43,0.0013935340022296545,0.2809364548494983
pullback_50-40-65,pullback,"[50, 40, 65]",balanced,full,-0.023528060568140385,-0.0020590023026493265,0.004311362590544058,-0.47590257546698456,-0.026663257262386053,-0.00016992928682592304,0.0,0.0,-0.01894608326696312,0.0,0.0,0.0,139,0.0014599793885262796,0.17313637925111647
pullback_50-40-65,pullback,"[50, 40, 65]",aggressive,train,-0.0070205118502344455,-0.0008811450501513551,0.004175288563138382,-0.20904685484297347,-0.011782555869403466,-7.321634084087615e-05,0.0,0.0,-0.005537754554562291,0.0,0.0,0.0,96,0.0022343594836146973,0.18768619662363456
pullback_50-40-65,pullback,"[50, 40, 65]",aggressive,test,-0.028340655395622583,-0.00804439361935938,0.009824642507198625,-0.8171445408292386,-0.028340655395622583,-0.0006590850092005252,0.0,0.0,-0.028340655395622583,0.0,0.0,0.0,43,0.0020903010033444815,0.4214046822742475
pullback_50-40-65,pullback,"[50, 40, 65]",aggressive,full,-0.03516220133880854,-0.0030939361301187684,0.006467043885816088,-0.4759025754669846,-0.03978928590945152,-0.0002544562886068107,0.0,0.0,-0.028340655395622583,0.0,0.0,0.0,139,0.0021899690827894194,0.25970456887667465
pullback_100-30-55,pullback,"[100, 30, 55]",base,train,0.0,0.0,0.0,,0.0,0.0,0.0,0.0,0.0,0.0,0.0,0.0,96,0.0,0.0
pullback_100-30-55,pullback,"[100, 30, 55]",base,test,-0.0030487248421979807,-0.000857438411405842,0.0019500633490693207,-0.438911106322569,-0.0035647760018827634,-7.093308533029492e-05,0.0,0.0,-0.0024883811514273546,0.0,0.0,0.0,43,0.0020903010033444815,0.21070234113712374
pullback_100-30-55,pullback,"[100, 30, 55]",base,full,-0.0030487248421979807,-0.00026429079253798005,0.0010823586099260865,-0.24367128401915145,-0.0035647760018827634,-2.1943328555414978e-05,0.0,0.0,-0.0024883811514273546,0.0,0.0,0.0,139,0.000644108553761594,0.06492614221916866
pullback_100-30-55,pullback,"[100, 30, 55]",balanced,train,0.0,0.0,0.0,,0.0,0.0,0.0,0.0,0.0,0.0,0.0,0.0,96,0.0,0.0
pullback_100-30-55,pullback,"[100, 30, 55]",balanced,test,-0.004065898157254555,-0.0011439326917676018,0.0026000844654257603,-0.43891110632256924,-0.004752888901542129,-9.461361974687189e-05,0.0,0.0,-0.0033188906825822873,0.0,0.0,0.0,43,0.002787068004459309,0.2809364548494983
pullback_100-30-55,pullback,"[100, 30, 55]",balanced,full,-0.004065898157254555,-0.0003526327508530658,0.001443144813234782,-0.24367128401915147,-0.004752888901542129,-2.9268961504427995e-05,0.0,0.0,-0.0033188906825822873,0.0,0.0,0.0,139,0.0008588114050154586,0.08656818962555823
pullback_100-30-55,pullback,"[100, 30, 55]",aggressive,train,0.0,0.0,0.0,,0.0,0.0,0.0,0.0,0.0,0.0,0.0,0.0,96,0.0,0.0
pullback_100-30-55,pullback,"[100, 30, 55]",aggressive,test,-0.00610162614588905,-0.0017179428426227217,0.0039001266981386414,-0.438911106322569,-0.007128882389525137,-0.00014202869985318264,0.0,0.0,-0.004981473180170948,0.0,0.0,0.0,43,0.004180602006688963,0.4214046822742475
pullback_100-30-55,pullback,"[100, 30, 55]",aggressive,full,-0.00610162614588905,-0.0005296844420175084,0.002164717219852173,-0.24367128401915145,-0.007128882389525137,-4.39369359258047e-05,0.0,0.0,-0.004981473180170948,0.0,0.0,0.0,139,0.001288217107523188,0.12985228443833732
pullback_100-30-60,pullback,"[100, 30, 60]",base,train,0.0,0.0,0.0,,0.0,0.0,0.0,0.0,0.0,0.0,0.0,0.0,96,0.0,0.0
pullback_100-30-60,pullback,"[100, 30, 60]",base,test,-0.0030487248421979807,-0.000857438411405842,0.0019500633490693207,-0.438911106322569,-0.0035647760018827634,-7.093308533029492e-05,0.0,0.0,-0.0024883811514273546,0.0,0.0,0.0,43,0.0020903010033444815,0.21070234113712374
pullback_100-30-60,pullback,"[100, 30, 60]",base,full,-0.0030487248421979807,-0.00026429079253798005,0.0010823586099260865,-0.24367128401915145,-0.0035647760018827634,-2.1943328555414978e-05,0.0,0.0,-0.0024883811514273546,0.0,0.0,0.0,139,0.000644108553761594,0.06492614221916866
pullback_100-30-60,pullback,"[100, 30, 60]",balanced,train,0.0,0.0,0.0,,0.0,0.0,0.0,0.0,0.0,0.0,0.0,0.0,96,0.0,0.0
pullback_100-30-60,pullback,"[100, 30, 60]",balanced,test,-0.004065898157254555,-0.0011439326917676018,0.0026000844654257603,-0.43891110632256924,-0.004752888901542129,-9.461361974687189e-05,0.0,0.0,-0.0033188906825822873,0.0,0.0,0.0,43,0.002787068004459309,0.2809364548494983
pullback_100-30-60,pullback,"[100, 30, 60]",balanced,full,-0.004065898157254555,-0.0003526327508530658,0.001443144813234782,-0.24367128401915147,-0.004752888901542129,-2.9268961504427995e-05,0.0,0.0,-0.0033188906825822873,0.0,0.0,0.0,139,0.0008588114050154586,0.08656818962555823
pullback_100-30-60,pullback,"[100, 30, 60]",aggressive,train,0.0,0.0,0.0,,0.0,0.0,0.0,0.0,0.0,0.0,0.0,0.0,96,0.0,0.0
pullback_100-30-60,pullback,"[100, 30, 60]",aggressive,test,-0.00610162614588905,-0.0017179428426227217,0.0039001266981386414,-0.438911106322569,-0.007128882389525137,-0.00014202869985318264,0.0,0.0,-0.004981473180170948,0.0,0.0,0.0,43,0.004180602006688963,0.4214046822742475
pullback_100-30-60,pullback,"[100, 30, 60]",aggressive,full,-0.00610162614588905,-0.0005296844420175084,0.002164717219852173,-0.24367128401915145,-0.007128882389525137,-4.39369359258047e-05,0.0,0.0,-0.004981473180170948,0.0,0.0,0.0,139,0.001288217107523188,0.12985228443833732
pullback_100-30-65,pullback,"[100, 30, 65]",base,train,0.0,0.0,0.0,,0.0,0.0,0.0,0.0,0.0,0.0,0.0,0.0,96,0.0,0.0
pullback_100-30-65,pullback,"[100, 30, 65]",base,test,-0.0030487248421979807,-0.000857438411405842,0.0019500633490693207,-0.438911106322569,-0.0035647760018827634,-7.093308533029492e-05,0.0,0.0,-0.0024883811514273546,0.0,0.0,0.0,43,0.0020903010033444815,0.21070234113712374
pullback_100-30-65,pullback,"[100, 30, 65]",base,full,-0.0030487248421979807,-0.00026429079253798005,0.0010823586099260865,-0.24367128401915145,-0.0035647760018827634,-2.1943328555414978e-05,0.0,0.0,-0.0024883811514273546,0.0,0.0,0.0,139,0.000644108553761594,0.06492614221916866
pullback_100-30-65,pullback,"[100, 30, 65]",balanced,train,0.0,0.0,0.0,,0.0,0.0,0.0,0.0,0.0,0.0,0.0,0.0,96,0.0,0.0
pullback_100-30-65,pullback,"[100, 30, 65]",balanced,test,-0.004065898157254555,-0.0011439326917676018,0.0026000844654257603,-0.43891110632256924,-0.004752888901542129,-9.461361974687189e-05,0.0,0.0,-0.0033188906825822873,0.0,0.0,0.0,43,0.002787068004459309,0.2809364548494983
pullback_100-30-65,pullback,"[100, 30, 65]",balanced,full,-0.004065898157254555,-0.0003526327508530658,0.001443144813234782,-0.24367128401915147,-0.004752888901542129,-2.9268961504427995e-05,0.0,0.0,-0.0033188906825822873,0.0,0.0,0.0,139,0.0008588114050154586,0.08656818962555823
pullback_100-30-65,pullback,"[100, 30, 65]",aggressive,train,0.0,0.0,0.0,,0.0,0.0,0.0,0.0,0.0,0.0,0.0,0.0,96,0.0,0.0
pullback_100-30-65,pullback,"[100, 30, 65]",aggressive,test,-0.00610162614588905,-0.0017179428426227217,0.0039001266981386414,-0.438911106322569,-0.007128882389525137,-0.00014202869985318264,0.0,0.0,-0.004981473180170948,0.0,0.0,0.0,43,0.004180602006688963,0.4214046822742475
pullback_100-30-65,pullback,"[100, 30, 65]",aggressive,full,-0.00610162614588905,-0.0005296844420175084,0.002164717219852173,-0.24367128401915145,-0.007128882389525137,-4.39369359258047e-05,0.0,0.0,-0.004981473180170948,0.0,0.0,0.0,139,0.001288217107523188,0.12985228443833732
pullback_100-35-55,pullback,"[100, 35, 55]",base,train,0.05021243330402281,0.006148966885000329,0.022850618443933393,0.2797110202792485,-0.06335660724212033,0.0005370867282404995,0.0,0.04233616924836414,-0.023033343335682188,0.10416666666666667,0.0,0.0,96,0.01461643495531281,0.9384309831181729
pullback_100-35-55,pullback,"[100, 35, 55]",base,test,-0.005757955344046439,-0.0016209793979949927,0.022551750425082916,-0.060671451759949535,-0.03290970611909383,-0.0001243764763056264,0.0,0.01278300108151087,-0.01616435271086103,0.13953488372093023,0.0,0.0,43,0.015050167224080268,1.4749163879598661
pullback_100-35-55,pullback,"[100, 35, 55]",base,full,0.04416535701129631,0.003748299690696122,0.022756191357831315,0.17579601804571432,-0.06335660724212033,0.00033246142035932383,0.0,0.04233616924836414,-0.023033343335682188,0.11510791366906475,0.0,0.0,139,0.014750085881140502,1.1037444177258673
pullback_100-35-55,pullback,"[100, 35, 55]",balanced,train,0.06651102984047186,0.008089613766948833,0.03046749125857786,0.27971102027924866,-0.08389954319818771,0.0007183347712339735,0.0,0.05666899208084386,-0.030708092425524858,0.10416666666666667,0.0,0.0,96,0.01948857994041708,1.2512413108242304
pullback_100-35-55,pullback,"[100, 35, 55]",balanced,test,-0.008068754863653549,-0.0022734139072563275,0.030069000566777217,-0.06067145175994934,-0.04372812844127283,-0.00017082786747268412,0.0,0.01694436690841128,-0.021513853085548207,0.13953488372093023,0.0,0.0,43,0.020066889632107024,1.9665551839464883
pullback_100-35-55,pullback,"[100, 35, 55]",balanced,full,0.057905613781305876,0.004884912608730474,0.030341588477108418,0.17579601804571446,-0.08389954319818771,0.00044327007005133843,0.0,0.05666899208084386,-0.030708092425524858,0.11510791366906475,0.0,0.0,139,0.019666781174854,1.4716592236344899
pullback_100-35-55,pullback,"[100, 35, 55]",aggressive,train,0.09833088820696645,0.011804731407730529,0.045701236887866786,0.2797110202792485,-0.12412447889347245,0.001084165890533676,0.0,0.08566424277941342,-0.046053042572133274,0.10416666666666667,0.0,0.0,96,0.02923286991062562,1.8768619662363457
pullback_100-35-55,pullback,"[100, 35, 55]",aggressive,test,-0.013269857143856534,-0.00374590908029504,0.04510350085016583,-0.060671451759949535,-0.06513720347374352,-0.0002713402603197784,0.0,0.02511193830755709,-0.03215510537182176,0.13953488372093023,0.0,0.0,43,0.030100334448160536,2.9498327759197323
pullback_100-35-55,pullback,"[100, 35, 55]",aggressive,full,0.083756194223775,0.006987233736652776,0.04551238271566263,0.17579601804571432,-0.12412447889347245,0.0006648366496221757,0.0,0.08566424277941342,-0.046053042572133274,0.11510791366906475,0.0,0.0,139,0.029500171762281004,2.2074888354517346
pullback_100-35-60,pullback,"[100, 35, 60]",base,train,0.09781376969507982,0.01174511248415544,0.025560661038993945,0.4696165354624404,-0.06335660724211989,0.0010097660006626898,0.0,0.0538356853516615,-0.023033343335682188,0.10416666666666667,0.0,0.0,96,0.018340367428003972,0.9853525322740815
pullback_100-35-60,pullback,"[100, 35, 60]",base,test,0.010396058003899755,0.0029097797717645424,0.023428387988122076,0.1357194436213569,-0.03290970611909383,0.0002550234068829823,0.0,0.01762297074938779,-0.01616435271086103,0.13953488372093023,0.0,0.0,43,0.017140468227424748,1.4749163879598661
pullback_100-35-60,pullback,"[100, 35, 60]",base,full,0.10922670532231127,0.00901431422983956,0.02492038818447959,0.3725729137978705,-0.06335660724211989,0.0007762844788459457,0.0,0.0538356853516615,-0.023033343335682188,0.11510791366906475,0.0,0.0,139,0.017970628649948472,1.1362074888354519
pullback_100-35-60,pullback,"[100, 35, 60]",balanced,train,0.13118378558874322,0.0155429405337284,0.034080881385325265,0.46961653546244053,-0.08389954319818826,0.0013509982667878676,0.0,0.07220433253871161,-0.030708092425524858,0.10416666666666667,0.0,0.0,96,0.02445382323733863,1.313803376365442
pullback_100-35-60,pullback,"[100, 35, 60]",balanced,test,0.013445777671484915,0.003759287840199077,0.031237850650829437,0.13571944362135704,-0.04372812844127272,0.00033631372649246203,0.0,0.0235064409695227,-0.021513853085548207,0.13953488372093023,0.0,0.0,43,0.022853957636566332,1.9665551839464883
pullback_100-35-60,pullback,"[100, 35, 60]",balanced,full,0.14639343127535787,0.011897236933343658,0.03322718424597278,0.3725729137978708,-0.08389954319818826,0.001037103049286411,0.0,0.07220433253871161,-0.030708092425524858,0.11510791366906475,0.0,0.0,139,0.023960838199931295,1.514943318447269
pullback_100-35-60,pullback,"[100, 35, 60]",aggressive,train,0.19890019157471972,0.02295765857274179,0.05112132207798789,0.4696165354624404,-0.12412447889347245,0.002040423501750894,0.0,0.10958091578514173,-0.046053042572133274,0.10416666666666667,0.010416666666666666,0.0,96,0.036680734856007945,1.970705064548163
pullback_100-35-60,pullback,"[100, 35, 60]",aggressive,test,0.018909727898146933,0.005276700958353198,0.04685677597624415,0.1357194436213569,-0.06513720347374352,0.0004931413784250541,0.0,0.035285517715484715,-0.03215510537182176,0.13953488372093023,0.0,0.0,43,0.034280936454849496,2.9498327759197323
pullback_100-35-60,pullback,"[100, 35, 60]",aggressive,full,0.2215710679744347,0.01747652441072356,0.04984077636895918,0.3725729137978705,-0.12412447889347245,0.0015617678808659218,0.0,0.10958091578514173,-0.046053042572133274,0.11510791366906475,0.007194244604316547,0.0,139,0.035941257299896945,2.2724149776709037
pullback_100-35-65,pullback,"[100, 35, 65]",base,train,0.0920176483868751,0.011075187522397112,0.030387397610954624,0.37768889717185344,-0.06935587954953992,0.0009721565735701781,0.0,0.06842166514040704,-0.038280377002841925,0.11458333333333333,0.0,0.0,96,0.026812313803376366,1.0791956305858987
pullback_100-35-65,pullback,"[100, 35, 65]",base,test,0.03769626784470281,0.010449749119162632,0.025903434956251796,0.4142425513461472,-0.03290970611909394,0.0008905447770265344,0.0,0.03614608931597685,-0.01616435271086103,0.13953488372093023,0.0,0.0,43,0.019230769230769232,1.4749163879598661
pullback_100-35-65,pullback,"[100, 35, 65]",base,full,0.13318263815160747,0.010882422719759477,0.029075080896514068,0.386822665054434,-0.06935587954953992,0.0009469097588120725,0.0,0.06842166514040704,-0.038280377002841925,0.1223021582733813,0.0,0.0,139,0.02447612504294057,1.2011336310546203
pullback_100-35-65,pullback,"[100, 35, 65]",balanced,train,0.12268272201444508,0.01458483896826479,0.0405165301479395,0.37768889717185355,-0.0917434805391053,0.0013037757829954093,0.0,0.09201723695662611,-0.051029268847370135,0.11458333333333333,0.0,0.0,96,0.03574975173783516,1.438927507447865
pullback_100-35-65,pullback,"[100, 35, 65]",balanced,test,0.050019809104690394,0.013806679688725065,0.034537913275002385,0.4142425513461474,-0.043728128441272385,0.0011883096259138128,0.0,0.04834365269000007,-0.021513853085548207,0.13953488372093023,0.0,0.0,43,0.02564102564102564,1.9665551839464883
pullback_100-35-65,pullback,"[100, 35, 65]",balanced,full,0.17883909745474025,0.014344992129205592,0.03876677452868542,0.3868226650544342,-0.0917434805391053,0.0012680560365600953,0.0,0.09201723695662611,-0.051029268847370135,0.1223021582733813,0.0,0.0,139,0.032634833390587425,1.6015115080728273
pullback_100-35-65,pullback,"[100, 35, 65]",aggressive,train,0.1836758524598856,0.021323180385064422,0.06077479522190925,0.37768889717185344,-0.1354320517321097,0.001978696085481587,0.0,0.1404168454449164,-0.07649422494826885,0.11458333333333333,0.010416666666666666,0.0,96,0.05362462760675273,2.1583912611717975
pullback_100-35-65,pullback,"[100, 35, 65]",aggressive,test,0.07425832539256572,0.020327461981079376,0.05180686991250359,0.4142425513461472,-0.06513720347374352,0.0017849754748048517,0.0,0.07296032936335584,-0.03215510537182176,0.13953488372093023,0.0,0.0,43,0.038461538461538464,2.9498327759197323
pullback_100-35-65,pullback,"[100, 35, 65]",aggressive,full,0.2715736390711734,0.0210162546557231,0.058150161793028135,0.386822665054434,-0.1354320517321097,0.0019187681267830285,0.0,0.1404168454449164,-0.07649422494826885,0.1223021582733813,0.007194244604316547,0.0,139,0.04895225008588114,2.4022672621092407
pullback_100-40-55,pullback,"[100, 40, 55]",base,train,0.1610439167644473,0.018859104498305967,0.04357655255511459,0.4506283801416898,-0.07224644773714572,0.0016215778721115532,0.0,0.042202842207246016,-0.04126702111655001,0.25,0.0,0.0,96,0.04571127110228401,3.425273088381331
pullback_100-40-55,pullback,"[100, 40, 55]",base,test,0.1712570683980874,0.04541063206513596,0.05256740783513262,0.8710710147400912,-0.0494509761284031,0.0037616741791167076,0.0,0.02930420897241759,-0.029832073717958818,0.4883720930232558,0.0,0.0,43,0.07817725752508362,5.846989966555183
pullback_100-40-55,pullback,"[100, 40, 55]",base,full,0.35988089423096015,0.026968041353274463,0.04652955316408572,0.5952279792707239,-0.07224644773714572,0.002283622053415306,0.0,0.042202842207246016,-0.04126702111655001,0.3237410071942446,0.0,0.0,139,0.05571538990037788,4.171504637581587
pullback_100-40-55,pullback,"[100, 40, 55]",balanced,train,0.21614702767452032,0.024787477243876976,0.058102070073486105,0.45062838014169015,-0.095551939569683,0.0021559222737005273,0.0,0.05654674837260565,-0.05511102172432336,0.25,0.0,0.0,96,0.06094836146971202,4.567030784508441
pullback_100-40-55,pullback,"[100, 40, 55]",balanced,test,0.23194588775566416,0.060353055048441906,0.07008987711351015,0.8710710147400917,-0.06556033048939514,0.005002686970046334,0.0,0.03917693156334434,-0.03971070307107161,0.4883720930232558,0.0,0.0,43,0.10423634336677814,7.7959866220735785
pullback_100-40-55,pullback,"[100, 40, 55]",balanced,full,0.49822732964989713,0.03561765339840672,0.06203940421878095,0.5952279792707243,-0.095551939569683,0.0030365761006276477,0.0,0.05654674837260565,-0.05511102172432336,0.3237410071942446,0.0,0.0,139,0.07428718653383717,5.562006183442116
pullback_100-40-55,pullback,"[100, 40, 55]",aggressive,train,0.327461926939693,0.03607937908796832,0.08715310511022918,0.4506283801416898,-0.1410037147983766,0.0032146242953864806,0.0,0.08565397313967149,-0.08293147230425602,0.25,0.0,0.0,96,0.09142254220456802,6.850546176762662
pullback_100-40-55,pullback,"[100, 40, 55]",aggressive,test,0.35850438422766207,0.08988756629613603,0.10513481567026524,0.8710710147400912,-0.0972202227107748,0.007465225304227743,0.0,0.05907887853373284,-0.05936478301144521,0.46511627906976744,0.0,0.0,43,0.15635451505016723,11.693979933110366
pullback_100-40-55,pullback,"[100, 40, 55]",aggressive,full,0.8033628476428747,0.052370467229592155,0.09305910632817144,0.5952279792707239,-0.1410037147983766,0.004529558420423706,0.0,0.08565397313967149,-0.08293147230425602,0.31654676258992803,0.0,0.0,139,0.11143077980075576,8.343009275163174
pullback_100-40-60,pullback,"[100, 40, 60]",base,train,0.37069745515354247,0.04024275447718639,0.05037334265045986,0.8084999024269071,-0.08012349678331798,0.0034019159540881736,0.0,0.07134359774054833,-0.04126702111655001,0.28125,0.0,0.0,96,0.06498262164846078,3.425273088381331
pullback_100-40-60,pullback,"[100, 40, 60]",base,test,0.24553109769362824,0.06362509710848707,0.05688882598939955,1.1127326873965808,-0.05338347719039316,0.005232657538811383,0.0,0.0428751163914598,-0.029832073717958818,0.4883720930232558,0.0,0.0,43,0.09385451505016723,5.846989966555183
pullback_100-40-60,pullback,"[100, 40, 60]",base,full,0.7072463059232539,0.0473925003729303,0.052461567858869934,0.9089168599621041,-0.08012349678331798,0.003968260473103267,0.0,0.07134359774054833,-0.04126702111655001,0.34532374100719426,0.0,0.0,139,0.07387925111645482,4.171504637581587
pullback_100-40-60,pullback,"[100, 40, 60]",balanced,train,0.5157299608722004,0.05341658154787776,0.0671644568672798,0.8084999024269073,-0.10584059827855086,0.004540562252627847,0.0,0.09595934272381479,-0.05511102172432336,0.28125,0.0,0.0,96,0.08664349553128103,4.567030784508441
pullback_100-40-60,pullback,"[100, 40, 60]",balanced,test,0.33669290849283295,0.0849429029527402,0.07585176798586607,1.112732687396581,-0.07086016523327487,0.0069733464129191685,0.0,0.05739877099700341,-0.03971070307107161,0.4883720930232558,0.0,0.0,43,0.12513935340022297,7.7959866220735785
pullback_100-40-60,pullback,"[100, 40, 60]",balanced,full,1.026065489887992,0.0630322409503894,0.06994875714515993,0.9089168599621044,-0.10584059827855086,0.005293150158329479,0.0,0.09595934272381479,-0.05511102172432336,0.34532374100719426,0.0,0.0,139,0.0985056681552731,5.562006183442116
pullback_100-40-60,pullback,"[100, 40, 60]",aggressive,train,0.8408598568006462,0.07934550748381874,0.10074668530091972,0.8084999024269071,-0.15580182763864192,0.0068239692786045214,0.0,0.14647081044842358,-0.08293147230425602,0.28125,0.020833333333333332,0.0,96,0.12996524329692155,6.850546176762662
pullback_100-40-60,pullback,"[100, 40, 60]",aggressive,test,0.5336768594114283,0.12766321448210172,0.1137776519787991,1.1127326873965808,-0.1053212329921307,0.010448941708724204,0.0,0.08679329550242221,-0.05936478301144521,0.46511627906976744,0.0,0.0,43,0.18770903010033446,11.693979933110366
pullback_100-40-60,pullback,"[100, 40, 60]",aggressive,full,1.8232841637945878,0.09400928771656192,0.10492313571773987,0.9089168599621041,-0.15580182763864192,0.007945363627490466,0.0,0.14647081044842358,-0.08293147230425602,0.3381294964028777,0.014388489208633094,0.0,139,0.14775850223290965,8.343009275163174
pullback_100-40-65,pullback,"[100, 40, 65]",base,train,0.3311162119304958,0.036435823699391134,0.06191234058983386,0.6090820030851135,-0.06977645524212217,0.003156047716483872,0.0,0.11565820346991873,-0.04148187499095424,0.2916666666666667,0.010416666666666666,0.0,96,0.09423462313313162,3.3326759617012804
pullback_100-40-65,pullback,"[100, 40, 65]",base,test,0.28182943547049777,0.07224355739379318,0.06920291610832956,1.0424457298622438,-0.07073110462470822,0.005943243912593836,0.0,0.04888578152897627,-0.029832073717958818,0.4186046511627907,0.0,0.0,43,0.1331521739130435,5.530936454849498
pullback_100-40-65,pullback,"[100, 40, 65]",base,full,0.7062639424844996,0.04734031389792959,0.06424290545229853,0.7521326665266107,-0.07073110462470877,0.004018273877870408,0.0,0.11565820346991873,-0.04148187499095424,0.33093525179856115,0.007194244604316547,0.0,139,0.10622673685679392,4.010051318057842
pullback_100-40-65,pullback,"[100, 40, 65]",balanced,train,0.45877768535087315,0.04838064639808626,0.08268254770923981,0.6129099740782409,-0.09267063486828442,0.004251879955749765,0.0,0.15900072409568322,-0.05524374160239465,0.2916666666666667,0.020833333333333332,0.0,96,0.12599304865938432,4.441906653426018
pullback_100-40-65,pullback,"[100, 40, 65]",balanced,test,0.3872247252174963,0.09631214158719548,0.09227055481110606,1.0424457298622445,-0.09339378034131973,0.007911132740500482,0.0,0.06547321197876177,-0.03971070307107161,0.4186046511627907,0.0,0.0,43,0.17753623188405798,7.374581939799332
pullback_100-40-65,pullback,"[100, 40, 65]",balanced,full,1.0236524737142791,0.06292258104371329,0.0857455590566199,0.7545639334579738,-0.09339378034131973,0.00538387901865826,0.0,0.15900072409568322,-0.05524374160239465,0.33093525179856115,0.014388489208633094,0.0,139,0.14187564410855377,5.345585709378221
pullback_100-40-65,pullback,"[100, 40, 65]",aggressive,train,0.7258806595888085,0.07067032460770162,0.1240238215638597,0.6129099740782405,-0.13784024223250002,0.006402553644213198,0.0,0.24427789053741722,-0.08293147230425602,0.2916666666666667,0.020833333333333332,0.0,96,0.18898957298907645,6.662859980139027
pullback_100-40-65,pullback,"[100, 40, 65]",aggressive,test,0.6157247142441067,0.14429497203776442,0.1384058322166591,1.0424457298622438,-0.13738434680681755,0.01182593212691328,0.0,0.09908328435572122,-0.05936478301144521,0.3953488372093023,0.0,0.0,43,0.266304347826087,11.061872909698996
pullback_100-40-65,pullback,"[100, 40, 65]",aggressive,full,1.7885480355335588,0.09283747306137258,0.12861833858492985,0.7545639334579737,-0.13784024223250002,0.008080289433825452,0.0,0.24427789053741722,-0.08293147230425602,0.3237410071942446,0.014388489208633094,0.0,139,0.21281346616283064,8.01837856406733
pullback_200-30-55,pullback,"[200, 30, 55]",base,train,0.11444303358295427,0.013650118692176916,0.027372542840902764,0.5088607162775662,-0.029950727782967257,0.0011499463006081772,0.0,0.040259873703409665,-0.012855429647973926,0.07291666666666667,0.0,0.0,96,0.015454319761668322,0.46921549155908643
pullback_200-30-55,pullback,"[200, 30, 55]",base,test,0.06422886561466457,0.01764224340889231,0.02886024292837112,0.6203718172551836,-0.04836635870884343,0.0014906760100531439,0.0,0.03948010093553722,-0.029658497738812017,0.20930232558139536,0.0,0.0,43,0.03616220735785953,1.2642140468227425
pullback_200-30-55,pullback,"[200, 30, 55]",base,full,0.18602244542215352,0.014878585894539498,0.02783469894966943,0.5444196629364985,-0.04836635870884376,0.0012553518941774836,0.0,0.040259873703409665,-0.029658497738812017,0.11510791366906475,0.0,0.0,139,0.021835279972518034,0.7141875644108553
pullback_200-30-55,pullback,"[200, 30, 55]",balanced,train,0.15392864554900743,0.018075737685899096,0.03649672378787034,0.5088607162775663,-0.039898069713725004,0.0015288571338817822,0.0,0.05387934044143772,-0.017174544272688275,0.07291666666666667,0.0,0.0,96,0.020605759682224428,0.6256206554121152
pullback_200-30-55,pullback,"[200, 30, 55]",balanced,test,0.08583039503332501,0.02340338224679339,0.03848032390449482,0.6203718172551839,-0.06417683207630742,0.0019912546858450687,0.0,0.05278393282853311,-0.03941544890164839,0.20930232558139536,0.0,0.0,43,0.04821627647714604,1.68561872909699
pullback_200-30-55,pullback,"[200, 30, 55]",balanced,full,0.2529707970367474,0.019714443126295444,0.037112931932892564,0.5444196629364988,-0.06417683207630764,0.0016719009808920074,0.0,0.05387934044143772,-0.03941544890164839,0.11510791366906475,0.0,0.0,139,0.029113706630024046,0.9522500858811405
pullback_200-30-55,pullback,"[200, 30, 55]",aggressive,train,0.23477946720616627,0.026738965145142624,0.05474508568180553,0.5088607162775662,-0.059733229703963775,0.0022798163379096014,0.0,0.08141841961813667,-0.025862204292727897,0.07291666666666667,0.0,0.0,96,0.030908639523336643,0.9384309831181729
pullback_200-30-55,pullback,"[200, 30, 55]",aggressive,test,0.12925150860413726,0.034739019258326564,0.05772048585674224,0.6203718172551836,-0.09532566645362628,0.0029976498780694273,0.0,0.0796020458401272,-0.05873653693675929,0.20930232558139536,0.0,0.0,43,0.07232441471571906,2.528428093645485
pullback_200-30-55,pullback,"[200, 30, 55]",aggressive,full,0.39437657613597477,0.029197498606113648,0.05566939789933886,0.5444196629364985,-0.09532566645362706,0.002501879951052569,0.0,0.08141841961813667,-0.05873653693675929,0.11510791366906475,0.0,0.0,139,0.04367055994503607,1.4283751288217106
pullback_200-30-60,pullback,"[200, 30, 60]",base,train,0.1405821871828805,0.016594871109097298,0.02966990712357373,0.5694569357288217,-0.02995072778296759,0.001391113582749185,0.0,0.03833448393808836,-0.012855429647973926,0.09375,0.0,0.0,96,0.018340367428003972,0.46921549155908643
pullback_200-30-60,pullback,"[200, 30, 60]",base,test,0.09891051877350998,0.0268519020788065,0.03227732494237524,0.8370501982443189,-0.04609836094135633,0.0022476042665740483,0.0,0.04070379766856802,-0.029658497738812017,0.23255813953488372,0.0,0.0,43,0.040342809364548496,1.2642140468227425
pullback_200-30-60,pullback,"[200, 30, 60]",base,full,0.2533977630209625,0.019744519235504132,0.030492965039543445,0.6563725458058501,-0.046098360941356664,0.0016560711324216247,0.0,0.04070379766856802,-0.029658497738812017,0.1366906474820144,0.0,0.0,139,0.025120233596702166,0.7141875644108553
pullback_200-30-60,pullback,"[200, 30, 60]",balanced,train,0.18987476940092862,0.021990900551700943,0.03955987616476497,0.5694569357288218,-0.039898069713725004,0.0018477609311929738,0.0,0.0513138723115778,-0.017174544272688275,0.09375,0.0,0.0,96,0.02445382323733863,0.6256206554121152
pullback_200-30-60,pullback,"[200, 30, 60]",balanced,test,0.1330803768960651,0.03572346085338185,0.04303643325650032,0.837050198244319,-0.061203075841384624,0.0030015588023654606,0.0,0.054436552570553465,-0.03941544890164839,0.23255813953488372,0.0,0.0,43,0.053790412486064657,1.68561872909699
pullback_200-30-60,pullback,"[200, 30, 60]",balanced,full,0.34822375217192336,0.026202950933110314,0.040657286719391256,0.6563725458058505,-0.061203075841384735,0.0022046912078866206,0.0,0.054436552570553465,-0.03941544890164839,0.1366906474820144,0.0,0.0,139,0.033493644795602885,0.9522500858811405
pullback_200-30-60,pullback,"[200, 30, 60]",aggressive,train,0.2920016419433964,0.032575210191792436,0.05933981424714746,0.5694569357288217,-0.05973322970396355,0.0027500766873911953,0.0,0.0775760783476167,-0.025862204292727897,0.09375,0.0,0.0,96,0.036680734856007945,0.9384309831181729
pullback_200-30-60,pullback,"[200, 30, 60]",aggressive,test,0.2031708212279879,0.05333584719955198,0.06455464988475049,0.8370501982443189,-0.09101350412610909,0.004516198839299577,0.0,0.08214455896059869,-0.05873653693675929,0.23255813953488372,0.0,0.0,43,0.08068561872909699,2.528428093645485
pullback_200-30-60,pullback,"[200, 30, 60]",aggressive,full,0.5544986765649436,0.03892842889795589,0.06098593007908689,0.6563725458058501,-0.0910135041261102,0.0032964310221542197,0.0,0.08214455896059869,-0.05873653693675929,0.1366906474820144,0.0,0.0,139,0.05024046719340433,1.4283751288217106
pullback_200-30-65,pullback,"[200, 30, 65]",base,train,0.08382678992346615,0.010123151007951137,0.03302672005815446,0.32137503450665333,-0.0748983834025102,0.0008725506021266283,0.0,0.044677484170034365,-0.0391136394711904,0.08333333333333333,0.0,0.0,96,0.023181479642502483,0.46921549155908643
pullback_200-30-65,pullback,"[200, 30, 65]",base,test,0.022385435101271778,0.006238909635624124,0.041856442210235344,0.16947675966377335,-0.05885972561210184,0.0005916707137974219,0.0,0.04070379766856802,-0.040740587240114534,0.23255813953488372,0.0,0.0,43,0.06835284280936454,1.2642140468227425
pullback_200-30-65,pullback,"[200, 30, 65]",base,full,0.10808872419031923,0.008924659339503593,0.03597200448812455,0.26490662167774853,-0.08630300824084902,0.0007856597014204709,0.0,0.044677484170034365,-0.040740587240114534,0.12949640287769784,0.0,0.0,139,0.03710065269666781,0.7141875644108553
pullback_200-30-65,pullback,"[200, 30, 65]",balanced,train,0.1111803671065772,0.013278326042232225,0.044035626744205955,0.3213750345066533,-0.09882943060737548,0.0011581990974420333,0.0,0.059772064027038496,-0.05187765024486268,0.08333333333333333,0.0,0.0,96,0.030908639523336643,0.6256206554121152
pullback_200-30-65,pullback,"[200, 30, 65]",balanced,test,0.02853652169851384,0.00793601649593545,0.055808589613647125,0.1694767596637736,-0.07799644953590024,0.0007908859745552977,0.0,0.054436552570553465,-0.05407533630165973,0.23255813953488372,0.0,0.0,43,0.09113712374581939,1.68561872909699
pullback_200-30-65,pullback,"[200, 30, 65]",balanced,full,0.142889589763475,0.011629127246478133,0.04796267265083273,0.2649066216777487,-0.11414111754440803,0.0010445698579878634,0.0,0.059772064027038496,-0.05407533630165973,0.12949640287769784,0.0,0.0,139,0.049467536928890415,0.9522500858811405
pullback_200-30-65,pullback,"[200, 30, 65]",aggressive,train,0.16467691406853646,0.019257466526808598,0.06605344011630893,0.32137503450665333,-0.14518424923940887,0.0017210741970870812,0.0,0.09025814002333754,-0.07700140245928921,0.08333333333333333,0.0,0.0,96,0.046362959285004966,0.9384309831181729
pullback_200-30-65,pullback,"[200, 30, 65]",aggressive,test,0.03879921488428173,0.010751356059577555,0.08371288442047069,0.16947675966377335,-0.11559832062188968,0.0011923161476830397,0.0,0.08214455896059869,-0.08037934381989753,0.23255813953488372,0.0,0.0,43,0.1367056856187291,2.528428093645485
pullback_200-30-65,pullback,"[200, 30, 65]",aggressive,full,0.20986546392824534,0.01662877794211548,0.0719440089762491,0.26490662167774853,-0.16836655142116874,0.0015575015630987805,0.0,0.09025814002333754,-0.08037934381989753,0.12949640287769784,0.0,0.0,139,0.07420130539333562,1.4283751288217106
pullback_200-35-55,pullback,"[200, 35, 55]",base,train,0.23138080680671602,0.026384932771487346,0.05206941736918817,0.526105164363427,-0.09375276663517784,0.002234640714106031,0.0,0.04158391148633034,-0.03041020735614941,0.23958333333333334,0.0,0.0,96,0.055021102284011913,2.721449851042701
pullback_200-35-55,pullback,"[200, 35, 55]",base,test,0.19062072311183265,0.05023749906025432,0.06793821967149452,0.7553853639389713,-0.08255321160050066,0.004151095942041614,0.0,0.03986879579088276,-0.029658497738812017,0.37209302325581395,0.0,0.0,43,0.09928929765886288,3.37123745819398
pullback_200-35-55,pullback,"[200, 35, 55]",base,full,0.4661075066262448,0.033676573834605206,0.05742074532508166,0.6054683550654153,-0.09375276663517784,0.0028275009644745924,0.0,0.04158391148633034,-0.03041020735614941,0.2805755395683453,0.0,0.0,139,0.06866197183098592,2.9216763998625903
pullback_200-35-55,pullback,"[200, 35, 55]",balanced,train,0.31355628245353495,0.034715104622061954,0.06942588982558424,0.5261051643634269,-0.12384522025023148,0.002959312040294247,0.0,0.05566830005116641,-0.040540948402428834,0.23958333333333334,0.0,0.0,96,0.07336146971201589,3.6285998013902683
pullback_200-35-55,pullback,"[200, 35, 55]",balanced,test,0.2573463566033394,0.06645003984595088,0.09058429289532603,0.7553853639389716,-0.10879899538573023,0.005490863542055132,0.0,0.05319814388266075,-0.03941544890164839,0.37209302325581395,0.0,0.0,43,0.13238573021181718,4.494983277591973
pullback_200-35-55,pullback,"[200, 35, 55]",balanced,full,0.6515952059363828,0.04439196357957398,0.07656099376677554,0.6054683550654155,-0.12384522025023148,0.003742453871774233,0.0,0.05566830005116641,-0.040540948402428834,0.2805755395683453,0.0,0.0,139,0.09154929577464789,3.8955685331501204
pullback_200-35-55,pullback,"[200, 35, 55]",aggressive,train,0.48411684245655096,0.050642092541499206,0.10413883473837635,0.526105164363427,-0.18226316623931782,0.004378837721393286,0.0,0.08417341295787839,-0.06079343838633178,0.23958333333333334,0.0,0.0,96,0.11004220456802383,5.442899702085402
pullback_200-35-55,pullback,"[200, 35, 55]",aggressive,test,0.394650727979569,0.09795771214509208,0.13587643934298904,0.7553853639389713,-0.1594469040382256,0.008102830609652804,0.0,0.0798985388296034,-0.05873653693675929,0.37209302325581395,0.0,0.0,43,0.19857859531772576,6.74247491638796
pullback_200-35-55,pullback,"[200, 35, 55]",aggressive,full,1.0698246347387688,0.06500046059386833,0.11484149065016332,0.6054683550654153,-0.18226316623931782,0.0055308642983368786,0.0,0.08417341295787839,-0.06079343838633178,0.2805755395683453,0.0,0.0,139,0.13732394366197184,5.843352799725181
pullback_200-35-60,pullback,"[200, 35, 60]",base,train,0.3166571925204831,0.03502042395151572,0.06024293675962922,0.6014053031153617,-0.1178575191474609,0.002961583372053761,0.0,0.05276784649849442,-0.026569609862436172,0.25,0.0,0.0,96,0.0741993545183714,2.721449851042701
pullback_200-35-60,pullback,"[200, 35, 60]",base,test,0.20514265018479683,0.053820533985690755,0.0744983263041559,0.7408457345420121,-0.10186084972291176,0.004485482591122245,0.0,0.0667835755349071,-0.029658497738812017,0.3023255813953488,0.0,0.0,43,0.11663879598662208,3.37123745819398
pullback_200-35-60,pullback,"[200, 35, 60]",base,full,0.5867597383790091,0.040777486370132454,0.06495911635496877,0.6476873777992362,-0.1178575191474609,0.0034330054326289034,0.0,0.0667835755349071,-0.029658497738812017,0.26618705035971224,0.0,0.0,139,0.08727670903469598,2.9216763998625903
pullback_200-35-60,pullback,"[200, 35, 60]",balanced,train,0.4339001048907085,0.046126710383131764,0.08032391567950564,0.6014053031153617,-0.15517169924540186,0.003924399806594207,0.0,0.07047713921311116,-0.035466759750312216,0.25,0.0,0.0,96,0.09893247269116187,3.6285998013902683
pullback_200-35-60,pullback,"[200, 35, 60]",balanced,test,0.27689569895341304,0.07108251211402461,0.09933110173887452,0.7408457345420122,-0.13380784040034488,0.0059425081643455415,0.0,0.08949124180121304,-0.03941544890164839,0.3023255813953488,0.0,0.0,43,0.15551839464882944,4.494983277591973
pullback_200-35-60,pullback,"[200, 35, 60]",balanced,full,0.830940876663794,0.05375401019185677,0.08661215513995837,0.6476873777992361,-0.15517169924540186,0.004548706708632389,0.0,0.08949124180121304,-0.03941544890164839,0.26618705035971224,0.0,0.0,139,0.11636894537959463,3.8955685331501204
pullback_200-35-60,pullback,"[200, 35, 60]",aggressive,train,0.6844894102169756,0.06742322361221964,0.12048587351925844,0.6014053031153617,-0.2268145108117401,0.005813282131667936,0.0,0.10603915022713473,-0.0533219175061278,0.25,0.010416666666666666,0.0,96,0.1483987090367428,5.442899702085402
pullback_200-35-60,pullback,"[200, 35, 60]",aggressive,test,0.4241618046528084,0.10443564530433092,0.1489966526083118,0.7408457345420121,-0.19483329780542813,0.008796857597303726,0.0,0.13555086128860516,-0.05873653693675929,0.3023255813953488,0.023255813953488372,0.0,43,0.23327759197324416,6.74247491638796
pullback_200-35-60,pullback,"[200, 35, 60]",aggressive,full,1.3989854783731541,0.07869409915542258,0.12991823270993755,0.6476873777992362,-0.2268145108117401,0.00673625871456246,0.0,0.13555086128860516,-0.05873653693675929,0.26618705035971224,0.014388489208633094,0.0,139,0.17455341806939195,5.843352799725181
pullback_200-35-65,pullback,"[200, 35, 65]",base,train,0.3904500381572109,0.042106713122980866,0.06716918983667877,0.647553656057843,-0.10900042327664339,0.0035546728339728682,0.0,0.07243316131981015,-0.043345307206933636,0.28125,0.0,0.0,96,0.09672914597815294,2.627606752730884
pullback_200-35-65,pullback,"[200, 35, 65]",base,test,0.1461316873209011,0.03906121917199368,0.09154509939870295,0.46432010607700663,-0.11799062113099612,0.0033735033636885015,0.0,0.0845125834680871,-0.04746947027107573,0.37209302325581395,0.0,0.0,43,0.167433110367893,3.265886287625418
pullback_200-35-65,pullback,"[200, 35, 65]",base,full,0.5936388483685329,0.041167319658192536,0.07550741826271315,0.5720069995934332,-0.11799062113099645,0.00349862760215828,0.0,0.0845125834680871,-0.04746947027107573,0.30935251798561153,0.0,0.0,139,0.11851597389213328,2.8242871865338373
pullback_200-35-65,pullback,"[200, 35, 65]",balanced,train,0.539620942061533,0.05547995553927065,0.08955891978223836,0.6475536560578431,-0.14386585147644881,0.004709595939353654,0.0,0.0971799701165792,-0.05744465604086324,0.28125,0.0,0.0,96,0.12897219463753723,3.5034756703078447
pullback_200-35-65,pullback,"[200, 35, 65]",balanced,test,0.19151900929946963,0.05046004472233423,0.12206013253160396,0.4643201060770068,-0.15491852374836768,0.00443443859832413,0.0,0.11365200145599452,-0.06410932758457,0.37209302325581395,0.023255813953488372,0.0,43,0.22324414715719063,4.354515050167224
pullback_200-35-65,pullback,"[200, 35, 65]",balanced,full,0.8344876195818736,0.05393056072954727,0.10067655768361754,0.572006999593433,-0.15491852374836712,0.004624475323063946,0.0,0.11365200145599452,-0.06410932758457,0.30935251798561153,0.007194244604316547,0.0,139,0.15802129852284438,3.765716248711783
pullback_200-35-65,pullback,"[200, 35, 65]",aggressive,train,0.8653628678599792,0.08113275682671905,0.13433837967335754,0.647553656057843,-0.21130590839062013,0.006973505574649931,0.0,0.14755193748196382,-0.08512985040597243,0.28125,0.010416666666666666,0.0,96,0.19345829195630587,5.255213505461768
pullback_200-35-65,pullback,"[200, 35, 65]",aggressive,test,0.27500335850812796,0.07063633590418927,0.1830901987974059,0.46432010607700663,-0.225299773854857,0.006463251276533334,0.0,0.17338255249971457,-0.09846259620915976,0.37209302325581395,0.046511627906976744,0.0,43,0.334866220735786,6.531772575250836
pullback_200-35-65,pullback,"[200, 35, 65]",aggressive,full,1.3783439213578248,0.07788745095467253,0.1510148365254263,0.5720069995934332,-0.2252997738548569,0.006815657122714581,0.0,0.17338255249971457,-0.09846259620915976,0.30935251798561153,0.02158273381294964,0.0,139,0.23703194778426656,5.6485743730676745
pullback_200-40-55,pullback,"[200, 40, 55]",base,train,0.48887861183387216,0.05106329159785172,0.07848695665454711,0.6738078120303028,-0.11410385784099997,0.004309465811571638,0.0,0.07494751304069713,-0.05852211036457611,0.3541666666666667,0.0,0.0,96,0.10649656364910753,5.5842409840570015
pullback_200-40-55,pullback,"[200, 40, 55]",base,test,0.4374417025127446,0.10731923349763206,0.1007655452474703,1.0620050120270694,-0.09060481571014656,0.008671939721374011,0.003480546303988641,0.05821547014327422,-0.044860896586135124,0.5581395348837209,0.0,0.0,43,0.19544314381270902,7.479933110367893
pullback_200-40-55,pullback,"[200, 40, 55]",base,full,1.1401762066292935,0.0680864799204004,0.08596613566653624,0.8092061936475782,-0.11410385784099997,0.005659008100215537,0.0,0.07494751304069713,-0.05852211036457611,0.4172661870503597,0.0,0.0,139,0.13390469913751377,6.168382460285401
pullback_200-40-55,pullback,"[200, 40, 55]",balanced,train,0.6818438098993083,0.0672133140453317,0.10465064882438607,0.673972593946339,-0.1499306195067459,0.005705984212157363,0.0,0.10074945479605502,-0.0779215214044987,0.3541666666666667,0.010416666666666666,0.0,96,0.1420059582919563,7.4448857994041715
pullback_200-40-55,pullback,"[200, 40, 55]",balanced,test,0.6093651282681509,0.1430278364089903,0.13435406032996042,1.0620050120270699,-0.1192651456861974,0.011477798941047987,0.004628566521845512,0.07717578308085415,-0.059671653168427374,0.5348837209302325,0.0,0.0,43,0.26059085841694535,9.97324414715719
pullback_200-40-55,pullback,"[200, 40, 55]",balanced,full,1.7067007788455952,0.09002276790434371,0.11462237186809746,0.8093098118329539,-0.1499306195067459,0.007491509631886117,0.0,0.10074945479605502,-0.0779215214044987,0.41007194244604317,0.007194244604316547,0.0,139,0.17854689110271385,8.223978014428031
pullback_200-40-55,pullback,"[200, 40, 55]",aggressive,train,1.1105680726414864,0.09796927840080971,0.1569759732365791,0.6739725939463388,-0.21926662517395246,0.0084344233739006,0.0,0.15360508507716242,-0.11648827107827253,0.3541666666666667,0.010416666666666666,0.020833333333333332,96,0.21300893743793445,11.167328699106255
pullback_200-40-55,pullback,"[200, 40, 55]",aggressive,test,0.9935209003340377,0.2138762195281605,0.2015310904949406,1.0620050120270694,-0.17436331760125057,0.01695832317413573,0.006770883082762635,0.11701377902124088,-0.08905967753685462,0.5348837209302325,0.06976744186046512,0.0,43,0.39088628762541805,14.959866220735787
pullback_200-40-55,pullback,"[200, 40, 55]",aggressive,full,3.207461564388532,0.13245328344341822,0.1719335578021462,0.8093098118329537,-0.21926662517395246,0.011071313240160387,0.0,0.15360508507716242,-0.11648827107827253,0.41007194244604317,0.02877697841726619,0.014388489208633094,139,0.2678203366540708,12.335967021642047
pullback_200-40-60,pullback,"[200, 40, 60]",base,train,0.7179155853360051,0.07005080605971492,0.09225005776076503,0.7801491683163647,-0.12072326637020259,0.0058671253691903414,0.0,0.10224815254453046,-0.04901230259216427,0.3854166666666667,0.010416666666666666,0.0,96,0.1485209215458657,5.305087297938151
pullback_200-40-60,pullback,"[200, 40, 60]",base,test,0.4785628307989722,0.11612847189628583,0.11002992894930219,1.0534893783355959,-0.09060481571014667,0.009366285643538723,0.007768962178440031,0.08186582534351627,-0.04258254038549758,0.5581395348837209,0.0,0.0,43,0.2443870936865484,7.15619396932913
pullback_200-40-60,pullback,"[200, 40, 60]",base,full,1.5400461309280709,0.08404273876709634,0.09806203564261393,0.8720047901844388,-0.12072326637020259,0.006949599410895236,0.0,0.10224815254453046,-0.04901230259216427,0.43884892086330934,0.007194244604316547,0.0,139,0.17806127070773184,5.875490143777282
pullback_200-40-60,pullback,"[200, 40, 60]",balanced,train,1.0299199325338302,0.09262977500738523,0.12303656061790913,0.781645981087005,-0.1587744825070586,0.007784794189494821,0.0,0.13787732128990582,-0.0662536073307789,0.3854166666666667,0.010416666666666666,0.0,96,0.19811320754716982,7.069513406156902
pullback_200-40-60,pullback,"[200, 40, 60]",balanced,test,0.6661820620700198,0.1542235213998837,0.14688185177966667,1.0497948365399472,-0.1192651456861974,0.0123522391922337,0.009620366956359039,0.11002671095421368,-0.05668007293983501,0.5581395348837209,0.023255813953488372,0.0,43,0.32608695652173914,9.551839464882944
pullback_200-40-60,pullback,"[200, 40, 60]",balanced,full,2.3822161790262597,0.1112505883495074,0.13083347594301833,0.8717254955328262,-0.1587744825070586,0.00919774480185289,0.0,0.13787732128990582,-0.0662536073307789,0.43884892086330934,0.014388489208633094,0.0,139,0.23754723462727584,7.83442116111302
pullback_200-40-60,pullback,"[200, 40, 60]",aggressive,train,1.7634118854940728,0.13562645156097375,0.1845548409268637,0.7816459810870048,-0.2316216818210387,0.011508115110164563,0.0,0.21149670130391574,-0.10234736913993603,0.375,0.03125,0.010416666666666666,96,0.2971698113207547,10.604270109235353
pullback_200-40-60,pullback,"[200, 40, 60]",aggressive,test,1.0901611699783071,0.23012762340477178,0.22032277766950004,1.049794836539947,-0.1743633176012508,0.01820910889815441,0.012225321031444691,0.16765416899829688,-0.08470999960934533,0.5581395348837209,0.046511627906976744,0.0,43,0.4891304347826087,14.327759197324413
pullback_200-40-60,pullback,"[200, 40, 60]",aggressive,full,4.775976219716249,0.16394519486567338,0.19625021391452752,0.8717254955328259,-0.2316216818210387,0.013581084411485164,0.0,0.21149670130391574,-0.10234736913993603,0.4316546762589928,0.03597122302158273,0.007194244604316547,139,0.3563208519409138,11.75163174166953
pullback_200-40-65,pullback,"[200, 40, 65]",base,train,0.7606271215061826,0.07334396413746225,0.10534486245553347,0.7246837879263874,-0.14213963721568257,0.006145569976384181,0.0,0.11356315747419732,-0.04919632018326592,0.375,0.010416666666666666,0.0,96,0.19847600320520195,4.9028438235567195
pullback_200-40-65,pullback,"[200, 40, 65]",base,test,0.40173351188048323,0.09952136682093404,0.12931819532402164,0.7981891670119492,-0.13112031966909954,0.008218698674535717,0.0,0.08639321246696108,-0.05300424471274634,0.4883720930232558,0.0,0.0,43,0.3139021925319637,6.089132560772905
pullback_200-40-65,pullback,"[200, 40, 65]",base,full,1.4679300381408829,0.08134317633761312,0.11325413233222136,0.7472058313192254,-0.14213963721568257,0.006786897559265591,0.0,0.11356315747419732,-0.05300424471274634,0.41007194244604317,0.007194244604316547,0.0,139,0.23404360603107113,5.268388652578677
pullback_200-40-65,pullback,"[200, 40, 65]",balanced,train,1.1625050510647221,0.10131415179832715,0.1440069799543264,0.7423285785576246,-0.1861827988514143,0.0085239473275982,0.0,0.17795758460159683,-0.0662536073307789,0.375,0.020833333333333332,0.0,96,0.2722473814103649,6.520606905303552
pullback_200-40-65,pullback,"[200, 40, 65]",balanced,test,0.5232882569762747,0.12551206169146978,0.17685835834166688,0.7567984333538771,-0.17166695345254657,0.010464187677635642,0.0,0.11619085313765476,-0.07027892887506726,0.4883720930232558,0.023255813953488372,0.0,43,0.42620796577331393,8.141975990472734
pullback_200-40-65,pullback,"[200, 40, 65]",balanced,full,2.2941185499387866,0.10871455110266615,0.15484531497577514,0.7439912858361851,-0.1861827988514143,0.009124165565379568,0.0,0.17795758460159683,-0.07027892887506726,0.41007194244604317,0.02158273381294964,0.0,139,0.3196890317619847,7.020218059338851
pullback_200-40-65,pullback,"[200, 40, 65]",aggressive,train,2.0096765620870705,0.14782155852621437,0.21634308743929123,0.7458246101378566,-0.26942914729503675,0.01259278707594981,0.0,0.278981433280423,-0.10234736913993603,0.375,0.020833333333333332,0.010416666666666666,96,0.40958160527687265,9.772368897269617
pullback_200-40-65,pullback,"[200, 40, 65]",aggressive,test,0.797615655617107,0.17910811350506406,0.2657041524680885,0.7525574400980786,-0.24824779748193737,0.015168733252898999,0.0,0.1772863797932216,-0.10424092755460634,0.4883720930232558,0.06976744186046512,0.023255813953488372,43,0.6396321070234113,12.220735785953178
pullback_200-40-65,pullback,"[200, 40, 65]",aggressive,full,4.410241706351589,0.15737271465049574,0.2326282090870688,0.7447479549944795,-0.26942914729503675,0.01338966251198445,0.0,0.278981433280423,-0.10424092755460634,0.41007194244604317,0.03597122302158273,0.014388489208633094,139,0.48046971934992155,10.526812421539338
breakout_20-10,breakout,"[20, 10]",base,train,3.642815260851246,0.21179859244221944,0.1584727738875248,1.2919706030139722,-0.1832443863329094,0.017394929354105543,0.0,0.15214822661457372,-0.11271465626600252,0.4791666666666667,0.09375,0.010416666666666666,96,0.5422813043450275,15.191475736142646
breakout_20-10,breakout,"[20, 10]",base,test,1.535720800923872,0.29875377844846995,0.19490612447229008,1.438306347128258,-0.1572227659534785,0.02361085234597293,0.014411206398929899,0.19457128708901505,-0.09858301721582319,0.5813953488372093,0.11627906976744186,0.0,43,0.604538879260638,17.228159328536606
breakout_20-10,breakout,"[20, 10]",base,full,10.772883231787299,0.23795366086821002,0.1705110507116665,1.337364168908414,-0.1832443863329094,0.01931784078324438,0.003511657190542694,0.19457128708901505,-0.11271465626600252,0.5107913669064749,0.10071942446043165,0.007194244604316547,139,0.5614654488655711,15.819062538745662
breakout_20-10,breakout,"[20, 10]",balanced,train,7.207693376083203,0.30134103250164723,0.22539267193466084,1.2821842491670226,-0.2491674657723435,0.02479854336556327,0.0,0.261279493663209,-0.1500473680422144,0.4791666666666667,0.13541666666666666,0.020833333333333332,96,0.7475114918829412,20.556217965759384
breakout_20-10,breakout,"[20, 10]",balanced,test,2.321150568081681,0.40103492489352033,0.27938488834292746,1.3458838316666677,-0.22744420824952005,0.03174227614273974,0.013956611350837367,0.29362196789654815,-0.12986309998814338,0.5813953488372093,0.20930232558139536,0.023255813953488372,43,0.8786437640823579,23.85462104732545
breakout_20-10,breakout,"[20, 10]",balanced,full,26.258985518618978,0.3312802065132163,0.24327440454955992,1.298167185425051,-0.2491674657723435,0.02694660458440204,0.0048504886656037804,0.29362196789654815,-0.1500473680422144,0.5107913669064749,0.15827338129496402,0.02158273381294964,139,0.7879187911487869,21.57259294486099
breakout_20-10,breakout,"[20, 10]",aggressive,train,19.61189623970069,0.4602521902901828,0.3418042524644768,1.280279437805992,-0.3685958434830474,0.03811806034851444,0.0,0.43338110735446866,-0.2308753858737861,0.4791666666666667,0.23958333333333334,0.052083333333333336,96,1.126600007360131,30.937276841760102
breakout_20-10,breakout,"[20, 10]",aggressive,test,4.479339770953423,0.6126335487624361,0.4217460918751945,1.3418281356247352,-0.32920126084635015,0.04812362687414688,0.006700568350296532,0.45620379414558565,-0.19013373984060555,0.5813953488372093,0.32558139534883723,0.09302325581395349,43,1.3279060381167949,35.875387111205974
breakout_20-10,breakout,"[20, 10]",aggressive,full,111.9395828209574,0.5056054471046973,0.3682366908186878,1.2957462382169307,-0.3685958434830474,0.041213307547091384,0.005545322013306597,0.45620379414558565,-0.2308753858737861,0.5107913669064749,0.26618705035971224,0.06474820143884892,139,1.188630756102394,32.458913705962416
breakout_50-10,breakout,"[50, 10]",base,train,3.384633932135002,0.20315436621372385,0.14237888966606108,1.3707781653254067,-0.1533911552295184,0.01650017985071491,0.00016639847467569968,0.1435741296349633,-0.11638944168468113,0.5,0.0625,0.010416666666666666,96,0.44891209484620476,11.779579516146688
breakout_50-10,breakout,"[50, 10]",base,test,1.0696690987270516,0.22672744958739033,0.1784923627670051,1.2338614142907383,-0.14863083471672356,0.01824958093806195,0.005058782715867238,0.16607697510223596,-0.08542048972830141,0.5813953488372093,0.046511627906976744,0.0,43,0.5023187527254042,13.353852097300486
breakout_50-10,breakout,"[50, 10]",base,full,8.074741358569895,0.21036951699054462,0.15438015901349514,1.3142455059103515,-0.1533911552295184,0.01704136148205248,0.0017880642911753952,0.16607697510223596,-0.11638944168468113,0.5251798561151079,0.05755395683453238,0.007194244604316547,139,0.46536890423048566,12.264678281277213
breakout_50-10,breakout,"[50, 10]",balanced,train,6.323275640493137,0.28290798844485643,0.19905692592301638,1.352117923764345,-0.2050363576204287,0.022973264132596788,0.00022184853725504272,0.261725976917184,-0.1530810844557059,0.5,0.125,0.020833333333333332,96,0.6107467766865181,15.84221360933571
breakout_50-10,breakout,"[50, 10]",balanced,test,1.5974655066349333,0.307561570462042,0.24944518200846993,1.1992206477777916,-0.19503581898085942,0.024669618084797375,0.006146633403478097,0.2217797607673575,-0.11284509096655027,0.5581395348837209,0.18604651162790697,0.023255813953488372,43,0.7147156513036679,18.287833434169478
breakout_50-10,breakout,"[50, 10]",balanced,full,18.02195587176072,0.2904548200647943,0.21579897065075113,1.290043344068166,-0.2050363576204287,0.023498035499104883,0.0021948075265958433,0.261725976917184,-0.1530810844557059,0.5179856115107914,0.14388489208633093,0.02158273381294964,139,0.6427839050037917,16.595810649141924
breakout_50-10,breakout,"[50, 10]",aggressive,train,16.827410584769275,0.4339741825174548,0.30078499075427456,1.3507824001805122,-0.29947807664973825,0.03515297178276083,0.00033272451894450494,0.43416819749273605,-0.2308753858737861,0.5,0.1875,0.03125,96,0.9186256445797676,23.795602234446257
breakout_50-10,breakout,"[50, 10]",aggressive,test,2.844214499172381,0.4598014053072963,0.3754593246775677,1.1938409677302526,-0.281625306179733,0.0368100368676957,0.008850639579946584,0.33850270822608297,-0.16615675067587676,0.5581395348837209,0.20930232558139536,0.046511627906976744,43,1.077229255132232,27.44707276547908
breakout_50-10,breakout,"[50, 10]",aggressive,full,67.53239025266939,0.44188353500087807,0.32556191973168364,1.2876802459361198,-0.29947807664973825,0.035665589039251475,0.00272455970478358,0.43416819749273605,-0.2308753858737861,0.5179856115107914,0.19424460431654678,0.03597122302158273,139,0.9674980041350959,24.92077195836809
breakout_50-20,breakout,"[50, 20]",base,train,3.7901201807685476,0.2165438101391859,0.1639788127145741,1.2780029985776757,-0.1779645526658994,0.01776222946353954,0.0002519117039208041,0.13222156598371804,-0.13422997920089774,0.5104166666666666,0.08333333333333333,0.010416666666666666,96,0.5520598954675591,8.17073706171257
breakout_50-20,breakout,"[50, 20]",base,test,1.0360598638028167,0.22109800136403535,0.1990389854556483,1.1029739116669826,-0.21153687711845381,0.018157883062934862,0.0034336856384737935,0.14927336224648613,-0.09092879952132593,0.5581395348837209,0.11627906976744186,0.0,43,0.6132700565954706,9.712142820269522
breakout_50-20,breakout,"[50, 20]",base,full,8.752971442854722,0.21794533210421307,0.17549566951363887,1.2116390067413831,-0.21153687711845337,0.017884625900762556,0.0007462657249570626,0.14927336224648613,-0.13422997920089774,0.5251798561151079,0.09352517985611511,0.007194244604316547,139,0.570921288298798,8.645708193772201
breakout_50-20,breakout,"[50, 20]",balanced,train,7.071807596470746,0.29862552074949966,0.2330629610144504,1.2388843210465992,-0.2659012021534276,0.024649781628250014,0.0,0.23503362719351273,-0.179130381588404,0.4895833333333333,0.17708333333333334,0.03125,96,0.7631095327053276,10.914524964475236
breakout_50-20,breakout,"[50, 20]",balanced,test,1.6812271411988968,0.31927254645579595,0.2936409191300334,1.090067086155637,-0.28318790339852085,0.026457786803253495,0.005540811871945106,0.2565158836527017,-0.11997911353596225,0.5348837209302325,0.23255813953488372,0.023255813953488372,43,0.9225648767849661,13.23146279879522
breakout_50-20,breakout,"[50, 20]",balanced,full,20.64234960619278,0.3049530453331939,0.25322852573604243,1.1783757864691187,-0.28318790339852074,0.025209092581668355,0.00044369707451008544,0.2565158836527017,-0.179130381588404,0.5035971223021583,0.19424460431654678,0.02877697841726619,139,0.8122443467346768,11.628469738568342
breakout_50-20,breakout,"[50, 20]",aggressive,train,18.60687775395803,0.45114725011443313,0.3527198776199778,1.2344383009938562,-0.3918577436526339,0.0376354789069865,0.0,0.3861821148709854,-0.2608574182508362,0.4895833333333333,0.22916666666666666,0.10416666666666667,96,1.148964160994869,16.392158747420616
breakout_50-20,breakout,"[50, 20]",aggressive,test,2.9810508422877433,0.47421638398647037,0.44412494102241024,1.0949930273097719,-0.39835246121915735,0.04008705818331587,0.0077234557660925685,0.4054600908358619,-0.17623890047515223,0.5348837209302325,0.3023255813953488,0.09302325581395349,43,1.39902991723994,19.81961813502787
breakout_50-20,breakout,"[50, 20]",aggressive,full,77.05597719702746,0.4582170630710283,0.38314112825489494,1.1773630029046442,-0.39835246121915724,0.03839388112916034,0.0006654490378890099,0.4054600908358619,-0.2608574182508362,0.5035971223021583,0.2517985611510791,0.10071942446043165,139,1.2260198062548584,17.44830133439544
breakout_100-10,breakout,"[100, 10]",base,train,2.607995210618407,0.17416036998453266,0.12943129105917442,1.3055730622846224,-0.13304464607875244,0.014279791606348536,0.0,0.160004043361325,-0.09243697295552011,0.4270833333333333,0.041666666666666664,0.0,96,0.3883616395764569,9.841489086482584
breakout_100-10,breakout,"[100, 10]",base,test,1.11982836183449,0.2350079732631074,0.15329154861385128,1.4535836205646915,-0.10650400409192273,0.01853780571170289,0.004589596346429303,0.16248893618603022,-0.05862744293515909,0.5813953488372093,0.023255813953488372,0.0,43,0.4161107867943483,10.761380306658713
breakout_100-10,breakout,"[100, 10]",base,full,6.648330576831897,0.19258341489060582,0.13720869134656982,1.3524826239800438,-0.13304464607875244,0.015597018991458156,0.0,0.16248893618603022,-0.09243697295552011,0.4748201438848921,0.03597122302158273,0.0,139,0.39691230431518887,10.124945776450975
breakout_100-10,breakout,"[100, 10]",balanced,train,4.498846805582895,0.23772978864177485,0.18196312734002199,1.2638184517091031,-0.2005847747559545,0.01964037252499723,0.0,0.29286028753285165,-0.15916999162246437,0.4270833333333333,0.10416666666666667,0.010416666666666666,96,0.5278475974934166,13.265048170150255
breakout_100-10,breakout,"[100, 10]",balanced,test,1.7111962538795402,0.3233986987724635,0.21347143997499626,1.4191356702216027,-0.1656525979154716,0.025149319683697383,0.00591713560202245,0.2213357607986608,-0.07804587879983349,0.5581395348837209,0.16279069767441862,0.0,43,0.5833823590951764,14.638682924585373
breakout_100-10,breakout,"[100, 10]",balanced,full,13.90845285995383,0.26351945630020057,0.19219788815053404,1.313518450140742,-0.2005847747559545,0.021344579199990804,0.0,0.29286028753285165,-0.15916999162246437,0.4676258992805755,0.1223021582733813,0.007194244604316547,139,0.5449601640192765,13.688322087954548
breakout_100-10,breakout,"[100, 10]",aggressive,train,10.645760631243952,0.35957549102333064,0.27500462521473434,1.255959498574144,-0.29810156176895086,0.02991835713328804,0.0,0.48837352823682156,-0.24462518287286528,0.4270833333333333,0.17708333333333334,0.020833333333333332,96,0.7937307029520334,19.924320135026957
breakout_100-10,breakout,"[100, 10]",aggressive,test,3.1927364907402485,0.4958300720185871,0.3213765181541708,1.4128345765220813,-0.24682960538975263,0.03767684924042881,0.00860389299465969,0.34090739126586067,-0.11663294443537353,0.5581395348837209,0.20930232558139536,0.023255813953488372,43,0.8786065654832897,21.971325400839596
breakout_100-10,breakout,"[100, 10]",aggressive,full,47.827605561042695,0.4001827049655309,0.2900460738298947,1.306263028756804,-0.29810156176895086,0.03231846620240353,0.0,0.48837352823682156,-0.24462518287286528,0.4676258992805755,0.18705035971223022,0.02158273381294964,139,0.8198844812723827,20.555087473891245
breakout_100-20,breakout,"[100, 20]",base,train,3.1720822943885443,0.1956969277518692,0.14969465152322134,1.2692892421185888,-0.15762779459834397,0.01611778494614857,0.0,0.16472678454008283,-0.08251337084355814,0.4791666666666667,0.08333333333333333,0.0,96,0.48480124826371984,6.455354254458597
breakout_100-20,breakout,"[100, 20]",base,test,1.262619313443802,0.25783389871647966,0.17762880318661306,1.380284773792861,-0.16398892461170078,0.020436479546730654,0.0028986996532129883,0.15701681713498505,-0.05378540253896813,0.5348837209302325,0.06976744186046512,0.0,43,0.5234169815085354,7.634226825676451
breakout_100-20,breakout,"[100, 20]",base,full,8.439833976560465,0.21450945251853915,0.15880391501131125,1.3035368562341816,-0.163988924611701,0.017453783995249505,0.0,0.16472678454008283,-0.08251337084355814,0.49640287769784175,0.07913669064748201,0.0,139,0.496700359469697,6.818613854727375
breakout_100-20,breakout,"[100, 20]",balanced,train,5.681686055000213,0.26827418363610267,0.21218558315485256,1.2270032104324655,-0.26307245019856496,0.0222690748549464,0.0,0.2656269814535601,-0.12937008224296676,0.4479166666666667,0.14583333333333334,0.03125,96,0.6631210114458116,8.676008825547182
breakout_100-20,breakout,"[100, 20]",balanced,test,1.9765274862471522,0.3585711228149322,0.2535943620100609,1.3350257159724577,-0.2145436281491565,0.02821719557664101,0.003858919975851638,0.23405845475950704,-0.0833248013716491,0.5348837209302325,0.23255813953488372,0.0,43,0.7548026701600158,10.171592791231333
breakout_100-20,breakout,"[100, 20]",balanced,full,18.888222197182426,0.2954393996575446,0.22572346437837484,1.2601696612132482,-0.26307245019856496,0.024109140977485018,0.0,0.2656269814535601,-0.12937008224296676,0.4748201438848921,0.17266187050359713,0.02158273381294964,139,0.6913719382292679,9.136860360146523
breakout_100-20,breakout,"[100, 20]",aggressive,train,13.898684022326192,0.40213268365836274,0.32127263304051196,1.2144947291903658,-0.38763713956554235,0.033819914173831976,0.0,0.4400661358514826,-0.20337703653625316,0.4479166666666667,0.20833333333333334,0.0625,96,0.997932823080968,13.026215590407137
breakout_100-20,breakout,"[100, 20]",aggressive,test,3.7344176890363387,0.5477720377813577,0.3829279208824923,1.331516616404485,-0.3075859752824882,0.04254622709915828,0.005770309529445683,0.36139475229627216,-0.12644883914731586,0.5348837209302325,0.3023255813953488,0.023255813953488372,43,1.1412135218887494,15.253754617280464
breakout_100-20,breakout,"[100, 20]",aggressive,full,69.53659317866429,0.4454860181976521,0.3414106461509014,1.2508856509799868,-0.38763713956554235,0.03651942105001205,0.0,0.4400661358514826,-0.20337703653625316,0.4748201438848921,0.23741007194244604,0.050359712230215826,139,1.042083557134757,13.712612879003967
breakout_100-50,breakout,"[100, 50]",base,train,6.211929663620897,0.2804509484869713,0.17864843823979465,1.4739183263242732,-0.19333993555311813,0.022146591322567008,0.001156146249515544,0.18222688719003788,-0.1041458923685904,0.5,0.07291666666666667,0.010416666666666666,96,0.6016462725417415,4.389405667229231
breakout_100-50,breakout,"[100, 50]",base,test,1.5816364371729277,0.30531805188269456,0.20005160089423946,1.4322139046639986,-0.1854404410189675,0.023887102354239634,0.005542121086361762,0.16879792878725852,-0.05880606315811987,0.5581395348837209,0.11627906976744186,0.0,43,0.6635987255252908,5.532030644336836
breakout_100-50,breakout,"[100, 50]",base,full,17.618580401932,0.28806261397845345,0.1854735274127916,1.4582305406483422,-0.19333993555311813,0.022685022792796668,0.00297978748648986,0.18222688719003788,-0.1041458923685904,0.5179856115107914,0.08633093525179857,0.007194244604316547,139,0.6207363963226565,4.741495878313231
breakout_100-50,breakout,"[100, 50]",balanced,train,16.43544219186891,0.4299907269342782,0.2705678953723231,1.4585750660234833,-0.2982677836691071,0.03334340231449654,0.0,0.3049344682700168,-0.15758205846757456,0.4895833333333333,0.1875,0.03125,96,0.8943173081176169,5.085271539957383
breakout_100-50,breakout,"[100, 50]",balanced,test,2.52397567787617,0.42456242261898436,0.3038318712383319,1.316750528736165,-0.27331663256628,0.0333854842165618,0.006667891147694505,0.28828681051093663,-0.10135213686284983,0.5581395348837209,0.27906976744186046,0.023255813953488372,43,1.0102532777281001,6.992164091803952
breakout_100-50,breakout,"[100, 50]",balanced,full,60.44207421716187,0.4283158397041298,0.28118484309830466,1.4094498284988581,-0.2982677836691071,0.03335642045686205,0.003858919975851638,0.3049344682700168,-0.15758205846757456,0.5107913669064749,0.2158273381294964,0.02877697841726619,139,0.9300419954211564,5.672864332470737
breakout_100-50,breakout,"[100, 50]",aggressive,train,57.23752843332822,0.6629128277666401,0.4107627137654976,1.4461126339530903,-0.4363411755877231,0.05055861272944048,0.0,0.5092969338427096,-0.22992565385479702,0.4895833333333333,0.2916666666666667,0.0625,96,1.3507786014424623,7.456498534684095
breakout_100-50,breakout,"[100, 50]",aggressive,test,4.851759636827567,0.6427018387558223,0.46286516189346943,1.3036992388325217,-0.392452230094558,0.0504811083769416,0.009967592061039587,0.4533773944996238,-0.15602488457279728,0.5581395348837209,0.37209302325581395,0.06976744186046512,43,1.542037258718059,10.415667476259244
breakout_100-50,breakout,"[100, 50]",aggressive,full,339.7920182347479,0.6566586172593014,0.4274146833845112,1.3965693569804103,-0.4363411755877231,0.05053463656284011,0.0022339661959698276,0.5092969338427096,-0.22992565385479702,0.5107913669064749,0.31654676258992803,0.06474820143884892,139,1.4097133371264918,8.368341386141639
single_rotation_21-5-200,single_rotation,"[21, 5, 200]",base,train,4.208952803374932,0.22937046105337067,0.2039965327218346,1.1141998533968853,-0.3301432877334266,0.019140539266297708,0.0,0.2436377290601881,-0.10389395810364865,0.4583333333333333,0.11458333333333333,0.010416666666666666,96,0.36178642071502887,17.769460992228545
single_rotation_21-5-200,single_rotation,"[21, 5, 200]",base,test,2.239718608997921,0.391297831931096,0.23543740268779034,1.520363084571939,-0.15779548218638884,0.02999345822395308,0.019143409053234528,0.2372514161722521,-0.10193324658251934,0.5348837209302325,0.16279069767441862,0.023255813953488372,43,0.42315376825819623,18.35853915664385
single_rotation_21-5-200,single_rotation,"[21, 5, 200]",base,full,15.875541330485682,0.27714873753422786,0.21416999719175062,1.2492594233140029,-0.3301432877334266,0.022497917073342172,0.0,0.2436377290601881,-0.10389395810364865,0.48201438848920863,0.12949640287769784,0.014388489208633094,139,0.3806962492090932,17.950980440349646
single_rotation_21-5-200,single_rotation,"[21, 5, 200]",balanced,train,13.668274122535287,0.399400939292446,0.3506186030274288,1.1331561476223362,-0.505161793751167,0.033904911155654846,0.0,0.4570900591176974,-0.17701089585123997,0.4375,0.20833333333333334,0.0625,96,0.6258594236373446,30.458516820249955
single_rotation_21-5-200,single_rotation,"[21, 5, 200]",balanced,test,5.702551274251115,0.7065577019859361,0.40256130965257325,1.528094800527954,-0.2668219056615707,0.05190886175380626,0.03195601734691578,0.38434461676169573,-0.17287818932888455,0.5348837209302325,0.37209302325581395,0.06976744186046512,43,0.7375645282295027,31.64297396222539
single_rotation_21-5-200,single_rotation,"[21, 5, 200]",balanced,full,97.31485941106341,0.48763858276950867,0.36739242776303066,1.2641335476356994,-0.505161793751167,0.039474478606881545,0.0,0.4570900591176974,-0.17701089585123997,0.4676258992805755,0.2589928057553957,0.06474820143884892,139,0.6602804057119462,30.82349725870821
single_rotation_21-5-200,single_rotation,"[21, 5, 200]",aggressive,train,43.2258789035557,0.6066224774092004,0.549147768009983,1.1366354338178413,-0.6919500712611311,0.05411294957737095,0.0,0.7886323286546664,-0.2683155654042604,0.4270833333333333,0.2604166666666667,0.14583333333333334,96,0.9811807325593479,47.67183257375189
single_rotation_21-5-200,single_rotation,"[21, 5, 200]",aggressive,test,14.278103150518612,1.1510389287384788,0.6299822459615968,1.5280273748484883,-0.39924721210598746,0.08179483115202416,0.04686174403891297,0.6121064703934811,-0.26050959151792696,0.5348837209302325,0.46511627906976744,0.13953488372093023,43,1.1578286716486716,49.49629683718857
single_rotation_21-5-200,single_rotation,"[21, 5, 200]",aggressive,full,674.6875398108706,0.7577859164999827,0.5752427597802209,1.2663716088988346,-0.6919500712611311,0.06267640934506942,0.0,0.7886323286546664,-0.2683155654042604,0.460431654676259,0.3237410071942446,0.14388489208633093,139,1.0356132991560925,48.23402578718462
single_rotation_21-21-200,single_rotation,"[21, 21, 200]",base,train,2.993374226707308,0.1891650764896522,0.21364831362538925,0.9173288277933159,-0.3298218557807957,0.016736339925566755,0.0,0.2527936281649059,-0.13410768963945863,0.4375,0.10416666666666667,0.010416666666666666,96,0.3781490540748479,9.608398953825061
single_rotation_21-21-200,single_rotation,"[21, 21, 200]",base,test,1.5159086656061302,0.29589494722971255,0.23912923519228554,1.2034016411408075,-0.18638430147264784,0.024105388672783345,0.012857370991259165,0.3294355719789499,-0.11691206392086806,0.5581395348837209,0.06976744186046512,0.023255813953488372,43,0.43869212834451937,10.429532296830976
single_rotation_21-21-200,single_rotation,"[21, 21, 200]",base,full,9.046964821981069,0.22108064001320482,0.22178681085674404,1.0111865335398558,-0.3298218557807957,0.019015973710676922,0.0,0.3294355719789499,-0.13410768963945863,0.4748201438848921,0.09352517985611511,0.014388489208633094,139,0.396804889739532,9.86142424021335
single_rotation_21-21-200,single_rotation,"[21, 21, 200]",balanced,train,9.018461538879691,0.3342105177332404,0.37014880385371884,0.9623824671805056,-0.49746223102486775,0.031071274610680478,0.0,0.4732643465797466,-0.23129693864589274,0.4479166666666667,0.17708333333333334,0.08333333333333333,96,0.6587448195569651,16.501878756051063
single_rotation_21-21-200,single_rotation,"[21, 21, 200]",balanced,test,3.2832358030811397,0.5048311810112547,0.4090386229476683,1.2035031853079015,-0.3070487899148162,0.04191743564259264,0.02120699913558144,0.6338553106472378,-0.19819421291900252,0.5581395348837209,0.27906976744186046,0.09302325581395349,43,0.7642273895973345,17.90051095089233
single_rotation_21-21-200,single_rotation,"[21, 21, 200]",balanced,full,41.911433155121074,0.3846145490493804,0.3825035441552537,1.0409022027391062,-0.49746223102486775,0.03442656183637993,0.0,0.6338553106472378,-0.23129693864589274,0.48201438848920863,0.20863309352517986,0.08633093525179857,139,0.6912483803011119,16.93285542344118
single_rotation_21-21-200,single_rotation,"[21, 21, 200]",aggressive,train,22.57673514912456,0.48501495057069643,0.580212293621796,0.9676858222696909,-0.6759774996141312,0.05053151921021789,0.0,0.812994530561234,-0.35400423621453225,0.4270833333333333,0.21875,0.125,96,1.033598220450633,25.86002425603315
single_rotation_21-21-200,single_rotation,"[21, 21, 200]",aggressive,test,6.487728478664273,0.7605031800829383,0.640930356039916,1.2029314905137438,-0.44502959425119937,0.06703681187419314,0.031815341077853665,1.1312927150348129,-0.2982849844133615,0.5581395348837209,0.3488372093023256,0.13953488372093023,43,1.2001324499373949,28.049106792873808
single_rotation_21-21-200,single_rotation,"[21, 21, 200]",aggressive,full,175.53619121002453,0.5649639233454764,0.5994976467027641,1.0442555623239897,-0.6759774996141312,0.05563747305590806,0.0,1.1312927150348129,-0.35400423621453225,0.4676258992805755,0.2589928057553957,0.12949640287769784,139,1.0849143330750322,26.534571502871373
single_rotation_21-63-200,single_rotation,"[21, 63, 200]",base,train,2.188061430066276,0.15612112934536881,0.23484874133321335,0.733609347711081,-0.31338216000060204,0.014774388581904212,0.0,0.36869173756787244,-0.2468670633144624,0.3541666666666667,0.10416666666666667,0.010416666666666666,96,0.33478756584579,4.793127992865839
single_rotation_21-63-200,single_rotation,"[21, 63, 200]",base,test,1.1778743026242555,0.24441643850761063,0.24797908052811216,1.002122276821827,-0.31243407132984624,0.021399765086107893,0.0,0.3379398879253128,-0.09561362237847126,0.3953488372093023,0.13953488372093023,0.0,43,0.42673749484372,5.532905969808045
single_rotation_21-63-200,single_rotation,"[21, 63, 200]",base,full,5.943197063728896,0.1826392314339198,0.23893913401298375,0.8193434020167267,-0.31338216000060204,0.016823965486082327,0.0,0.36869173756787244,-0.2468670633144624,0.3669064748201439,0.11510791366906475,0.007194244604316547,139,0.3631211578454957,5.021084312109108
single_rotation_21-63-200,single_rotation,"[21, 63, 200]",balanced,train,5.014572453265568,0.2516915449938655,0.39631283270449225,0.76034940277631,-0.46211626089734303,0.02654041846405615,0.0,0.7032422272812637,-0.3702074349978651,0.34375,0.1875,0.052083333333333336,96,0.5765845631590482,7.728984020443814
single_rotation_21-63-200,single_rotation,"[21, 63, 200]",balanced,test,2.203558972718387,0.38691761690109616,0.41153783133760813,0.9940512257125483,-0.4941063014146191,0.03679635003588375,0.0,0.6515260510981382,-0.1631508262669139,0.3953488372093023,0.20930232558139536,0.11627906976744186,43,0.7342166223834895,8.979948114378782
single_rotation_21-63-200,single_rotation,"[21, 63, 200]",balanced,full,18.26803754972376,0.29189154209156665,0.40100721177081583,0.8342481932941747,-0.49410630141461853,0.02971311672008915,0.0,0.7032422272812637,-0.3702074349978651,0.3597122302158273,0.19424460431654678,0.07194244604316546,139,0.6251575473996266,8.114458012975476
single_rotation_21-63-200,single_rotation,"[21, 63, 200]",aggressive,train,9.02894455455012,0.33438512082618876,0.618533462924183,0.7661882172319205,-0.6311333058589824,0.043370569495195,0.0,1.230580826646753,-0.5311167774463788,0.34375,0.19791666666666666,0.125,96,0.9030067677503746,11.930987446316724
single_rotation_21-63-200,single_rotation,"[21, 63, 200]",aggressive,test,3.7352459141520535,0.5478481001081552,0.6416494932511316,0.987859662024958,-0.6759045373915727,0.06030537633425395,0.0,1.1659383070459897,-0.24779706146618186,0.3953488372093023,0.2558139534883721,0.23255813953488372,43,1.1502652353970204,13.950811919824089
single_rotation_21-63-200,single_rotation,"[21, 63, 200]",aggressive,full,46.48951872519103,0.3968186774468021,0.6256542110857726,0.8362434591744315,-0.6759045373915722,0.04860939463245784,0.0,1.230580826646753,-0.5311167774463788,0.3597122302158273,0.2158273381294964,0.15827338129496402,139,0.9791973708005434,12.553379254195839
single_rotation_63-5-200,single_rotation,"[63, 5, 200]",base,train,11.638329489737618,0.37356103754201997,0.2709643929670834,1.2932233459949032,-0.31491730943613394,0.02934882854071774,0.00145804001937333,0.4138127590898406,-0.10841649054974756,0.5104166666666666,0.125,0.010416666666666666,96,0.3321347951040877,9.590633294142172
single_rotation_63-5-200,single_rotation,"[63, 5, 200]",base,test,1.5661861100816696,0.30311865445772956,0.25029219428347516,1.1812640612212726,-0.24688009471048855,0.024587579971764348,0.014119409630499069,0.2984410722394535,-0.07415600638488928,0.5348837209302325,0.11627906976744186,0.0,43,0.4329012086475013,17.89364351119496
single_rotation_63-5-200,single_rotation,"[63, 5, 200]",base,full,31.43230559120026,0.35145819077418494,0.26472851290536864,1.2599503677924981,-0.31491730943613394,0.02787592430715662,0.00368869913023806,0.4138127590898406,-0.10841649054974756,0.5179856115107914,0.1223021582733813,0.007194244604316547,139,0.3631851121595469,12.149135583629068
single_rotation_63-5-200,single_rotation,"[63, 5, 200]",balanced,train,60.627287936824565,0.6747261376502078,0.4627715118634621,1.3102829932356377,-0.48046251817730246,0.051272845586948224,0.0003255332593424809,0.6917933452376537,-0.1844871013411421,0.5,0.23958333333333334,0.052083333333333336,96,0.5732738866238344,16.10666173451664
single_rotation_63-5-200,single_rotation,"[63, 5, 200]",balanced,test,3.498518204658886,0.5257066007050772,0.4262445974644696,1.1987792518050133,-0.38640005600624283,0.042996893633057996,0.024211279397620578,0.560259309321997,-0.12758929247760342,0.5348837209302325,0.2558139534883721,0.06976744186046512,43,0.7496413881219793,30.100208852141833
single_rotation_63-5-200,single_rotation,"[63, 5, 200]",balanced,full,276.23147668756036,0.6273181042342375,0.4517665488884353,1.2771385936073565,-0.48046251817730246,0.04871265901128434,0.004502599062311319,0.6917933452376537,-0.1844871013411421,0.5107913669064749,0.2446043165467626,0.05755395683453238,139,0.6276200387515691,20.41865478312873
single_rotation_63-5-200,single_rotation,"[63, 5, 200]",aggressive,train,375.63662153638995,1.1004389843823463,0.7247781088323938,1.3130477995172127,-0.6591565201801394,0.08144484038179255,0.0,1.0167386396645965,-0.2791772436770301,0.4895833333333333,0.3229166666666667,0.10416666666666667,96,0.8988728673758285,25.131719681265544
single_rotation_63-5-200,single_rotation,"[63, 5, 200]",aggressive,test,7.093911733498981,0.7994294305891576,0.6655094206317049,1.2025476312892922,-0.551085808641413,0.0682961656353896,0.036976162463748796,0.9647408035206217,-0.19588381564276913,0.5348837209302325,0.37209302325581395,0.18604651162790697,43,1.1740751522467772,46.89899040358074
single_rotation_63-5-200,single_rotation,"[63, 5, 200]",aggressive,full,3047.4635703187973,1.0026755029904186,0.7069446570087725,1.280195727055185,-0.6591565201801394,0.07737726474081896,0.0030199940117230373,1.0167386396645965,-0.2791772436770301,0.5035971223021583,0.3381294964028777,0.12949640287769784,139,0.9836741210787625,31.839119831700696
single_rotation_63-21-200,single_rotation,"[63, 21, 200]",base,train,7.954338750216312,0.3155954626039148,0.21818423854606905,1.3641570608184894,-0.2524876069655678,0.02533331893453043,0.0,0.27564448934587893,-0.13893328443639663,0.4791666666666667,0.14583333333333334,0.020833333333333332,96,0.334940635467447,5.55267627321345
single_rotation_63-21-200,single_rotation,"[63, 21, 200]",base,test,2.782241371483479,0.4531512623115088,0.25381737878778465,1.5975256517572547,-0.1630085747388682,0.03421401083034417,0.027291351021082377,0.3154049938334358,-0.09069647846107132,0.5581395348837209,0.11627906976744186,0.0,43,0.4555270273971549,8.569269842165891
single_rotation_63-21-200,single_rotation,"[63, 21, 200]",base,full,32.86747047534577,0.3565335027082892,0.22973125196464228,1.4402404056056575,-0.2524876069655678,0.028080583333954835,0.0027563987889163144,0.3154049938334358,-0.13893328443639663,0.5035971223021583,0.1366906474820144,0.014388489208633094,139,0.3720983110294354,6.482214037332426
single_rotation_63-21-200,single_rotation,"[63, 21, 200]",balanced,train,34.349266380024225,0.5622112204859955,0.37218238326465125,1.380063127070894,-0.40556410299245416,0.044638948660004674,0.0,0.5211407623560429,-0.23426666498665716,0.4791666666666667,0.21875,0.03125,96,0.5850416618488684,9.512536269820275
single_rotation_63-21-200,single_rotation,"[63, 21, 200]",balanced,test,7.915294740408147,0.8489610256828641,0.42921832319230047,1.6405034867587618,-0.27681956252316287,0.06059198013692119,0.038802352680213925,0.5942950533925957,-0.12363895854414186,0.5581395348837209,0.32558139534883723,0.06976744186046512,43,0.7814704892045424,13.942710518104688
single_rotation_63-21-200,single_rotation,"[63, 21, 200]",balanced,full,314.1491286351163,0.645477758605453,0.39061067635820085,1.4652334497142825,-0.40556410299245416,0.04957405911689252,0.004318186392963996,0.5942950533925957,-0.23426666498665716,0.5035971223021583,0.2517985611510791,0.04316546762589928,139,0.6455695416626916,10.877656950243194
single_rotation_63-21-200,single_rotation,"[63, 21, 200]",aggressive,train,169.2925578745543,0.9018506938410089,0.5827993764760894,1.3835048472236962,-0.5740430487106151,0.07204730507586099,0.0,0.907735088616223,-0.3498639636143518,0.4791666666666667,0.3125,0.11458333333333333,96,0.9189965226698703,14.876771777670477
single_rotation_63-21-200,single_rotation,"[63, 21, 200]",aggressive,test,22.52407901911387,1.4283310662466904,0.6704862296098091,1.6432917684483213,-0.42878085358046925,0.09690270325182343,0.05585448314910346,1.0246450768715873,-0.18852135268866566,0.5581395348837209,0.37209302325581395,0.16279069767441862,43,1.222451988403896,21.641947081853804
single_rotation_63-21-200,single_rotation,"[63, 21, 200]",aggressive,full,4004.9755878080377,1.0505951938230522,0.6111054661331633,1.468422795120216,-0.5740430487106151,0.07973638508712994,0.003307518897793793,1.0246450768715873,-0.3498639636143518,0.5035971223021583,0.33093525179856115,0.12949640287769784,139,1.0125037548112035,16.961403260958846
single_rotation_63-63-200,single_rotation,"[63, 63, 200]",base,train,5.683589473249831,0.2683193846604639,0.2297378000506952,1.1486483554567248,-0.31338216000060204,0.022380248953110943,0.0,0.25091240980455454,-0.2468670633144624,0.4895833333333333,0.11458333333333333,0.020833333333333332,96,0.34045792366818706,4.341914898029087
single_rotation_63-63-200,single_rotation,"[63, 63, 200]",base,test,1.8727234986795476,0.3450903067657207,0.25852970801658764,1.2728115267459998,-0.27324856369813577,0.028786764621469074,0.003928205146982666,0.3611499627856394,-0.15551397717999638,0.5348837209302325,0.11627906976744186,0.023255813953488372,43,0.41343142631630436,4.857572065490127
single_rotation_63-63-200,single_rotation,"[63, 63, 200]",base,full,18.20010453533202,0.29149660482088935,0.23894240406038397,1.1884455512541219,-0.31338216000060204,0.024362120706631803,0.0012583882756496134,0.3611499627856394,-0.2468670633144624,0.5035971223021583,0.11510791366906475,0.02158273381294964,139,0.3629440905783077,4.5008102876589575
single_rotation_63-63-200,single_rotation,"[63, 63, 200]",balanced,train,20.861963963312608,0.47105003208544804,0.38999928890579305,1.1820059530868487,-0.46211626089734303,0.03964551958650101,0.0,0.46824791294128776,-0.3702074349978651,0.4791666666666667,0.20833333333333334,0.03125,96,0.5903639405250815,7.129135579991814
single_rotation_63-63-200,single_rotation,"[63, 63, 200]",balanced,test,4.337639868153069,0.6008068164861944,0.4453106269438073,1.2694389342704269,-0.4340679440417533,0.05165119756788932,0.005115523040291725,0.6994749622829288,-0.2600741655464426,0.5348837209302325,0.18604651162790697,0.11627906976744186,43,0.7098254321354002,7.798113781822425
single_rotation_63-63-200,single_rotation,"[63, 63, 200]",balanced,full,115.69129044670312,0.5098707640452944,0.40777713295337736,1.2092995420329,-0.46211626089734303,0.043359506300167903,0.0,0.6994749622829288,-0.3702074349978651,0.49640287769784175,0.2014388489208633,0.05755395683453238,139,0.6271749875791715,7.335275548058479
single_rotation_63-63-200,single_rotation,"[63, 63, 200]",aggressive,train,76.041896225336,0.7221662419371253,0.6094823159430391,1.1902774438298747,-0.6311333058589824,0.06372244346747587,0.0,0.8005853124179558,-0.5311167774463788,0.4791666666666667,0.2708333333333333,0.08333333333333333,96,0.9262251906931945,11.095678084773633
single_rotation_63-63-200,single_rotation,"[63, 63, 200]",aggressive,test,9.300277132248992,0.9255117891801279,0.6973904196004144,1.2655632573919537,-0.6007044765248741,0.0855541805828207,0.0015148441971097881,1.2591293844448064,-0.3842702636033807,0.5116279069767442,0.2558139534883721,0.16279069767441862,43,1.1110516695891903,12.093643682949814
single_rotation_63-63-200,single_rotation,"[63, 63, 200]",aggressive,full,792.5528819149264,0.7824240525284538,0.637758083047633,1.2134287503778391,-0.6311333058589824,0.07047614631610773,0.0,1.2591293844448064,-0.5311167774463788,0.4892086330935252,0.26618705035971224,0.1079136690647482,139,0.9831779050764679,11.403192733198239
single_rotation_126-5-200,single_rotation,"[126, 5, 200]",base,train,10.181809277463735,0.3526771786371594,0.24881583472377103,1.3296450288028476,-0.1957827177329975,0.027754824210918183,0.0,0.2994378504949353,-0.09692591111247784,0.4791666666666667,0.125,0.0,96,0.34527138709581495,9.111207675802117
single_rotation_126-5-200,single_rotation,"[126, 5, 200]",base,test,1.8631978113437349,0.34383577845193103,0.24523855724656735,1.3265107898500637,-0.21926048235026918,0.027117553064956865,0.021379142261156447,0.22938401136658082,-0.10081541486917556,0.6046511627906976,0.13953488372093023,0.023255813953488372,43,0.441790490428646,10.26349617823243
single_rotation_126-5-200,single_rotation,"[126, 5, 200]",base,full,31.015731850097218,0.3499465931638728,0.247676989177521,1.3288848997873564,-0.2192604823502694,0.027557682777275477,0.003779671922201855,0.2994378504949353,-0.10081541486917556,0.5179856115107914,0.12949640287769784,0.007194244604316547,139,0.3750129314755983,9.466275620384733
single_rotation_126-5-200,single_rotation,"[126, 5, 200]",balanced,train,46.66676269900663,0.621755113408728,0.4293953938881775,1.3167127999851032,-0.2984983365295526,0.0476816355630274,0.0,0.5697381373596735,-0.1666896846853938,0.4791666666666667,0.21875,0.03125,96,0.588554723968322,14.990797385107314
single_rotation_126-5-200,single_rotation,"[126, 5, 200]",balanced,test,4.401630480268656,0.6061752905334086,0.4203745085079178,1.3333065434795217,-0.3565846751282754,0.04690559152544447,0.036596166972072686,0.41821040786680874,-0.17149252869874132,0.6046511627906976,0.32558139534883723,0.09302325581395349,43,0.7695464700670891,17.496361413243022
single_rotation_126-5-200,single_rotation,"[126, 5, 200]",balanced,full,256.4782382906869,0.6169382816366507,0.42656391405786237,1.3219116333911025,-0.3565846751282752,0.04744156438593341,0.004864222146726549,0.5697381373596735,-0.17149252869874132,0.5179856115107914,0.2517985611510791,0.050359712230215826,139,0.644325797912188,15.76286572356067
single_rotation_126-5-200,single_rotation,"[126, 5, 200]",aggressive,train,250.92852352076167,0.9973664045834765,0.6730690886175359,1.3140735034256783,-0.4417315568274205,0.07545583692615726,0.0,1.0008441597787976,-0.25546614004710333,0.46875,0.28125,0.11458333333333333,96,0.9202534830394881,23.255821582642305
single_rotation_126-5-200,single_rotation,"[126, 5, 200]",aggressive,test,9.804681820136661,0.9515482173250531,0.6584180294721266,1.3345714870286578,-0.5081900717275544,0.0737111647444524,0.05698247047673788,0.6924646099577467,-0.2593570597485364,0.6046511627906976,0.37209302325581395,0.18604651162790697,43,1.2073599228784029,27.333747103753616
single_rotation_126-5-200,single_rotation,"[126, 5, 200]",aggressive,full,2721.007538058645,0.9831344105579869,0.6684757698924318,1.3204494938634683,-0.5081900717275543,0.0749161181936874,0.004006353302401955,1.0008441597787976,-0.2593570597485364,0.5107913669064749,0.30935251798561153,0.1366906474820144,139,1.0087229012928398,24.512399800586948
single_rotation_126-21-200,single_rotation,"[126, 21, 200]",base,train,10.93945734001994,0.3638190762129623,0.24994794324511296,1.3574838696671934,-0.21492319379934222,0.028949728082874774,0.0,0.3337612242311039,-0.15180324070913154,0.4895833333333333,0.125,0.020833333333333332,96,0.3381144129837017,4.671052244697541
single_rotation_126-21-200,single_rotation,"[126, 21, 200]",base,test,2.1227123055993316,0.376994037642973,0.23766683115228462,1.464364000297109,-0.22237131183484493,0.029827998417950197,0.003116835059093992,0.23182195739585354,-0.12982317921988884,0.5116279069767442,0.20930232558139536,0.023255813953488372,43,0.4688780465444432,6.54500462759756
single_rotation_126-21-200,single_rotation,"[126, 21, 200]",base,full,36.2834903578585,0.3678653355852599,0.24618834903630823,1.3891417563440085,-0.2565989282382062,0.02922142322250243,0.0,0.3337612242311039,-0.15180324070913154,0.49640287769784175,0.1510791366906475,0.02158273381294964,139,0.37840811937462754,5.248494803083428
single_rotation_126-21-200,single_rotation,"[126, 21, 200]",balanced,train,55.3333561944031,0.6560102772408223,0.4348018329351915,1.3532108140345809,-0.3531574521738081,0.05126362963314368,0.0,0.6400244169654921,-0.254928889009162,0.4895833333333333,0.25,0.03125,96,0.5838903808278685,7.962628618298704
single_rotation_126-21-200,single_rotation,"[126, 21, 200]",balanced,test,5.840639375016876,0.7163628475049943,0.4095329077219709,1.521342380185875,-0.3612291478409021,0.0546452742161563,0.0036807999582844086,0.4331826756247592,-0.17326005168842096,0.5116279069767442,0.3488372093023256,0.09302325581395349,43,0.8116111205088762,10.85858441380338
single_rotation_126-21-200,single_rotation,"[126, 21, 200]",balanced,full,384.35617451028526,0.6743776559266594,0.4271058699275693,1.40260096582449,-0.37110640784365734,0.05230974989983103,0.0,0.6400244169654921,-0.254928889009162,0.49640287769784175,0.2805755395683453,0.050359712230215826,139,0.6540605984485706,8.854992874075995
single_rotation_126-21-200,single_rotation,"[126, 21, 200]",aggressive,train,324.6706347772743,1.062572575738915,0.6821668433366539,1.3511018251854392,-0.5092967467443372,0.08269511205771185,0.0,1.1277239392132907,-0.3785742513481729,0.46875,0.3020833333333333,0.09375,96,0.9143471206574693,12.395584618952189
single_rotation_126-21-200,single_rotation,"[126, 21, 200]",aggressive,test,14.91729463244345,1.1759498799497856,0.6409729879136875,1.5265923586206422,-0.5140295831933983,0.0885950122207236,0.0020997420720250126,0.7430890191755566,-0.2556948215159207,0.5116279069767442,0.37209302325581395,0.18604651162790697,43,1.270944423045455,16.902954676062745
single_rotation_126-21-200,single_rotation,"[126, 21, 200]",aggressive,full,5182.795446884749,1.0968643688957664,0.6696357620720678,1.4025353237100397,-0.5195662526923408,0.08452026102900326,0.0,1.1277239392132907,-0.3785742513481729,0.48201438848920863,0.3237410071942446,0.1223021582733813,139,1.0242295597650004,13.784492534180004
single_rotation_126-63-200,single_rotation,"[126, 63, 200]",base,train,5.512427823123383,0.26420899533007725,0.23745875204536615,1.1029196300314839,-0.27998437533157006,0.02249535036543727,0.0,0.3685771934034534,-0.2331348649096875,0.46875,0.125,0.03125,96,0.3445028172148248,3.5856078216399316
single_rotation_126-63-200,single_rotation,"[126, 63, 200]",base,test,1.2847761230437866,0.2612821900367537,0.25103198986793535,1.0469445325353257,-0.24328482403305107,0.022516355722110318,0.0,0.33435132631999687,-0.13455840953835485,0.46511627906976744,0.11627906976744186,0.023255813953488372,43,0.4201198676338995,3.9788026688954896
single_rotation_126-63-200,single_rotation,"[126, 63, 200]",base,full,13.879439593318324,0.26330640183711274,0.2416791433161285,1.0848308615976086,-0.27998437533157006,0.02250184842541526,0.0,0.3685771934034534,-0.2331348649096875,0.4676258992805755,0.1223021582733813,0.02877697841726619,139,0.36780357098531946,3.7067674842947707
single_rotation_126-63-200,single_rotation,"[126, 63, 200]",balanced,train,19.34790215154573,0.4578988152293908,0.4044031918674781,1.1261273216301146,-0.4426747687535212,0.03977006067746002,0.0,0.7032434145871163,-0.3825725359772568,0.46875,0.21875,0.041666666666666664,96,0.5930719804310164,5.768126744772307
single_rotation_126-63-200,single_rotation,"[126, 63, 200]",balanced,test,2.6053963884852998,0.43373341377455654,0.4319622598911276,1.04029772739739,-0.39113674178982283,0.03953190515262573,0.0,0.5923152349202689,-0.22658890048887925,0.46511627906976744,0.18604651162790697,0.09302325581395349,43,0.7215302044411919,6.2602673377818085
single_rotation_126-63-200,single_rotation,"[126, 63, 200]",balanced,full,72.36225293043529,0.45040935069238763,0.4130166897394738,1.0981354528635172,-0.4426747687535212,0.03969638666618035,0.0,0.7032434145871163,-0.3825725359772568,0.4676258992805755,0.20863309352517986,0.05755395683453238,139,0.6326552943908678,5.919775701120477
single_rotation_126-63-200,single_rotation,"[126, 63, 200]",aggressive,train,65.76070624999986,0.6915763127008108,0.6327375472827159,1.1291355499740314,-0.63459276227356,0.06411841324104328,0.0,1.2305808266467522,-0.5492625194706737,0.4583333333333333,0.2916666666666667,0.11458333333333333,96,0.9284089050506222,8.821088884290985
single_rotation_126-63-200,single_rotation,"[126, 63, 200]",aggressive,test,4.653495943599994,0.626871663427303,0.6763343692676621,1.035617010525592,-0.5496920012235704,0.06383485076023673,0.0,0.9772639127056733,-0.33795939822290644,0.4418604651162791,0.2558139534883721,0.13953488372093023,43,1.1294448832125772,9.67702784231456
single_rotation_126-63-200,single_rotation,"[126, 63, 200]",aggressive,full,376.4313819762442,0.6713684554076904,0.6463682253134356,1.0986390373473507,-0.63459276227356,0.06403069247359953,0.0,1.2305808266467522,-0.5492625194706737,0.45323741007194246,0.2805755395683453,0.1223021582733813,139,0.9903564393725989,9.084839226217179
single_rotation_252-5-200,single_rotation,"[252, 5, 200]",base,train,6.618566980187675,0.2892692636435381,0.21351776770304848,1.2942674382482326,-0.2671061008652431,0.02309470492836464,0.0,0.2440342094810235,-0.11029046314188984,0.46875,0.09375,0.010416666666666666,96,0.30921567711230474,5.059603402992733
single_rotation_252-5-200,single_rotation,"[252, 5, 200]",base,test,1.6316000034298201,0.31236633980085915,0.24322656521486236,1.2381483837859475,-0.3023770249227322,0.025191596131013592,0.008435589191365889,0.2748968208333231,-0.08030154638198517,0.6046511627906976,0.13953488372093023,0.0,43,0.4037395818010422,7.109991245222212
single_rotation_252-5-200,single_rotation,"[252, 5, 200]",base,full,19.049020891192228,0.29634276535791826,0.2230532167559359,1.2732004754485986,-0.30237702492273255,0.023743383501845967,0.002311777933876824,0.2748968208333231,-0.11029046314188984,0.5107913669064749,0.1079136690647482,0.007194244604316547,139,0.3383424179250143,5.691413054136616
single_rotation_252-5-200,single_rotation,"[252, 5, 200]",balanced,train,25.055196975831084,0.5037046807119492,0.3537593044992021,1.3257835062622358,-0.3873899399366435,0.03952271303113022,0.0,0.3822015652297144,-0.18908257315638377,0.4583333333333333,0.20833333333333334,0.03125,96,0.5276470682348925,8.23120844568431
single_rotation_252-5-200,single_rotation,"[252, 5, 200]",balanced,test,3.591467890496191,0.534497983877682,0.4199652916845733,1.2262262566285265,-0.4800461331752275,0.04325206095883859,0.012814994546639813,0.49980152927558774,-0.14067271395811398,0.6046511627906976,0.20930232558139536,0.09302325581395349,43,0.6922150718893395,11.740143542015126
single_rotation_252-5-200,single_rotation,"[252, 5, 200]",balanced,full,118.63160029508181,0.513126923782319,0.3753356644734865,1.2873056863580763,-0.48004613317522726,0.04067639620301122,0.0012400600202675527,0.49980152927558774,-0.18908257315638377,0.5035971223021583,0.20863309352517986,0.050359712230215826,139,0.578357305018829,9.312457082375737
single_rotation_252-5-200,single_rotation,"[252, 5, 200]",aggressive,train,107.03446359916721,0.7965847887222322,0.5513423462958671,1.3293797118235808,-0.5404850696057892,0.062309575687504615,0.0,0.6426419045675529,-0.28844983361178556,0.4375,0.25,0.07291666666666667,96,0.8260386685824805,12.79175712198115
single_rotation_252-5-200,single_rotation,"[252, 5, 200]",aggressive,test,7.3015652635093975,0.812281044765959,0.6584037838293767,1.2252377495865967,-0.6612524199096372,0.0682975361959702,0.016040874697497154,0.8229504992979453,-0.23501685313348142,0.6046511627906976,0.3023255813953488,0.18604651162790697,43,1.08336865601339,18.288142359209548
single_rotation_252-5-200,single_rotation,"[252, 5, 200]",aggressive,full,895.8551502767194,0.8014069109134137,0.5863082379881636,1.288863322395733,-0.6612524199096372,0.06416196634839683,0.0,0.8229504992979453,-0.28844983361178556,0.4892086330935252,0.26618705035971224,0.1079136690647482,139,0.9053327251697446,14.485421690099963
single_rotation_252-21-200,single_rotation,"[252, 21, 200]",base,train,2.279836722888016,0.16023392851973317,0.20541532836095724,0.8264625981144632,-0.27595030771753226,0.014041640707553073,0.0,0.18762905610429215,-0.1828964257127852,0.4583333333333333,0.08333333333333333,0.010416666666666666,96,0.33152746071277145,3.927874867853507
single_rotation_252-21-200,single_rotation,"[252, 21, 200]",base,test,2.972106362071972,0.4732851092083663,0.24079444014987858,1.7289031014731917,-0.1720546248700029,0.03555020181910476,0.015608737494568148,0.2796920299407317,-0.0743814134274089,0.6046511627906976,0.13953488372093023,0.0,43,0.4110353970406956,4.2808679642505885
single_rotation_252-21-200,single_rotation,"[252, 21, 200]",base,full,12.027860313540755,0.24885651946910214,0.21700949596481262,1.1323834765253022,-0.27595030771753226,0.020695368245658995,0.0023138898979351286,0.2796920299407317,-0.1828964257127852,0.5035971223021583,0.10071942446043165,0.007194244604316547,139,0.35602715802852136,4.036646701404926
single_rotation_252-21-200,single_rotation,"[252, 21, 200]",balanced,train,5.97767560135047,0.275171440917485,0.3544728008553816,0.8632620082092789,-0.4395124137544062,0.02527510008241596,0.0,0.3471001365217421,-0.3041732135246834,0.4583333333333333,0.1875,0.07291666666666667,96,0.5742258844176039,6.384206540665806
single_rotation_252-21-200,single_rotation,"[252, 21, 200]",balanced,test,8.282984870975227,0.8700737569213046,0.41580597241585665,1.7103667004838254,-0.2960968280690436,0.06198015747976666,0.02611989526391878,0.5321232183742244,-0.12940591269995794,0.6046511627906976,0.23255813953488372,0.06976744186046512,43,0.7151183818581628,7.140348368876656
single_rotation_252-21-200,single_rotation,"[252, 21, 200]",balanced,full,63.77365704190933,0.43485984432925395,0.374557360829712,1.1503044689442867,-0.4395124137544062,0.036629902011092785,0.0012400600202673306,0.5321232183742244,-0.3041732135246834,0.5035971223021583,0.2014388489208633,0.07194244604316546,139,0.6176407144430871,6.617205242110371
single_rotation_252-21-200,single_rotation,"[252, 21, 200]",aggressive,train,12.876168673461589,0.3897141754252844,0.5552437801287143,0.8711292333402448,-0.6142973024464872,0.0399333549409367,0.0,0.587434869325151,-0.44560091924870926,0.4479166666666667,0.23958333333333334,0.11458333333333333,96,0.9000851357204994,9.88932555695207
single_rotation_252-21-200,single_rotation,"[252, 21, 200]",aggressive,test,24.012556105955962,1.4705495756013454,0.6520655013861907,1.7054704804734613,-0.4503008788767161,0.09998445265559955,0.0384813873494918,0.9357723716174198,-0.2011166230873277,0.6046511627906976,0.3023255813953488,0.13953488372093023,43,1.121735340452329,11.140279878277745
single_rotation_252-21-200,single_rotation,"[252, 21, 200]",aggressive,full,346.0784474806657,0.6592820773356014,0.5869547837512192,1.1539593375321908,-0.6142973024464872,0.05851031322676765,0.0,0.9357723716174198,-0.44560091924870926,0.49640287769784175,0.2589928057553957,0.1223021582733813,139,0.9683847694011765,10.27479653813693
single_rotation_252-63-200,single_rotation,"[252, 63, 200]",base,train,2.584408501494258,0.1731971729274766,0.22474621303265546,0.8225682566389476,-0.2892584349766302,0.015180168750813924,0.0,0.23948528311766304,-0.23251229039270804,0.46875,0.07291666666666667,0.020833333333333332,96,0.3766340170482428,3.995030658474278
single_rotation_252-63-200,single_rotation,"[252, 63, 200]",base,test,2.567167261127092,0.42944614762782174,0.26017307194542283,1.4996114636282272,-0.1582298706459837,0.03334494700637565,0.006807460279333544,0.3614653319929979,-0.059273375847360144,0.5813953488372093,0.13953488372093023,0.0,43,0.4298079176356609,3.6364798371341283
single_rotation_252-63-200,single_rotation,"[252, 63, 200]",base,full,11.786184657035989,0.24683378690484736,0.23625981176802585,1.0502306565299524,-0.2892584349766302,0.020799488642822227,0.0031272260921231254,0.3614653319929979,-0.23251229039270804,0.5035971223021583,0.09352517985611511,0.014388489208633094,139,0.3930191042440223,3.8845462590438027
single_rotation_252-63-200,single_rotation,"[252, 63, 200]",balanced,train,6.327988254512394,0.28301125765459156,0.3799086721875978,0.8450422957390407,-0.45789786067176963,0.026254968980707394,0.0,0.4473159741605537,-0.38168495718897677,0.46875,0.15625,0.03125,96,0.6462864840355743,6.166237253953405
single_rotation_252-63-200,single_rotation,"[252, 63, 200]",balanced,test,6.631188157730158,0.7699146051420791,0.43731600500852075,1.5144587797913416,-0.30348752838642656,0.05840710195332944,0.010373156627127678,0.7001458594341712,-0.10388317993091101,0.5813953488372093,0.20930232558139536,0.046511627906976744,43,0.7336391105094239,5.6614985778609785
single_rotation_252-63-200,single_rotation,"[252, 63, 200]",balanced,full,54.92125718782068,0.41672178051887676,0.39852825116243507,1.0694215771232187,-0.45789786067176963,0.03620131227439623,0.0012400600202675527,0.7001458594341712,-0.38168495718897677,0.5035971223021583,0.17266187050359713,0.03597122302158273,139,0.6732034561918928,6.0107063049822935
single_rotation_252-63-200,single_rotation,"[252, 63, 200]",aggressive,train,12.697307099481174,0.3874600621733,0.5934110008259262,0.8471246528264343,-0.6459428965264464,0.04089562087056648,0.0,0.7663610027698251,-0.5482279803828238,0.4479166666666667,0.25,0.09375,96,1.0109886534357506,9.505138343530332
single_rotation_252-63-200,single_rotation,"[252, 63, 200]",aggressive,test,17.369249522873247,1.2653189621593177,0.6831894784354039,1.5162061752470752,-0.4858263974820053,0.09525972619340517,0.013023198494954036,1.2604825272619573,-0.16386025853156172,0.5813953488372093,0.2558139534883721,0.16279069767441862,43,1.1479953810904633,8.736105505296113
single_rotation_252-63-200,single_rotation,"[252, 63, 200]",aggressive,full,250.6092519017923,0.6137139602721826,0.6225314531804121,1.0714041096068054,-0.6459428965264464,0.05771329374022162,0.0,1.2604825272619573,-0.5482279803828238,0.4892086330935252,0.2517985611510791,0.11510791366906475,139,1.0532061164059592,9.268167386506594
