candidate,family,lookback_events,top_k,threshold_bps,rebalance_events,keep_bps,cost_profile,split,total_return,cagr,ann_vol,sharpe,max_drawdown,avg_month,median_month,best_month,worst_month,positive_month_pct,month_ge_10_pct,month_le_minus10_pct,funding_return_sum,basis_return_sum,annual_turnover,active_time_pct,months
ranked_carry_lb1_k1_th0_reb1_keep0,ranked_carry,1,1,0.0,1,0.0,taker,train,-0.9730623480012822,-0.8354837435427642,0.09256970147474243,-19.44768488422988,-0.973069101427383,-0.13836569091368714,-0.13576896246227915,-0.03545790389820114,-0.24211305685659046,0.0,0.0,0.75,0.27436907,0.070371434976369,986.205324060879,0.9994869748617682,24
ranked_carry_lb1_k1_th0_reb1_keep0,ranked_carry,1,1,0.0,1,0.0,taker,test,-0.9805891228414744,-0.9173871447768271,0.10305380850799649,-24.141882873201325,-0.9806230179328511,-0.18632917664690785,-0.18996811586792317,-0.09667129249715378,-0.24735259927065234,0.0,0.0,0.9473684210526315,0.08873305000000001,0.05431959009380194,1289.2027729636047,0.997689196995956,19
ranked_carry_lb1_k1_th0_reb1_keep0,ranked_carry,1,1,0.0,1,0.0,taker,full,-0.9994771165461138,-0.8785953860865524,0.09740077243336948,-21.59755580795738,-0.9994774817116033,-0.15955885902836606,-0.16839767902542213,-0.03545790389820114,-0.24735259927065234,0.0,0.0,0.8372093023255814,0.36310212000000003,0.12469102507017094,1119.8713006912808,0.9986938931540887,43
ranked_carry_lb1_k1_th0_reb1_keep0,ranked_carry,1,1,0.0,1,0.0,optimistic_limit,train,-0.9115394241990619,-0.702103555132612,0.06898851100474909,-17.5180355695501,-0.9115616017801492,-0.09540121294862337,-0.0938510280062963,-0.02024371672970582,-0.17546685475200752,0.0,0.0,0.375,0.27436907,0.070371434976369,986.205324060879,0.9994869748617682,24
ranked_carry_lb1_k1_th0_reb1_keep0,ranked_carry,1,1,0.0,1,0.0,optimistic_limit,test,-0.9337925048369781,-0.8204742658508177,0.07580141994137476,-22.616875939594888,-0.9339081157431751,-0.13260174792740498,-0.13658487822675225,-0.06569836722356415,-0.17918892053444468,0.0,0.0,0.8421052631578947,0.08873305000000001,0.05431959009380194,1289.2027729636047,0.997689196995956,19
ranked_carry_lb1_k1_th0_reb1_keep0,ranked_carry,1,1,0.0,1,0.0,optimistic_limit,full,-0.9941432468555412,-0.7617459008209919,0.07212219479614998,-19.850974335982244,-0.9941473370291991,-0.11183865863692222,-0.11891724925347258,-0.02024371672970582,-0.17918892053444468,0.0,0.0,0.5813953488372093,0.36310212000000003,0.12469102507017094,1119.8713006912808,0.9986938931540887,43
ranked_carry_lb1_k1_th0_reb3_keep0,ranked_carry,1,1,0.0,3,0.0,taker,train,-0.7215585226371999,-0.47188201275361263,0.06524574380010796,-9.752059504001,-0.7217420733815583,-0.05171145511166043,-0.04973921173831791,-0.003206868000291907,-0.08171419725964801,0.0,0.0,0.0,0.26355317,0.028215478996561405,390.9867183491991,0.9985749301715784,24
ranked_carry_lb1_k1_th0_reb3_keep0,ranked_carry,1,1,0.0,3,0.0,taker,test,-0.774507501317386,-0.6102350331408866,0.0699852681369933,-13.42720795737894,-0.7752490380673245,-0.07523108257709263,-0.07571622629124874,-0.033965129258789584,-0.10183088901481441,0.0,0.0,0.05263157894736842,0.07770102000000001,0.016789954507535954,499.74003466204505,0.9965337954939342,19
ranked_carry_lb1_k1_th0_reb3_keep0,ranked_carry,1,1,0.0,3,0.0,taker,full,-0.9372135355325829,-0.5381175729433555,0.06739580808713772,-11.427054478653266,-0.9372762416517767,-0.06210384864289792,-0.06575263078302596,-0.003206868000291907,-0.10183088901481441,0.0,0.0,0.023255813953488372,0.34125419,0.04500543350409736,438.96276002675927,0.9976744926889873,43
ranked_carry_lb1_k1_th0_reb3_keep0,ranked_carry,1,1,0.0,3,0.0,optimistic_limit,train,-0.5538758850748291,-0.3317212636519512,0.051990068183781955,-7.726251550430594,-0.5541699734920658,-0.03298978315457766,-0.03232281018211203,0.0016052805901851652,-0.055930396275884364,0.041666666666666664,0.0,0.0,0.26355317,0.028215478996561405,390.9867183491991,0.9985749301715784,24
ranked_carry_lb1_k1_th0_reb3_keep0,ranked_carry,1,1,0.0,3,0.0,optimistic_limit,test,-0.6371831302702727,-0.47341791652590837,0.054040046509532744,-11.840528825567079,-0.6383762610572126,-0.051871555774647825,-0.05204673565418205,-0.02108534579411181,-0.07215140150865273,0.0,0.0,0.0,0.07770102000000001,0.016789954507535954,499.74003466204505,0.9965337954939342,19
ranked_carry_lb1_k1_th0_reb3_keep0,ranked_carry,1,1,0.0,3,0.0,optimistic_limit,full,-0.8381386451119048,-0.398406964930866,0.05291843631299439,-9.5762072717196,-0.8383002993394296,-0.04133289198670169,-0.04224486710516706,0.0016052805901851652,-0.07215140150865273,0.023255813953488372,0.0,0.0,0.34125419,0.04500543350409736,438.96276002675927,0.9976744926889873,43
ranked_carry_lb1_k1_th0_reb6_keep0,ranked_carry,1,1,0.0,6,0.0,taker,train,-0.4297884475550595,-0.24459834471042363,0.05305970516001037,-5.2599605447458435,-0.42994518551058325,-0.023052689385738876,-0.02346119182039208,0.010132414830695158,-0.05700029823536368,0.041666666666666664,0.0,0.0,0.24665657000000002,0.02842674300233361,208.22664310551218,0.9972068631362937,24
ranked_carry_lb1_k1_th0_reb6_keep0,ranked_carry,1,1,0.0,6,0.0,taker,test,-0.5111325983817865,-0.36410154347721413,0.05518000523128478,-8.176506729155253,-0.5121483006818617,-0.036906169975416785,-0.03840486201194082,-0.015170849207766235,-0.05141079922986014,0.0,0.0,0.0,0.07298598,0.017779286523234128,254.29809358752166,0.9965337954939342,19
ranked_carry_lb1_k1_th0_reb6_keep0,ranked_carry,1,1,0.0,6,0.0,taker,full,-0.721242159983553,-0.2998604917215676,0.05401217645044047,-6.572734424230456,-0.7215205611085496,-0.029173994762573298,-0.02866811891239951,0.010132414830695158,-0.05700029823536368,0.023255813953488372,0.0,0.0,0.31964255,0.04620602952556774,228.5508585263292,0.9969099423401612,43
ranked_carry_lb1_k1_th0_reb6_keep0,ranked_carry,1,1,0.0,6,0.0,optimistic_limit,train,-0.2670789913257634,-0.14371754670325632,0.044663882478363635,-3.451468193990344,-0.269000866110086,-0.012812234103026501,-0.013430706173769902,0.0113480125250629,-0.03981716735136942,0.08333333333333333,0.0,0.0,0.24665657000000002,0.02842674300233361,208.22664310551218,0.9972068631362937,24
ranked_carry_lb1_k1_th0_reb6_keep0,ranked_carry,1,1,0.0,6,0.0,optimistic_limit,test,-0.37726886596262077,-0.25889766312818896,0.04493864983164011,-6.64463282841382,-0.37856269214754645,-0.024587997485490686,-0.025583016674855297,-0.008030084669325754,-0.03551926320493093,0.0,0.0,0.0,0.07298598,0.017779286523234128,254.29809358752166,0.9965337954939342,19
ranked_carry_lb1_k1_th0_reb6_keep0,ranked_carry,1,1,0.0,6,0.0,optimistic_limit,full,-0.5435872691084729,-0.19658474296794182,0.04479114374374432,-4.864291423637772,-0.5451136760508455,-0.018015478388301375,-0.017767155470659768,0.0113480125250629,-0.03981716735136942,0.046511627906976744,0.0,0.0,0.31964255,0.04620602952556774,228.5508585263292,0.9969099423401612,43
ranked_carry_lb1_k1_th0.5_reb1_keep0.25,ranked_carry,1,1,0.5,1,0.25,taker,train,-0.969543583813815,-0.8250824456654948,0.09079287861607391,-19.154991094765126,-0.9695512194145726,-0.13404362716106957,-0.13300573549374262,-0.03545790389820114,-0.22543981367408417,0.0,0.0,0.75,0.27375592,0.06940429057297914,955.2459670523856,0.9858063045089209,24
ranked_carry_lb1_k1_th0.5_reb1_keep0.25,ranked_carry,1,1,0.5,1,0.25,taker,test,-0.96304755186003,-0.8758586627654519,0.09265652080985345,-22.46775642814325,-0.9631120778778947,-0.15865779900562202,-0.1533132328398199,-0.0911287933430941,-0.2216925791974781,0.0,0.0,0.8947368421052632,0.08702267000000001,0.05404733170635678,1085.5112651646448,0.8879260543038706,19
ranked_carry_lb1_k1_th0.5_reb1_keep0.25,ranked_carry,1,1,0.5,1,0.25,taker,full,-0.9988745608603506,-0.8496375704309552,0.09163625416217605,-20.62823450192503,-0.9988753468319307,-0.14491965658075553,-0.14346141500567378,-0.03545790389820114,-0.22543981367408417,0.0,0.0,0.813953488372093,0.36077859,0.12345162227933593,1012.7119237998153,0.9426268675735083,43
ranked_carry_lb1_k1_th0.5_reb1_keep0.25,ranked_carry,1,1,0.5,1,0.25,optimistic_limit,train,-0.9036532459966283,-0.6891258067867869,0.06778276479604485,-17.201853666429244,-0.9036774006884791,-0.09223285796094172,-0.09077783044486959,-0.02024371672970582,-0.15847088426481315,0.0,0.0,0.3333333333333333,0.27375592,0.06940429057297914,955.2459670523856,0.9858063045089209,24
ranked_carry_lb1_k1_th0.5_reb1_keep0.25,ranked_carry,1,1,0.5,1,0.25,optimistic_limit,test,-0.8961946239799657,-0.7613958101916838,0.06857751403683131,-20.859277301418544,-0.8963758879525758,-0.11202952407847035,-0.10994710218000359,-0.0622305295691532,-0.1583409506961413,0.0,0.0,0.7368421052631579,0.08702267000000001,0.05404733170635678,1085.5112651646448,0.8879260543038706,19
ranked_carry_lb1_k1_th0.5_reb1_keep0.25,ranked_carry,1,1,0.5,1,0.25,optimistic_limit,full,-0.9899986889723702,-0.7233732761926136,0.06814786598072245,-18.821821740072096,-0.9900056735759382,-0.10098022205938462,-0.1001207286229282,-0.02024371672970582,-0.15847088426481315,0.0,0.0,0.5116279069767442,0.36077859,0.12345162227933593,1012.7119237998153,0.9426268675735083,43
ranked_carry_lb1_k1_th0.5_reb3_keep0.25,ranked_carry,1,1,0.5,3,0.25,taker,train,-0.7113989440472431,-0.4623461624739249,0.0641483330799023,-9.641055564740956,-0.7115891920632513,-0.050313986028143166,-0.04973921173831791,-0.003206868000291907,-0.07429128019092335,0.0,0.0,0.0,0.26138269000000003,0.03007821846689185,381.99851792737843,0.9794219916775923,24
ranked_carry_lb1_k1_th0.5_reb3_keep0.25,ranked_carry,1,1,0.5,3,0.25,taker,test,-0.7242411423720736,-0.5573210882389201,0.06382421434273203,-12.73548092089662,-0.7250756903817186,-0.0654086466231157,-0.06789834007932272,-0.03018692299600234,-0.09312781214706578,0.0,0.0,0.0,0.07520760000000001,0.019849657647596608,436.48180242634317,0.8942807625649913,19
ranked_carry_lb1_k1_th0.5_reb3_keep0.25,ranked_carry,1,1,0.5,3,0.25,taker,full,-0.9204157025002545,-0.5065263969369683,0.0640128396957731,-11.000996953358447,-0.9204742738538485,-0.05698371977941009,-0.05630055207838902,-0.003206868000291907,-0.09312781214706578,0.0,0.0,0.0,0.33659029,0.049927876114488456,406.0335765028193,0.9418623172246823,43
ranked_carry_lb1_k1_th0.5_reb3_keep0.25,ranked_carry,1,1,0.5,3,0.25,optimistic_limit,train,-0.5425947520962489,-0.3233357143240405,0.051225323510758945,-7.598947281819794,-0.5428962771223379,-0.031994352477631244,-0.03232281018211203,0.0016052805901851652,-0.05059181726097495,0.041666666666666664,0.0,0.0,0.26138269000000003,0.03007821846689185,381.99851792737843,0.9794219916775923,24
ranked_carry_lb1_k1_th0.5_reb3_keep0.25,ranked_carry,1,1,0.5,3,0.25,optimistic_limit,test,-0.5822727803697862,-0.4243169117864092,0.04972503237568444,-11.079791329943621,-0.5835369770041778,-0.044828336915970234,-0.04620890534120936,-0.018443368428248008,-0.06485576039091112,0.0,0.0,0.0,0.07520760000000001,0.019849657647596608,436.48180242634317,0.8942807625649913,19
ranked_carry_lb1_k1_th0.5_reb3_keep0.25,ranked_carry,1,1,0.5,3,0.25,optimistic_limit,full,-0.8089293775488959,-0.3699001963995593,0.05057543819783494,-9.106889133924454,-0.8090699990702336,-0.037665182810850795,-0.03794454924374957,0.0016052805901851652,-0.06485576039091112,0.023255813953488372,0.0,0.0,0.33659029,0.049927876114488456,406.0335765028193,0.9418623172246823,43
ranked_carry_lb1_k1_th0.5_reb6_keep0.25,ranked_carry,1,1,0.5,6,0.25,taker,train,-0.4207491266354849,-0.23864220744617048,0.052449660806071156,-5.172019148105048,-0.4209083492910717,-0.022411675336775752,-0.022300437133465745,0.010132414830695158,-0.05766319125599795,0.041666666666666664,0.0,0.0,0.24684357,0.02790288970767274,204.23188736248076,0.9889984609245853,24
ranked_carry_lb1_k1_th0.5_reb6_keep0.25,ranked_carry,1,1,0.5,6,0.25,taker,test,-0.47053865528461714,-0.3311904993330611,0.05213765983460401,-7.688980577460736,-0.4713962855391459,-0.03285505454477114,-0.0327673109733968,-0.010929575830102789,-0.050228618938642944,0.0,0.0,0.0,0.07151524000000001,0.018756248066857828,228.9948006932409,0.9168110918544194,19
ranked_carry_lb1_k1_th0.5_reb6_keep0.25,ranked_carry,1,1,0.5,6,0.25,taker,full,-0.6933090536608627,-0.280951278639591,0.05231593937217581,-6.278194524027117,-0.6934747826025979,-0.02702619173100627,-0.025863394553888863,0.010132414830695158,-0.05766319125599795,0.023255813953488372,0.0,0.0,0.31835881000000005,0.04665913777453057,215.155936414896,0.9571533242012041,43
ranked_carry_lb1_k1_th0.5_reb6_keep0.25,ranked_carry,1,1,0.5,6,0.25,optimistic_limit,train,-0.2590429613915889,-0.13904219236677762,0.04419941959761823,-3.3650106480389415,-0.2609859083557421,-0.012363859714714912,-0.012821627723338391,0.0113480125250629,-0.04049213946122565,0.08333333333333333,0.0,0.0,0.24684357,0.02790288970767274,204.23188736248076,0.9889984609245853,24
ranked_carry_lb1_k1_th0.5_reb6_keep0.25,ranked_carry,1,1,0.5,6,0.25,optimistic_limit,test,-0.34163215140354364,-0.23234434377432067,0.04291224333900564,-6.140172428764148,-0.34269858654786745,-0.021728087029238365,-0.02164023971109863,-0.004959095585011175,-0.03408444917928033,0.0,0.0,0.0,0.07151524000000001,0.018756248066857828,228.9948006932409,0.9168110918544194,19
ranked_carry_lb1_k1_th0.5_reb6_keep0.25,ranked_carry,1,1,0.5,6,0.25,optimistic_limit,full,-0.5121777085889743,-0.1815238660594427,0.04363982462805255,-4.568214559428846,-0.5135860955203029,-0.01650154155136481,-0.016423547071034772,0.0113480125250629,-0.04049213946122565,0.046511627906976744,0.0,0.0,0.31835881000000005,0.04665913777453057,215.155936414896,0.9571533242012041,43
ranked_carry_lb1_k1_th1_reb1_keep0.5,ranked_carry,1,1,1.0,1,0.5,taker,train,-0.9512937282097058,-0.7788673989974172,0.0843048870728582,-17.85545438851148,-0.9513059391554556,-0.11717948466577133,-0.11135110299143453,-0.03545790389820114,-0.22543981367408417,0.0,0.0,0.625,0.26797468,0.06346891117038467,835.4032947614432,0.9237872655760132,24
ranked_carry_lb1_k1_th1_reb1_keep0.5,ranked_carry,1,1,1.0,1,0.5,taker,test,-0.8699855226510806,-0.7248770490075032,0.07109306585375318,-18.115831674562422,-0.8702125527102611,-0.10150085892667138,-0.10017108134971409,-0.049983936487675185,-0.14642280098668825,0.0,0.0,0.5263157894736842,0.07646106000000001,0.04758256133234162,683.1889081455805,0.6857307914500289,19
ranked_carry_lb1_k1_th1_reb1_keep0.5,ranked_carry,1,1,1.0,1,0.5,taker,full,-0.9936674795295705,-0.7564960346295801,0.07875749290884325,-17.895446862863732,-0.9936719019642842,-0.11025171980430853,-0.1067590931929504,-0.03545790389820114,-0.22543981367408417,0.0,0.0,0.5813953488372093,0.34443574000000005,0.11105147250272629,768.2545952661592,0.8187697110636807,43
ranked_carry_lb1_k1_th1_reb1_keep0.5,ranked_carry,1,1,1.0,1,0.5,optimistic_limit,train,-0.8666671549845523,-0.6343696780769327,0.0634437063091748,-15.825999888911976,-0.8667005823046343,-0.0800072659011674,-0.07757110785614074,-0.02024371672970582,-0.15428192601850155,0.0,0.0,0.25,0.26797468,0.06346891117038467,835.4032947614432,0.9237872655760132,24
ranked_carry_lb1_k1_th1_reb1_keep0.5,ranked_carry,1,1,1.0,1,0.5,optimistic_limit,test,-0.7509957566707893,-0.5849971660014042,0.053430385276555234,-16.43253487324342,-0.7514305655417084,-0.07041002210355031,-0.07021047416523685,-0.03443637423904211,-0.10323990825997753,0.0,0.0,0.05263157894736842,0.07646106000000001,0.04758256133234162,683.1889081455805,0.6857307914500289,19
ranked_carry_lb1_k1_th1_reb1_keep0.5,ranked_carry,1,1,1.0,1,0.5,optimistic_limit,full,-0.9667995558159975,-0.6133579207418909,0.059238265316404984,-16.010728321921675,-0.9668227419703191,-0.075766623292918,-0.07392861382367799,-0.02024371672970582,-0.15428192601850155,0.0,0.0,0.16279069767441862,0.34443574000000005,0.11105147250272629,768.2545952661592,0.8187697110636807,43
ranked_carry_lb1_k1_th1_reb3_keep0.5,ranked_carry,1,1,1.0,3,0.5,taker,train,-0.6591625773053426,-0.4157750950355523,0.060615864586516494,-8.83618419791584,-0.6593872599324903,-0.043729479491220975,-0.04315839717735109,-0.003206868000291907,-0.0733905874734948,0.0,0.0,0.0,0.25770849,0.027659330699975837,339.0548936897908,0.9233312432309183,24
ranked_carry_lb1_k1_th1_reb3_keep0.5,ranked_carry,1,1,1.0,3,0.5,taker,test,-0.5869092998483629,-0.42836722851949127,0.05180013271498843,-10.77018046978056,-0.5881594646647528,-0.045351982360467294,-0.04816677908506284,-0.01724088800683443,-0.07320843022061407,0.0,0.0,0.0,0.06477238,0.021292165938826435,306.1698440207972,0.6793760831889082,19
ranked_carry_lb1_k1_th1_reb3_keep0.5,ranked_carry,1,1,1.0,3,0.5,taker,full,-0.8592032304211841,-0.42136389426884646,0.05689472245984096,-9.586888466413267,-0.8593068520856955,-0.044446399363678654,-0.04555554136742024,-0.003206868000291907,-0.0733905874734948,0.0,0.0,0.0,0.32248087000000003,0.04895149663880227,324.5478003249339,0.8157115096683762,43
ranked_carry_lb1_k1_th1_reb3_keep0.5,ranked_carry,1,1,1.0,3,0.5,optimistic_limit,train,-0.48707983744350225,-0.2835020415086569,0.04884569318198958,-6.800599744810063,-0.4874179583245051,-0.02738111062727097,-0.026296222940992042,0.0016052805901851652,-0.04413392746443712,0.041666666666666664,0.0,0.0,0.25770849,0.027659330699975837,339.0548936897908,0.9233312432309183,24
ranked_carry_lb1_k1_th1_reb3_keep0.5,ranked_carry,1,1,1.0,3,0.5,optimistic_limit,test,-0.44726448129159724,-0.31274004085494445,0.04096373986425757,-9.134782920859,-0.4489372628332895,-0.03066631666312149,-0.033291394290256626,-0.011317535565443348,-0.04947871222427069,0.0,0.0,0.0,0.06477238,0.021292165938826435,306.1698440207972,0.6793760831889082,19
ranked_carry_lb1_k1_th1_reb3_keep0.5,ranked_carry,1,1,1.0,3,0.5,optimistic_limit,full,-0.7164908078933341,-0.29655052954069994,0.04553693730275646,-7.701762549890312,-0.7166994610781924,-0.02883271329427469,-0.02975719082297079,0.0016052805901851652,-0.04947871222427069,0.023255813953488372,0.0,0.0,0.32248087000000003,0.04895149663880227,324.5478003249339,0.8157115096683762,43
ranked_carry_lb1_k1_th1_reb6_keep0.5,ranked_carry,1,1,1.0,6,0.5,taker,train,-0.38146683036818674,-0.21328348818599308,0.04946625207434998,-4.824690057284916,-0.38163685081764276,-0.019768928444990688,-0.02077947318085116,0.010132414830695158,-0.0357777967222922,0.041666666666666664,0.0,0.0,0.24142789000000003,0.026626823917182296,186.25548651883943,0.9233312432309183,24
ranked_carry_lb1_k1_th1_reb6_keep0.5,ranked_carry,1,1,1.0,6,0.5,taker,test,-0.3604819090433452,-0.24632183193599622,0.04297137807084678,-6.559267210753192,-0.36117260297202436,-0.02321351284633729,-0.02467398186857217,-0.005146655508599274,-0.037256467452355,0.0,0.0,0.0,0.05902887000000001,0.021399476763211522,166.36915077989602,0.6950462160600809,19
ranked_carry_lb1_k1_th1_reb6_keep0.5,ranked_carry,1,1,1.0,6,0.5,taker,full,-0.604436848163697,-0.22803307066954293,0.046712358838607186,-5.517114821759309,-0.604436848163697,-0.021290954110701976,-0.021016124741121023,0.010132414830695158,-0.037256467452355,0.023255813953488372,0.0,0.0,0.30045676000000004,0.04802630068039382,177.48271797649008,0.8226243190723456,43
ranked_carry_lb1_k1_th1_reb6_keep0.5,ranked_carry,1,1,1.0,6,0.5,optimistic_limit,train,-0.22577749155122107,-0.11995323952527315,0.04178885315787089,-3.036839564932148,-0.22780766765319183,-0.010575564945105226,-0.012482451143632445,0.0113480125250629,-0.024692949217545834,0.08333333333333333,0.0,0.0,0.24142789000000003,0.026626823917182296,186.25548651883943,0.9233312432309183,24
ranked_carry_lb1_k1_th1_reb6_keep0.5,ranked_carry,1,1,1.0,6,0.5,optimistic_limit,test,-0.25083699180020236,-0.16697276532346816,0.03598227335728906,-5.059137284225263,-0.25164610470673576,-0.015065245593697959,-0.015831013257654902,-0.0033513768401582933,-0.024426331485122632,0.0,0.0,0.0,0.05902887000000001,0.021399476763211522,166.36915077989602,0.6950462160600809,19
ranked_carry_lb1_k1_th1_reb6_keep0.5,ranked_carry,1,1,1.0,6,0.5,optimistic_limit,full,-0.41998113655451874,-0.14101426845704945,0.03933359659282274,-3.8447492632677234,-0.42134300997944274,-0.012559377324715968,-0.012931296953878402,0.0113480125250629,-0.024692949217545834,0.046511627906976744,0.0,0.0,0.30045676000000004,0.04802630068039382,177.48271797649008,0.8226243190723456,43
ranked_carry_lb1_k1_th2_reb1_keep1,ranked_carry,1,1,2.0,1,1.0,taker,train,-0.6590502968940392,-0.41567899994015334,0.052413703740386355,-10.22464769330826,-0.6590502968940392,-0.0421230837899623,-0.01585530321336287,0.0,-0.185829496854083,0.0,0.0,0.20833333333333334,0.1636378,0.04313181592608639,319.5804594425127,0.34201675882118227,24
ranked_carry_lb1_k1_th2_reb1_keep1,ranked_carry,1,1,2.0,1,1.0,taker,test,-0.02210196530950781,-0.01403866073011284,0.006959337042157029,-2.0280487244121472,-0.02263140236610961,-0.0011717907281241866,0.0,0.0,-0.008869396725678325,0.0,0.0,0.0,0.0030363400000000002,0.00265213766957495,8.856152512998268,0.016753321779318313,19
ranked_carry_lb1_k1_th2_reb1_keep1,ranked_carry,1,1,2.0,1,1.0,taker,full,-0.6665859554043743,-0.2639904223482311,0.039550879635371836,-7.729863112077832,-0.6665859554043743,-0.024028326390545463,0.0,0.0,-0.185829496854083,0.0,0.0,0.11627906976744186,0.16667414,0.04578395359566134,182.50581376827753,0.19852824057850976,43
ranked_carry_lb1_k1_th2_reb1_keep1,ranked_carry,1,1,2.0,1,1.0,optimistic_limit,train,-0.49881046704932896,-0.29173194454144136,0.03902401044053733,-8.819272429874774,-0.49881046704932896,-0.027631048358984434,-0.00937634627268058,0.0,-0.1206114365394153,0.0,0.0,0.08333333333333333,0.1636378,0.04313181592608639,319.5804594425127,0.34201675882118227,24
ranked_carry_lb1_k1_th2_reb1_keep1,ranked_carry,1,1,2.0,1,1.0,optimistic_limit,test,-0.013837030188461719,-0.008775452329661815,0.005288546256351506,-1.6640079667891439,-0.014963283885918277,-0.0007315683521442622,0.0,0.0,-0.00540946895482719,0.0,0.0,0.0,0.0030363400000000002,0.00265213766957495,8.856152512998268,0.016753321779318313,19
ranked_carry_lb1_k1_th2_reb1_keep1,ranked_carry,1,1,2.0,1,1.0,optimistic_limit,full,-0.5057454417469083,-0.1785264032948547,0.029437158357058835,-6.665704444113657,-0.5057454417469083,-0.015745231611775986,0.0,0.0,-0.1206114365394153,0.0,0.0,0.046511627906976744,0.16667414,0.04578395359566134,182.50581376827753,0.19852824057850976,43
ranked_carry_lb1_k1_th2_reb3_keep1,ranked_carry,1,1,2.0,3,1.0,taker,train,-0.24206031838779896,-0.12924450091715545,0.033999511267476586,-4.053409624979593,-0.24373545279294329,-0.011316008901617866,-0.0026492850935448953,0.001720096594325815,-0.06754808172438387,0.041666666666666664,0.0,0.0,0.15194451,0.02406575729787086,112.85184974063729,0.322863820327196,24
ranked_carry_lb1_k1_th2_reb3_keep1,ranked_carry,1,1,2.0,3,1.0,taker,test,-0.010404861625442963,-0.0065945727001683885,0.0055731939190222885,-1.184395569077143,-0.013142244215492593,-0.0005486240472812,0.0,0.000524844150053827,-0.007763424082720127,0.05263157894736842,0.0,0.0,0.00410088,0.0014643260609239483,5.0606585788561524,0.025996533795493933,19
ranked_carry_lb1_k1_th2_reb3_keep1,ranked_carry,1,1,2.0,3,1.0,taker,full,-0.24994657589540648,-0.0771244947533718,0.025694106820305415,-3.1108253830302717,-0.25021497815191784,-0.006558327221794688,0.0,0.001720096594325815,-0.06754808172438387,0.046511627906976744,0.0,0.0,0.15604539,0.02553008335879481,65.30024529323691,0.19190213755535027,43
ranked_carry_lb1_k1_th2_reb3_keep1,ranked_carry,1,1,2.0,3,1.0,optimistic_limit,train,-0.13161712893583088,-0.06804315830688101,0.027030123662823983,-2.593507793241273,-0.13561817356269978,-0.005811869920046675,-0.0006702195100903863,0.00473880295798268,-0.035573988677736645,0.08333333333333333,0.0,0.0,0.15194451,0.02406575729787086,112.85184974063729,0.322863820327196,24
ranked_carry_lb1_k1_th2_reb3_keep1,ranked_carry,1,1,2.0,3,1.0,optimistic_limit,test,-0.005635148134123025,-0.0035683948707152524,0.004538667736416442,-0.7853562417411839,-0.008981663501332782,-0.00029647999380597473,0.0,0.001728379419259074,-0.005375199238178419,0.05263157894736842,0.0,0.0,0.00410088,0.0014643260609239483,5.0606585788561524,0.025996533795493933,19
ranked_carry_lb1_k1_th2_reb3_keep1,ranked_carry,1,1,2.0,3,1.0,optimistic_limit,full,-0.13651059505141439,-0.04013130883969507,0.02043320401367752,-1.9942899061585357,-0.13837581992251724,-0.003374837161940319,0.0,0.00473880295798268,-0.035573988677736645,0.06976744186046512,0.0,0.0,0.15604539,0.02553008335879481,65.30024529323691,0.19190213755535027,43
ranked_carry_lb1_k1_th2_reb6_keep1,ranked_carry,1,1,2.0,6,1.0,taker,train,-0.08068362338211343,-0.04113724831328691,0.026910259942073286,-1.5475378252804233,-0.08911079833245039,-0.003474194187209146,-0.0005122668554027321,0.010132414830695158,-0.020992217080601394,0.125,0.0,0.0,0.14202797,0.022573398739736628,61.91871401698683,0.3201276862566266,24
ranked_carry_lb1_k1_th2_reb6_keep1,ranked_carry,1,1,2.0,6,1.0,taker,test,-0.008681565893382315,-0.005500598725362349,0.004380805936891985,-1.256886594359004,-0.009988008197951426,-0.0004573028919814201,0.0,0.0,-0.007762646241807669,0.0,0.0,0.0,0.00174097,0.001554745893463938,3.7954939341421143,0.01733102253032929,19
ranked_carry_lb1_k1_th2_reb6_keep1,ranked_carry,1,1,2.0,6,1.0,taker,full,-0.0886647290825866,-0.02557648205072527,0.020327165824952316,-1.2644320702386722,-0.09534247172614585,-0.0021411491962945698,0.0,0.010132414830695158,-0.020992217080601394,0.06976744186046512,0.0,0.0,0.14376894,0.024128144633200566,36.27791405179829,0.18655028511356758,43
ranked_carry_lb1_k1_th2_reb6_keep1,ranked_carry,1,1,2.0,6,1.0,optimistic_limit,train,-0.009458368985679644,-0.00473422002441537,0.022444827943801995,-0.20019831515508268,-0.02663013340200371,-0.00038824686033757844,0.0,0.0113480125250629,-0.01151858973690556,0.2916666666666667,0.0,0.0,0.14202797,0.022573398739736628,61.91871401698683,0.3201276862566266,24
ranked_carry_lb1_k1_th2_reb6_keep1,ranked_carry,1,1,2.0,6,1.0,optimistic_limit,test,-0.005100373748607501,-0.0032294364103031548,0.0033997115375172427,-0.9497511357803627,-0.00700850755103033,-0.0002683627870115715,0.0,0.00027552657185170304,-0.005374419525071561,0.05263157894736842,0.0,0.0,0.00174097,0.001554745893463938,3.7954939341421143,0.01733102253032929,19
ranked_carry_lb1_k1_th2_reb6_keep1,ranked_carry,1,1,2.0,6,1.0,optimistic_limit,full,-0.014510501517406404,-0.0040706716600209525,0.01693002689797832,-0.2324610562503142,-0.028917279130291296,-0.0003352748279377149,0.0,0.0113480125250629,-0.01151858973690556,0.18604651162790697,0.0,0.0,0.14376894,0.024128144633200566,36.27791405179829,0.18655028511356758,43
ranked_carry_lb1_k1_th5_reb1_keep2.5,ranked_carry,1,1,5.0,1,2.5,taker,train,-0.23392078238981773,-0.12458758236318423,0.02545266821953868,-5.214956732695521,-0.23392078238981773,-0.010765761933524015,0.0,0.0,-0.10802094643882176,0.0,0.0,0.041666666666666664,0.06449239999999999,0.017689969015987295,86.88593741093314,0.06429915065838226,24
ranked_carry_lb1_k1_th5_reb1_keep2.5,ranked_carry,1,1,5.0,1,2.5,taker,test,-0.00414502955561824,-0.0026240728560937843,0.0023634369974388425,-1.1105542563754376,-0.00414502955561824,-0.00021815945029569686,0.0,0.0,-0.00414502955561824,0.0,0.0,0.0,-8.02e-06,-0.00014120283537910616,1.2651646447140381,0.0005777007510109763,19
ranked_carry_lb1_k1_th5_reb1_keep2.5,ranked_carry,1,1,5.0,1,2.5,taker,full,-0.23709620338875703,-0.0727391737807026,0.01910441654659784,-3.943443490714072,-0.23709620338875703,-0.0061051933944231305,0.0,0.0,-0.10802094643882176,0.0,0.0,0.023255813953488372,0.06448438,0.01754876618060819,49.11471440858845,0.03618871651110191,43
ranked_carry_lb1_k1_th5_reb1_keep2.5,ranked_carry,1,1,5.0,1,2.5,optimistic_limit,train,-0.14936458984599899,-0.0776032073207612,0.018771804894963856,-4.2938333048418285,-0.14936458984599899,-0.006617625541033669,0.0,0.0,-0.06626676796745645,0.0,0.0,0.0,0.06449239999999999,0.017689969015987295,86.88593741093314,0.06429915065838226,24
ranked_carry_lb1_k1_th5_reb1_keep2.5,ranked_carry,1,1,5.0,1,2.5,optimistic_limit,test,-0.0029471886375027623,-0.0018653501903140857,0.0017114374441931485,-1.090093147536579,-0.0029471886375027623,-0.00015511519144751382,0.0,0.0,-0.0029471886375027623,0.0,0.0,0.0,-8.02e-06,-0.00014120283537910616,1.2651646447140381,0.0005777007510109763,19
ranked_carry_lb1_k1_th5_reb1_keep2.5,ranked_carry,1,1,5.0,1,2.5,optimistic_limit,full,-0.15187157286146213,-0.04492728765329934,0.01408513757429187,-3.2565076618873143,-0.15187157286146213,-0.0037620977121467633,0.0,0.0,-0.06626676796745645,0.0,0.0,0.0,0.06448438,0.01754876618060819,49.11471440858845,0.03618871651110191,43
ranked_carry_lb1_k1_th5_reb3_keep2.5,ranked_carry,1,1,5.0,3,2.5,taker,train,-0.05580052161134241,-0.02826415166363938,0.016900960607638654,-1.687960660936278,-0.058952257436693856,-0.0023612159752025345,0.0,0.0007990794485581709,-0.036807692249548385,0.041666666666666664,0.0,0.0,0.0640596,0.010809184030176056,32.95673488000912,0.06703528472895172,24
ranked_carry_lb1_k1_th5_reb3_keep2.5,ranked_carry,1,1,5.0,3,2.5,taker,test,-0.004076179589262652,-0.0025804536201187167,0.0024277628132156216,-1.063051910315896,-0.004076179589262652,-0.00021453576785592903,0.0,0.0,-0.004076179589262652,0.0,0.0,0.0,-2.141e-05,-5.843511291192538e-05,1.2651646447140381,0.0017331022530329288,19
ranked_carry_lb1_k1_th5_reb3_keep2.5,ranked_carry,1,1,5.0,3,2.5,taker,full,-0.05964924825334317,-0.0170164515610971,0.012737641860851755,-1.3410341250077753,-0.05964924825334317,-0.001412682860328453,0.0,0.0007990794485581709,-0.036807692249548385,0.023255813953488372,0.0,0.0,0.06403819,0.01075074891726413,18.97613965786372,0.038227517441304835,43
ranked_carry_lb1_k1_th5_reb3_keep2.5,ranked_carry,1,1,5.0,3,2.5,optimistic_limit,train,-0.01755286635358888,-0.008803781442377923,0.013308744920469478,-0.6577716953803827,-0.02306137194641078,-0.0007315146507280018,0.0,0.0020868964582709815,-0.01689032772400345,0.20833333333333334,0.0,0.0,0.0640596,0.010809184030176056,32.95673488000912,0.06703528472895172,24
ranked_carry_lb1_k1_th5_reb3_keep2.5,ranked_carry,1,1,5.0,3,2.5,optimistic_limit,test,-0.002878255856571421,-0.0018216977723641836,0.0017992243759798801,-1.012513577447613,-0.002878255856571421,-0.00015148715034586427,0.0,0.0,-0.002878255856571421,0.0,0.0,0.0,-2.141e-05,-5.843511291192538e-05,1.2651646447140381,0.0017331022530329288,19
ranked_carry_lb1_k1_th5_reb3_keep2.5,ranked_carry,1,1,5.0,3,2.5,optimistic_limit,full,-0.020380600569778085,-0.00572970683179308,0.010020613244307024,-0.568421160855352,-0.02306137194641078,-0.00047522342962891777,0.0,0.0020868964582709815,-0.01689032772400345,0.11627906976744186,0.0,0.0,0.06403819,0.01075074891726413,18.97613965786372,0.038227517441304835,43
ranked_carry_lb1_k1_th5_reb6_keep2.5,ranked_carry,1,1,5.0,6,2.5,taker,train,0.0023787481180472803,0.0011871082494812057,0.01278967667386044,0.09916432538395789,-0.009875598264821206,0.00010016394591634559,0.0,0.004447808278630561,-0.0029528586100204812,0.125,0.0,0.0,0.053185779999999995,0.013354109276494053,15.979022972125636,0.05472268141138916,24
ranked_carry_lb1_k1_th5_reb6_keep2.5,ranked_carry,1,1,5.0,6,2.5,taker,test,-0.004351904233534376,-0.0027551429914478565,0.002574035119980673,-1.0705482285250107,-0.004351904233534376,-0.00022904759123865137,0.0,0.0,-0.004351904233534376,0.0,0.0,0.0,-5.262000000000001e-05,-0.000303538306145712,1.2651646447140381,0.0034662045060658577,19
ranked_carry_lb1_k1_th5_reb6_keep2.5,ranked_carry,1,1,5.0,6,2.5,taker,full,-0.0019835081994922232,-0.0005539157525772387,0.009712672026793377,-0.052184365689308974,-0.009875598264821206,-4.530161701260656e-05,0.0,0.004447808278630561,-0.004351904233534376,0.06976744186046512,0.0,0.0,0.05313316,0.01305057097034834,9.48806982893186,0.03211111465069606,43
ranked_carry_lb1_k1_th5_reb6_keep2.5,ranked_carry,1,1,5.0,6,2.5,optimistic_limit,train,0.02185848471362717,0.01085583358613973,0.010801052991161223,1.0050588078219027,-0.00454084256165066,0.0009038756738361196,0.0,0.007715952902817458,-0.00115192482983284,0.20833333333333334,0.0,0.0,0.053185779999999995,0.013354109276494053,15.979022972125636,0.05472268141138916,24
ranked_carry_lb1_k1_th5_reb6_keep2.5,ranked_carry,1,1,5.0,6,2.5,optimistic_limit,test,-0.00315431214979911,-0.0019965200331906185,0.001992200585284848,-1.0021731575500883,-0.00315431214979911,-0.00016601642893679527,0.0,0.0,-0.00315431214979911,0.0,0.0,0.0,-5.262000000000001e-05,-0.000303538306145712,1.2651646447140381,0.0034662045060658577,19
ranked_carry_lb1_k1_th5_reb6_keep2.5,ranked_carry,1,1,5.0,6,2.5,optimistic_limit,full,0.018635224079919688,0.005165797674250072,0.00818237614868883,0.6338002768698955,-0.00454989611278922,0.00043113265168064557,0.0,0.007715952902817458,-0.00315431214979911,0.11627906976744186,0.0,0.0,0.05313316,0.01305057097034834,9.48806982893186,0.03211111465069606,43
ranked_carry_lb1_k2_th0_reb1_keep0,ranked_carry,1,2,0.0,1,0.0,taker,train,-0.9538800039863468,-0.7848107885791198,0.07263110236067004,-21.113005751760827,-0.9538955282162704,-0.11932976979875694,-0.12250360516442932,-0.023106619146608276,-0.200416381249356,0.0,0.0,0.6666666666666666,0.26643329,0.048618736126847084,845.3901841190219,0.9994869748617682,24
ranked_carry_lb1_k2_th0_reb1_keep0,ranked_carry,1,2,0.0,1,0.0,taker,test,-0.9702892981503312,-0.8918586709041518,0.08304748032886305,-26.73866452313994,-0.9703296468410404,-0.1681387938551699,-0.1797126553177658,-0.07127760658709403,-0.2097789342315246,0.0,0.0,0.8947368421052632,0.08196083000000001,0.05369966552002242,1153.1975736568456,0.997689196995956,19
ranked_carry_lb1_k2_th0_reb1_keep0,ranked_carry,1,2,0.0,1,0.0,taker,full,-0.9986297425491304,-0.8411477018479415,0.07748375694620409,-23.702772426090615,-0.998630365662334,-0.1408965478701952,-0.14731252677382023,-0.023106619146608276,-0.2097789342315246,0.0,0.0,0.7674418604651163,0.34839412000000003,0.1023184016468695,981.1780446624829,0.9986938931540887,43
ranked_carry_lb1_k2_th0_reb1_keep0,ranked_carry,1,2,0.0,1,0.0,optimistic_limit,train,-0.8723178071038015,-0.642191109967142,0.05418390860319396,-18.939696265574494,-0.8723607855923312,-0.08169164456254784,-0.08490191728219698,-0.011880781034517507,-0.14365340740271615,0.0,0.0,0.25,0.26643329,0.048618736126847084,845.3901841190219,0.9994869748617682,24
ranked_carry_lb1_k2_th0_reb1_keep0,ranked_carry,1,2,0.0,1,0.0,optimistic_limit,test,-0.9110454904201204,-0.7835975198380206,0.06031727932781673,-25.343652579277503,-0.9111831410861949,-0.11914102095676038,-0.12727641759042174,-0.04752440037286687,-0.15163548977047703,0.0,0.0,0.7894736842105263,0.08196083000000001,0.05369966552002242,1153.1975736568456,0.997689196995956,19
ranked_carry_lb1_k2_th0_reb1_keep0,ranked_carry,1,2,0.0,1,0.0,optimistic_limit,full,-0.9886420931488351,-0.7133777913915027,0.057032460614507376,-21.880048964597563,-0.9886472580627121,-0.09823904343440919,-0.09717357542502547,-0.011880781034517507,-0.15163548977047703,0.0,0.0,0.4883720930232558,0.34839412000000003,0.1023184016468695,981.1780446624829,0.9986938931540887,43
ranked_carry_lb1_k2_th0_reb3_keep0,ranked_carry,1,2,0.0,3,0.0,taker,train,-0.6616302070163302,-0.41789102976228276,0.05235095583862643,-10.309433445845057,-0.6617539962648018,-0.04402681962940271,-0.04345275568265894,-0.0008369471374036763,-0.07328362953681378,0.0,0.0,0.0,0.25412357500000005,0.023041991533213846,339.0548936897908,0.9985749301715784,24
ranked_carry_lb1_k2_th0_reb3_keep0,ranked_carry,1,2,0.0,3,0.0,taker,test,-0.7169377302646509,-0.5499401895042508,0.05552389447733981,-14.35047262724503,-0.717332280442554,-0.06414230285271506,-0.06765466622965544,-0.027287490574093964,-0.08406288109752191,0.0,0.0,0.0,0.07031219,0.028098188705763194,429.52339688041593,0.9965337954939342,19
ranked_carry_lb1_k2_th0_reb3_keep0,ranked_carry,1,2,0.0,3,0.0,taker,full,-0.9042202783881624,-0.4803471555978436,0.05379019182208004,-12.142005222556515,-0.9042638334216535,-0.052915056402494214,-0.053523558914904346,-0.0008369471374036763,-0.08406288109752191,0.0,0.0,0.0,0.32443576500000004,0.05114018023897704,378.9646714026313,0.9976744926889873,43
ranked_carry_lb1_k2_th0_reb3_keep0,ranked_carry,1,2,0.0,3,0.0,optimistic_limit,train,-0.490919529428435,-0.28618539539637833,0.04121523411976425,-8.159016101999079,-0.4911057714930944,-0.027675822486216712,-0.028517494597600168,0.0033788801386840372,-0.05014131120112908,0.041666666666666664,0.0,0.0,0.25412357500000005,0.023041991533213846,339.0548936897908,0.9985749301715784,24
ranked_carry_lb1_k2_th0_reb3_keep0,ranked_carry,1,2,0.0,3,0.0,optimistic_limit,test,-0.5741248469616815,-0.41723892190535894,0.04195981591624431,-12.847532286674253,-0.574837874102853,-0.04386484377859012,-0.04609926050697022,-0.016697383487762174,-0.05857679607400823,0.0,0.0,0.0,0.07031219,0.028098188705763194,429.52339688041593,0.9965337954939342,19
ranked_carry_lb1_k2_th0_reb3_keep0,ranked_carry,1,2,0.0,3,0.0,optimistic_limit,full,-0.7831952766865151,-0.34728625244274036,0.04155861270151251,-10.244374378958494,-0.7832938668350979,-0.03482911096424217,-0.035712348320296794,0.0033788801386840372,-0.05857679607400823,0.023255813953488372,0.0,0.0,0.32443576500000004,0.05114018023897704,378.9646714026313,0.9976744926889873,43
ranked_carry_lb1_k2_th0_reb6_keep0,ranked_carry,1,2,0.0,6,0.0,taker,train,-0.37377832736377414,-0.2084154699557611,0.044750889450976473,-5.200191559580542,-0.3740154050627118,-0.01925993584815293,-0.020611154615322924,0.009986172608465349,-0.04361555917959292,0.041666666666666664,0.0,0.0,0.243024965,0.018937634815735238,181.7613863079291,0.9972068631362937,24
ranked_carry_lb1_k2_th0_reb6_keep0,ranked_carry,1,2,0.0,6,0.0,taker,test,-0.4704834760807761,-0.33114640809009255,0.04472739355626318,-8.969423071663279,-0.4712579112865879,-0.03286818819487905,-0.03481769309634919,-0.016109558293656234,-0.044431178948219796,0.0,0.0,0.0,0.06586401500000001,0.01994356210062659,227.72963604852686,0.9965337954939342,19
ranked_carry_lb1_k2_th0_reb6_keep0,ranked_carry,1,2,0.0,6,0.0,taker,full,-0.6684052767027805,-0.2651133816362825,0.04474873906433796,-6.861223491539941,-0.6685907430806983,-0.025272884559497028,-0.0236539319711091,0.009986172608465349,-0.044431178948219796,0.023255813953488372,0.0,0.0,0.30888898,0.038881196916361827,202.0400751807843,0.9969099423401612,43
ranked_carry_lb1_k2_th0_reb6_keep0,ranked_carry,1,2,0.0,6,0.0,optimistic_limit,train,-0.2204725130941938,-0.11694729606624588,0.03776251002153541,-3.2745801524160587,-0.2281692016763961,-0.010288339861166803,-0.011386645774845161,0.011201920886493966,-0.030287076377326527,0.08333333333333333,0.0,0.0,0.243024965,0.018937634815735238,181.7613863079291,0.9972068631362937,24
ranked_carry_lb1_k2_th0_reb6_keep0,ranked_carry,1,2,0.0,6,0.0,optimistic_limit,test,-0.34241928267606103,-0.23292505134515618,0.03535720235828677,-7.481958877546572,-0.3434843716970608,-0.021798515402554695,-0.023135268504909323,-0.008981834911985898,-0.029944462179929077,0.0,0.0,0.0,0.06586401500000001,0.01994356210062659,227.72963604852686,0.9965337954939342,19
ranked_carry_lb1_k2_th0_reb6_keep0,ranked_carry,1,2,0.0,6,0.0,optimistic_limit,full,-0.48739775598675694,-0.17012803651423103,0.03672787546066143,-5.059019947276031,-0.49255071369829895,-0.015374231379454477,-0.01516010017165026,0.011201920886493966,-0.030287076377326527,0.046511627906976744,0.0,0.0,0.30888898,0.038881196916361827,202.0400751807843,0.9969099423401612,43
ranked_carry_lb1_k2_th0.5_reb1_keep0.25,ranked_carry,1,2,0.5,1,0.25,taker,train,-0.9515986658819471,-0.7795598060087794,0.07162416601145755,-21.074300546769656,-0.9516149580221119,-0.11762994040030307,-0.12061731974339357,-0.023106619146608276,-0.1883984700867769,0.0,0.0,0.6666666666666666,0.266764475,0.04841400992683176,833.4059168899277,0.9889984609245853,24
ranked_carry_lb1_k2_th0.5_reb1_keep0.25,ranked_carry,1,2,0.5,1,0.25,taker,test,-0.9545825609224565,-0.8585565695986105,0.07634010132246757,-25.579189234630697,-0.9546442401857542,-0.14959991274595938,-0.15476359518789162,-0.0695420295689334,-0.19454026015404557,0.0,0.0,0.8947368421052632,0.08332887,0.047771877674391894,1017.8249566724437,0.9000577700751011,19
ranked_carry_lb1_k2_th0.5_reb1_keep0.25,ranked_carry,1,2,0.5,1,0.25,taker,full,-0.9978017353564215,-0.8187497952131157,0.07377806389213802,-23.10963377993351,-0.9978027349990239,-0.13175620725070933,-0.13776739676464467,-0.023106619146608276,-0.19454026015404557,0.0,0.0,0.7674418604651163,0.350093345,0.09618588760122365,914.7615558599599,0.9497626708292186,43
ranked_carry_lb1_k2_th0.5_reb1_keep0.25,ranked_carry,1,2,0.5,1,0.25,optimistic_limit,train,-0.8679285636087974,-0.6361010616170325,0.05355260541835968,-18.848488190588977,-0.8679730195394586,-0.08043865622010536,-0.08384861896503354,-0.011880781034517507,-0.1344487303827434,0.0,0.0,0.20833333333333334,0.266764475,0.04841400992683176,833.4059168899277,0.9889984609245853,24
ranked_carry_lb1_k2_th0.5_reb1_keep0.25,ranked_carry,1,2,0.5,1,0.25,optimistic_limit,test,-0.8804645517970872,-0.7391200340327598,0.055984017291677436,-23.971536678456932,-0.8806495242525857,-0.10547222470087796,-0.10936566857872276,-0.046321793943362555,-0.13840232140755693,0.0,0.0,0.7368421052631579,0.08332887,0.047771877674391894,1017.8249566724437,0.9000577700751011,19
ranked_carry_lb1_k2_th0.5_reb1_keep0.25,ranked_carry,1,2,0.5,1,0.25,optimistic_limit,full,-0.9842127816561751,-0.6857917496403413,0.05466616171590385,-21.148861887033142,-0.9842199607626929,-0.09150000043253977,-0.0936230115147908,-0.011880781034517507,-0.13840232140755693,0.0,0.0,0.4418604651162791,0.350093345,0.09618588760122365,914.7615558599599,0.9497626708292186,43
ranked_carry_lb1_k2_th0.5_reb3_keep0.25,ranked_carry,1,2,0.5,3,0.25,taker,train,-0.6567449697440324,-0.4137094782795041,0.052304991661839446,-10.18170124493766,-0.6568705462083344,-0.043464431542719194,-0.04317564575109745,-0.0008369471374036763,-0.06927367321378364,0.0,0.0,0.0,0.25367095000000006,0.025823194869688204,336.0588268825173,0.9876303938893006,24
ranked_carry_lb1_k2_th0.5_reb3_keep0.25,ranked_carry,1,2,0.5,3,0.25,taker,test,-0.6899773760439236,-0.5232788193103555,0.05294347259186806,-13.965618124819997,-0.6904095052766548,-0.059680154292946645,-0.059432489651510934,-0.02522159902920107,-0.07982805992370534,0.0,0.0,0.0,0.069704105,0.02945463230881057,401.05719237435005,0.9064124783362218,19
ranked_carry_lb1_k2_th0.5_reb3_keep0.25,ranked_carry,1,2,0.5,3,0.25,taker,full,-0.8935831748339214,-0.4648486317439303,0.0525982169735084,-11.85967821174609,-0.8936315670019723,-0.05062951833933132,-0.053677694744672655,-0.0008369471374036763,-0.07982805992370534,0.0,0.0,0.0,0.323375055,0.05527782717849877,364.73256665923356,0.9518014717594215,43
ranked_carry_lb1_k2_th0.5_reb3_keep0.25,ranked_carry,1,2,0.5,3,0.25,optimistic_limit,train,-0.4854327926913481,-0.2823540936853697,0.04132333610911478,-8.008029693355343,-0.4856210420244792,-0.027246922229809272,-0.026994276505247106,0.0033788801386840372,-0.047180767281957525,0.041666666666666664,0.0,0.0,0.25367095000000006,0.025823194869688204,336.0588268825173,0.9876303938893006,24
ranked_carry_lb1_k2_th0.5_reb3_keep0.25,ranked_carry,1,2,0.5,3,0.25,optimistic_limit,test,-0.5460497537071927,-0.39322247514292474,0.040596726247026454,-12.285572042445784,-0.5468097859467798,-0.04066322830215291,-0.041254584796810545,-0.015205235385345794,-0.0545719790252398,0.0,0.0,0.0,0.069704105,0.02945463230881057,401.05719237435005,0.9064124783362218,19
ranked_carry_lb1_k2_th0.5_reb3_keep0.25,ranked_carry,1,2,0.5,3,0.25,optimistic_limit,full,-0.766412089508035,-0.3335628416760622,0.04101339832030605,-9.873807204641535,-0.7665183116716974,-0.03317505747107739,-0.03553466738714395,0.0033788801386840372,-0.0545719790252398,0.023255813953488372,0.0,0.0,0.323375055,0.05527782717849877,364.73256665923356,0.9518014717594215,43
ranked_carry_lb1_k2_th0.5_reb6_keep0.25,ranked_carry,1,2,0.5,6,0.25,taker,train,-0.37295068698821177,-0.20789323311692953,0.04501730629956637,-5.154500949007469,-0.3731880780188087,-0.0192011037618577,-0.01986463887139439,0.009986172608465349,-0.04851233550516032,0.041666666666666664,0.0,0.0,0.24311749,0.01818977188171783,181.26204184005016,0.9889984609245853,24
ranked_carry_lb1_k2_th0.5_reb6_keep0.25,ranked_carry,1,2,0.5,6,0.25,taker,test,-0.44042724423750923,-0.3073744338412091,0.04342944506191483,-8.434682915543952,-0.4412456376637759,-0.03005395442787071,-0.03166957919925961,-0.014114760934350157,-0.043207392047847515,0.0,0.0,0.0,0.06569612,0.023227315023613693,211.28249566724438,0.9168110918544194,19
ranked_carry_lb1_k2_th0.5_reb6_keep0.25,ranked_carry,1,2,0.5,6,0.25,taker,full,-0.6491202879190119,-0.2534284011591019,0.04432886442458952,-6.570779135079828,-0.6493165407080718,-0.023996549404979726,-0.022181264147670188,0.009986172608465349,-0.04851233550516032,0.023255813953488372,0.0,0.0,0.30881361000000007,0.041417086905331524,194.50543149310312,0.9571533242012041,43
ranked_carry_lb1_k2_th0.5_reb6_keep0.25,ranked_carry,1,2,0.5,6,0.25,optimistic_limit,train,-0.21991269967596105,-0.11663068894045192,0.03811514988135084,-3.2345280898177937,-0.22761491559314062,-0.010255631521303423,-0.01096606314985693,0.011201920886493966,-0.034088500041903114,0.08333333333333333,0.0,0.0,0.24311749,0.01818977188171783,181.26204184005016,0.9889984609245853,24
ranked_carry_lb1_k2_th0.5_reb6_keep0.25,ranked_carry,1,2,0.5,6,0.25,optimistic_limit,test,-0.3159041463903618,-0.21350149317121014,0.035117255669297874,-6.821264826350553,-0.3170121822007126,-0.019761951557059815,-0.02053430263312439,-0.007571375897125976,-0.029287187727219166,0.0,0.0,0.0,0.06569612,0.023227315023613693,211.28249566724438,0.9168110918544194,19
ranked_carry_lb1_k2_th0.5_reb6_keep0.25,ranked_carry,1,2,0.5,6,0.25,optimistic_limit,full,-0.4663455123947816,-0.16075457470183607,0.03682733040231618,-4.740281650608972,-0.4717100987564701,-0.014456098513846945,-0.014179372148817815,0.011201920886493966,-0.034088500041903114,0.046511627906976744,0.0,0.0,0.30881361000000007,0.041417086905331524,194.50543149310312,0.9571533242012041,43
ranked_carry_lb1_k2_th1_reb1_keep0.5,ranked_carry,1,2,1.0,1,0.5,taker,train,-0.9286090167058574,-0.7323463591209856,0.06668650067033358,-19.730162706023616,-0.9286330472812026,-0.1035394284737811,-0.10604767322193104,-0.023106619146608276,-0.17838403956108273,0.0,0.0,0.5416666666666666,0.2625278,0.05054662625747647,736.033745653537,0.9347318018582911,24
ranked_carry_lb1_k2_th1_reb1_keep0.5,ranked_carry,1,2,1.0,1,0.5,taker,test,-0.8700652542301193,-0.7249837900552664,0.06026390992577322,-21.389444826036865,-0.8702417124267642,-0.10151324062784259,-0.10813197783905903,-0.04851116560507929,-0.12982485736259863,0.0,0.0,0.6842105263157895,0.074369405,0.04193284278383108,681.2911611785095,0.7007510109763143,19
ranked_carry_lb1_k2_th1_reb1_keep0.5,ranked_carry,1,2,1.0,1,0.5,taker,full,-0.9907238307354138,-0.7291230091158105,0.06393194862856794,-20.395848909763856,-0.9907280489964004,-0.10264413616976176,-0.10775387776374767,-0.023106619146608276,-0.17838403956108273,0.0,0.0,0.6046511627906976,0.336897205,0.09247946904130755,711.884298047211,0.8315122168774489,43
ranked_carry_lb1_k2_th1_reb1_keep0.5,ranked_carry,1,2,1.0,1,0.5,optimistic_limit,train,-0.8267725172442302,-0.583315343890447,0.05031228575114626,-17.373793459761412,-0.8268308265136106,-0.07016304481956533,-0.07276500904924393,-0.011880781034517507,-0.11634533051237939,0.0,0.0,0.08333333333333333,0.2625278,0.05054662625747647,736.033745653537,0.9347318018582911,24
ranked_carry_lb1_k2_th1_reb1_keep0.5,ranked_carry,1,2,1.0,1,0.5,optimistic_limit,test,-0.7517184435953373,-0.5857594966226009,0.04530844898839385,-19.427654208091656,-0.7521026413361214,-0.07053875969905592,-0.07481188537717698,-0.033524499228620885,-0.09132068740018628,0.0,0.0,0.0,0.074369405,0.04193284278383108,681.2911611785095,0.7007510109763143,19
ranked_carry_lb1_k2_th1_reb1_keep0.5,ranked_carry,1,2,1.0,1,0.5,optimistic_limit,full,-0.9569908109693352,-0.5843953436589828,0.04816824551458246,-18.20319126303411,-0.9570103690410976,-0.07032905837096816,-0.07352674608543275,-0.011880781034517507,-0.11634533051237939,0.0,0.0,0.046511627906976744,0.336897205,0.09247946904130755,711.884298047211,0.8315122168774489,43
ranked_carry_lb1_k2_th1_reb3_keep0.5,ranked_carry,1,2,1.0,3,0.5,taker,train,-0.6140203641802352,-0.3783395816753894,0.049562125773488654,-9.566149381542893,-0.6141615710197175,-0.038810588837099175,-0.03782700665646327,-0.0008369471374036763,-0.06130112056540393,0.0,0.0,0.0,0.25091927,0.025598500167893223,306.09815880978164,0.9288035113720572,24
ranked_carry_lb1_k2_th1_reb3_keep0.5,ranked_carry,1,2,1.0,3,0.5,taker,test,-0.5593331281054477,-0.4045154034517566,0.04362495699144687,-11.86044831692007,-0.5601671502044052,-0.04214285555619289,-0.04539109495436855,-0.01648239156709308,-0.06086316143240611,0.0,0.0,0.0,0.062822305,0.02724217982937871,287.1923743500867,0.6967071057192374,19
ranked_carry_lb1_k2_th1_reb3_keep0.5,ranked_carry,1,2,1.0,3,0.5,taker,full,-0.8299115612683066,-0.39002584611866264,0.04703527599322189,-10.486111457816666,-0.8300738228285977,-0.040282985759489416,-0.04227139367444477,-0.0008369471374036763,-0.06130112056540393,0.0,0.0,0.0,0.313741575,0.05284067999727193,297.7579561020675,0.8264152145519417,43
ranked_carry_lb1_k2_th1_reb3_keep0.5,ranked_carry,1,2,1.0,3,0.5,optimistic_limit,train,-0.4419238102174676,-0.2526693443603285,0.039563302991207694,-7.341646970039141,-0.4421279768823284,-0.023974195261672163,-0.02465903719444401,0.0033788801386840372,-0.03730657192948972,0.041666666666666664,0.0,0.0,0.25091927,0.025598500167893223,306.09815880978164,0.9288035113720572,24
ranked_carry_lb1_k2_th1_reb3_keep0.5,ranked_carry,1,2,1.0,3,0.5,optimistic_limit,test,-0.42101318775981933,-0.2922687095067238,0.034275882707607376,-10.068190688442048,-0.42227126587009267,-0.028316157916460333,-0.03056364589966254,-0.01055471344100134,-0.041464391688394,0.0,0.0,0.0,0.062822305,0.02724217982937871,287.1923743500867,0.6967071057192374,19
ranked_carry_lb1_k2_th1_reb3_keep0.5,ranked_carry,1,2,1.0,3,0.5,optimistic_limit,full,-0.6768812458906646,-0.27040445161965787,0.03732377959959327,-8.427934582924197,-0.677189495843407,-0.025892736899834384,-0.028001040086136242,0.0033788801386840372,-0.041464391688394,0.023255813953488372,0.0,0.0,0.313741575,0.05284067999727193,297.7579561020675,0.8264152145519417,43
ranked_carry_lb1_k2_th1_reb6_keep0.5,ranked_carry,1,2,1.0,6,0.5,taker,train,-0.3329927868974957,-0.18307807261945974,0.043247320271794835,-4.654011174465715,-0.33324530536206987,-0.016693190562949965,-0.018340017276752718,0.009986172608465349,-0.03195441231167895,0.041666666666666664,0.0,0.0,0.23962779,0.019296728528093998,165.2830188679245,0.9315396454426267,24
ranked_carry_lb1_k2_th1_reb6_keep0.5,ranked_carry,1,2,1.0,6,0.5,taker,test,-0.3444380951437168,-0.23441560280607165,0.03631030339467616,-7.3381857712703935,-0.34503054065284855,-0.021950806132716588,-0.02171292544665726,-0.004800241483421286,-0.034281541992705944,0.0,0.0,0.0,0.058034705000000006,0.022752525840537607,158.7781629116118,0.7262420566146736,19
ranked_carry_lb1_k2_th1_reb6_keep0.5,ranked_carry,1,2,1.0,6,0.5,taker,full,-0.5627354808256402,-0.20613661408964257,0.04033528926111803,-5.702862347109867,-0.5627354808256402,-0.019016323024009636,-0.01946391047544349,0.009986172608465349,-0.034281541992705944,0.023255813953488372,0.0,0.0,0.297662495,0.042049254368631606,162.4134306011277,0.8409735274441719,43
ranked_carry_lb1_k2_th1_reb6_keep0.5,ranked_carry,1,2,1.0,6,0.5,optimistic_limit,train,-0.18605032663163035,-0.09768665030233203,0.03712304109848836,-2.7504131522789965,-0.1960318868534917,-0.008515511724063845,-0.01004924525773715,0.011201920886493966,-0.022004441798361585,0.125,0.0,0.0,0.23962779,0.019296728528093998,165.2830188679245,0.9315396454426267,24
ranked_carry_lb1_k2_th1_reb6_keep0.5,ranked_carry,1,2,1.0,6,0.5,optimistic_limit,test,-0.23763107755442703,-0.15771361905653158,0.029947264451710184,-5.71621004817957,-0.2384399398564504,-0.014164386417950866,-0.014037572245559016,-0.0030042466002148105,-0.023763867230907176,0.0,0.0,0.0,0.058034705000000006,0.022752525840537607,158.7781629116118,0.7262420566146736,19
ranked_carry_lb1_k2_th1_reb6_keep0.5,ranked_carry,1,2,1.0,6,0.5,optimistic_limit,full,-0.3794700645892295,-0.12467730726324355,0.03414533568831736,-3.882771727199606,-0.386847566009634,-0.011011526123688343,-0.011548172377071064,0.011201920886493966,-0.023763867230907176,0.06976744186046512,0.0,0.0,0.297662495,0.042049254368631606,162.4134306011277,0.8409735274441719,43
ranked_carry_lb1_k2_th2_reb1_keep1,ranked_carry,1,2,2.0,1,1.0,taker,train,-0.552646083364831,-0.33080200463656995,0.03990659173989065,-10.045168410564761,-0.5526529099887056,-0.03193573502277997,-0.009841223261695509,0.0,-0.16142673190052648,0.0,0.0,0.125,0.17021732,0.028993302114970698,250.17157840734197,0.3862509262953885,24
ranked_carry_lb1_k2_th2_reb1_keep1,ranked_carry,1,2,2.0,1,1.0,taker,test,-0.020650004305237113,-0.013112854882700087,0.006610284084925633,-1.99351602748429,-0.020863378216228856,-0.001094062379275609,0.0,0.0,-0.008869396725678325,0.0,0.0,0.0,0.00351152,0.003656871521876437,8.856152512998268,0.020219526285384173,19
ranked_carry_lb1_k2_th2_reb1_keep1,ranked_carry,1,2,2.0,1,1.0,taker,full,-0.5618839436693124,-0.20570549281328254,0.030223817434678384,-7.604611678576574,-0.5618839436693124,-0.018308019203557114,0.0,0.0,-0.16142673190052648,0.0,0.0,0.06976744186046512,0.17372884,0.032650173636847135,143.71635182058552,0.22477780255487242,43
ranked_carry_lb1_k2_th2_reb1_keep1,ranked_carry,1,2,2.0,1,1.0,optimistic_limit,train,-0.3953405059079945,-0.22214496929027683,0.02985133600571217,-8.400477875645631,-0.39615940120356186,-0.020319393164118602,-0.004859058511500203,0.0,-0.10351933736204744,0.0,0.0,0.041666666666666664,0.17021732,0.028993302114970698,250.17157840734197,0.3862509262953885,24
ranked_carry_lb1_k2_th2_reb1_keep1,ranked_carry,1,2,2.0,1,1.0,optimistic_limit,test,-0.012374928229050619,-0.007846058374573639,0.005093821311650836,-1.5438342416404853,-0.013183517279565793,-0.0006537660762743261,0.0,0.0,-0.005507415484933387,0.0,0.0,0.0,0.00351152,0.003656871521876437,8.856152512998268,0.020219526285384173,19
ranked_carry_lb1_k2_th2_reb1_keep1,ranked_carry,1,2,2.0,1,1.0,optimistic_limit,full,-0.40282312375039797,-0.13399758738537837,0.02260730928751917,-6.352396126232205,-0.40326424113890647,-0.011629930032280434,0.0,0.0,-0.10351933736204744,0.0,0.0,0.023255813953488372,0.17372884,0.032650173636847135,143.71635182058552,0.22477780255487242,43
ranked_carry_lb1_k2_th2_reb3_keep1,ranked_carry,1,2,2.0,3,1.0,taker,train,-0.18488034121492702,-0.09703923295078942,0.02864788318596267,-3.5487648896764443,-0.1874322059177168,-0.008392540241932289,-0.001952500954140235,0.0014386174127614115,-0.05171442524226866,0.041666666666666664,0.0,0.0,0.160497065,0.023906803364179663,96.87282676851166,0.3721142335974463,24
ranked_carry_lb1_k2_th2_reb3_keep1,ranked_carry,1,2,2.0,3,1.0,taker,test,-0.01491028273607653,-0.009457994047678775,0.005886005118528614,-1.611561729773722,-0.015124907177363478,-0.0007882907636530779,0.0,0.0,-0.008129783308279626,0.0,0.0,0.0,0.00384714,0.001157719834006865,6.325823223570191,0.025996533795493933,19
ranked_carry_lb1_k2_th2_reb3_keep1,ranked_carry,1,2,2.0,3,1.0,taker,full,-0.19703400579114694,-0.05940058574279217,0.021775284739065138,-2.8013535903118085,-0.1988437476272713,-0.005032523030599614,0.0,0.0014386174127614115,-0.05171442524226866,0.023255813953488372,0.0,0.0,0.16434420500000002,0.025064523198186528,56.92841897359116,0.21942595011308974,43
ranked_carry_lb1_k2_th2_reb3_keep1,ranked_carry,1,2,2.0,3,1.0,optimistic_limit,train,-0.08397971801995019,-0.04285547982604676,0.02278916532757013,-1.9105967825909835,-0.09068274966074186,-0.0036258742606632838,-0.0006572823704763531,0.00505980008100515,-0.024505502718158434,0.16666666666666666,0.0,0.0,0.160497065,0.023906803364179663,96.87282676851166,0.3721142335974463,24
ranked_carry_lb1_k2_th2_reb3_keep1,ranked_carry,1,2,2.0,3,1.0,optimistic_limit,test,-0.008971908696447262,-0.005684863716424515,0.004671072485666296,-1.218171345786593,-0.009783283869359893,-0.000473319568328371,0.0,0.0,-0.00574252440809675,0.0,0.0,0.0,0.00384714,0.001157719834006865,6.325823223570191,0.025996533795493933,19
ranked_carry_lb1_k2_th2_reb3_keep1,ranked_carry,1,2,2.0,3,1.0,optimistic_limit,full,-0.09219816835396777,-0.02663226360540505,0.017317528900678204,-1.5500606843876035,-0.09696352355426374,-0.002232884978003671,0.0,0.00505980008100515,-0.024505502718158434,0.09302325581395349,0.0,0.0,0.16434420500000002,0.025064523198186528,56.92841897359116,0.21942595011308974,43
ranked_carry_lb1_k2_th2_reb6_keep1,ranked_carry,1,2,2.0,6,1.0,taker,train,-0.05959263280310534,-0.030214908154340137,0.024515877035501385,-1.2391907555137391,-0.06730379415461007,-0.0025425122201296843,-0.0005122668554027321,0.009986172608465349,-0.015301722220812608,0.125,0.0,0.0,0.15027469000000002,0.018885849187006754,57.4246138060765,0.3639058313857379,24
ranked_carry_lb1_k2_th2_reb6_keep1,ranked_carry,1,2,2.0,6,1.0,taker,test,-0.01123552159826724,-0.0071221380949058055,0.004347613003766324,-1.6418568488854879,-0.01123552159826724,-0.0005927030003382601,0.0,0.0,-0.008053307704394608,0.0,0.0,0.0,0.00128603,0.0014298130859395908,4.428076256499134,0.01733102253032929,19
ranked_carry_lb1_k2_th2_reb6_keep1,ranked_carry,1,2,2.0,6,1.0,taker,full,-0.07015860008841623,-0.020094593226916313,0.01855349390422432,-1.0848026868907614,-0.07697194504069238,-0.0016809686113846364,0.0,0.009986172608465349,-0.015301722220812608,0.06976744186046512,0.0,0.0,0.15156072,0.020315662272946344,34.04542703322608,0.21101589627600267,43
ranked_carry_lb1_k2_th2_reb6_keep1,ranked_carry,1,2,2.0,6,1.0,optimistic_limit,train,0.0077702242546151545,0.0038725006527406958,0.020483501833464954,0.19893669212769105,-0.018314538258581092,0.00032691012744202885,0.0,0.011201920886493966,-0.003748559122967454,0.2916666666666667,0.0,0.0,0.15027469000000002,0.018885849187006754,57.4246138060765,0.3639058313857379,24
ranked_carry_lb1_k2_th2_reb6_keep1,ranked_carry,1,2,2.0,6,1.0,optimistic_limit,test,-0.007067285460440775,-0.0044764629591400595,0.0032235907360756147,-1.3901617170216207,-0.007399583915314478,-0.00037238268239342105,0.0,0.0,-0.005665864740749704,0.0,0.0,0.0,0.00128603,0.0014298130859395908,4.428076256499134,0.01733102253032929,19
ranked_carry_lb1_k2_th2_reb6_keep1,ranked_carry,1,2,2.0,6,1.0,optimistic_limit,full,0.0006480244012736502,0.00018079603107712394,0.015461593399053251,0.01942724618797292,-0.02322153242056424,1.7920281235667263e-05,0.0,0.011201920886493966,-0.005665864740749704,0.16279069767441862,0.0,0.0,0.15156072,0.020315662272946344,34.04542703322608,0.21101589627600267,43
ranked_carry_lb1_k2_th5_reb1_keep2.5,ranked_carry,1,2,5.0,1,2.5,taker,train,-0.21414961242172936,-0.11337791720346624,0.022133727292532438,-5.4256675859526675,-0.21414961242172936,-0.009753380720995028,0.0,0.0,-0.10052050546396074,0.0,0.0,0.041666666666666664,0.065285815,0.016218386102860916,80.3944593285071,0.06703528472895172,24
ranked_carry_lb1_k2_th5_reb1_keep2.5,ranked_carry,1,2,5.0,1,2.5,taker,test,-0.00414502955561824,-0.0026240728560937843,0.0023634369974388425,-1.1105542563754376,-0.00414502955561824,-0.00021815945029569686,0.0,0.0,-0.00414502955561824,0.0,0.0,0.0,-8.02e-06,-0.00014120283537910616,1.2651646447140381,0.0005777007510109763,19
ranked_carry_lb1_k2_th5_reb1_keep2.5,ranked_carry,1,2,5.0,1,2.5,taker,full,-0.21740698550453552,-0.06612219567367394,0.016632178691097992,-4.104745124795985,-0.21740698550453552,-0.005540143415337185,0.0,0.0,-0.10052050546396074,0.0,0.0,0.023255813953488372,0.065277795,0.01607718326748181,45.48692300340862,0.0377178172087541,43
ranked_carry_lb1_k2_th5_reb1_keep2.5,ranked_carry,1,2,5.0,1,2.5,optimistic_limit,train,-0.13425562733401553,-0.06945821008156428,0.016388257270912233,-4.384454670347339,-0.13425562733401553,-0.005903399955663663,0.0,0.0,-0.061268632079121255,0.0,0.0,0.0,0.065285815,0.016218386102860916,80.3944593285071,0.06703528472895172,24
ranked_carry_lb1_k2_th5_reb1_keep2.5,ranked_carry,1,2,5.0,1,2.5,optimistic_limit,test,-0.0029471886375027623,-0.0018653501903140857,0.0017114374441931485,-1.090093147536579,-0.0029471886375027623,-0.00015511519144751382,0.0,0.0,-0.0029471886375027623,0.0,0.0,0.0,-8.02e-06,-0.00014120283537910616,1.2651646447140381,0.0005777007510109763,19
ranked_carry_lb1_k2_th5_reb1_keep2.5,ranked_carry,1,2,5.0,1,2.5,optimistic_limit,full,-0.13680713931211863,-0.040223310795950984,0.012309365402148931,-3.3290668735709996,-0.13680713931211863,-0.0033634601761262945,0.0,0.0,-0.061268632079121255,0.0,0.0,0.0,0.065277795,0.01607718326748181,45.48692300340862,0.0377178172087541,43
ranked_carry_lb1_k2_th5_reb3_keep2.5,ranked_carry,1,2,5.0,3,2.5,taker,train,-0.038440532116968296,-0.019383415477441157,0.014096628024195161,-1.3814809101615408,-0.04120101139587784,-0.0016251207907310393,0.0,0.0,-0.017291993513076642,0.0,0.0,0.0,0.06283657,0.012163854024331733,28.462634669098787,0.06840335176423645,24
ranked_carry_lb1_k2_th5_reb3_keep2.5,ranked_carry,1,2,5.0,3,2.5,taker,test,-0.004076179589262652,-0.0025804536201187167,0.0024277628132156216,-1.063051910315896,-0.004076179589262652,-0.00021453576785592903,0.0,0.0,-0.004076179589262652,0.0,0.0,0.0,-2.141e-05,-5.843511291192538e-05,1.2651646447140381,0.0017331022530329288,19
ranked_carry_lb1_k2_th5_reb3_keep2.5,ranked_carry,1,2,5.0,3,2.5,taker,full,-0.042360021193815545,-0.012006042418069018,0.010661049596437726,-1.1276357862081003,-0.042360021193815545,-0.001001839036437386,0.0,0.0,-0.017291993513076642,0.0,0.0,0.0,0.06281516000000001,0.012105418911419807,16.46459176196999,0.03899206779013093,43
ranked_carry_lb1_k2_th5_reb3_keep2.5,ranked_carry,1,2,5.0,3,2.5,optimistic_limit,train,-0.004911920368230183,-0.00245576356048105,0.011144460980181937,-0.21505227716948058,-0.010025365971733091,-0.00020466049696911404,0.0,0.002821224157751434,-0.0029994942775912747,0.125,0.0,0.0,0.06283657,0.012163854024331733,28.462634669098787,0.06840335176423645,24
ranked_carry_lb1_k2_th5_reb3_keep2.5,ranked_carry,1,2,5.0,3,2.5,optimistic_limit,test,-0.002878255856571421,-0.0018216977723641836,0.0017992243759798801,-1.012513577447613,-0.002878255856571421,-0.00015148715034586427,0.0,0.0,-0.002878255856571421,0.0,0.0,0.0,-2.141e-05,-5.843511291192538e-05,1.2651646447140381,0.0017331022530329288,19
ranked_carry_lb1_k2_th5_reb3_keep2.5,ranked_carry,1,2,5.0,3,2.5,optimistic_limit,full,-0.007776038461234758,-0.0021760979230676103,0.008416380210305559,-0.25462561490230123,-0.010025365971733091,-0.00018116529729837575,0.0,0.002821224157751434,-0.0029994942775912747,0.06976744186046512,0.0,0.0,0.06281516000000001,0.012105418911419807,16.46459176196999,0.03899206779013093,43
ranked_carry_lb1_k2_th5_reb6_keep2.5,ranked_carry,1,2,5.0,6,2.5,taker,train,-0.0005137631356024741,-0.0002565777820584536,0.011880053285318316,-0.015653554061816528,-0.007924746195534516,-2.117248961593099e-05,0.0,0.001955722249456171,-0.0019087989330931476,0.08333333333333333,0.0,0.0,0.05318090499999999,0.012446676622864639,16.47836744000456,0.057458815481958615,24
ranked_carry_lb1_k2_th5_reb6_keep2.5,ranked_carry,1,2,5.0,6,2.5,taker,test,-0.004351904233534376,-0.0027551429914478565,0.002574035119980673,-1.0705482285250107,-0.004351904233534376,-0.00022904759123865137,0.0,0.0,-0.004351904233534376,0.0,0.0,0.0,-5.262000000000001e-05,-0.000303538306145712,1.2651646447140381,0.0034662045060658577,19
ranked_carry_lb1_k2_th5_reb6_keep2.5,ranked_carry,1,2,5.0,6,2.5,taker,full,-0.004863431521172079,-0.001359579448867665,0.009044073102159598,-0.1459033715023192,-0.008762376485528689,-0.00011302427870504,0.0,0.001955722249456171,-0.004351904233534376,0.046511627906976744,0.0,0.0,0.053128285,0.012143138316718927,9.767130706253385,0.033640215348348254,43
ranked_carry_lb1_k2_th5_reb6_keep2.5,ranked_carry,1,2,5.0,6,2.5,optimistic_limit,train,0.019519184507370557,0.009699631465964531,0.009811979030017903,0.9886950815900842,-0.004174633049175092,0.0008079195198513975,0.0,0.008900268876703032,-0.0007083860504976114,0.25,0.0,0.0,0.05318090499999999,0.012446676622864639,16.47836744000456,0.057458815481958615,24
ranked_carry_lb1_k2_th5_reb6_keep2.5,ranked_carry,1,2,5.0,6,2.5,optimistic_limit,test,-0.00315431214979911,-0.0019965200331906185,0.001992200585284848,-1.0021731575500883,-0.00315431214979911,-0.00016601642893679527,0.0,0.0,-0.00315431214979911,0.0,0.0,0.0,-5.262000000000001e-05,-0.000303538306145712,1.2651646447140381,0.0034662045060658577,19
ranked_carry_lb1_k2_th5_reb6_keep2.5,ranked_carry,1,2,5.0,6,2.5,optimistic_limit,full,0.016303302756725868,0.004523123914001781,0.007453653336176808,0.6091935674006769,-0.004843146311934277,0.00037757572852638213,0.0,0.008900268876703032,-0.00315431214979911,0.13953488372093023,0.0,0.0,0.053128285,0.012143138316718927,9.767130706253385,0.033640215348348254,43
ranked_carry_lb1_k3_th0_reb1_keep0,ranked_carry,1,3,0.0,1,0.0,taker,train,-0.9281099420845984,-0.7314136687308431,0.06134768083856616,-21.396084606382757,-0.9281206571718317,-0.10308934474282862,-0.10592995262243315,-0.00964416424377812,-0.1805979478915194,0.0,0.0,0.5416666666666666,0.259932735,0.040753934432395895,731.3731972866669,0.9994869748617682,24
ranked_carry_lb1_k3_th0_reb1_keep0,ranked_carry,1,3,0.0,1,0.0,taker,test,-0.9550944964269771,-0.8595672072107601,0.0711595434739158,-27.547538316776414,-0.9551591023059787,-0.1500544202911501,-0.16266460560247686,-0.062429754649921176,-0.1908273703036636,0.0,0.0,0.8947368421052632,0.07885297166666666,0.050308851591384665,1020.9878682842287,0.997689196995956,19
ranked_carry_lb1_k3_th0_reb1_keep0,ranked_carry,1,3,0.0,1,0.0,taker,full,-0.996771740747415,-0.798232813780488,0.06594507511714859,-24.23709339380081,-0.9967725168736709,-0.12384135486883112,-0.13334157146919745,-0.00964416424377812,-0.1908273703036636,0.0,0.0,0.6976744186046512,0.33878570666666663,0.09106278602378057,859.1354209805359,0.9986938931540887,43
ranked_carry_lb1_k3_th0_reb1_keep0,ranked_carry,1,3,0.0,1,0.0,optimistic_limit,train,-0.8265870939196023,-0.5830926855349778,0.04627870066409052,-18.880742949063073,-0.8266129408095606,-0.06999143239887039,-0.07011351286420525,-0.0024767213833963853,-0.12911389010894803,0.0,0.0,0.125,0.259932735,0.040753934432395895,731.3731972866669,0.9994869748617682,24
ranked_carry_lb1_k3_th0_reb1_keep0,ranked_carry,1,3,0.0,1,0.0,optimistic_limit,test,-0.8814836319191116,-0.7405291661066051,0.051539028992843,-26.148679084905176,-0.8817015278880572,-0.10584537407479401,-0.1157473449411679,-0.04154276934535628,-0.13686425775818456,0.0,0.0,0.7368421052631579,0.07885297166666666,0.050308851591384665,1020.9878682842287,0.997689196995956,19
ranked_carry_lb1_k3_th0_reb1_keep0,ranked_carry,1,3,0.0,1,0.0,optimistic_limit,full,-0.9794477321929994,-0.6617909988676913,0.04873350377767122,-22.219532928050082,-0.9794526732938875,-0.08583387174404593,-0.09121508701908809,-0.0024767213833963853,-0.13686425775818456,0.0,0.0,0.3953488372093023,0.33878570666666663,0.09106278602378057,859.1354209805359,0.9986938931540887,43
ranked_carry_lb1_k3_th0_reb3_keep0,ranked_carry,1,3,0.0,3,0.0,taker,train,-0.5970092836690281,-0.3648061822688977,0.044978593442024296,-10.067029865335737,-0.5971524251452144,-0.03704034234576456,-0.037878001848715315,0.005078416184252976,-0.06210689162554528,0.041666666666666664,0.0,0.0,0.24881935333333333,0.021056765707918618,293.7809952687681,0.9985749301715784,24
ranked_carry_lb1_k3_th0_reb3_keep0,ranked_carry,1,3,0.0,3,0.0,taker,test,-0.6815344855981551,-0.5151068311890055,0.04908943195319947,-14.719866295575502,-0.6819988634031839,-0.05835014777106476,-0.06287891206053464,-0.024701999611611347,-0.07387988770955933,0.0,0.0,0.0,0.06750401833333333,0.022210069875046957,389.67071057192373,0.9965337954939342,19
ranked_carry_lb1_k3_th0_reb3_keep0,ranked_carry,1,3,0.0,3,0.0,taker,full,-0.8716613542244879,-0.43613200040286393,0.046857671236128946,-12.203275565750072,-0.8717026312785839,-0.04645630288252511,-0.047904620245649454,0.005078416184252976,-0.07387988770955933,0.023255813953488372,0.0,0.0,0.3163233716666667,0.04326683558296558,336.0823165875569,0.9976744926889873,43
ranked_carry_lb1_k3_th0_reb3_keep0,ranked_carry,1,3,0.0,3,0.0,optimistic_limit,train,-0.42597949786768075,-0.24208285235818972,0.035901860927963165,-7.702448819442867,-0.42618338877312023,-0.02279303123273234,-0.021680454154214712,0.0074968836197844,-0.04273277649383489,0.041666666666666664,0.0,0.0,0.24881935333333333,0.021056765707918618,293.7809952687681,0.9985749301715784,24
ranked_carry_lb1_k3_th0_reb3_keep0,ranked_carry,1,3,0.0,3,0.0,optimistic_limit,test,-0.5387308186090544,-0.38705216029013,0.03670535962767819,-13.316514358985234,-0.5395878473241359,-0.03985463370370447,-0.042926121709143006,-0.014878305383449919,-0.051701454560725724,0.0,0.0,0.0,0.06750401833333333,0.022210069875046957,389.67071057192373,0.9965337954939342,19
ranked_carry_lb1_k3_th0_reb3_keep0,ranked_carry,1,3,0.0,3,0.0,optimistic_limit,full,-0.7352220328798014,-0.3098414049823699,0.03627541630318161,-10.204367647155077,-0.7353071923764302,-0.030331878836185138,-0.03232151608879952,0.0074968836197844,-0.051701454560725724,0.023255813953488372,0.0,0.0,0.3163233716666667,0.04326683558296558,336.0823165875569,0.9976744926889873,43
ranked_carry_lb1_k3_th0_reb6_keep0,ranked_carry,1,3,0.0,6,0.0,taker,train,-0.31497160256198065,-0.1721303033845708,0.03701988022757668,-5.084068924776948,-0.31521492324423284,-0.015585360871706344,-0.01563484093683548,0.010591541499306079,-0.03892037716082719,0.08333333333333333,0.0,0.0,0.238222895,0.017526363402474116,157.95930000570024,0.9972068631362937,24
ranked_carry_lb1_k3_th0_reb6_keep0,ranked_carry,1,3,0.0,6,0.0,taker,test,-0.4301986377371516,-0.29939215867775026,0.03860490962430804,-9.19710602381515,-0.4312099512143961,-0.029141003428516374,-0.030078654665349758,-0.013242188710780756,-0.04064951305085718,0.0,0.0,0.0,0.062010498333333344,0.01671323088561792,202.42634315424607,0.9965337954939342,19
ranked_carry_lb1_k3_th0_reb6_keep0,ranked_carry,1,3,0.0,6,0.0,taker,full,-0.6096698859510871,-0.2308967053062817,0.03773709301882064,-6.937819800833634,-0.6099191766133172,-0.02157506339680845,-0.021855890313558946,0.010591541499306079,-0.04064951305085718,0.046511627906976744,0.0,0.0,0.3002333933333333,0.034239594288092035,177.57573826893056,0.9969099423401612,43
ranked_carry_lb1_k3_th0_reb6_keep0,ranked_carry,1,3,0.0,6,0.0,optimistic_limit,train,-0.17144852029009972,-0.08963973657359348,0.030925904814679998,-3.021287274227608,-0.17761875574519725,-0.007768352310052883,-0.008666617048480485,0.011401076672311827,-0.02689887683394654,0.16666666666666666,0.0,0.0,0.238222895,0.017526363402474116,157.95930000570024,0.9972068631362937,24
ranked_carry_lb1_k3_th0_reb6_keep0,ranked_carry,1,3,0.0,6,0.0,optimistic_limit,test,-0.3092671123937498,-0.20868311699974773,0.03018745321201055,-7.738236124837281,-0.3107691334983783,-0.01926912925230344,-0.019621163349968662,-0.0068957949295540555,-0.027867320642330773,0.0,0.0,0.0,0.062010498333333344,0.01671323088561792,202.42634315424607,0.9965337954939342,19
ranked_carry_lb1_k3_th0_reb6_keep0,ranked_carry,1,3,0.0,6,0.0,optimistic_limit,full,-0.4276922438895484,-0.14421649292031458,0.030610884578870703,-5.072303866634759,-0.43211530861576375,-0.012850090958954292,-0.013726257307084877,0.011401076672311827,-0.027867320642330773,0.09302325581395349,0.0,0.0,0.3002333933333333,0.034239594288092035,177.57573826893056,0.9969099423401612,43
ranked_carry_lb1_k3_th0.5_reb1_keep0.25,ranked_carry,1,3,0.5,1,0.25,taker,train,-0.9266500837742672,-0.7287038828582436,0.06129606660241544,-21.250407031722155,-0.926661016450825,-0.1023724629802607,-0.10272492461999583,-0.00964416424377812,-0.16761664978392998,0.0,0.0,0.5416666666666666,0.2611414483333333,0.04097250866216823,726.712648919797,0.9899105056147751,24
ranked_carry_lb1_k3_th0.5_reb1_keep0.25,ranked_carry,1,3,0.5,1,0.25,taker,test,-0.9444371724862715,-0.8393159529008059,0.06929576678536728,-26.346770916948525,-0.9445171111357846,-0.14055691133162282,-0.14750098994187244,-0.06370003892856424,-0.18111915824387148,0.0,0.0,0.8947368421052632,0.08072896666666667,0.043799993518287283,952.2472559214328,0.902946273830156,19
ranked_carry_lb1_k3_th0.5_reb1_keep0.25,ranked_carry,1,3,0.5,1,0.25,taker,full,-0.9959244712566032,-0.7846743140684272,0.06500488489502537,-23.588275413731896,-0.9959254510802841,-0.11924466108900209,-0.12971516164982488,-0.00964416424377812,-0.18111915824387148,0.0,0.0,0.6976744186046512,0.34187041500000004,0.08477250218045551,826.206237456596,0.9515466216431461,43
ranked_carry_lb1_k3_th0.5_reb1_keep0.25,ranked_carry,1,3,0.5,1,0.25,optimistic_limit,train,-0.8240563133688285,-0.5800655292176011,0.04635346120790667,-18.694154714927564,-0.8240825374671957,-0.06944957278037846,-0.06893174112995665,-0.0024767213833963853,-0.11921888547974391,0.0,0.0,0.125,0.2611414483333333,0.04097250866216823,726.712648919797,0.9899105056147751,24
ranked_carry_lb1_k3_th0.5_reb1_keep0.25,ranked_carry,1,3,0.5,1,0.25,optimistic_limit,test,-0.8626360853989508,-0.7151386787059306,0.05079678599582997,-24.693911531301943,-0.8628886331588494,-0.09891706899079072,-0.10440897656567216,-0.042458442620659675,-0.1287898466382924,0.0,0.0,0.5263157894736842,0.08072896666666667,0.043799993518287283,952.2472559214328,0.902946273830156,19
ranked_carry_lb1_k3_th0.5_reb1_keep0.25,ranked_carry,1,3,0.5,1,0.25,optimistic_limit,full,-0.9758316864550021,-0.6461433945015687,0.04840691969256585,-21.43555905349616,-0.9758374969123512,-0.08247009436172341,-0.09049346576437622,-0.0024767213833963853,-0.1287898466382924,0.0,0.0,0.3023255813953488,0.34187041500000004,0.08477250218045551,826.206237456596,0.9515466216431461,43
ranked_carry_lb1_k3_th0.5_reb3_keep0.25,ranked_carry,1,3,0.5,3,0.25,taker,train,-0.5971857817145125,-0.36494511321284884,0.045549053705944344,-9.945184137430838,-0.5973288604989551,-0.03707160084147311,-0.037878001848715315,0.005078416184252976,-0.05921779213128764,0.041666666666666664,0.0,0.0,0.250173675,0.024649505127473628,295.11258051644535,0.9889984609245853,24
ranked_carry_lb1_k3_th0.5_reb3_keep0.25,ranked_carry,1,3,0.5,3,0.25,taker,test,-0.6745870611299445,-0.5084418689837856,0.04968585859636528,-14.267842636324644,-0.6750615694815452,-0.05728810011891554,-0.05779663448262451,-0.024679110613082478,-0.07329249165933294,0.0,0.0,0.0,0.06881227666666667,0.023860572411906384,383.76660889659155,0.9168110918544194,19
ranked_carry_lb1_k3_th0.5_reb3_keep0.25,ranked_carry,1,3,0.5,3,0.25,taker,full,-0.8689190414090757,-0.43279528936783773,0.04743715615598603,-11.929257632862303,-0.8689612004624616,-0.046004472615226735,-0.04989233832926332,0.005078416184252976,-0.07329249165933294,0.023255813953488372,0.0,0.0,0.31898595166666666,0.04851007753938002,334.2219107387468,0.9571533242012041,43
ranked_carry_lb1_k3_th0.5_reb3_keep0.25,ranked_carry,1,3,0.5,3,0.25,optimistic_limit,train,-0.4253067657840238,-0.24163943840369395,0.03648768599320209,-7.562172567832414,-0.4255108956425201,-0.022753428221739824,-0.02219147809027988,0.0074968836197844,-0.04055343054667704,0.041666666666666664,0.0,0.0,0.250173675,0.024649505127473628,295.11258051644535,0.9889984609245853,24
ranked_carry_lb1_k3_th0.5_reb3_keep0.25,ranked_carry,1,3,0.5,3,0.25,optimistic_limit,test,-0.5313120112573466,-0.3808342497123831,0.03790695478482974,-12.626971728080287,-0.532182823964918,-0.039052780842048496,-0.03993775568433755,-0.014854668123554515,-0.05087904668381715,0.0,0.0,0.0,0.06881227666666667,0.023860572411906384,383.76660889659155,0.9168110918544194,19
ranked_carry_lb1_k3_th0.5_reb3_keep0.25,ranked_carry,1,3,0.5,3,0.25,optimistic_limit,full,-0.7306481839113026,-0.3065349566393174,0.03713545976278878,-9.838491647757422,-0.7307348144769937,-0.02995546775164365,-0.032672974246380826,0.0074968836197844,-0.05087904668381715,0.023255813953488372,0.0,0.0,0.31898595166666666,0.04851007753938002,334.2219107387468,0.9571533242012041,43
ranked_carry_lb1_k3_th0.5_reb6_keep0.25,ranked_carry,1,3,0.5,6,0.25,taker,train,-0.3248949302647448,-0.1781405801794812,0.03818879670387997,-5.118094127445348,-0.32513472620134254,-0.016175825456709408,-0.01563484093683548,0.010591541499306079,-0.04464135438081129,0.08333333333333333,0.0,0.0,0.23926028666666666,0.017318823111869587,161.78760759277205,0.9889984609245853,24
ranked_carry_lb1_k3_th0.5_reb6_keep0.25,ranked_carry,1,3,0.5,6,0.25,taker,test,-0.41801926490061225,-0.28995586946277796,0.0402630902500049,-8.484440336836276,-0.419052194970427,-0.02805452362813449,-0.02975230045289523,-0.011040775404323244,-0.04017352803364449,0.0,0.0,0.0,0.06446811499999999,0.021507646368143354,197.99826689774696,0.9237435008665511,19
ranked_carry_lb1_k3_th0.5_reb6_keep0.25,ranked_carry,1,3,0.5,6,0.25,taker,full,-0.6071018552461525,-0.22948798597335718,0.03912447631819944,-6.643664511204148,-0.6073527860228705,-0.02142455255571119,-0.021913485749698536,0.010591541499306079,-0.04464135438081129,0.046511627906976744,0.0,0.0,0.3037284016666667,0.038826469480012935,177.7617788538116,0.9602115255965086,43
ranked_carry_lb1_k3_th0.5_reb6_keep0.25,ranked_carry,1,3,0.5,6,0.25,optimistic_limit,train,-0.17966898044036295,-0.09416113549523408,0.031995635217016476,-3.0748347679731727,-0.18577799800385275,-0.008175857067316753,-0.008666617048480485,0.011401076672311827,-0.03113451759431063,0.16666666666666666,0.0,0.0,0.23926028666666666,0.017318823111869587,161.78760759277205,0.9889984609245853,24
ranked_carry_lb1_k3_th0.5_reb6_keep0.25,ranked_carry,1,3,0.5,6,0.25,optimistic_limit,test,-0.29746604314547176,-0.2001575354645223,0.032448473696891224,-6.8666042336998885,-0.29899372605857366,-0.018392476530720823,-0.01918790227347522,-0.005475364642578917,-0.02699417018397743,0.0,0.0,0.0,0.06446811499999999,0.021507646368143354,197.99826689774696,0.9237435008665511,19
ranked_carry_lb1_k3_th0.5_reb6_keep0.25,ranked_carry,1,3,0.5,6,0.25,optimistic_limit,full,-0.4236896028982555,-0.1425504430904737,0.03220243997768227,-4.75966503248222,-0.4281436019251015,-0.012690177295332505,-0.013426894582689752,0.011401076672311827,-0.03113451759431063,0.09302325581395349,0.0,0.0,0.3037284016666667,0.038826469480012935,177.7617788538116,0.9602115255965086,43
ranked_carry_lb1_k3_th1_reb1_keep0.5,ranked_carry,1,3,1.0,1,0.5,taker,train,-0.901332527367259,-0.6854089570624071,0.05843406924873064,-19.760666898448065,-0.9013472335812615,-0.09149106484957442,-0.09348762600942956,-0.00964416424377812,-0.14391014776782884,0.0,0.0,0.375,0.2587778,0.04013144090304001,651.9774268939178,0.9370119135837656,24
ranked_carry_lb1_k3_th1_reb1_keep0.5,ranked_carry,1,3,1.0,1,0.5,taker,test,-0.8714468129748582,-0.7268371979919002,0.05880969438309744,-22.034793451590957,-0.8716592825780269,-0.10199143433225413,-0.11180400787345557,-0.04916332162014836,-0.12851026129494614,0.0,0.0,0.7368421052631579,0.07412009333333333,0.04135685617367653,684.4540727902946,0.708838821490468,19
ranked_carry_lb1_k3_th1_reb1_keep0.5,ranked_carry,1,3,1.0,1,0.5,taker,full,-0.9873159819373452,-0.7044076481018683,0.05860392171235224,-20.76601189985659,-0.9873217498892897,-0.09613076299308405,-0.10201400432426277,-0.00964416424377812,-0.14391014776782884,0.0,0.0,0.5348837209302325,0.3328978933333333,0.08148829707671654,666.3043547513618,0.8363543690866809,43
ranked_carry_lb1_k3_th1_reb1_keep0.5,ranked_carry,1,3,1.0,1,0.5,optimistic_limit,train,-0.7836991200611741,-0.5344513905865649,0.04461469430045212,-17.11341372568646,-0.7837313593285276,-0.06156088722200983,-0.06310191778596158,-0.0024767213833963853,-0.09521059380705343,0.0,0.0,0.0,0.2587778,0.04013144090304001,651.9774268939178,0.9370119135837656,24
ranked_carry_lb1_k3_th1_reb1_keep0.5,ranked_carry,1,3,1.0,1,0.5,optimistic_limit,test,-0.7536337384569969,-0.5877838111874194,0.04415111027591661,-20.04903205098814,-0.7541394085013446,-0.07090388912242117,-0.07733450756596993,-0.033993588351434734,-0.09032507400974277,0.0,0.0,0.0,0.07412009333333333,0.04135685617367653,684.4540727902946,0.708838821490468,19
ranked_carry_lb1_k3_th1_reb1_keep0.5,ranked_carry,1,3,1.0,1,0.5,optimistic_limit,full,-0.9467107608410092,-0.5587802876058366,0.044414768218366235,-18.398995550048443,-0.9467349936802494,-0.06568919038730787,-0.06899771717050462,-0.0024767213833963853,-0.09521059380705343,0.0,0.0,0.0,0.3328978933333333,0.08148829707671654,666.3043547513618,0.8363543690866809,43
ranked_carry_lb1_k3_th1_reb3_keep0.5,ranked_carry,1,3,1.0,3,0.5,taker,train,-0.5616693859262976,-0.3375765284036356,0.044343372518587165,-9.265342656899348,-0.5618250800617044,-0.033701053420451425,-0.038008166951988276,0.005078416184252976,-0.05356238370698241,0.041666666666666664,0.0,0.0,0.24913833333333335,0.02406985184503422,273.64076839765147,0.9329077124779114,24
ranked_carry_lb1_k3_th1_reb3_keep0.5,ranked_carry,1,3,1.0,3,0.5,taker,test,-0.5629170135265751,-0.40758359236945807,0.04287569754112871,-12.188944114264855,-0.5635543561231675,-0.04255392465043001,-0.04502346250703371,-0.020529505960671046,-0.06022698010269378,0.0,0.0,0.0,0.06229403166666668,0.02288677934880667,288.24667822068164,0.7053726169844021,19
ranked_carry_lb1_k3_th1_reb3_keep0.5,ranked_carry,1,3,1.0,3,0.5,taker,full,-0.808413146137935,-0.36942558704673334,0.04370532118360744,-10.52860020049683,-0.8084747654645469,-0.03761278721974429,-0.03951203393195091,0.005078416184252976,-0.06022698010269378,0.023255813953488372,0.0,0.0,0.31143236500000004,0.04695663119384089,280.0841005383709,0.8325316173425504,43
ranked_carry_lb1_k3_th1_reb3_keep0.5,ranked_carry,1,3,1.0,3,0.5,optimistic_limit,train,-0.39060635141436906,-0.21910980810526226,0.03591955268186117,-6.867348324001225,-0.390822806788903,-0.02038029852091154,-0.021680454154214712,0.0074968836197844,-0.03594546693920386,0.041666666666666664,0.0,0.0,0.24913833333333335,0.02406985184503422,273.64076839765147,0.9329077124779114,24
ranked_carry_lb1_k3_th1_reb3_keep0.5,ranked_carry,1,3,1.0,3,0.5,optimistic_limit,test,-0.42516047850930316,-0.2954798125893744,0.03374655633878763,-10.361397196982672,-0.42622851859599553,-0.02868250871372201,-0.03035836226776667,-0.011854766088589375,-0.04196245977358681,0.0,0.0,0.0,0.06229403166666668,0.02288677934880667,288.24667822068164,0.7053726169844021,19
ranked_carry_lb1_k3_th1_reb3_keep0.5,ranked_carry,1,3,1.0,3,0.5,optimistic_limit,full,-0.6496964466475659,-0.25377070481293273,0.0349813080405272,-8.35032791555621,-0.6498091134022632,-0.024048716978199887,-0.026052129476176078,0.0074968836197844,-0.04196245977358681,0.023255813953488372,0.0,0.0,0.31143236500000004,0.04695663119384089,280.0841005383709,0.8325316173425504,43
ranked_carry_lb1_k3_th1_reb6_keep0.5,ranked_carry,1,3,1.0,6,0.5,taker,train,-0.2999198338421575,-0.16309647409111283,0.037570164201809246,-4.720190037598352,-0.3001685008817979,-0.014701037827979579,-0.01605739767178238,0.010591541499306079,-0.029859767413828453,0.125,0.0,0.0,0.23865580166666667,0.01953528781725104,153.13230348287064,0.9370119135837656,24
ranked_carry_lb1_k3_th1_reb6_keep0.5,ranked_carry,1,3,1.0,6,0.5,taker,test,-0.33993971946174806,-0.2310966120982597,0.03584546715611648,-7.313139145813829,-0.3406901502865224,-0.021600038288732564,-0.020757692019994667,-0.006752311476903805,-0.03266335113316732,0.0,0.0,0.0,0.05616167333333334,0.01877043537736474,154.77180820335064,0.740106874638937,19
ranked_carry_lb1_k3_th1_reb6_keep0.5,ranked_carry,1,3,1.0,6,0.5,taker,full,-0.5379048891265852,-0.19380584904184872,0.03682145036008424,-5.83218404893839,-0.5379048891265852,-0.017749433380405317,-0.019312307735248502,0.010591541499306079,-0.03266335113316732,0.06976744186046512,0.0,0.0,0.294817475,0.03830572319461578,153.8555636966009,0.8501481316300851,43
ranked_carry_lb1_k3_th1_reb6_keep0.5,ranked_carry,1,3,1.0,6,0.5,optimistic_limit,train,-0.15815077804272581,-0.0823730314936485,0.03177624975710925,-2.6893964309766374,-0.16793262133956932,-0.007115068573910588,-0.009365329989147686,0.011401076672311827,-0.020479648886587376,0.16666666666666666,0.0,0.0,0.23865580166666667,0.01953528781725104,153.13230348287064,0.9370119135837656,24
ranked_carry_lb1_k3_th1_reb6_keep0.5,ranked_carry,1,3,1.0,6,0.5,optimistic_limit,test,-0.23533056073844105,-0.15610669050524328,0.02991804195280807,-5.658117747290627,-0.23650574127717194,-0.01400848480381052,-0.013468933036401842,-0.00436134704745883,-0.022129234651856566,0.0,0.0,0.0,0.05616167333333334,0.01877043537736474,154.77180820335064,0.740106874638937,19
ranked_carry_lb1_k3_th1_reb6_keep0.5,ranked_carry,1,3,1.0,6,0.5,optimistic_limit,full,-0.35626362750315366,-0.11566278780205974,0.030972962035052686,-3.953000591042477,-0.3635174268268885,-0.010160996675494279,-0.012251889594230292,0.011401076672311827,-0.022129234651856566,0.09302325581395349,0.0,0.0,0.294817475,0.03830572319461578,153.8555636966009,0.8501481316300851,43
ranked_carry_lb1_k3_th2_reb1_keep1,ranked_carry,1,3,2.0,1,1.0,taker,train,-0.4469898059324864,-0.2560646167534649,0.03228131644684821,-9.146912479531574,-0.44718021036103817,-0.023805052406112966,-0.008221842541878521,0.0,-0.12656082362587928,0.0,0.0,0.041666666666666664,0.16952813833333333,0.025814512033271734,196.40882403237757,0.39582739554238155,24
ranked_carry_lb1_k3_th2_reb1_keep1,ranked_carry,1,3,2.0,1,1.0,taker,test,-0.02057274415330801,-0.013063606056776589,0.006617332229961796,-1.9838445770385678,-0.020786134897200048,-0.0010899430968885377,0.0,0.0,-0.008869396725678325,0.0,0.0,0.0,0.003515196666666667,0.0037321547136914637,8.856152512998268,0.020219526285384173,19
ranked_carry_lb1_k3_th2_reb1_keep1,ranked_carry,1,3,2.0,1,1.0,taker,full,-0.4583667431692091,-0.15727170908399302,0.024574689208279044,-6.950511139851248,-0.4583667431692091,-0.01376814364157194,0.0,0.0,-0.12656082362587928,0.0,0.0,0.023255813953488372,0.173043335,0.02954666674696319,113.67079736230129,0.23012965499665508,43
ranked_carry_lb1_k3_th2_reb1_keep1,ranked_carry,1,3,2.0,1,1.0,optimistic_limit,train,-0.2994817732281312,-0.16283502082996737,0.024617405547696498,-7.207464714353684,-0.3003386825364034,-0.014496183639750257,-0.004094950470120373,0.002379980722344577,-0.07835845804273234,0.041666666666666664,0.0,0.0,0.16952813833333333,0.025814512033271734,196.40882403237757,0.39582739554238155,24
ranked_carry_lb1_k3_th2_reb1_keep1,ranked_carry,1,3,2.0,1,1.0,optimistic_limit,test,-0.01229698582212313,-0.007796528010099668,0.005099274282798984,-1.532388084600962,-0.01310563868569714,-0.0006496353192042267,0.0,0.0,-0.005428931100601497,0.0,0.0,0.0,0.003515196666666667,0.0037321547136914637,8.856152512998268,0.020219526285384173,19
ranked_carry_lb1_k3_th2_reb1_keep1,ranked_carry,1,3,2.0,1,1.0,optimistic_limit,full,-0.30809603593088297,-0.09767488433238247,0.018733572677320814,-5.477021092050387,-0.308174349324964,-0.008377941358578755,0.0,0.002379980722344577,-0.07835845804273234,0.023255813953488372,0.0,0.0,0.173043335,0.02954666674696319,113.67079736230129,0.23012965499665508,43
ranked_carry_lb1_k3_th2_reb3_keep1,ranked_carry,1,3,2.0,3,1.0,taker,train,-0.12661060841066063,-0.06536401858735763,0.02353941322284554,-2.8599058810636477,-0.12912238696004696,-0.005590300385944644,-0.002412843117867769,0.006506322784611607,-0.029151844447753317,0.041666666666666664,0.0,0.0,0.15739370166666666,0.02312186428704231,78.72997776891067,0.3721142335974463,24
ranked_carry_lb1_k3_th2_reb3_keep1,ranked_carry,1,3,2.0,3,1.0,taker,test,-0.014889618304075869,-0.00944484979310678,0.005895203044360536,-1.6067871748083107,-0.015104247247584413,-0.0007871956758663636,0.0,0.0,-0.008108976640332055,0.0,0.0,0.0,0.003876706666666667,0.0011492159527400347,6.325823223570191,0.025996533795493933,19
ranked_carry_lb1_k3_th2_reb3_keep1,ranked_carry,1,3,2.0,3,1.0,taker,full,-0.1396150430822546,-0.04109558580852135,0.018029990681947404,-2.3184173720205807,-0.1420894222077762,-0.0034679983047472642,0.0,0.006506322784611607,-0.029151844447753317,0.023255813953488372,0.0,0.0,0.16127040833333334,0.02427108023978234,46.78920709757573,0.21942595011308974,43
ranked_carry_lb1_k3_th2_reb3_keep1,ranked_carry,1,3,2.0,3,1.0,optimistic_limit,train,-0.03976493062952391,-0.020058086145650855,0.01893858142705558,-1.0604025295562607,-0.046150738748857334,-0.0016825694409388914,-0.00041147814887448897,0.008524324743501843,-0.008433605452664361,0.16666666666666666,0.0,0.0,0.15739370166666666,0.02312186428704231,78.72997776891067,0.3721142335974463,24
ranked_carry_lb1_k3_th2_reb3_keep1,ranked_carry,1,3,2.0,3,1.0,optimistic_limit,test,-0.008951090153460517,-0.0056716506446991,0.0046786410844448295,-1.2133528962717859,-0.009762482370944348,-0.0004722202850276095,0.0,0.0,-0.005721638025382281,0.0,0.0,0.0,0.003876706666666667,0.0011492159527400347,6.325823223570191,0.025996533795493933,19
ranked_carry_lb1_k3_th2_reb3_keep1,ranked_carry,1,3,2.0,3,1.0,optimistic_limit,full,-0.048360081303972735,-0.013737412311708108,0.014494867945572509,-0.9470606705350298,-0.05356601407890693,-0.0011477639999548366,0.0,0.008524324743501843,-0.008433605452664361,0.09302325581395349,0.0,0.0,0.16127040833333334,0.02427108023978234,46.78920709757573,0.21942595011308974,43
ranked_carry_lb1_k3_th2_reb6_keep1,ranked_carry,1,3,2.0,6,1.0,taker,train,-0.033404841853723055,-0.01682238877330089,0.021951746053800122,-0.7618665321080499,-0.04048749728536627,-0.0014059923442827406,-0.0001838632361520487,0.010561395582999289,-0.009772578919958419,0.125,0.0,0.0,0.14859874166666664,0.01724207955220316,49.76799863193296,0.3639058313857379,24
ranked_carry_lb1_k3_th2_reb6_keep1,ranked_carry,1,3,2.0,6,1.0,taker,test,-0.011231872640493079,-0.007119820227619256,0.00434033064230461,-1.6440810168188509,-0.011231872640493079,-0.0005925103318390702,0.0,0.0,-0.008049647002909999,0.0,0.0,0.0,0.0012654600000000002,0.0014540236726676332,4.428076256499134,0.01733102253032929,19
ranked_carry_lb1_k3_th2_reb6_keep1,ranked_carry,1,3,2.0,6,1.0,taker,full,-0.04426151556493996,-0.012553886669496528,0.016661521438558587,-0.7498955388548281,-0.051264619512818466,-0.0010465468039006537,0.0,0.010561395582999289,-0.009772578919958419,0.06976744186046512,0.0,0.0,0.1498642016666667,0.018696103224870787,29.766493580962695,0.21101589627600267,43
ranked_carry_lb1_k3_th2_reb6_keep1,ranked_carry,1,3,2.0,6,1.0,optimistic_limit,train,0.026299490898888722,0.01304716656583671,0.018635261959910263,0.7049269587781943,-0.01166111277566173,0.0010886882467632624,0.0,0.011370873492506872,-0.0034010261103043504,0.2916666666666667,0.0,0.0,0.14859874166666664,0.01724207955220316,49.76799863193296,0.3639058313857379,24
ranked_carry_lb1_k3_th2_reb6_keep1,ranked_carry,1,3,2.0,6,1.0,optimistic_limit,test,-0.007063591523378876,-0.0044741201443410095,0.003207909005754409,-1.3962395609713885,-0.007395891214478922,-0.0003721879902529824,0.0,0.0,-0.0056621655900813694,0.0,0.0,0.0,0.0012654600000000002,0.0014540236726676332,4.428076256499134,0.01733102253032929,19
ranked_carry_lb1_k3_th2_reb6_keep1,ranked_carry,1,3,2.0,6,1.0,optimistic_limit,full,0.019050130514526087,0.005280034041273751,0.014093204457948144,0.38071508628702794,-0.016221868719540344,0.0004431847931979449,0.0,0.011370873492506872,-0.0056621655900813694,0.16279069767441862,0.0,0.0,0.1498642016666667,0.018696103224870787,29.766493580962695,0.21101589627600267,43
ranked_carry_lb1_k3_th5_reb1_keep2.5,ranked_carry,1,3,5.0,1,2.5,taker,train,-0.18339922671985764,-0.09622031765967809,0.01921977524850531,-5.254177728246202,-0.18339922671985764,-0.00827004107106404,0.0,0.0,-0.07425639270389461,0.0,0.0,0.0,0.065243415,0.011856547286796767,69.74177734709001,0.06749130707404663,24
ranked_carry_lb1_k3_th5_reb1_keep2.5,ranked_carry,1,3,5.0,1,2.5,taker,test,-0.00414502955561824,-0.0026240728560937843,0.0023634369974388425,-1.1105542563754376,-0.00414502955561824,-0.00021815945029569686,0.0,0.0,-0.00414502955561824,0.0,0.0,0.0,-8.02e-06,-0.00014120283537910616,1.2651646447140381,0.0005777007510109763,19
ranked_carry_lb1_k3_th5_reb1_keep2.5,ranked_carry,1,3,5.0,1,2.5,taker,full,-0.1867840610602448,-0.05606524955266068,0.014462774928358105,-3.982175481390677,-0.1867840610602448,-0.004712232913050121,0.0,0.0,-0.07425639270389461,0.0,0.0,0.0,0.065235395,0.01171534445141766,39.53362428721608,0.03797266732502947,43
ranked_carry_lb1_k3_th5_reb1_keep2.5,ranked_carry,1,3,5.0,1,2.5,optimistic_limit,train,-0.11187377989627445,-0.05752221470305818,0.014393961638000755,-4.10860124069042,-0.11187377989627445,-0.004886413932281948,0.0,0.0,-0.042745121371409844,0.0,0.0,0.0,0.065243415,0.011856547286796767,69.74177734709001,0.06749130707404663,24
ranked_carry_lb1_k3_th5_reb1_keep2.5,ranked_carry,1,3,5.0,1,2.5,optimistic_limit,test,-0.0029471886375027623,-0.0018653501903140857,0.0017114374441931485,-1.090093147536579,-0.0029471886375027623,-0.00015511519144751382,0.0,0.0,-0.0029471886375027623,0.0,0.0,0.0,-8.02e-06,-0.00014120283537910616,1.2651646447140381,0.0005777007510109763,19
ranked_carry_lb1_k3_th5_reb1_keep2.5,ranked_carry,1,3,5.0,1,2.5,optimistic_limit,full,-0.11449125540083238,-0.033362606114887616,0.010824433980186489,-3.129321422464457,-0.11449125540083238,-0.002795840070052779,0.0,0.0,-0.042745121371409844,0.0,0.0,0.0,0.065235395,0.01171534445141766,39.53362428721608,0.03797266732502947,43
ranked_carry_lb1_k3_th5_reb3_keep2.5,ranked_carry,1,3,5.0,3,2.5,taker,train,-0.02781047337262743,-0.013985052425910083,0.012547033478701604,-1.116196696936121,-0.029418698534068866,-0.0011718824128996348,0.0,0.00024437903449059384,-0.007974090613616314,0.041666666666666664,0.0,0.0,0.062791405,0.009828576009443406,25.133671549905944,0.06840335176423645,24
ranked_carry_lb1_k3_th5_reb3_keep2.5,ranked_carry,1,3,5.0,3,2.5,taker,test,-0.004076179589262652,-0.0025804536201187167,0.0024277628132156216,-1.063051910315896,-0.004076179589262652,-0.00021453576785592903,0.0,0.0,-0.004076179589262652,0.0,0.0,0.0,-2.141e-05,-5.843511291192538e-05,1.2651646447140381,0.0017331022530329288,19
ranked_carry_lb1_k3_th5_reb3_keep2.5,ranked_carry,1,3,5.0,3,2.5,taker,full,-0.0317732924779609,-0.008970127637650704,0.0095173970950996,-0.9419863196237775,-0.0317732924779609,-0.0007488687790431137,0.0,0.00024437903449059384,-0.007974090613616314,0.023255813953488372,0.0,0.0,0.062769995,0.009770140896531483,14.60418591315982,0.03899206779013093,43
ranked_carry_lb1_k3_th5_reb3_keep2.5,ranked_carry,1,3,5.0,3,2.5,optimistic_limit,train,0.0020536510177220357,0.001024952631115461,0.010079008286335425,0.10668168674170718,-0.00705703386247758,8.621263251574103e-05,0.0,0.003626339591287664,-0.0027762674175758617,0.20833333333333334,0.0,0.0,0.062791405,0.009828576009443406,25.133671549905944,0.06840335176423645,24
ranked_carry_lb1_k3_th5_reb3_keep2.5,ranked_carry,1,3,5.0,3,2.5,optimistic_limit,test,-0.002878255856571421,-0.0018216977723641836,0.0017992243759798801,-1.012513577447613,-0.002878255856571421,-0.00015148715034586427,0.0,0.0,-0.002878255856571421,0.0,0.0,0.0,-2.141e-05,-5.843511291192538e-05,1.2651646447140381,0.0017331022530329288,19
ranked_carry_lb1_k3_th5_reb3_keep2.5,ranked_carry,1,3,5.0,3,2.5,optimistic_limit,full,-0.0008305157719183942,-0.00023183387765324248,0.007628816882623923,-0.026576377075821805,-0.00705703386247758,-1.8817504097526427e-05,0.0,0.003626339591287664,-0.002878255856571421,0.11627906976744186,0.0,0.0,0.062769995,0.009770140896531483,14.60418591315982,0.03899206779013093,43
ranked_carry_lb1_k3_th5_reb6_keep2.5,ranked_carry,1,3,5.0,6,2.5,taker,train,0.0065039110953719614,0.0032424215596176253,0.01050639335127796,0.31337208685016604,-0.0061310840697580415,0.00027099314789799656,0.0,0.004855283092195295,-0.0021117127825472926,0.20833333333333334,0.0,0.0,0.05316190500000001,0.010764893609406006,14.314541412529216,0.057458815481958615,24
ranked_carry_lb1_k3_th5_reb6_keep2.5,ranked_carry,1,3,5.0,6,2.5,taker,test,-0.004351904233534376,-0.0027551429914478565,0.002574035119980673,-1.0705482285250107,-0.004351904233534376,-0.00022904759123865137,0.0,0.0,-0.004351904233534376,0.0,0.0,0.0,-5.262000000000001e-05,-0.000303538306145712,1.2651646447140381,0.0034662045060658577,19
ranked_carry_lb1_k3_th5_reb6_keep2.5,ranked_carry,1,3,5.0,6,2.5,taker,full,0.0021237024636071578,0.0005921891390756606,0.008038096606858227,0.07767321996760781,-0.007000586297140843,5.0044914325989335e-05,0.0,0.004855283092195295,-0.004351904233534376,0.11627906976744186,0.0,0.0,0.053109285,0.01046135530326029,8.557866904526774,0.033640215348348254,43
ranked_carry_lb1_k3_th5_reb6_keep2.5,ranked_carry,1,3,5.0,6,2.5,optimistic_limit,train,0.023998661693024115,0.01191245858564427,0.008837926903773247,1.3443350897373574,-0.004163596528946267,0.0009923585857968913,0.0,0.012538299339198922,-0.0007111241988314587,0.20833333333333334,0.0,0.0,0.05316190500000001,0.010764893609406006,14.314541412529216,0.057458815481958615,24
ranked_carry_lb1_k3_th5_reb6_keep2.5,ranked_carry,1,3,5.0,6,2.5,optimistic_limit,test,-0.00315431214979911,-0.0019965200331906185,0.001992200585284848,-1.0021731575500883,-0.00315431214979911,-0.00016601642893679527,0.0,0.0,-0.00315431214979911,0.0,0.0,0.0,-5.262000000000001e-05,-0.000303538306145712,1.2651646447140381,0.0034662045060658577,19
ranked_carry_lb1_k3_th5_reb6_keep2.5,ranked_carry,1,3,5.0,6,2.5,optimistic_limit,full,0.020768650273067957,0.005752838064354782,0.00673844444487131,0.8546579311735251,-0.00503430249178638,0.00048051846300758787,0.0,0.012538299339198922,-0.00315431214979911,0.11627906976744186,0.0,0.0,0.053109285,0.01046135530326029,8.557866904526774,0.033640215348348254,43
ranked_carry_lb1_k5_th0_reb1_keep0,ranked_carry,1,5,0.0,1,0.0,taker,train,-0.8461222680103477,-0.6072459060537524,0.04563008238952384,-20.4575526611179,-0.8461396142032702,-0.07452202669858969,-0.0798212596742261,-0.005681628035878794,-0.13459864047268244,0.0,0.0,0.20833333333333334,0.25009667866666674,0.027026110518674543,535.9297725588553,0.9994869748617682,24
ranked_carry_lb1_k5_th0_reb1_keep0,ranked_carry,1,5,0.0,1,0.0,taker,test,-0.922198039587353,-0.8011799308840406,0.05854067013687869,-27.561867420002343,-0.9223471409317191,-0.12525151081292069,-0.1322895315704422,-0.05126304816620786,-0.1753709751372492,0.0,0.0,0.8421052631578947,0.07256509416666668,0.03766091757491134,841.6086077411901,0.997689196995956,19
ranked_carry_lb1_k5_th0_reb1_keep0,ranked_carry,1,5,0.0,1,0.0,taker,full,-0.9880280107873531,-0.709135039583194,0.05184908488427224,-23.78949152472986,-0.9880297749927823,-0.09693738014445687,-0.09846203220838368,-0.005681628035878794,-0.1753709751372492,0.0,0.0,0.4883720930232558,0.32266177283333336,0.06468702809358587,670.7786308177504,0.9986938931540887,43
ranked_carry_lb1_k5_th0_reb1_keep0,ranked_carry,1,5,0.0,1,0.0,optimistic_limit,train,-0.7067501214399265,-0.45803884059753586,0.0351394800229104,-17.414086647854656,-0.7067831786529634,-0.049560999294073406,-0.051923420804354525,6.87575415285746e-05,-0.095456188638543,0.041666666666666664,0.0,0.0,0.25009667866666674,0.027026110518674543,535.9297725588553,0.9994869748617682,24
ranked_carry_lb1_k5_th0_reb1_keep0,ranked_carry,1,5,0.0,1,0.0,optimistic_limit,test,-0.8269047343150504,-0.6702743930888483,0.04238786771639293,-26.151941205509605,-0.8272779486899171,-0.08790920908130966,-0.09311449231632452,-0.03354606157059803,-0.12571760108715024,0.0,0.0,0.2631578947368421,0.07256509416666668,0.03766091757491134,841.6086077411901,0.997689196995956,19
ranked_carry_lb1_k5_th0_reb1_keep0,ranked_carry,1,5,0.0,1,0.0,optimistic_limit,full,-0.9492398343585646,-0.5647266065528327,0.038595018973037805,-21.53117705446061,-0.9492473144321115,-0.06650555710703827,-0.06811645934583399,6.87575415285746e-05,-0.12571760108715024,0.023255813953488372,0.0,0.11627906976744186,0.32266177283333336,0.06468702809358587,670.7786308177504,0.9986938931540887,43
ranked_carry_lb1_k5_th0_reb3_keep0,ranked_carry,1,5,0.0,3,0.0,taker,train,-0.44736330879403274,-0.25631555664141525,0.03530220654087184,-8.370867478814777,-0.447583372739332,-0.024296442701802288,-0.026424875211816967,0.00586162996723516,-0.05274537769637255,0.041666666666666664,0.0,0.0,0.24208634083333336,0.017517591176508328,212.57093997605887,0.9985749301715784,24
ranked_carry_lb1_k5_th0_reb3_keep0,ranked_carry,1,5,0.0,3,0.0,taker,test,-0.6061107141790885,-0.4453221144535344,0.040694631195417344,-14.46182649869139,-0.6067888507560003,-0.04776756247394927,-0.049132271610890066,-0.01604662820107905,-0.06798995104863403,0.0,0.0,0.0,0.06424664066666667,0.01774343934348952,320.19208549971114,0.9965337954939342,19
ranked_carry_lb1_k5_th0_reb3_keep0,ranked_carry,1,5,0.0,3,0.0,taker,full,-0.7823223283824475,-0.3465539134462524,0.03780740301266264,-11.235088912851925,-0.7823733912286521,-0.03466740260112304,-0.03711207627385238,0.00586162996723516,-0.06798995104863403,0.023255813953488372,0.0,0.0,0.3063329815,0.03526103051999785,260.0475295466853,0.9976744926889873,43
ranked_carry_lb1_k5_th0_reb3_keep0,ranked_carry,1,5,0.0,3,0.0,optimistic_limit,train,-0.28626160312854987,-0.15498281665223945,0.029300765138457346,-5.732530460690706,-0.2865458189434362,-0.013880759834596837,-0.01631163953992315,0.008039443713730998,-0.03585070211724173,0.125,0.0,0.0,0.24208634083333336,0.017517591176508328,212.57093997605887,0.9985749301715784,24
ranked_carry_lb1_k5_th0_reb3_keep0,ranked_carry,1,5,0.0,3,0.0,optimistic_limit,test,-0.46601787959351826,-0.3275837242220845,0.03049090377759086,-13.000711535742274,-0.4670652320151505,-0.03243385314887986,-0.03365175515911867,-0.008928005644004089,-0.0477835243684539,0.0,0.0,0.0,0.06424664066666667,0.01774343934348952,320.19208549971114,0.9965337954939342,19
ranked_carry_lb1_k5_th0_reb3_keep0,ranked_carry,1,5,0.0,3,0.0,optimistic_limit,full,-0.6188764574230603,-0.23600265721196478,0.0298557692248992,-9.00130941724837,-0.6189658614151875,-0.02207863827579166,-0.02429759744645421,0.008039443713730998,-0.0477835243684539,0.06976744186046512,0.0,0.0,0.3063329815,0.03526103051999785,260.0475295466853,0.9976744926889873,43
ranked_carry_lb1_k5_th0_reb6_keep0,ranked_carry,1,5,0.0,6,0.0,taker,train,-0.19881739214334138,-0.10478188106106712,0.02936261387007662,-3.7549780251580493,-0.20162946794296133,-0.009137649634201772,-0.012469961254521489,0.010397538324434352,-0.03093380550322311,0.16666666666666666,0.0,0.0,0.23461753100000002,0.010314377794327624,116.28068175340591,0.9972068631362937,24
ranked_carry_lb1_k5_th0_reb6_keep0,ranked_carry,1,5,0.0,6,0.0,taker,test,-0.3723777204990122,-0.2552207754050807,0.03178792840861531,-9.253721156959942,-0.3736451685953801,-0.024192124145572043,-0.025489094419149705,-0.006546562156314439,-0.03527694498674949,0.0,0.0,0.0,0.058319791,0.01253763456948296,169.48989023685732,0.9965337954939342,19
ranked_carry_lb1_k5_th0_reb6_keep0,ranked_carry,1,5,0.0,6,0.0,taker,full,-0.4971599453604524,-0.1745690363235588,0.03047147516598085,-6.2807240209544934,-0.49899234733896236,-0.015789626743877006,-0.016564033994976413,0.010397538324434352,-0.03527694498674949,0.09302325581395349,0.0,0.0,0.292937322,0.022852012363810584,139.75368736261984,0.9969099423401612,43
ranked_carry_lb1_k5_th0_reb6_keep0,ranked_carry,1,5,0.0,6,0.0,optimistic_limit,train,-0.07847461611625739,-0.039987433651225146,0.02534997806319222,-1.5971438196265118,-0.0990620389051643,-0.0033563373056298327,-0.005921104335082472,0.01854868610500482,-0.020466589217573383,0.375,0.0,0.0,0.23461753100000002,0.010314377794327624,116.28068175340591,0.9972068631362937,24
ranked_carry_lb1_k5_th0_reb6_keep0,ranked_carry,1,5,0.0,6,0.0,optimistic_limit,test,-0.2626857908822203,-0.17533155604684014,0.024853272027433402,-7.743957869860113,-0.26435147934297243,-0.015895099877932053,-0.016782019863049502,-0.0022397097325074222,-0.024736397323011916,0.0,0.0,0.0,0.058319791,0.01253763456948296,169.48989023685732,0.9965337954939342,19
ranked_carry_lb1_k5_th0_reb6_keep0,ranked_carry,1,5,0.0,6,0.0,optimistic_limit,full,-0.3205462403997903,-0.10223556637972697,0.025144599292672,-4.276493427463785,-0.3299032704991913,-0.008896720767809884,-0.010330253012093227,0.01854868610500482,-0.024736397323011916,0.20930232558139536,0.0,0.0,0.292937322,0.022852012363810584,139.75368736261984,0.9969099423401612,43
ranked_carry_lb1_k5_th0.5_reb1_keep0.25,ranked_carry,1,5,0.5,1,0.25,taker,train,-0.8679191231723118,-0.6360880731937317,0.04904273549976002,-20.58574620277785,-0.867934012268617,-0.08021647932528485,-0.08437331807262366,-0.005681628035878794,-0.15723170710142043,0.0,0.0,0.2916666666666667,0.2533355305,0.024851130150434192,574.2461380607649,0.9912785726500598,24
ranked_carry_lb1_k5_th0.5_reb1_keep0.25,ranked_carry,1,5,0.5,1,0.25,taker,test,-0.9306716773621406,-0.8151665396407475,0.06352869250873046,-26.541022302720464,-0.9308092098432083,-0.13055555308992434,-0.13753330168498268,-0.05463461722438623,-0.16364823732711387,0.0,0.0,0.8947368421052632,0.07711257666666667,0.03697092484972721,879.1418255343732,0.9046793760831889,19
ranked_carry_lb1_k5_th0.5_reb1_keep0.25,ranked_carry,1,5,0.5,1,0.25,taker,full,-0.9908430543569986,-0.7300990927988327,0.056011999469702735,-23.352706298051775,-0.9908450216716688,-0.10245932587245112,-0.10367555364419001,-0.005681628035878794,-0.16364823732711387,0.0,0.0,0.5581395348837209,0.3304481071666667,0.061822055000161386,708.7495141919658,0.9530757223407983,43
ranked_carry_lb1_k5_th0.5_reb1_keep0.25,ranked_carry,1,5,0.5,1,0.25,optimistic_limit,train,-0.7363869704968307,-0.48611846715734053,0.03750489640641743,-17.7319146824192,-0.7364166868333502,-0.05367565659042766,-0.05555294772465502,6.87575415285746e-05,-0.11204942496268222,0.041666666666666664,0.0,0.041666666666666664,0.2533355305,0.024851130150434192,574.2461380607649,0.9912785726500598,24
ranked_carry_lb1_k5_th0.5_reb1_keep0.25,ranked_carry,1,5,0.5,1,0.25,optimistic_limit,test,-0.8401354075288523,-0.6864493024982892,0.04658487570982346,-24.87140583208507,-0.8404908614190034,-0.0917277612864876,-0.09649071155197364,-0.03593933093496526,-0.11586803584266425,0.0,0.0,0.3684210526315789,0.07711257666666667,0.03697092484972721,879.1418255343732,0.9046793760831889,19
ranked_carry_lb1_k5_th0.5_reb1_keep0.25,ranked_carry,1,5,0.5,1,0.25,optimistic_limit,full,-0.9578576104683911,-0.5867499437029247,0.04183593249457924,-21.10104906546075,-0.9578666645071934,-0.07048937727008205,-0.07186995509811445,6.87575415285746e-05,-0.11586803584266425,0.023255813953488372,0.0,0.18604651162790697,0.3304481071666667,0.061822055000161386,708.7495141919658,0.9530757223407983,43
ranked_carry_lb1_k5_th0.5_reb3_keep0.25,ranked_carry,1,5,0.5,3,0.25,taker,train,-0.4884477170734578,-0.28445682198616296,0.038142095625934104,-8.756181114220256,-0.48865142090890556,-0.02740554392763842,-0.03008564835857369,0.00586162996723516,-0.05403560181445333,0.041666666666666664,0.0,0.0,0.24557871683333335,0.019719535988873264,233.2271561306504,0.99036652795987,24
ranked_carry_lb1_k5_th0.5_reb3_keep0.25,ranked_carry,1,5,0.5,3,0.25,taker,test,-0.6393671530526317,-0.4754253175722858,0.04567870046292628,-14.100640478500262,-0.6399880339274217,-0.05215578282072051,-0.055776112871532724,-0.01743738327786326,-0.07054203978971307,0.0,0.0,0.0,0.06769308033333334,0.022767876200782036,350.6614673599075,0.9237435008665511,19
ranked_carry_lb1_k5_th0.5_reb3_keep0.25,ranked_carry,1,5,0.5,3,0.25,taker,full,-0.8155174438457748,-0.376039863920666,0.04166714474618018,-11.298760353800908,-0.8155607197790495,-0.03834169599667469,-0.04198592418509273,0.00586162996723516,-0.07054203978971307,0.023255813953488372,0.0,0.0,0.3132717971666667,0.04248741218965531,285.03278009620595,0.9609760759453346,43
ranked_carry_lb1_k5_th0.5_reb3_keep0.25,ranked_carry,1,5,0.5,3,0.25,optimistic_limit,train,-0.3226624538040178,-0.1767845972074129,0.03138327256408897,-6.183000937902025,-0.322932174535716,-0.01601460341461977,-0.018949407862080603,0.008039443713730998,-0.03671982736593171,0.125,0.0,0.0,0.24557871683333335,0.019719535988873264,233.2271561306504,0.99036652795987,24
ranked_carry_lb1_k5_th0.5_reb3_keep0.25,ranked_carry,1,5,0.5,3,0.25,optimistic_limit,test,-0.49670899482888464,-0.3522967484330629,0.0349088867676758,-12.423829359648124,-0.4976961497033785,-0.035433080016298926,-0.03801054487191158,-0.00984764046030151,-0.04882274092942762,0.0,0.0,0.0,0.06769308033333334,0.022767876200782036,350.6614673599075,0.9237435008665511,19
ranked_carry_lb1_k5_th0.5_reb3_keep0.25,ranked_carry,1,5,0.5,3,0.25,optimistic_limit,full,-0.6591021055348856,-0.2594170106897038,0.033009022462546764,-9.08137814128328,-0.6591820733911531,-0.024594860517687302,-0.027618552019991083,0.008039443713730998,-0.04882274092942762,0.06976744186046512,0.0,0.0,0.3132717971666667,0.04248741218965531,285.03278009620595,0.9609760759453346,43
ranked_carry_lb1_k5_th0.5_reb6_keep0.25,ranked_carry,1,5,0.5,6,0.25,taker,train,-0.2279007481444033,-0.12115922237974242,0.03185651529006615,-4.038197923501398,-0.2316908246350372,-0.010641618950067966,-0.012779124492260596,0.010397538324434352,-0.0410121132950233,0.16666666666666666,0.0,0.0,0.23758894750000004,0.010120796969368656,126.16770221740866,0.9889984609245853,24
ranked_carry_lb1_k5_th0.5_reb6_keep0.25,ranked_carry,1,5,0.5,6,0.25,taker,test,-0.39801359237189127,-0.27461188857372787,0.03760831523918948,-8.51764992696269,-0.3992918114948423,-0.026326002971978273,-0.027168265843466655,-0.008183546161201205,-0.0416650846643305,0.0,0.0,0.0,0.06430348866666666,0.017571436990391744,186.0635470826112,0.9376083188908145,19
ranked_carry_lb1_k5_th0.5_reb6_keep0.25,ranked_carry,1,5,0.5,6,0.25,taker,full,-0.535206745043098,-0.19249497679202465,0.03452667145499803,-6.175132998832712,-0.5375987484842801,-0.01757192816905159,-0.018898762649736556,0.010397538324434352,-0.0416650846643305,0.09302325581395349,0.0,0.0,0.3018924361666667,0.027692233959760403,152.59048771941,0.9663279283871173,43
ranked_carry_lb1_k5_th0.5_reb6_keep0.25,ranked_carry,1,5,0.5,6,0.25,optimistic_limit,train,-0.1012692734463656,-0.05191954776056218,0.027330648771350937,-1.9371033965130997,-0.11972775690702897,-0.004383796968585536,-0.00632850251882866,0.01854868610500482,-0.02841080897290238,0.375,0.0,0.0,0.23758894750000004,0.010120796969368656,126.16770221740866,0.9889984609245853,24
ranked_carry_lb1_k5_th0.5_reb6_keep0.25,ranked_carry,1,5,0.5,6,0.25,optimistic_limit,test,-0.2815399714050859,-0.18873483094226284,0.030370665780545123,-6.871641761452339,-0.2832376897477804,-0.01723404678766011,-0.017646688943638744,-0.0034050336855611096,-0.028272254602889957,0.0,0.0,0.0,0.06430348866666666,0.017571436990391744,186.0635470826112,0.9376083188908145,19
ranked_carry_lb1_k5_th0.5_reb6_keep0.25,ranked_carry,1,5,0.5,6,0.25,optimistic_limit,full,-0.35429789650114474,-0.114910029728437,0.02872286300562016,-4.235388916006188,-0.3638429701736765,-0.010061814330502208,-0.01144093367872756,0.01854868610500482,-0.02841080897290238,0.20930232558139536,0.0,0.0,0.3018924361666667,0.027692233959760403,152.59048771941,0.9663279283871173,43
ranked_carry_lb1_k5_th1_reb1_keep0.5,ranked_carry,1,5,1.0,1,0.5,taker,train,-0.8544039525321001,-0.6179472105174206,0.049505822190915635,-19.410181146003744,-0.8544203651546121,-0.07668172583485744,-0.08638067671120958,-0.005681628035878794,-0.1142908260309694,0.0,0.0,0.25,0.252468663,0.03010776178635821,551.0099754887989,0.9388360029641453,24
ranked_carry_lb1_k5_th1_reb1_keep0.5,ranked_carry,1,5,1.0,1,0.5,taker,test,-0.8672911906919037,-0.7212840077134334,0.057343428048806586,-22.248799543835567,-0.8675862366381879,-0.10050704644566143,-0.1070523147315543,-0.050379032134574175,-0.1296715255581795,0.0,0.0,0.7894736842105263,0.07274109383333333,0.04054416973335479,673.7423454650491,0.7099942229924899,19
ranked_carry_lb1_k5_th1_reb1_keep0.5,ranked_carry,1,5,1.0,1,0.5,taker,full,-0.98067812190057,-0.6675675391228191,0.05313151922759082,-20.700257303785595,-0.9806869083642762,-0.08720919308149176,-0.0966923748659011,-0.005681628035878794,-0.1296715255581795,0.0,0.0,0.4883720930232558,0.3252097568333333,0.070651931519713,605.1528145009718,0.837883469784333,43
ranked_carry_lb1_k5_th1_reb1_keep0.5,ranked_carry,1,5,1.0,1,0.5,optimistic_limit,train,-0.7174146761993918,-0.4679718760578707,0.038075804246686995,-16.55410840781095,-0.7174465312279286,-0.05104335271948654,-0.05822540216492317,6.87575415285746e-05,-0.07968427571979031,0.041666666666666664,0.0,0.0,0.252468663,0.03010776178635821,551.0099754887989,0.9388360029641453,24
ranked_carry_lb1_k5_th1_reb1_keep0.5,ranked_carry,1,5,1.0,1,0.5,optimistic_limit,test,-0.7482562956209818,-0.5821147793652741,0.04306360237574981,-20.239296771559292,-0.7488763112326746,-0.06985650514523205,-0.07396063658865637,-0.03395918961005284,-0.09117376802929134,0.0,0.0,0.0,0.07274109383333333,0.04054416973335479,673.7423454650491,0.7099942229924899,19
ranked_carry_lb1_k5_th1_reb1_keep0.5,ranked_carry,1,5,1.0,1,0.5,optimistic_limit,full,-0.9288609237832913,-0.5217353157048976,0.04037185185038933,-18.24896298990243,-0.928893273687791,-0.059356141000629914,-0.06715756734213307,6.87575415285746e-05,-0.09117376802929134,0.023255813953488372,0.0,0.0,0.3252097568333333,0.070651931519713,605.1528145009718,0.837883469784333,43
ranked_carry_lb1_k5_th1_reb3_keep0.5,ranked_carry,1,5,1.0,3,0.5,taker,train,-0.47906063815817734,-0.27793009925137924,0.038497195715614545,-8.439208237160862,-0.47926807999664545,-0.02669446955469504,-0.029396216650510565,0.00586162996723516,-0.04777265877548309,0.041666666666666664,0.0,0.0,0.2456963006666667,0.018012319488544908,228.283645898649,0.9356438465484809,24
ranked_carry_lb1_k5_th1_reb3_keep0.5,ranked_carry,1,5,1.0,3,0.5,taker,test,-0.550529724730263,-0.397017404570952,0.0415266557224165,-12.16059916722082,-0.5513405243583969,-0.04113167900035099,-0.04481033635455556,-0.00981737908255853,-0.059587313696964905,0.0,0.0,0.0,0.06256603333333334,0.020936263509422445,278.9055459272097,0.708838821490468,19
ranked_carry_lb1_k5_th1_reb3_keep0.5,ranked_carry,1,5,1.0,3,0.5,taker,full,-0.7658532416341135,-0.3331182849205585,0.03987282243783326,-10.140680693065676,-0.7659274568962385,-0.03307370163533371,-0.03917026008878366,0.00586162996723516,-0.059587313696964905,0.023255813953488372,0.0,0.0,0.308262334,0.03894858299796734,250.61527189321782,0.8355898187378548,43
ranked_carry_lb1_k5_th1_reb3_keep0.5,ranked_carry,1,5,1.0,3,0.5,optimistic_limit,train,-0.31432234909866186,-0.17173859314301354,0.031900535056858643,-5.890674351282289,-0.3145953909206438,-0.015527695176183224,-0.018791560667961726,0.008039443713730998,-0.0316294815410636,0.125,0.0,0.0,0.2456963006666667,0.018012319488544908,228.283645898649,0.9356438465484809,24
ranked_carry_lb1_k5_th1_reb3_keep0.5,ranked_carry,1,5,1.0,3,0.5,optimistic_limit,test,-0.4141037114029703,-0.28693764543067446,0.032675089307857064,-10.333428143315512,-0.41530107124865523,-0.027700840968116144,-0.030199985596592538,-0.0042695566433049725,-0.04150305252157449,0.0,0.0,0.0,0.06256603333333334,0.020936263509422445,278.9055459272097,0.708838821490468,19
ranked_carry_lb1_k5_th1_reb3_keep0.5,ranked_carry,1,5,1.0,3,0.5,optimistic_limit,full,-0.5982640091629747,-0.22469005320828583,0.032253786077633816,-7.8740646734044555,-0.5983913435838015,-0.02090652703773498,-0.025519874553462163,0.008039443713730998,-0.04150305252157449,0.06976744186046512,0.0,0.0,0.308262334,0.03894858299796734,250.61527189321782,0.8355898187378548,43
ranked_carry_lb1_k5_th1_reb6_keep0.5,ranked_carry,1,5,1.0,6,0.5,taker,train,-0.22212352798809454,-0.11788170474879589,0.032518532442528024,-3.84086279376259,-0.2254834675017472,-0.01034745695819148,-0.01201143549843825,0.010397538324434352,-0.027489194213400125,0.20833333333333334,0.0,0.0,0.23865640150000003,0.011750557355201774,124.96927549449923,0.9424841817249046,24
ranked_carry_lb1_k5_th1_reb6_keep0.5,ranked_carry,1,5,1.0,6,0.5,taker,test,-0.3453163914321318,-0.23506460237361593,0.03557430426722957,-7.514591938636863,-0.346290175322031,-0.022015383557783225,-0.02353248965291166,-0.004926823779144773,-0.03435734221631637,0.0,0.0,0.0,0.05466971583333334,0.0184682166783759,156.7960716348931,0.7470392836510688,19
ranked_carry_lb1_k5_th1_reb6_keep0.5,ranked_carry,1,5,1.0,6,0.5,taker,full,-0.4907370242832021,-0.17164021586347467,0.03390841132463724,-5.5363941121016875,-0.4922972003790197,-0.015503052432429693,-0.019712076701542847,0.010397538324434352,-0.03435734221631637,0.11627906976744186,0.0,0.0,0.29332611733333336,0.030218774033577683,139.0095250230958,0.8562645344206938,43
ranked_carry_lb1_k5_th1_reb6_keep0.5,ranked_carry,1,5,1.0,6,0.5,optimistic_limit,train,-0.09584610561383267,-0.04906712199861729,0.02807195814212296,-1.778203565880389,-0.1147709516647033,-0.004141739218338196,-0.005867562997897258,0.01854868610500482,-0.0186767570810894,0.375,0.0,0.0,0.23865640150000003,0.011750557355201774,124.96927549449923,0.9424841817249046,24
ranked_carry_lb1_k5_th1_reb6_keep0.5,ranked_carry,1,5,1.0,6,0.5,optimistic_limit,test,-0.240102978992618,-0.15944224804657425,0.02962953944734965,-5.8471626734549,-0.24141549203743873,-0.014330060731465389,-0.015516542263176225,-0.0010939489068801933,-0.023389874915800357,0.0,0.0,0.0,0.05466971583333334,0.0184682166783759,156.7960716348931,0.7470392836510688,19
ranked_carry_lb1_k5_th1_reb6_keep0.5,ranked_carry,1,5,1.0,6,0.5,optimistic_limit,full,-0.3129361491237246,-0.09944079954965801,0.028776450028081144,-3.6253468962565716,-0.3221244819322391,-0.00864355570088277,-0.012614409863848763,0.01854868610500482,-0.023389874915800357,0.20930232558139536,0.0,0.0,0.29332611733333336,0.030218774033577683,139.0095250230958,0.8562645344206938,43
ranked_carry_lb1_k5_th2_reb1_keep1,ranked_carry,1,5,2.0,1,1.0,taker,train,-0.27041877930552116,-0.1456681783321485,0.023079216995174692,-6.809921057776092,-0.2707683005912147,-0.012912244506146897,-0.007910775426319017,0.0006847440790866965,-0.06718902465740861,0.041666666666666664,0.0,0.0,0.1662231591666667,0.020428894430667373,125.18565809724676,0.39901955195804595,24
ranked_carry_lb1_k5_th2_reb1_keep1,ranked_carry,1,5,2.0,1,1.0,taker,test,-0.02057274415330801,-0.013063606056776589,0.006617332229961796,-1.9838445770385678,-0.020786134897200048,-0.0010899430968885377,0.0,0.0,-0.008869396725678325,0.0,0.0,0.0,0.003515196666666667,0.0037321547136914637,8.856152512998268,0.020219526285384173,19
ranked_carry_lb1_k5_th2_reb1_keep1,ranked_carry,1,5,2.0,1,1.0,taker,full,-0.28542826709792735,-0.08952106585772024,0.017820409207479657,-5.253812597609839,-0.28577059777163427,-0.007688436906707156,0.0,0.0006847440790866965,-0.06718902465740861,0.023255813953488372,0.0,0.0,0.16973835583333335,0.02416104914435883,73.86741422700774,0.23191360581058265,43
ranked_carry_lb1_k5_th2_reb1_keep1,ranked_carry,1,5,2.0,1,1.0,optimistic_limit,train,-0.15181970064908612,-0.07893353854295637,0.018241394426993306,-4.498354074985105,-0.15501477242288897,-0.006793642339183961,-0.0032301582666596773,0.004519693487573306,-0.03573110999920792,0.08333333333333333,0.0,0.0,0.1662231591666667,0.020428894430667373,125.18565809724676,0.39901955195804595,24
ranked_carry_lb1_k5_th2_reb1_keep1,ranked_carry,1,5,2.0,1,1.0,optimistic_limit,test,-0.01229698582212313,-0.007796528010099668,0.005099274282798984,-1.532388084600962,-0.01310563868569714,-0.0006496353192042267,0.0,0.0,-0.005428931100601497,0.0,0.0,0.0,0.003515196666666667,0.0037321547136914637,8.856152512998268,0.020219526285384173,19
ranked_carry_lb1_k5_th2_reb1_keep1,ranked_carry,1,5,2.0,1,1.0,optimistic_limit,full,-0.16224976176480777,-0.04820310943694084,0.01405627557155053,-3.507660446868687,-0.16540554378630745,-0.004078848539658032,0.0,0.004519693487573306,-0.03573110999920792,0.046511627906976744,0.0,0.0,0.16973835583333335,0.02416104914435883,73.86741422700774,0.23191360581058265,43
ranked_carry_lb1_k5_th2_reb3_keep1,ranked_carry,1,5,2.0,3,1.0,taker,train,-0.038469302778713965,-0.01939806678658973,0.017904700743677702,-1.0850924293022326,-0.04351584340324666,-0.001629516782632669,-0.001688224782987302,0.006751292107438633,-0.005624990046935396,0.08333333333333333,0.0,0.0,0.15703014066666668,0.017262338622405154,53.23012027589351,0.3775865017385852,24
ranked_carry_lb1_k5_th2_reb3_keep1,ranked_carry,1,5,2.0,3,1.0,taker,test,-0.014889618304075869,-0.00944484979310678,0.005895203044360536,-1.6067871748083107,-0.015104247247584413,-0.0007871956758663636,0.0,0.0,-0.008108976640332055,0.0,0.0,0.0,0.003876706666666667,0.0011492159527400347,6.325823223570191,0.025996533795493933,19
ranked_carry_lb1_k5_th2_reb3_keep1,ranked_carry,1,5,2.0,3,1.0,taker,full,-0.05278612784799053,-0.01501963744207746,0.01394580925489009,-1.0781910006142779,-0.05775752740886786,-0.0012573283866196504,0.0,0.006751292107438633,-0.008108976640332055,0.046511627906976744,0.0,0.0,0.16090684733333335,0.018411554575145185,32.53849829568985,0.22248415150839412,43
ranked_carry_lb1_k5_th2_reb3_keep1,ranked_carry,1,5,2.0,3,1.0,optimistic_limit,train,0.02513747999868632,0.012474252952815457,0.015012399386336061,0.8332989695861364,-0.01020227810320573,0.001039272308645404,0.0,0.00946886409236991,-0.0021244351386427995,0.3333333333333333,0.0,0.0,0.15703014066666668,0.017262338622405154,53.23012027589351,0.3775865017385852,24
ranked_carry_lb1_k5_th2_reb3_keep1,ranked_carry,1,5,2.0,3,1.0,optimistic_limit,test,-0.008951090153460517,-0.0056716506446991,0.0046786410844448295,-1.2133528962717859,-0.009762482370944348,-0.0004722202850276095,0.0,0.0,-0.005721638025382281,0.0,0.0,0.0,0.003876706666666667,0.0011492159527400347,6.325823223570191,0.025996533795493933,19
ranked_carry_lb1_k5_th2_reb3_keep1,ranked_carry,1,5,2.0,3,1.0,optimistic_limit,full,0.015961381995526658,0.00442880176119842,0.01164527836880395,0.3852937474236552,-0.014793777638127614,0.00037140348818523526,0.0,0.00946886409236991,-0.005721638025382281,0.18604651162790697,0.0,0.0,0.16090684733333335,0.018411554575145185,32.53849829568985,0.22248415150839412,43
ranked_carry_lb1_k5_th2_reb6_keep1,ranked_carry,1,5,2.0,6,1.0,taker,train,0.026607655786440088,0.013199048566328253,0.018022100428764818,0.7366059843148686,-0.018349978451957183,0.0011050591853525953,0.0,0.014565398235368177,-0.007065559354926143,0.25,0.0,0.0,0.14953557316666669,0.013382989161274263,34.03864789374679,0.36664196545630734,24
ranked_carry_lb1_k5_th2_reb6_keep1,ranked_carry,1,5,2.0,6,1.0,taker,test,-0.011231872640493079,-0.007119820227619256,0.00434033064230461,-1.6440810168188509,-0.011231872640493079,-0.0005925103318390702,0.0,0.0,-0.008049647002909999,0.0,0.0,0.0,0.0012654600000000002,0.0014540236726676332,4.428076256499134,0.01733102253032929,19
ranked_carry_lb1_k5_th2_reb6_keep1,ranked_carry,1,5,2.0,6,1.0,taker,full,0.015076929344891132,0.004184710723998286,0.013777920020030785,0.30998485532463893,-0.020888605305299013,0.00035497032891906866,0.0,0.014565398235368177,-0.008049647002909999,0.13953488372093023,0.0,0.0,0.15080103316666668,0.014837012833941891,20.97607594533465,0.21254499697365486,43
ranked_carry_lb1_k5_th2_reb6_keep1,ranked_carry,1,5,2.0,6,1.0,optimistic_limit,train,0.0695373963061332,0.034138836759529445,0.016078316709459313,2.095889536880072,-0.00936775947620394,0.00282028888607741,0.0,0.022154674832915333,-0.0014362911279309776,0.4583333333333333,0.0,0.0,0.14953557316666669,0.013382989161274263,34.03864789374679,0.36664196545630734,24
ranked_carry_lb1_k5_th2_reb6_keep1,ranked_carry,1,5,2.0,6,1.0,optimistic_limit,test,-0.007063591523378876,-0.0044741201443410095,0.003207909005754409,-1.3962395609713885,-0.007395891214478922,-0.0003721879902529824,0.0,0.0,-0.0056621655900813694,0.0,0.0,0.0,0.0012654600000000002,0.0014540236726676332,4.428076256499134,0.01733102253032929,19
ranked_carry_lb1_k5_th2_reb6_keep1,ranked_carry,1,5,2.0,6,1.0,optimistic_limit,full,0.06198262101964902,0.016923649264315888,0.012208506187343288,1.3807251970564527,-0.009962481923829536,0.001409659568629097,0.0,0.022154674832915333,-0.0056621655900813694,0.2558139534883721,0.0,0.0,0.15080103316666668,0.014837012833941891,20.97607594533465,0.21254499697365486,43
ranked_carry_lb1_k5_th5_reb1_keep2.5,ranked_carry,1,5,5.0,1,2.5,taker,train,-0.134016058859473,-0.06932963818980764,0.0159265182654258,-4.503361797762209,-0.134016058859473,-0.005929173047176231,0.0,0.0,-0.038536850277427814,0.0,0.0,0.0,0.06783087816666666,0.009068393829131358,55.061049991449586,0.07113948583480591,24
ranked_carry_lb1_k5_th5_reb1_keep2.5,ranked_carry,1,5,5.0,1,2.5,taker,test,-0.00414502955561824,-0.0026240728560937843,0.0023634369974388425,-1.1105542563754376,-0.00414502955561824,-0.00021815945029569686,0.0,0.0,-0.00414502955561824,0.0,0.0,0.0,-8.02e-06,-0.00014120283537910616,1.2651646447140381,0.0005777007510109763,19
ranked_carry_lb1_k5_th5_reb1_keep2.5,ranked_carry,1,5,5.0,1,2.5,taker,full,-0.13760558789019128,-0.0404711403672231,0.012014596775209142,-3.432535748502628,-0.13760558789019128,-0.0034057019229732045,0.0,0.0,-0.038536850277427814,0.0,0.0,0.0,0.06782285816666667,0.008927190993752252,31.32923449396324,0.04001146825523239,43
ranked_carry_lb1_k5_th5_reb1_keep2.5,ranked_carry,1,5,5.0,1,2.5,optimistic_limit,train,-0.07468702635540037,-0.03801915472633277,0.01219546012823915,-3.172184036207955,-0.07468702635540037,-0.0032168780042903197,0.0,0.0,-0.01709757972673831,0.0,0.0,0.0,0.06783087816666666,0.009068393829131358,55.061049991449586,0.07113948583480591,24
ranked_carry_lb1_k5_th5_reb1_keep2.5,ranked_carry,1,5,5.0,1,2.5,optimistic_limit,test,-0.0029471886375027623,-0.0018653501903140857,0.0017114374441931485,-1.090093147536579,-0.0029471886375027623,-0.00015511519144751382,0.0,0.0,-0.0029471886375027623,0.0,0.0,0.0,-8.02e-06,-0.00014120283537910616,1.2651646447140381,0.0005777007510109763,19
ranked_carry_lb1_k5_th5_reb1_keep2.5,ranked_carry,1,5,5.0,1,2.5,optimistic_limit,full,-0.0774140982374596,-0.02223436169345261,0.009189458067551746,-2.442254164869495,-0.0774140982374596,-0.0018640060637318706,0.0,0.0,-0.01709757972673831,0.0,0.0,0.0,0.06782285816666667,0.008927190993752252,31.32923449396324,0.04001146825523239,43
ranked_carry_lb1_k5_th5_reb3_keep2.5,ranked_carry,1,5,5.0,3,2.5,taker,train,-0.014390782706215965,-0.00721203255716929,0.011421241234006922,-0.6280303750774459,-0.01853936058371941,-0.0006016017231143164,0.0,0.003490942293435273,-0.008271495586655075,0.125,0.0,0.0,0.06448974666666667,0.008145647580291255,21.721484352733285,0.07113948583480591,24
ranked_carry_lb1_k5_th5_reb3_keep2.5,ranked_carry,1,5,5.0,3,2.5,taker,test,-0.004076179589262652,-0.0025804536201187167,0.0024277628132156216,-1.063051910315896,-0.004076179589262652,-0.00021453576785592903,0.0,0.0,-0.004076179589262652,0.0,0.0,0.0,-2.141e-05,-5.843511291192538e-05,1.2651646447140381,0.0017331022530329288,19
ranked_carry_lb1_k5_th5_reb3_keep2.5,ranked_carry,1,5,5.0,3,2.5,taker,full,-0.01840830288073847,-0.005171489173520949,0.008688982162470759,-0.5923737146795197,-0.01853936058371941,-0.0004305725800931685,0.0,0.003490942293435273,-0.008271495586655075,0.06976744186046512,0.0,0.0,0.06446833666666667,0.00808721246737933,12.6972699181294,0.04052116848778312,43
ranked_carry_lb1_k5_th5_reb3_keep2.5,ranked_carry,1,5,5.0,3,2.5,optimistic_limit,train,0.011715562129380519,0.005833044181495994,0.009368983960526388,0.6254684841265726,-0.007696545740681904,0.0004888038044297457,0.0,0.011808926313357837,-0.0019244804740586874,0.16666666666666666,0.0,0.0,0.06448974666666667,0.008145647580291255,21.721484352733285,0.07113948583480591,24
ranked_carry_lb1_k5_th5_reb3_keep2.5,ranked_carry,1,5,5.0,3,2.5,optimistic_limit,test,-0.002878255856571421,-0.0018216977723641836,0.0017992243759798801,-1.012513577447613,-0.002878255856571421,-0.00015148715034586427,0.0,0.0,-0.002878255856571421,0.0,0.0,0.0,-2.141e-05,-5.843511291192538e-05,1.2651646447140381,0.0017331022530329288,19
ranked_carry_lb1_k5_th5_reb3_keep2.5,ranked_carry,1,5,5.0,3,2.5,optimistic_limit,full,0.008803585887497078,0.002448979271295393,0.007105173988890529,0.34780813451925513,-0.007696545740681904,0.00020588454534284825,0.0,0.011808926313357837,-0.002878255856571421,0.09302325581395349,0.0,0.0,0.06446833666666667,0.00808721246737933,12.6972699181294,0.04052116848778312,43
ranked_carry_lb1_k5_th5_reb6_keep2.5,ranked_carry,1,5,5.0,6,2.5,taker,train,0.014184626816829526,0.007058041404037985,0.009914629436547698,0.7143416942549786,-0.005764231118693397,0.0005891259476368307,0.0,0.009509054061447753,-0.0019087989330931476,0.20833333333333334,0.0,0.0,0.0547626195,0.010820842308834965,12.8331528244884,0.060194949552528076,24
ranked_carry_lb1_k5_th5_reb6_keep2.5,ranked_carry,1,5,5.0,6,2.5,taker,test,-0.004351904233534376,-0.0027551429914478565,0.002574035119980673,-1.0705482285250107,-0.004351904233534376,-0.00022904759123865137,0.0,0.0,-0.004351904233534376,0.0,0.0,0.0,-5.262000000000001e-05,-0.000303538306145712,1.2651646447140381,0.0034662045060658577,19
ranked_carry_lb1_k5_th5_reb6_keep2.5,ranked_carry,1,5,5.0,6,2.5,taker,full,0.009770992445799376,0.0027171513596213615,0.007606538443570616,0.3605340270755318,-0.0068267341455106045,0.00022760740720347814,0.0,0.009509054061447753,-0.004351904233534376,0.11627906976744186,0.0,0.0,0.0547099995,0.010517304002689253,7.72998630180625,0.035169316046000446,43
ranked_carry_lb1_k5_th5_reb6_keep2.5,ranked_carry,1,5,5.0,6,2.5,optimistic_limit,train,0.029971855136092795,0.014855643825608,0.008476720363636232,1.743873131372907,-0.004136416852288605,0.001237075740969128,0.0,0.01632938719263377,-0.0007083860504976114,0.25,0.0,0.0,0.0547626195,0.010820842308834965,12.8331528244884,0.060194949552528076,24
ranked_carry_lb1_k5_th5_reb6_keep2.5,ranked_carry,1,5,5.0,6,2.5,optimistic_limit,test,-0.00315431214979911,-0.0019965200331906185,0.001992200585284848,-1.0021731575500883,-0.00315431214979911,-0.00016601642893679527,0.0,0.0,-0.00315431214979911,0.0,0.0,0.0,-5.262000000000001e-05,-0.000303538306145712,1.2651646447140381,0.0034662045060658577,19
ranked_carry_lb1_k5_th5_reb6_keep2.5,ranked_carry,1,5,5.0,6,2.5,optimistic_limit,full,0.02672300239948533,0.007386590746062405,0.00647410668073841,1.1399885856387113,-0.005034302491786935,0.0006171047821734876,0.0,0.01632938719263377,-0.00315431214979911,0.13953488372093023,0.0,0.0,0.0547099995,0.010517304002689253,7.72998630180625,0.035169316046000446,43
ranked_carry_lb3_k1_th0_reb1_keep0,ranked_carry,3,1,0.0,1,0.0,taker,train,-0.9058196671908797,-0.6926362031069946,0.07913050615487534,-14.867930910115467,-0.905843278748331,-0.09319818121936006,-0.08729005497541092,-0.006510874140693512,-0.15432452123241192,0.0,0.0,0.375,0.27723326000000004,0.052663941083209154,670.6196203613977,0.9990309525166733,24
ranked_carry_lb3_k1_th0_reb1_keep0,ranked_carry,3,1,0.0,1,0.0,taker,test,-0.9296776473345474,-0.8134944927979044,0.0878463105774373,-19.07042710239536,-0.9298004435662662,-0.12997302771597585,-0.12909789300377172,-0.06830271735478499,-0.17988475619506872,0.0,0.0,0.8947368421052632,0.08982378000000002,0.037877962408306654,878.0242634315425,0.9953783939919122,19
ranked_carry_lb3_k1_th0_reb1_keep0,ranked_carry,3,1,0.0,1,0.0,taker,full,-0.9933770174220473,-0.7534293900481859,0.08312898647323169,-16.79958590314008,-0.9933816427064343,-0.10944753199693447,-0.11162410990624716,-0.006510874140693512,-0.17988475619506872,0.0,0.0,0.6046511627906976,0.36705704000000006,0.09054190349151581,762.1152559650856,0.9974196425727119,43
ranked_carry_lb3_k1_th0_reb1_keep0,ranked_carry,3,1,0.0,1,0.0,optimistic_limit,train,-0.7886020728775113,-0.5397510775454699,0.06027576966681353,-12.843222582731048,-0.7886550715679224,-0.062418017784073125,-0.05939779557983854,-0.0005107390410263868,-0.10723958214017681,0.0,0.0,0.125,0.27723326000000004,0.052663941083209154,670.6196203613977,0.9990309525166733,24
ranked_carry_lb3_k1_th0_reb1_keep0,ranked_carry,3,1,0.0,1,0.0,optimistic_limit,test,-0.837820075154836,-0.6835842247555961,0.06584301993161396,-17.442275661342435,-0.8381032722163193,-0.09106819136473346,-0.09051948214268668,-0.04559296615270869,-0.13004653808019284,0.0,0.0,0.3157894736842105,0.08982378000000002,0.037877962408306654,878.0242634315425,0.9953783939919122,19
ranked_carry_lb3_k1_th0_reb1_keep0,ranked_carry,3,1,0.0,1,0.0,optimistic_limit,full,-0.9657155000668507,-0.6098756013238196,0.06282298325067275,-14.95095181919614,-0.9657394432918835,-0.07507739680808584,-0.07768074898058275,-0.0005107390410263868,-0.13004653808019284,0.0,0.0,0.20930232558139536,0.36705704000000006,0.09054190349151581,762.1152559650856,0.9974196425727119,43
ranked_carry_lb3_k1_th0_reb3_keep0,ranked_carry,3,1,0.0,3,0.0,taker,train,-0.7430870733040607,-0.4926824545551366,0.06611904706174736,-10.230068977350788,-0.743210625795024,-0.0549022499502226,-0.05911345009110475,-0.0034656191770250366,-0.0801452520065542,0.0,0.0,0.0,0.26690291000000005,0.020516323276891346,409.9618081285983,0.9985749301715784,24
ranked_carry_lb3_k1_th0_reb3_keep0,ranked_carry,3,1,0.0,3,0.0,taker,test,-0.7939367142498823,-0.6318295575821384,0.07205148884296338,-13.831099764126618,-0.7940131147318275,-0.07968252835429573,-0.08300582900956244,-0.04104403880246077,-0.09379094609992567,0.0,0.0,0.0,0.07928591000000001,0.017343904776194297,528.8388214904679,0.9982668977469671,19
ranked_carry_lb3_k1_th0_reb3_keep0,ranked_carry,3,1,0.0,3,0.0,taker,full,-0.9470596781733562,-0.5595883865979687,0.06881904666616809,-11.880935914814101,-0.9470806663412678,-0.06585167529155725,-0.0688282245932671,-0.0034656191770250366,-0.09379094609992567,0.0,0.0,0.0,0.34618882000000006,0.03786022805308564,462.40387372176735,0.9984390430378134,43
ranked_carry_lb3_k1_th0_reb3_keep0,ranked_carry,3,1,0.0,3,0.0,optimistic_limit,train,-0.5788432235663816,-0.3506660868700826,0.052370754401231415,-8.218810903191775,-0.5790457628838214,-0.03531011386525765,-0.03832296487780906,0.0013464797703641729,-0.05658895396125052,0.041666666666666664,0.0,0.0,0.26690291000000005,0.020516323276891346,409.9618081285983,0.9985749301715784,24
ranked_carry_lb3_k1_th0_reb3_keep0,ranked_carry,3,1,0.0,3,0.0,optimistic_limit,test,-0.6591340947246662,-0.49380176661969155,0.055689177497839304,-12.197128202745603,-0.6592604749255198,-0.05502039370342164,-0.05725720877308371,-0.025914470477905516,-0.06578488525875037,0.0,0.0,0.0,0.07928591000000001,0.017343904776194297,528.8388214904679,0.9982668977469671,19
ranked_carry_lb3_k1_th0_reb3_keep0,ranked_carry,3,1,0.0,3,0.0,optimistic_limit,full,-0.8564420141381135,-0.4182192937235242,0.0538751742640324,-10.02673989097278,-0.8564989276401163,-0.0440193072821208,-0.04434761319106584,0.0013464797703641729,-0.06578488525875037,0.023255813953488372,0.0,0.0,0.34618882000000006,0.03786022805308564,462.40387372176735,0.9984390430378134,43
ranked_carry_lb3_k1_th0_reb6_keep0,ranked_carry,3,1,0.0,6,0.0,taker,train,-0.45855233030688347,-0.2638727297076575,0.05434582209701339,-5.609786837262866,-0.4603341677193633,-0.025148079643106672,-0.02587581745162132,0.009781605116407466,-0.051594778024970145,0.041666666666666664,0.0,0.0,0.25743327,0.014029321314869114,220.21091033460638,0.9972068631362937,24
ranked_carry_lb3_k1_th0_reb6_keep0,ranked_carry,3,1,0.0,6,0.0,taker,test,-0.550924703069165,-0.3973526510804112,0.05767915053744857,-8.75086067345504,-0.5524017251689342,-0.04119931972969861,-0.04162810751017554,-0.015234525073120064,-0.0592509577454402,0.0,0.0,0.0,0.07654203000000001,0.009550421404951437,279.6013864818024,0.9965337954939342,19
ranked_carry_lb3_k1_th0_reb6_keep0,ranked_carry,3,1,0.0,6,0.0,taker,full,-0.7568492269600562,-0.3260589326443307,0.05585000279058742,-7.037455072498684,-0.7577750814395532,-0.032240488053461254,-0.03265446984996245,0.009781605116407466,-0.0592509577454402,0.023255813953488372,0.0,0.0,0.33397530000000003,0.02357974271982055,246.41075467490683,0.9969099423401612,43
ranked_carry_lb3_k1_th0_reb6_keep0,ranked_carry,3,1,0.0,6,0.0,optimistic_limit,train,-0.2939134164463507,-0.1595186941788339,0.04553449952782178,-3.7936494976461783,-0.2977754732157355,-0.014342049139508178,-0.015314383709157553,0.010998417341754996,-0.035472133401757255,0.08333333333333333,0.0,0.0,0.25743327,0.014029321314869114,220.21091033460638,0.9972068631362937,24
ranked_carry_lb3_k1_th0_reb6_keep0,ranked_carry,3,1,0.0,6,0.0,optimistic_limit,test,-0.41401742256651564,-0.286871215059892,0.04699843191612737,-7.1700557760893355,-0.41594473681173094,-0.027705300412963065,-0.027682131039230007,-0.008094937194089158,-0.04210099753543284,0.0,0.0,0.0,0.07654203000000001,0.009550421404951437,279.6013864818024,0.9965337954939342,19
ranked_carry_lb3_k1_th0_reb6_keep0,ranked_carry,3,1,0.0,6,0.0,optimistic_limit,full,-0.5862455638780328,-0.21828603352379417,0.04619350390314501,-5.308006795649188,-0.5887220481858704,-0.02024674156266266,-0.021735988029014774,0.010998417341754996,-0.04210099753543284,0.046511627906976744,0.0,0.0,0.33397530000000003,0.02357974271982055,246.41075467490683,0.9969099423401612,43
ranked_carry_lb3_k1_th0.5_reb1_keep0.25,ranked_carry,3,1,0.5,1,0.25,taker,train,-0.8957341164777876,-0.6766188112675644,0.07748383738030808,-14.530038660332927,-0.8957602565414885,-0.0894326116716903,-0.08597882466484852,-0.006510874140693512,-0.15432452123241192,0.0,0.0,0.3333333333333333,0.27620617000000003,0.05115154374600561,644.6537080316936,0.9826141480932565,24
ranked_carry_lb3_k1_th0.5_reb1_keep0.25,ranked_carry,3,1,0.5,1,0.25,taker,test,-0.8807472168135233,-0.7395104449514112,0.07787202409994759,-17.234055983850766,-0.8809554549034371,-0.10555509397533332,-0.1071406661019707,-0.06719721153720926,-0.15674278588562807,0.0,0.0,0.5789473684210527,0.08607366000000002,0.044382984324561114,712.2876949740034,0.8636626227614096,19
ranked_carry_lb3_k1_th0.5_reb1_keep0.25,ranked_carry,3,1,0.5,1,0.25,taker,full,-0.9875660031985791,-0.7060453025932324,0.07766255562259788,-15.724723385272485,-0.9875746867139886,-0.09655649920120699,-0.09598430231207522,-0.006510874140693512,-0.15674278588562807,0.0,0.0,0.4418604651162791,0.3622798300000001,0.09553452807056673,674.4901404861266,0.9301392118760154,43
ranked_carry_lb3_k1_th0.5_reb1_keep0.25,ranked_carry,3,1,0.5,1,0.25,optimistic_limit,train,-0.7731833361988405,-0.523283861160702,0.05916422917209297,-12.49151621190074,-0.7732402004562554,-0.05971201425334988,-0.058079213460931145,-0.0005107390410263868,-0.10723958214017681,0.0,0.0,0.041666666666666664,0.27620617000000003,0.05115154374600561,644.6537080316936,0.9826141480932565,24
ranked_carry_lb3_k1_th0.5_reb1_keep0.25,ranked_carry,3,1,0.5,1,0.25,optimistic_limit,test,-0.7651334355800261,-0.6000620553202256,0.058610234784158555,-15.606117417859139,-0.7655435573688227,-0.07324701274126162,-0.07374570567012584,-0.04446515326950917,-0.11140103750865471,0.0,0.0,0.05263157894736842,0.08607366000000002,0.044382984324561114,712.2876949740034,0.8636626227614096,19
ranked_carry_lb3_k1_th0.5_reb1_keep0.25,ranked_carry,3,1,0.5,1,0.25,optimistic_limit,full,-0.9467283494198221,-0.5588209316364081,0.058926909092456875,-13.85662565443359,-0.9467655526784434,-0.06569259498056669,-0.06558772905061994,-0.0005107390410263868,-0.11140103750865471,0.0,0.0,0.046511627906976744,0.3622798300000001,0.09553452807056673,674.4901404861266,0.9301392118760154,43
ranked_carry_lb3_k1_th0.5_reb3_keep0.25,ranked_carry,3,1,0.5,3,0.25,taker,train,-0.7260736780440347,-0.4761758315526132,0.06473326559793613,-9.955882701065727,-0.726205412479718,-0.052399129868507754,-0.05424898357472052,-0.0034656191770250366,-0.07352114630354623,0.0,0.0,0.0,0.2655928,0.02176148225020602,393.9827851564727,0.9780539246423074,24
ranked_carry_lb3_k1_th0.5_reb3_keep0.25,ranked_carry,3,1,0.5,3,0.25,taker,test,-0.7162119415409831,-0.5492105453013474,0.06331233313324487,-12.552225084779266,-0.7163171594324556,-0.06404894783917166,-0.06685087365446407,-0.03340276757361804,-0.09025246675532494,0.0,0.0,0.0,0.07492121000000002,0.01678276647233623,426.3604852686309,0.8457538994800693,19
ranked_carry_lb3_k1_th0.5_reb3_keep0.25,ranked_carry,3,1,0.5,3,0.25,taker,full,-0.9222629809312983,-0.5097499532486176,0.06411424795412991,-11.085707459536968,-0.9222937997392099,-0.05754672385554528,-0.05915045455253254,-0.0034656191770250366,-0.09025246675532494,0.0,0.0,0.0,0.34051401000000003,0.03854424872254225,408.2660635213915,0.9196903571087254,43
ranked_carry_lb3_k1_th0.5_reb3_keep0.25,ranked_carry,3,1,0.5,3,0.25,optimistic_limit,train,-0.5595311994514576,-0.33596495393652615,0.051436651794693505,-7.933780948358743,-0.5597430261516523,-0.033523224317297776,-0.03487556250018964,0.0013464797703641729,-0.04979511871563691,0.041666666666666664,0.0,0.0,0.2655928,0.02176148225020602,393.9827851564727,0.9780539246423074,24
ranked_carry_lb3_k1_th0.5_reb3_keep0.25,ranked_carry,3,1,0.5,3,0.25,optimistic_limit,test,-0.574228542979137,-0.4173286868551168,0.049391304753318,-10.910713285695039,-0.5743864029511181,-0.04389930080076734,-0.04583304751544559,-0.020518225941489998,-0.06245480774316203,0.0,0.0,0.0,0.07492121000000002,0.01678276647233623,426.3604852686309,0.8457538994800693,19
ranked_carry_lb3_k1_th0.5_reb3_keep0.25,ranked_carry,3,1,0.5,3,0.25,optimistic_limit,full,-0.8124609570182169,-0.37317208238548516,0.050548525805356244,-9.214752582270348,-0.8125353067914757,-0.03810800229836572,-0.03952173198664821,0.0013464797703641729,-0.06245480774316203,0.023255813953488372,0.0,0.0,0.34051401000000003,0.03854424872254225,408.2660635213915,0.9196903571087254,43
ranked_carry_lb3_k1_th0.5_reb6_keep0.25,ranked_carry,3,1,0.5,6,0.25,taker,train,-0.4525282863315817,-0.25979441949228654,0.0539080750200662,-5.553295645403905,-0.4543299481288181,-0.024706898294772836,-0.02587581745162132,0.009781605116407466,-0.044387594869399916,0.041666666666666664,0.0,0.0,0.25737503000000006,0.013104002975635187,217.21484352733285,0.9862623268540158,24
ranked_carry_lb3_k1_th0.5_reb6_keep0.25,ranked_carry,3,1,0.5,6,0.25,taker,test,-0.5013763373999374,-0.356102899608998,0.05259606244308059,-8.34320916864667,-0.5030163255581852,-0.035920551481212544,-0.03482233566879678,-0.015234525073120064,-0.051512404929636824,0.0,0.0,0.0,0.07082958,0.007474224420636277,244.17677642980934,0.8648180242634316,19
ranked_carry_lb3_k1_th0.5_reb6_keep0.25,ranked_carry,3,1,0.5,6,0.25,taker,full,-0.7270176489607179,-0.30393913264081385,0.05333755160274219,-6.766083277525175,-0.7280570942784252,-0.029661768307385733,-0.03227990702394612,0.009781605116407466,-0.051512404929636824,0.023255813953488372,0.0,0.0,0.32820461,0.020578227396271465,229.10898028097228,0.9326877130387691,43
ranked_carry_lb3_k1_th0.5_reb6_keep0.25,ranked_carry,3,1,0.5,6,0.25,optimistic_limit,train,-0.28863631193578276,-0.15638789082429827,0.04521174587733986,-3.7388198324224216,-0.29252723269674097,-0.014040917710911335,-0.015464993379625203,0.010998417341754996,-0.030187359009056114,0.08333333333333333,0.0,0.0,0.25737503000000006,0.013104002975635187,217.21484352733285,0.9862623268540158,24
ranked_carry_lb3_k1_th0.5_reb6_keep0.25,ranked_carry,3,1,0.5,6,0.25,optimistic_limit,test,-0.3709718360921296,-0.2541658608227778,0.04318633727228389,-6.768665809951386,-0.3730407285603168,-0.024081476201275175,-0.024310474138572236,-0.008094937194089158,-0.0342287556080243,0.0,0.0,0.0,0.07082958,0.007474224420636277,244.17677642980934,0.8648180242634316,19
ranked_carry_lb3_k1_th0.5_reb6_keep0.25,ranked_carry,3,1,0.5,6,0.25,optimistic_limit,full,-0.5525322054262315,-0.20101012308644228,0.04433378000693751,-5.039519024994147,-0.5552104775480028,-0.018477443555490705,-0.019727824054795007,0.010998417341754996,-0.0342287556080243,0.046511627906976744,0.0,0.0,0.32820461,0.020578227396271465,229.10898028097228,0.9326877130387691,43
ranked_carry_lb3_k1_th1_reb1_keep0.5,ranked_carry,3,1,1.0,1,0.5,taker,train,-0.7585240140736896,-0.5081399836181559,0.0649162200860451,-10.897458800592993,-0.7585845535084609,-0.057062716021322936,-0.0575333640592689,-0.006510874140693512,-0.12302202957747732,0.0,0.0,0.08333333333333333,0.2570785,0.04422044615067755,428.9368979079975,0.8271105284158924,24
ranked_carry_lb3_k1_th1_reb1_keep0.5,ranked_carry,3,1,1.0,1,0.5,taker,test,-0.4692404749784389,-0.330153628168964,0.043807496690127824,-9.124842851545726,-0.4701672822758516,-0.032612738159223394,-0.02695983130433177,0.0,-0.07263285087447569,0.0,0.0,0.0,0.05317132000000001,0.02691642306623565,225.1993067590988,0.4442518775274408,19
ranked_carry_lb3_k1_th1_reb1_keep0.5,ranked_carry,3,1,1.0,1,0.5,taker,full,-0.8718343204056389,-0.4363441739551943,0.056606088938357745,-10.099405179224322,-0.8719238273173339,-0.046259237431092906,-0.04401958994910038,0.0,-0.12302202957747732,0.0,0.0,0.046511627906976744,0.31024982000000006,0.0711368692169132,339.0589659456532,0.6582141378102003,43
ranked_carry_lb3_k1_th1_reb1_keep0.5,ranked_carry,3,1,1.0,1,0.5,optimistic_limit,train,-0.595018481340128,-0.36324122122291214,0.050837301196484545,-8.85294231874424,-0.5951200125633609,-0.03678947977475847,-0.03740340835799022,-0.0005107390410263868,-0.07864495340450628,0.0,0.0,0.0,0.2570785,0.04422044615067755,428.9368979079975,0.8271105284158924,24
ranked_carry_lb3_k1_th1_reb1_keep0.5,ranked_carry,3,1,1.0,1,0.5,optimistic_limit,test,-0.34246676139778653,-0.23296008702587478,0.03449413778592135,-7.671359713463227,-0.3436149397631264,-0.02174534621621314,-0.017550403739563736,0.0,-0.04889325334865535,0.0,0.0,0.0,0.05317132000000001,0.02691642306623565,225.1993067590988,0.4442518775274408,19
ranked_carry_lb3_k1_th1_reb1_keep0.5,ranked_carry,3,1,1.0,1,0.5,optimistic_limit,full,-0.7337111904615328,-0.3087446896992899,0.04438610466347292,-8.29657053765613,-0.7338971582575616,-0.030142071923308207,-0.02914383629618278,0.0,-0.07864495340450628,0.0,0.0,0.0,0.31024982000000006,0.0711368692169132,339.0589659456532,0.6582141378102003,43
ranked_carry_lb3_k1_th1_reb3_keep0.5,ranked_carry,3,1,1.0,3,0.5,taker,train,-0.5627298444250437,-0.33837726759489206,0.05533492077062954,-7.436840766359733,-0.5629401328587165,-0.03370544622814786,-0.03336686505509079,-0.0034656191770250366,-0.07032089657342455,0.0,0.0,0.0,0.24773046,0.02215508382446363,273.14142392977254,0.8234623496551331,24
ranked_carry_lb3_k1_th1_reb3_keep0.5,ranked_carry,3,1,1.0,3,0.5,taker,test,-0.3450179400459532,-0.2348440317975068,0.03751269675899144,-7.116706310242224,-0.3452607826506593,-0.02193403718333724,-0.01881242776196923,0.0,-0.04906371711100721,0.0,0.0,0.0,0.045759930000000004,0.016213028927793638,153.0849220103986,0.42114384748700173,19
ranked_carry_lb3_k1_th1_reb3_keep0.5,ranked_carry,3,1,1.0,3,0.5,taker,full,-0.7135958927450896,-0.2945533900116327,0.0482958319153957,-7.2004006494369746,-0.7137094375307312,-0.028504125952533866,-0.02393480655895186,0.0,-0.07032089657342455,0.0,0.0,0.0,0.29349039,0.038368112752257266,220.17903220668344,0.6459813322289828,43
ranked_carry_lb3_k1_th1_reb3_keep0.5,ranked_carry,3,1,1.0,3,0.5,optimistic_limit,train,-0.3922182518283487,-0.22014189994263422,0.04488373911974225,-5.517190525767012,-0.3930700423112389,-0.020464727326087676,-0.01893021106168169,0.0013464797703641729,-0.04244607515233856,0.041666666666666664,0.0,0.0,0.24773046,0.02215508382446363,273.14142392977254,0.8234623496551331,24
ranked_carry_lb3_k1_th1_reb3_keep0.5,ranked_carry,3,1,1.0,3,0.5,optimistic_limit,test,-0.24237007634403884,-0.16102947242213494,0.030387428472591668,-5.762774322632342,-0.24265097689889814,-0.014461619699349214,-0.011704478477421176,0.0,-0.03290065392281816,0.0,0.0,0.0,0.045759930000000004,0.016213028927793638,153.0849220103986,0.42114384748700173,19
ranked_carry_lb3_k1_th1_reb3_keep0.5,ranked_carry,3,1,1.0,3,0.5,optimistic_limit,full,-0.5395263605332246,-0.19459628484940605,0.039157316710600576,-5.507065812462221,-0.5401328456233911,-0.017812191397993938,-0.015698478243110325,0.0013464797703641729,-0.04244607515233856,0.023255813953488372,0.0,0.0,0.29349039,0.038368112752257266,220.17903220668344,0.6459813322289828,43
ranked_carry_lb3_k1_th1_reb6_keep0.5,ranked_carry,3,1,1.0,6,0.5,taker,train,-0.300236233881618,-0.1632853660792808,0.04666124226817118,-3.7971740994311585,-0.3025390700154852,-0.014717807229079801,-0.014935096198657516,0.009781605116407466,-0.03265446984996245,0.041666666666666664,0.0,0.0,0.23914429,0.012028787934364349,151.3013737673146,0.8111497463375705,24
ranked_carry_lb3_k1_th1_reb6_keep0.5,ranked_carry,3,1,1.0,6,0.5,taker,test,-0.21747998367027654,-0.14369770540377835,0.03149034540358877,-4.910522651903697,-0.21927358959656196,-0.012791648618648099,-0.011646315932892448,0.0,-0.030250280641061056,0.0,0.0,0.0,0.04004636,0.01350473753237591,94.25476603119584,0.40041883304448295,19
ranked_carry_lb3_k1_th1_reb6_keep0.5,ranked_carry,3,1,1.0,6,0.5,taker,full,-0.4524208463100974,-0.15470020397106155,0.040671886195732566,-4.111794484942739,-0.45396026465716466,-0.013866713889586723,-0.014171552380781827,0.009781605116407466,-0.03265446984996245,0.023255813953488372,0.0,0.0,0.27919065,0.02553352546674026,126.13551654932942,0.6299576311681693,43
ranked_carry_lb3_k1_th1_reb6_keep0.5,ranked_carry,3,1,1.0,6,0.5,optimistic_limit,train,-0.1602311976662637,-0.08350608899908452,0.039985785258317495,-2.1607687774400044,-0.16895021409708477,-0.007227933593391828,-0.008084086977229621,0.010998417341754996,-0.018576314692869023,0.08333333333333333,0.0,0.0,0.23914429,0.012028787934364349,151.3013737673146,0.8111497463375705,24
ranked_carry_lb3_k1_th1_reb6_keep0.5,ranked_carry,3,1,1.0,6,0.5,optimistic_limit,test,-0.1441099261094403,-0.0937483402133018,0.02669487346186816,-3.6741584462641868,-0.14607170277552384,-0.008142328604669073,-0.00752069424182511,0.0,-0.019689078875483657,0.0,0.0,0.0,0.04004636,0.01350473753237591,94.25476603119584,0.40041883304448295,19
ranked_carry_lb3_k1_th1_reb6_keep0.5,ranked_carry,3,1,1.0,6,0.5,optimistic_limit,full,-0.281250217719593,-0.0880386045897601,0.03475439386995135,-2.634289286264638,-0.2883705062247883,-0.007631968598374796,-0.008032379704085213,0.010998417341754996,-0.019689078875483657,0.046511627906976744,0.0,0.0,0.27919065,0.02553352546674026,126.13551654932942,0.6299576311681693,43
ranked_carry_lb3_k1_th2_reb1_keep1,ranked_carry,3,1,2.0,1,1.0,taker,train,-0.39059832260026384,-0.21910467071855522,0.03990128306326349,-6.178071571396376,-0.39059832260026384,-0.019975740033571377,-0.0048948115565464745,0.0,-0.10755100549305252,0.0,0.0,0.041666666666666664,0.15432972,0.03199707760625925,169.77711907883486,0.3110072393547284,24
ranked_carry_lb3_k1_th2_reb1_keep1,ranked_carry,3,1,2.0,1,1.0,taker,test,-0.006870756293459013,-0.004351822228259694,0.004295141087649855,-1.0132578428349577,-0.009542363056885161,-0.0003620934402619224,0.0,0.0006919511248641985,-0.004076179589262652,0.05263157894736842,0.0,0.0,0.0025055200000000007,0.002614608022345144,3.7954939341421143,0.016175621028307337,19
ranked_carry_lb3_k1_th2_reb1_keep1,ranked_carry,3,1,2.0,1,1.0,taker,full,-0.3947853730105024,-0.13076050626012303,0.029992085306960403,-4.657388062564994,-0.3947853730105024,-0.011309245027225339,0.0,0.0006919511248641985,-0.10755100549305252,0.023255813953488372,0.0,0.023255813953488372,0.15683524000000001,0.034611685628604394,96.55506355324775,0.18094358255550955,43
ranked_carry_lb3_k1_th2_reb1_keep1,ranked_carry,3,1,2.0,1,1.0,optimistic_limit,train,-0.25219511398790506,-0.1350781171997959,0.030581936433286903,-4.7298087687686845,-0.25219511398790506,-0.011873300904244119,-0.002547526514324605,0.0006494069904869892,-0.06351781484130936,0.041666666666666664,0.0,0.0,0.15432972,0.03199707760625925,169.77711907883486,0.3110072393547284,24
ranked_carry_lb3_k1_th2_reb1_keep1,ranked_carry,3,1,2.0,1,1.0,optimistic_limit,test,-0.003283256448026961,-0.0020781845949791045,0.0033332318642362584,-0.6224556578016552,-0.006561405704895051,-0.00017263538330979902,0.0,0.001895180866444246,-0.002878255856571421,0.05263157894736842,0.0,0.0,0.0025055200000000007,0.002614608022345144,3.7954939341421143,0.016175621028307337,19
ranked_carry_lb3_k1_th2_reb1_keep1,ranked_carry,3,1,2.0,1,1.0,optimistic_limit,full,-0.25465034920176877,-0.07874324726241488,0.022981109310065525,-3.557345332860549,-0.25465034920176877,-0.00670323939499407,0.0,0.001895180866444246,-0.06351781484130936,0.046511627906976744,0.0,0.0,0.15683524000000001,0.034611685628604394,96.55506355324775,0.18094358255550955,43
ranked_carry_lb3_k1_th2_reb3_keep1,ranked_carry,3,1,2.0,3,1.0,taker,train,-0.22824913716898532,-0.12135726143192682,0.03307562824584446,-3.8949506855279474,-0.2306504800409438,-0.010588557969107423,-0.0006042894581543834,0.0,-0.055820122300523134,0.0,0.0,0.0,0.14632663,0.023679241302341558,106.85971612609018,0.3037108818332098,24
ranked_carry_lb3_k1_th2_reb3_keep1,ranked_carry,3,1,2.0,3,1.0,taker,test,-0.004076179589262652,-0.0025804536201187167,0.0024277628132156216,-1.063051910315896,-0.004076179589262652,-0.00021453576785592903,0.0,0.0,-0.004076179589262652,0.0,0.0,0.0,-2.141e-05,-5.843511291192538e-05,1.2651646447140381,0.0017331022530329288,19
ranked_carry_lb3_k1_th2_reb3_keep1,ranked_carry,3,1,2.0,3,1.0,taker,full,-0.23139493228405306,-0.0708105998451074,0.024787464828665468,-2.9504668412132125,-0.23139493228405306,-0.006004687694135832,0.0,0.0,-0.055820122300523134,0.0,0.0,0.0,0.14630522,0.023620806189429633,60.27714950144946,0.17049472778821956,43
ranked_carry_lb3_k1_th2_reb3_keep1,ranked_carry,3,1,2.0,3,1.0,optimistic_limit,train,-0.1221494236833881,-0.0629831754429514,0.0261287160978103,-2.4766663234627306,-0.12574739258412626,-0.00536827740294576,0.0,0.0013464797703641729,-0.029872199988368764,0.125,0.0,0.0,0.14632663,0.023679241302341558,106.85971612609018,0.3037108818332098,24
ranked_carry_lb3_k1_th2_reb3_keep1,ranked_carry,3,1,2.0,3,1.0,optimistic_limit,test,-0.002878255856571421,-0.0018216977723641836,0.0017992243759798801,-1.012513577447613,-0.002878255856571421,-0.00015148715034586427,0.0,0.0,-0.002878255856571421,0.0,0.0,0.0,-2.141e-05,-5.843511291192538e-05,1.2651646447140381,0.0017331022530329288,19
ranked_carry_lb3_k1_th2_reb3_keep1,ranked_carry,3,1,2.0,3,1.0,optimistic_limit,full,-0.124676102245866,-0.03647814363634072,0.019572050372416706,-1.8888314024547332,-0.12574739258412626,-0.003063184035517899,0.0,0.0013464797703641729,-0.029872199988368764,0.06976744186046512,0.0,0.0,0.14630522,0.023620806189429633,60.27714950144946,0.17049472778821956,43
ranked_carry_lb3_k1_th2_reb6_keep1,ranked_carry,3,1,2.0,6,1.0,taker,train,-0.0649132171852298,-0.03295860077608148,0.027548385088839517,-1.20275513704599,-0.07759435091766864,-0.0027706584431488788,0.0,0.009781605116407466,-0.01976070537875574,0.125,0.0,0.0,0.14592498,0.015720101072657977,56.92526933819757,0.30644701590377926,24
ranked_carry_lb3_k1_th2_reb6_keep1,ranked_carry,3,1,2.0,6,1.0,taker,test,-0.004351904233534376,-0.0027551429914478565,0.002574035119980673,-1.0705482285250107,-0.004351904233534376,-0.00022904759123865137,0.0,0.0,-0.004351904233534376,0.0,0.0,0.0,-5.262000000000001e-05,-0.000303538306145712,1.2651646447140381,0.0034662045060658577,19
ranked_carry_lb3_k1_th2_reb6_keep1,ranked_carry,3,1,2.0,6,1.0,taker,full,-0.0689826253140835,-0.01974891315360483,0.02066543649911276,-0.9548646722257436,-0.07759435091766864,-0.0016476210899792434,0.0,0.009781605116407466,-0.01976070537875574,0.06976744186046512,0.0,0.0,0.14587236,0.015416562766512265,32.37106176929693,0.17278837883469783,43
ranked_carry_lb3_k1_th2_reb6_keep1,ranked_carry,3,1,2.0,6,1.0,optimistic_limit,train,0.0014969783085465593,0.0007472279289424399,0.02341359927476145,0.04361567429303606,-0.02299214959786744,6.850512397802803e-05,0.0,0.010998417341754996,-0.009141136114233839,0.25,0.0,0.0,0.14592498,0.015720101072657977,56.92526933819757,0.30644701590377926,24
ranked_carry_lb3_k1_th2_reb6_keep1,ranked_carry,3,1,2.0,6,1.0,optimistic_limit,test,-0.00315431214979911,-0.0019965200331906185,0.001992200585284848,-1.0021731575500883,-0.00315431214979911,-0.00016601642893679527,0.0,0.0,-0.00315431214979911,0.0,0.0,0.0,-5.262000000000001e-05,-0.000303538306145712,1.2651646447140381,0.0034662045060658577,19
ranked_carry_lb3_k1_th2_reb6_keep1,ranked_carry,3,1,2.0,6,1.0,optimistic_limit,full,-0.0016620557781190648,-0.00046409288976889673,0.01755293291148849,-0.01766418120051753,-0.02299214959786744,-3.512067847270784e-05,0.0,0.010998417341754996,-0.009141136114233839,0.13953488372093023,0.0,0.0,0.14587236,0.015416562766512265,32.37106176929693,0.17278837883469783,43
ranked_carry_lb3_k1_th5_reb1_keep2.5,ranked_carry,3,1,5.0,1,2.5,taker,train,-0.07294220453194344,-0.037113788594064334,0.017315007690580787,-2.1755551305003884,-0.07353997772834431,-0.0030983412768438765,0.0,0.0,-0.050427990686620516,0.0,0.0,0.0,0.05636347,0.004198117763438813,33.95542381576698,0.051074502650629884,24
ranked_carry_lb3_k1_th5_reb1_keep2.5,ranked_carry,3,1,5.0,1,2.5,taker,test,0.0,0.0,0.0,,0.0,0.0,0.0,0.0,0.0,0.0,0.0,0.0,0.0,0.0,0.0,0.0,19
ranked_carry_lb3_k1_th5_reb1_keep2.5,ranked_carry,3,1,5.0,1,2.5,taker,full,-0.07294220453194344,-0.020914097000517273,0.012945485375571417,-1.6261970016360565,-0.07353997772834431,-0.001729306759168675,0.0,0.0,-0.050427990686620516,0.0,0.0,0.0,0.05636346999999999,0.004198117763438813,18.97613965786372,0.028543213022840942,43
ranked_carry_lb3_k1_th5_reb1_keep2.5,ranked_carry,3,1,5.0,1,2.5,optimistic_limit,train,-0.03421593048061966,-0.017234436169300205,0.013271296813366569,-1.30330138566533,-0.03831679012944522,-0.0014366489443006364,0.0,0.0005170723528054033,-0.024938965434877725,0.08333333333333333,0.0,0.0,0.05636347,0.004198117763438813,33.95542381576698,0.051074502650629884,24
ranked_carry_lb3_k1_th5_reb1_keep2.5,ranked_carry,3,1,5.0,1,2.5,optimistic_limit,test,0.0,0.0,0.0,,0.0,0.0,0.0,0.0,0.0,0.0,0.0,0.0,0.0,0.0,0.0,0.0,19
ranked_carry_lb3_k1_th5_reb1_keep2.5,ranked_carry,3,1,5.0,1,2.5,optimistic_limit,full,-0.03421593048061966,-0.009668461478742119,0.00992146564189496,-0.9742739688521678,-0.03831679012944522,-0.0008018505735631459,0.0,0.0005170723528054033,-0.024938965434877725,0.046511627906976744,0.0,0.0,0.05636346999999999,0.004198117763438813,18.97613965786372,0.028543213022840942,43
ranked_carry_lb3_k1_th5_reb3_keep2.5,ranked_carry,3,1,5.0,3,2.5,taker,train,-0.035555223790000645,-0.017915200315035018,0.014810741385128326,-1.2131534838553355,-0.04203144770389233,-0.0014916933767014685,0.0,0.0047584260369826215,-0.026656453340224262,0.041666666666666664,0.0,0.0,0.050301330000000005,0.005716089505676036,22.969845522430596,0.046514279199680784,24
ranked_carry_lb3_k1_th5_reb3_keep2.5,ranked_carry,3,1,5.0,3,2.5,taker,test,0.0,0.0,0.0,,0.0,0.0,0.0,0.0,0.0,0.0,0.0,0.0,0.0,0.0,0.0,0.0,19
ranked_carry_lb3_k1_th5_reb3_keep2.5,ranked_carry,3,1,5.0,3,2.5,taker,full,-0.035555223790000645,-0.010051897085388672,0.011072273080579818,-0.9068897062022803,-0.04203144770389233,-0.0008325730474612848,0.0,0.0047584260369826215,-0.026656453340224262,0.023255813953488372,0.0,0.0,0.050301330000000005,0.005716089505676036,12.836800356790162,0.025994711860087286,43
ranked_carry_lb3_k1_th5_reb3_keep2.5,ranked_carry,3,1,5.0,3,2.5,optimistic_limit,train,-0.008479135377070901,-0.0042430346152847465,0.011505635313781183,-0.36380391714456795,-0.016320370471505474,-0.0003523245453319705,0.0,0.005362549674355455,-0.00891666833924909,0.041666666666666664,0.0,0.0,0.050301330000000005,0.005716089505676036,22.969845522430596,0.046514279199680784,24
ranked_carry_lb3_k1_th5_reb3_keep2.5,ranked_carry,3,1,5.0,3,2.5,optimistic_limit,test,0.0,0.0,0.0,,0.0,0.0,0.0,0.0,0.0,0.0,0.0,0.0,0.0,0.0,0.0,0.0,19
ranked_carry_lb3_k1_th5_reb3_keep2.5,ranked_carry,3,1,5.0,3,2.5,optimistic_limit,full,-0.008479135377070901,-0.00237346254346249,0.008601138624918625,-0.27196983666641944,-0.016320370471505474,-0.00019664625785970446,0.0,0.005362549674355455,-0.00891666833924909,0.023255813953488372,0.0,0.0,0.050301330000000005,0.005716089505676036,12.836800356790162,0.025994711860087286,43
ranked_carry_lb3_k1_th5_reb6_keep2.5,ranked_carry,3,1,5.0,6,2.5,taker,train,-0.004151321497544935,-0.0020750980891993676,0.012436585062556692,-0.1608007142754084,-0.01105909494772761,-0.00017225835689208455,0.0,0.0033916336322856733,-0.005113727487471409,0.08333333333333333,0.0,0.0,0.04512665999999999,0.002868465830269784,12.982956164852077,0.04104201105854187,24
ranked_carry_lb3_k1_th5_reb6_keep2.5,ranked_carry,3,1,5.0,6,2.5,taker,test,0.0,0.0,0.0,,0.0,0.0,0.0,0.0,0.0,0.0,0.0,0.0,0.0,0.0,0.0,0.0,19
ranked_carry_lb3_k1_th5_reb6_keep2.5,ranked_carry,3,1,5.0,6,2.5,taker,full,-0.004151321497544935,-0.0011602091247781,0.009297053345725975,-0.12021052884256198,-0.01105909494772761,-9.614419919558207e-05,0.0,0.0033916336322856733,-0.005113727487471409,0.046511627906976744,0.0,0.0,0.04512666,0.002868465830269784,7.255582810359657,0.0229365104647829,43
ranked_carry_lb3_k1_th5_reb6_keep2.5,ranked_carry,3,1,5.0,6,2.5,optimistic_limit,train,0.011553349387890766,0.005752511880551481,0.010382419168262696,0.5576698304961711,-0.005111117228629669,0.0004797986527237212,0.0,0.005723920439304475,-0.00115192482983284,0.16666666666666666,0.0,0.0,0.04512665999999999,0.002868465830269784,12.982956164852077,0.04104201105854187,24
ranked_carry_lb3_k1_th5_reb6_keep2.5,ranked_carry,3,1,5.0,6,2.5,optimistic_limit,test,0.0,0.0,0.0,,0.0,0.0,0.0,0.0,0.0,0.0,0.0,0.0,0.0,0.0,0.0,0.0,19
ranked_carry_lb3_k1_th5_reb6_keep2.5,ranked_carry,3,1,5.0,6,2.5,optimistic_limit,full,0.011553349387890766,0.003210748976244071,0.0077615034544530415,0.41689680431593523,-0.005111117228629669,0.00026779459686905366,0.0,0.005723920439304475,-0.00115192482983284,0.09302325581395349,0.0,0.0,0.04512666,0.002868465830269784,7.255582810359657,0.0229365104647829,43
ranked_carry_lb3_k2_th0_reb1_keep0,ranked_carry,3,2,0.0,1,0.0,taker,train,-0.8356384028495899,-0.594104492568424,0.05539054339650812,-16.24965822689754,-0.8356643070806986,-0.0721842058927543,-0.07628348049654826,-0.0020511410328662993,-0.1165361923253373,0.0,0.0,0.041666666666666664,0.269180015,0.04230196969351768,527.8071025480249,0.9990309525166733,24
ranked_carry_lb3_k2_th0_reb1_keep0,ranked_carry,3,2,0.0,1,0.0,taker,test,-0.8841117437707195,-0.7441838916981118,0.06138931875297527,-22.174920007091348,-0.8842691260981745,-0.10692882289193759,-0.11644969541530248,-0.04840272967608272,-0.13802045894189618,0.0,0.0,0.7368421052631579,0.08307898000000001,0.03494303306415614,717.9809358752166,0.9953783939919122,19
ranked_carry_lb3_k2_th0_reb1_keep0,ranked_carry,3,2,0.0,1,0.0,taker,full,-0.9809524211151796,-0.6688913091728741,0.05816379981610005,-18.97305759319976,-0.9809610828435944,-0.08753647852030039,-0.08941887555549588,-0.0020511410328662993,-0.13802045894189618,0.0,0.0,0.3488372093023256,0.352258995,0.07724500275767382,611.7014430887834,0.9974196425727119,43
ranked_carry_lb3_k2_th0_reb1_keep0,ranked_carry,3,2,0.0,1,0.0,optimistic_limit,train,-0.6896961289553487,-0.4425232666453369,0.04293141191751693,-13.58895763287351,-0.6897450344377047,-0.04743747020405679,-0.04876257022150915,0.0027589623614361347,-0.0796641961802349,0.041666666666666664,0.0,0.0,0.269180015,0.04230196969351768,527.8071025480249,0.9990309525166733,24
ranked_carry_lb3_k2_th0_reb1_keep0,ranked_carry,3,2,0.0,1,0.0,optimistic_limit,test,-0.7707008620039036,-0.6060855804521095,0.045966218113857246,-20.243446367657786,-0.7710556858259285,-0.07442280998126306,-0.08122690019486212,-0.031669056290246855,-0.09717056115060185,0.0,0.0,0.0,0.08307898000000001,0.03494303306415614,717.9809358752166,0.9953783939919122,19
ranked_carry_lb3_k2_th0_reb1_keep0,ranked_carry,3,2,0.0,1,0.0,optimistic_limit,full,-0.92884758985261,-0.5217103014310858,0.0443333867370507,-16.61330911318361,-0.9288799458206038,-0.05936122498933398,-0.061065897451375584,0.0027589623614361347,-0.09717056115060185,0.023255813953488372,0.0,0.0,0.352258995,0.07724500275767382,611.7014430887834,0.9974196425727119,43
ranked_carry_lb3_k2_th0_reb3_keep0,ranked_carry,3,2,0.0,3,0.0,taker,train,-0.6602349058254643,-0.4166936461650447,0.05118629114409523,-10.505047556398129,-0.6604231041532359,-0.043862836428979424,-0.04647552535729749,0.006916708660370086,-0.0653940672308383,0.041666666666666664,0.0,0.0,0.25781667,0.021342677317054692,338.5555492219119,0.9985749301715784,24
ranked_carry_lb3_k2_th0_reb3_keep0,ranked_carry,3,2,0.0,3,0.0,taker,test,-0.7157363423621441,-0.5487327915003981,0.055544486739021647,-14.296902145487891,-0.7158057116488523,-0.06398971062946764,-0.06580615046009519,-0.03221512937219728,-0.07849744763672473,0.0,0.0,0.0,0.076743295,0.021903743712287482,428.25823223570194,0.9982668977469671,19
ranked_carry_lb3_k2_th0_reb3_keep0,ranked_carry,3,2,0.0,3,0.0,taker,full,-0.9034171315922761,-0.4791348134388833,0.053169496184164985,-12.240552247176263,-0.9034402358978224,-0.05275610642454398,-0.05579795457068504,0.006916708660370086,-0.07849744763672473,0.023255813953488372,0.0,0.0,0.334559965,0.043246421029342175,378.12748877066673,0.9984390430378134,43
ranked_carry_lb3_k2_th0_reb3_keep0,ranked_carry,3,2,0.0,3,0.0,optimistic_limit,train,-0.48914901853779114,-0.2849468263247311,0.04026180891393326,-8.310135639619173,-0.4894319825682344,-0.02753042076326433,-0.02901665780850693,0.00873384072816763,-0.04550261495565322,0.041666666666666664,0.0,0.0,0.25781667,0.021342677317054692,338.5555492219119,0.9985749301715784,24
ranked_carry_lb3_k2_th0_reb3_keep0,ranked_carry,3,2,0.0,3,0.0,optimistic_limit,test,-0.572834839769695,-0.4161228915341699,0.04214555386889092,-12.745333801016118,-0.5729390815244026,-0.04374296746497381,-0.04478151523704965,-0.019916484900488918,-0.05377442517767417,0.0,0.0,0.0,0.076743295,0.021903743712287482,428.25823223570194,0.9982668977469671,19
ranked_carry_lb3_k2_th0_reb3_keep0,ranked_carry,3,2,0.0,3,0.0,optimistic_limit,full,-0.7817822586498896,-0.3461018944966896,0.041116843541347245,-10.310798841102365,-0.781834460137119,-0.03469410418960108,-0.03744640249900011,0.00873384072816763,-0.05377442517767417,0.023255813953488372,0.0,0.0,0.334559965,0.043246421029342175,378.12748877066673,0.9984390430378134,43
ranked_carry_lb3_k2_th0_reb6_keep0,ranked_carry,3,2,0.0,6,0.0,taker,train,-0.3875089024640648,-0.2171303564029725,0.04434795716156028,-5.497466679762235,-0.3894100248992327,-0.020151177391563843,-0.022035798627017267,0.006488736850358112,-0.044543326737918276,0.041666666666666664,0.0,0.0,0.25088112000000007,0.010875928502409593,187.2541754545973,0.9972068631362937,24
ranked_carry_lb3_k2_th0_reb6_keep0,ranked_carry,3,2,0.0,6,0.0,taker,test,-0.4839338894748717,-0.34194457011418744,0.045157035366085146,-9.244070756689652,-0.4844770070975767,-0.03418500711649631,-0.0365051042084551,-0.015829234905702316,-0.04624890390801417,0.0,0.0,0.0,0.07315431,0.012955561342824662,235.9532062391681,0.9965337954939342,19
ranked_carry_lb3_k2_th0_reb6_keep0,ranked_carry,3,2,0.0,6,0.0,taker,full,-0.6839141015633607,-0.27487116014174984,0.04471545710309711,-7.165285683899726,-0.6849764898715447,-0.026352171921185167,-0.02552735687265051,0.006488736850358112,-0.04624890390801417,0.023255813953488372,0.0,0.0,0.32403543,0.023831489845234255,208.73753623650092,0.9969099423401612,43
ranked_carry_lb3_k2_th0_reb6_keep0,ranked_carry,3,2,0.0,6,0.0,optimistic_limit,train,-0.23250363011080055,-0.12377931542887044,0.03707740848242853,-3.545256179399313,-0.23764036741241346,-0.010920612999121948,-0.010518723658874685,0.008906146687763794,-0.030642809627789203,0.16666666666666666,0.0,0.0,0.25088112000000007,0.010875928502409593,187.2541754545973,0.9972068631362937,24
ranked_carry_lb3_k2_th0_reb6_keep0,ranked_carry,3,2,0.0,6,0.0,optimistic_limit,test,-0.35409382269923717,-0.24156818569531124,0.03562428018300137,-7.743676642049292,-0.3547735864356102,-0.022725095603685196,-0.02376967671417407,-0.008701435135583635,-0.031790210718513956,0.0,0.0,0.0,0.07315431,0.012955561342824662,235.9532062391681,0.9965337954939342,19
ranked_carry_lb3_k2_th0_reb6_keep0,ranked_carry,3,2,0.0,6,0.0,optimistic_limit,full,-0.5042693536326541,-0.17784251183995958,0.036450987593195504,-5.353942808517604,-0.5077142252523605,-0.01613654717323129,-0.017290779645401377,0.008906146687763794,-0.031790210718513956,0.09302325581395349,0.0,0.0,0.32403543,0.023831489845234255,208.73753623650092,0.9969099423401612,43
ranked_carry_lb3_k2_th0.5_reb1_keep0.25,ranked_carry,3,2,0.5,1,0.25,taker,train,-0.8290071707620047,-0.5860081831756958,0.05504508373490053,-15.99321863373813,-0.8290341201093175,-0.07069063564071792,-0.0767230294937955,-0.0020511410328662993,-0.11117939938482269,0.0,0.0,0.041666666666666664,0.268674815,0.040317651094285145,517.3208687225674,0.9858063045089209,24
ranked_carry_lb3_k2_th0.5_reb1_keep0.25,ranked_carry,3,2,0.5,1,0.25,taker,test,-0.8365834544844661,-0.6820601442203387,0.05777089098505164,-19.804905163056166,-0.8368053827204646,-0.09066430476819164,-0.0948530442443517,-0.04840272967608272,-0.12656909219396484,0.0,0.0,0.3684210526315789,0.08109893000000001,0.038208388103545765,609.8093587521664,0.8740612362796072,19
ranked_carry_lb3_k2_th0.5_reb1_keep0.25,ranked_carry,3,2,0.5,1,0.25,taker,full,-0.9720569425379991,-0.6315183731254971,0.05628033847640691,-17.709946719120513,-0.9720696494114701,-0.07951621037146213,-0.08261048562473305,-0.0020511410328662993,-0.12656909219396484,0.0,0.0,0.18604651162790697,0.349773745,0.07852603919783091,558.1217546430505,0.9365104647828996,43
ranked_carry_lb3_k2_th0.5_reb1_keep0.25,ranked_carry,3,2,0.5,1,0.25,optimistic_limit,train,-0.6812258783020623,-0.4349758485814582,0.0427163020437645,-13.342810832904147,-0.6812761187393852,-0.04638815671594356,-0.04814222993772066,0.0027589623614361347,-0.07575393516964346,0.041666666666666664,0.0,0.0,0.268674815,0.040317651094285145,517.3208687225674,0.9858063045089209,24
ranked_carry_lb3_k2_th0.5_reb1_keep0.25,ranked_carry,3,2,0.5,1,0.25,optimistic_limit,test,-0.7082535931945688,-0.5412543630220089,0.04387559373001225,-17.73791157521248,-0.708705049645864,-0.062640962159961,-0.06514918594586516,-0.031669056290246855,-0.08901563798253576,0.0,0.0,0.0,0.08109893000000001,0.038208388103545765,609.8093587521664,0.8740612362796072,19
ranked_carry_lb3_k2_th0.5_reb1_keep0.25,ranked_carry,3,2,0.5,1,0.25,optimistic_limit,full,-0.9069987954120686,-0.48459869195227423,0.04324497976719116,-15.30463759096337,-0.907041086938003,-0.0535696288888815,-0.05434469237414308,0.0027589623614361347,-0.08901563798253576,0.023255813953488372,0.0,0.0,0.349773745,0.07852603919783091,558.1217546430505,0.9365104647828996,43
ranked_carry_lb3_k2_th0.5_reb3_keep0.25,ranked_carry,3,2,0.5,3,0.25,taker,train,-0.6467115004873771,-0.40521368755848286,0.050262446651558546,-10.311335053965788,-0.6469071895265666,-0.042323005095944354,-0.04548334362459988,0.006916708660370086,-0.06055192827980893,0.041666666666666664,0.0,0.0,0.257922115,0.022171266633368825,329.0680043322123,0.9835261927834464,24
ranked_carry_lb3_k2_th0.5_reb3_keep0.25,ranked_carry,3,2,0.5,3,0.25,taker,test,-0.6527070586862025,-0.48778489503858036,0.05077002660819623,-13.151345943122967,-0.6527918091035367,-0.05407232432227518,-0.05784890467332038,-0.028062414921729117,-0.06961356074046143,0.0,0.0,0.0,0.07393079500000001,0.020563605383969452,363.73483535528595,0.8613518197573656,19
ranked_carry_lb3_k2_th0.5_reb3_keep0.25,ranked_carry,3,2,0.5,3,0.25,taker,full,-0.8773053978719239,-0.4431646058778157,0.05049240903696986,-11.569847057962836,-0.877334748559299,-0.04751456475409053,-0.049144593033644046,0.006916708660370086,-0.06961356074046143,0.023255813953488372,0.0,0.0,0.33185291,0.04273487201733828,344.36112261476217,0.9296295116434646,43
ranked_carry_lb3_k2_th0.5_reb3_keep0.25,ranked_carry,3,2,0.5,3,0.25,optimistic_limit,train,-0.474863580800718,-0.27503099416887056,0.03970000354767082,-8.081413017299257,-0.4751544576378026,-0.026422945768684647,-0.02901665780850693,0.00873384072816763,-0.04056352577361866,0.041666666666666664,0.0,0.0,0.257922115,0.022171266633368825,329.0680043322123,0.9835261927834464,24
ranked_carry_lb3_k2_th0.5_reb3_keep0.25,ranked_carry,3,2,0.5,3,0.25,optimistic_limit,test,-0.5092120827420146,-0.3625224108446057,0.03925822119424977,-11.448641038239584,-0.5093318504535402,-0.0367323518842983,-0.03953832142988145,-0.01689744185846287,-0.04809513079522021,0.0,0.0,0.0,0.07393079500000001,0.020563605383969452,363.73483535528595,0.8613518197573656,19
ranked_carry_lb3_k2_th0.5_reb3_keep0.25,ranked_carry,3,2,0.5,3,0.25,optimistic_limit,full,-0.7422693905448678,-0.3150175136725635,0.03951098709786784,-9.556146386364507,-0.7423310441988507,-0.030978264750002312,-0.031185891896040374,0.00873384072816763,-0.04809513079522021,0.023255813953488372,0.0,0.0,0.33185291,0.04273487201733828,344.36112261476217,0.9296295116434646,43
ranked_carry_lb3_k2_th0.5_reb6_keep0.25,ranked_carry,3,2,0.5,6,0.25,taker,train,-0.3850582500348879,-0.2155677942490658,0.044213512974361,-5.469221533196673,-0.38696697909541333,-0.019995087463184087,-0.022035798627017267,0.006488736850358112,-0.03901219283881974,0.041666666666666664,0.0,0.0,0.25143273000000005,0.010305377113109915,186.25548651883943,0.9862623268540158,24
ranked_carry_lb3_k2_th0.5_reb6_keep0.25,ranked_carry,3,2,0.5,6,0.25,taker,test,-0.45337822378231574,-0.3175585636179532,0.043873391902102286,-8.686504246891337,-0.45395349875884194,-0.03125652274097174,-0.03308271054320289,-0.015829234905702316,-0.04592095462244905,0.0,0.0,0.0,0.06998365000000001,0.01155499182747538,216.3431542461005,0.878682842287695,19
ranked_carry_lb3_k2_th0.5_reb6_keep0.25,ranked_carry,3,2,0.5,6,0.25,taker,full,-0.6638594483636603,-0.2623157530427134,0.04406928911143257,-6.881480277104525,-0.6649892418588185,-0.024971070492904212,-0.024978390484179158,0.006488736850358112,-0.04592095462244905,0.023255813953488372,0.0,0.0,0.32141638,0.021860368940585295,199.52852728489057,0.9388041158293778,43
ranked_carry_lb3_k2_th0.5_reb6_keep0.25,ranked_carry,3,2,0.5,6,0.25,optimistic_limit,train,-0.23036298352659335,-0.12255982195660609,0.03702173722116201,-3.5130767778233323,-0.2355140478525286,-0.010809577606730356,-0.012067158919549126,0.008906146687763794,-0.026793103837591037,0.16666666666666666,0.0,0.0,0.25143273000000005,0.010305377113109915,186.25548651883943,0.9862623268540158,24
ranked_carry_lb3_k2_th0.5_reb6_keep0.25,ranked_carry,3,2,0.5,6,0.25,optimistic_limit,test,-0.3285175541476393,-0.22270623179328142,0.035562069484303106,-7.066532296338991,-0.32922423482719076,-0.020725925030719045,-0.022318161681281867,-0.008701435135583635,-0.03145736596008675,0.0,0.0,0.0,0.06998365000000001,0.01155499182747538,216.3431542461005,0.878682842287695,19
ranked_carry_lb3_k2_th0.5_reb6_keep0.25,ranked_carry,3,2,0.5,6,0.25,optimistic_limit,full,-0.4832022537599233,-0.16823814754228716,0.03639014087726238,-5.043806455558139,-0.486793522329249,-0.015191219491748615,-0.016140721213466658,0.008906146687763794,-0.03145736596008675,0.09302325581395349,0.0,0.0,0.32141638,0.021860368940585295,199.52852728489057,0.9388041158293778,43
ranked_carry_lb3_k2_th1_reb1_keep0.5,ranked_carry,3,2,1.0,1,0.5,taker,train,-0.6739015492445886,-0.42853007002351273,0.0469051592084077,-11.905398644614959,-0.6739529440337546,-0.045371076580039804,-0.043889909320017795,-0.0020511410328662993,-0.08652527706988078,0.0,0.0,0.0,0.25281254500000006,0.03687203390951416,351.5385053867639,0.8448953998745938,24
ranked_carry_lb3_k2_th1_reb1_keep0.5,ranked_carry,3,2,1.0,1,0.5,taker,test,-0.44567496214981395,-0.31149048036280647,0.03588078084121719,-10.383658163390812,-0.44650053757341024,-0.030465780567015953,-0.02694900004135181,0.0,-0.0652885919761289,0.0,0.0,0.0,0.05429919500000001,0.022728034622033322,210.64991334488732,0.4650491045638359,19
ranked_carry_lb3_k2_th1_reb1_keep0.5,ranked_carry,3,2,1.0,1,0.5,taker,full,-0.81923546394212,-0.37957488988084165,0.042407485006487985,-11.234746424575187,-0.8193414177303986,-0.03878501555102927,-0.03959970992481188,0.0,-0.08652527706988078,0.0,0.0,0.0,0.30711174,0.05960006853154748,289.38612978242173,0.6773278965308528,43
ranked_carry_lb3_k2_th1_reb1_keep0.5,ranked_carry,3,2,1.0,1,0.5,optimistic_limit,train,-0.5020919119557063,-0.2940513387786632,0.03753031166745702,-9.25922275072632,-0.5021703848253255,-0.028540069504626776,-0.02759208311654926,0.0027589623614361347,-0.04840840857967965,0.041666666666666664,0.0,0.0,0.25281254500000006,0.03687203390951416,351.5385053867639,0.8448953998745938,24
ranked_carry_lb3_k2_th1_reb1_keep0.5,ranked_carry,3,2,1.0,1,0.5,optimistic_limit,test,-0.32282621636781883,-0.21854513534514886,0.02864828362455387,-8.59331812370113,-0.32396297773766203,-0.020259124900182352,-0.017618834328944177,0.0,-0.043688563035069516,0.0,0.0,0.0,0.05429919500000001,0.022728034622033322,210.64991334488732,0.4650491045638359,19
ranked_carry_lb3_k2_th1_reb1_keep0.5,ranked_carry,3,2,1.0,1,0.5,optimistic_limit,full,-0.6628296961179793,-0.26168580853072176,0.03390388443153991,-8.931297040427655,-0.6630273259837175,-0.024881047470104826,-0.025379861489411737,0.0027589623614361347,-0.04840840857967965,0.023255813953488372,0.0,0.0,0.30711174,0.05960006853154748,289.38612978242173,0.6773278965308528,43
ranked_carry_lb3_k2_th1_reb3_keep0.5,ranked_carry,3,2,1.0,3,0.5,taker,train,-0.475665137125189,-0.2755837681922687,0.043175128612134815,-7.445265147363015,-0.4759555699744642,-0.02642828731870747,-0.02396239301368014,0.006916708660370086,-0.050761049935703295,0.041666666666666664,0.0,0.0,0.242533235,0.023722213960368332,227.20173288491137,0.8371430200079804,24
ranked_carry_lb3_k2_th1_reb3_keep0.5,ranked_carry,3,2,1.0,3,0.5,taker,test,-0.31859716295005536,-0.2154614727559646,0.031692227017809514,-7.640785332621372,-0.3188705846179586,-0.019938910028650225,-0.01787646383371222,0.0,-0.042076013908675436,0.0,0.0,0.0,0.047517765000000003,0.01768066942112778,141.69844020797228,0.44020797227036396,19
ranked_carry_lb3_k2_th1_reb3_keep0.5,ranked_carry,3,2,1.0,3,0.5,taker,full,-0.6427167368729108,-0.24965097222591826,0.038535363343533115,-7.433921340270399,-0.6428583816695372,-0.02356088805100776,-0.021511135282317073,0.006916708660370086,-0.050761049935703295,0.023255813953488372,0.0,0.0,0.290051,0.041402883381496114,189.48233570131566,0.6620368895543308,43
ranked_carry_lb3_k2_th1_reb3_keep0.5,ranked_carry,3,2,1.0,3,0.5,optimistic_limit,train,-0.31063403704888914,-0.16951686090628848,0.0351106198114595,-5.272742023696011,-0.3110158818106802,-0.015332902449943795,-0.013987940522495024,0.00873384072816763,-0.031143040928663157,0.041666666666666664,0.0,0.0,0.242533235,0.023722213960368332,227.20173288491137,0.8371430200079804,24
ranked_carry_lb3_k2_th1_reb3_keep0.5,ranked_carry,3,2,1.0,3,0.5,optimistic_limit,test,-0.22036877059570936,-0.14569876094662693,0.025898999299923304,-6.067201184544133,-0.220681607671669,-0.012995804234148577,-0.011956807322755503,0.0,-0.027564444584014636,0.0,0.0,0.0,0.047517765000000003,0.01768066942112778,141.69844020797228,0.44020797227036396,19
ranked_carry_lb3_k2_th1_reb3_keep0.5,ranked_carry,3,2,1.0,3,0.5,optimistic_limit,full,-0.4625487667949538,-0.1590925840270847,0.03138193325826449,-5.505698360641096,-0.46276183910614377,-0.014300231145290094,-0.01334995513577475,0.00873384072816763,-0.031143040928663157,0.023255813953488372,0.0,0.0,0.290051,0.041402883381496114,189.48233570131566,0.6620368895543308,43
ranked_carry_lb3_k2_th1_reb6_keep0.5,ranked_carry,3,2,1.0,6,0.5,taker,train,-0.24888363515044698,-0.13316769134173212,0.039147289647814415,-3.6309512088242712,-0.25119160665452644,-0.01182564895120801,-0.01253786603429985,0.006488736850358112,-0.02224009197467769,0.041666666666666664,0.0,0.0,0.23496360500000002,0.01237939404692212,132.82562845579432,0.8275665507609873,24
ranked_carry_lb3_k2_th1_reb6_keep0.5,ranked_carry,3,2,1.0,6,0.5,taker,test,-0.2025344972502442,-0.13338801939948575,0.0280728459980948,-5.085638955393173,-0.20272660115233088,-0.011822561624104123,-0.012093739664834624,0.0,-0.02445786667768135,0.0,0.0,0.0,0.042229970000000006,0.016078678612396535,89.82668977469672,0.4281484690930098,19
ranked_carry_lb3_k2_th1_reb6_keep0.5,ranked_carry,3,2,1.0,6,0.5,taker,full,-0.4010106104816825,-0.1332648949884172,0.034699779337087275,-4.104298691939178,-0.4025201897761642,-0.01182428478341792,-0.012208043837559468,0.006488736850358112,-0.02445786667768135,0.023255813953488372,0.0,0.0,0.277193575,0.028458072659318656,113.85683794718231,0.6513650409352999,43
ranked_carry_lb3_k2_th1_reb6_keep0.5,ranked_carry,3,2,1.0,6,0.5,optimistic_limit,train,-0.1185575793588507,-0.061070680067851435,0.03371812119470094,-1.8520166421746822,-0.1250479604893865,-0.005227514613720753,-0.006362636344798167,0.008906146687763794,-0.013479203986188182,0.16666666666666666,0.0,0.0,0.23496360500000002,0.01237939404692212,132.82562845579432,0.8275665507609873,24
ranked_carry_lb3_k2_th1_reb6_keep0.5,ranked_carry,3,2,1.0,6,0.5,optimistic_limit,test,-0.13145752443724734,-0.08529656923430451,0.02376836370696507,-3.739102381111876,-0.13166675028853292,-0.007382398315027557,-0.00675007801227534,0.0,-0.015027622600256252,0.0,0.0,0.0,0.042229970000000006,0.016078678612396535,89.82668977469672,0.4281484690930098,19
ranked_carry_lb3_k2_th1_reb6_keep0.5,ranked_carry,3,2,1.0,6,0.5,optimistic_limit,full,-0.2344298179103107,-0.07183592449175369,0.029741896203409945,-2.491574702186605,-0.23964582396151435,-0.006179672528251666,-0.00675007801227534,0.008906146687763794,-0.015027622600256252,0.09302325581395349,0.0,0.0,0.277193575,0.028458072659318656,113.85683794718231,0.6513650409352999,43
ranked_carry_lb3_k2_th2_reb1_keep1,ranked_carry,3,2,2.0,1,1.0,taker,train,-0.2824616384849875,-0.1527393034828609,0.027973344737557908,-5.911111711423898,-0.28325759809537143,-0.013519683714179798,-0.002512500817397123,0.0,-0.07746422252793961,0.0,0.0,0.0,0.15979639,0.02506233113843226,128.83087271276293,0.35159322806817533,24
ranked_carry_lb3_k2_th2_reb1_keep1,ranked_carry,3,2,2.0,1,1.0,taker,test,-0.009052651531489042,-0.005736110384235715,0.004492387134730799,-1.2782787431805034,-0.011718388800977753,-0.00047725317161587854,0.0,0.0006919511248641985,-0.006264214484987818,0.05263157894736842,0.0,0.0,0.0023008750000000004,0.002621218808965209,4.428076256499134,0.016175621028307337,19
ranked_carry_lb3_k2_th2_reb1_keep1,ranked_carry,3,2,2.0,1,1.0,taker,full,-0.28895726323225834,-0.09077810515322648,0.021140404964290656,-4.4910144542058115,-0.28974601729765637,-0.007756749288395741,0.0,0.0006919511248641985,-0.07746422252793961,0.023255813953488372,0.0,0.0,0.162097265,0.027683549947397468,73.9511324902042,0.20362524290401707,43
ranked_carry_lb3_k2_th2_reb1_keep1,ranked_carry,3,2,2.0,1,1.0,optimistic_limit,train,-0.1620786173617218,-0.08451342654875893,0.02208825521699661,-3.9865096266391253,-0.1657248908205955,-0.00727138928026289,-0.00046315537473445856,0.0027534657394132633,-0.04185191343338068,0.08333333333333333,0.0,0.0,0.15979639,0.02506233113843226,128.83087271276293,0.35159322806817533,24
ranked_carry_lb3_k2_th2_reb1_keep1,ranked_carry,3,2,2.0,1,1.0,optimistic_limit,test,-0.004875261880128656,-0.003086772760836576,0.003425231855456545,-0.9008666732001951,-0.008148175114367495,-0.0002564591895802943,0.0,0.001895180866444246,-0.0044709081757108304,0.05263157894736842,0.0,0.0,0.0023008750000000004,0.002621218808965209,4.428076256499134,0.016175621028307337,19
ranked_carry_lb3_k2_th2_reb1_keep1,ranked_carry,3,2,2.0,1,1.0,optimistic_limit,full,-0.16616370353704202,-0.049446122753805444,0.016674285901036565,-3.032884590585515,-0.16961057536125068,-0.004171769007635696,0.0,0.0027534657394132633,-0.04185191343338068,0.06976744186046512,0.0,0.0,0.162097265,0.027683549947397468,73.9511324902042,0.20362524290401707,43
ranked_carry_lb3_k2_th2_reb3_keep1,ranked_carry,3,2,2.0,3,1.0,taker,train,-0.1423874563013755,-0.07383302268659497,0.02532949572535249,-3.01542420227152,-0.14393174900566452,-0.00631675475343713,0.0,0.006916708660370086,-0.03955177181746028,0.041666666666666664,0.0,0.0,0.15233356,0.018707552188549914,80.89380379638602,0.33928062475061277,24
ranked_carry_lb3_k2_th2_reb3_keep1,ranked_carry,3,2,2.0,3,1.0,taker,test,-0.004443900240182264,-0.002813432358188317,0.0023032226633268767,-1.2220883283528798,-0.004443900240182264,-0.0002338894863253823,0.0,0.0,-0.004443900240182264,0.0,0.0,0.0,-0.00026112,-0.00018848511062308226,1.2651646447140381,0.0017331022530329288,19
ranked_carry_lb3_k2_th2_reb3_keep1,ranked_carry,3,2,2.0,3,1.0,taker,full,-0.14619860089030123,-0.04314884436101962,0.019000924024349344,-2.31181136645785,-0.14670399377533483,-0.003628977077271474,0.0,0.006916708660370086,-0.03955177181746028,0.023255813953488372,0.0,0.0,0.15207244,0.018519067077926832,45.76598388073015,0.19037303685769807,43
ranked_carry_lb3_k2_th2_reb3_keep1,ranked_carry,3,2,2.0,3,1.0,optimistic_limit,train,-0.05462419445277211,-0.02765981707002707,0.020321378556052927,-1.3701281183719691,-0.06041214073187273,-0.002321847546844826,0.0,0.00873384072816763,-0.019518514164046263,0.16666666666666666,0.0,0.0,0.15233356,0.018707552188549914,80.89380379638602,0.33928062475061277,24
ranked_carry_lb3_k2_th2_reb3_keep1,ranked_carry,3,2,2.0,3,1.0,optimistic_limit,test,-0.0032465031733650562,-0.0020549071712472333,0.0016597493246525053,-1.2385260334728971,-0.0032465031733650562,-0.00017086858807184506,0.0,0.0,-0.0032465031733650562,0.0,0.0,0.0,-0.00026112,-0.00018848511062308226,1.2651646447140381,0.0017331022530329288,19
ranked_carry_lb3_k2_th2_reb3_keep1,ranked_carry,3,2,2.0,3,1.0,optimistic_limit,full,-0.057693360005503735,-0.016446321402418418,0.015231932580265886,-1.081081584196935,-0.06164104670681625,-0.0013714149836660668,0.0,0.00873384072816763,-0.019518514164046263,0.09302325581395349,0.0,0.0,0.15207244,0.018519067077926832,45.76598388073015,0.19037303685769807,43
ranked_carry_lb3_k2_th2_reb6_keep1,ranked_carry,3,2,2.0,6,1.0,taker,train,-0.04713719223659729,-0.023822183420201037,0.02253809668730364,-1.0584829030025154,-0.05602752031652891,-0.002000872571464085,0.0,0.006444613296900492,-0.014319194894914178,0.125,0.0,0.0,0.14551908,0.014705903865220582,51.931824659408306,0.3255999543977655,24
ranked_carry_lb3_k2_th2_reb6_keep1,ranked_carry,3,2,2.0,6,1.0,taker,test,-0.004643564823253121,-0.0029399481597480737,0.0023910214256087216,-1.2301923353542699,-0.004643564823253121,-0.00024439814859226957,0.0,0.0,-0.004643564823253121,0.0,0.0,0.0,-0.00036307000000000006,-0.00028678524807568273,1.2651646447140381,0.0034662045060658577,19
ranked_carry_lb3_k2_th2_reb6_keep1,ranked_carry,3,2,2.0,6,1.0,taker,full,-0.05156187245211352,-0.014664539406719301,0.01692353511365052,-0.8644606758175089,-0.05718516524068962,-0.0012247559660090968,0.0,0.006444613296900492,-0.014319194894914178,0.06976744186046512,0.0,0.0,0.14515601,0.0144191186171449,29.58045299608168,0.1834920837182632,43
ranked_carry_lb3_k2_th2_reb6_keep1,ranked_carry,3,2,2.0,6,1.0,optimistic_limit,train,0.014374968068855853,0.007152414942898311,0.0187535561186732,0.38941439904535424,-0.01593987262365426,0.0005996847945436701,0.0,0.010376055812163054,-0.006578041073472041,0.2916666666666667,0.0,0.0,0.14551908,0.014705903865220582,51.931824659408306,0.3255999543977655,24
ranked_carry_lb3_k2_th2_reb6_keep1,ranked_carry,3,2,2.0,6,1.0,optimistic_limit,test,-0.003446407901402493,-0.0021815192089831292,0.001779589446234047,-1.2263038810673264,-0.003446407901402493,-0.00018138988954749963,0.0,0.0,-0.003446407901402493,0.0,0.0,0.0,-0.00036307000000000006,-0.00028678524807568273,1.2651646447140381,0.0034662045060658577,19
ranked_carry_lb3_k2_th2_reb6_keep1,ranked_carry,3,2,2.0,6,1.0,optimistic_limit,full,0.01087901816391934,0.0030240766251559137,0.014069165359583805,0.22165786785333444,-0.01593987262365426,0.00025455877134059507,0.0,0.010376055812163054,-0.006578041073472041,0.16279069767441862,0.0,0.0,0.14515601,0.0144191186171449,29.58045299608168,0.1834920837182632,43
ranked_carry_lb3_k2_th5_reb1_keep2.5,ranked_carry,3,2,5.0,1,2.5,taker,train,-0.07514033237737117,-0.038254509371128176,0.014085505989415268,-2.7621311540656768,-0.07514033237737117,-0.003214331531597711,0.0,0.0,-0.04045971767058776,0.0,0.0,0.0,0.055935109999999996,0.004150709675935671,34.4547682836459,0.05381063672119934,24
ranked_carry_lb3_k2_th5_reb1_keep2.5,ranked_carry,3,2,5.0,1,2.5,taker,test,0.0,0.0,0.0,,0.0,0.0,0.0,0.0,0.0,0.0,0.0,0.0,0.0,0.0,0.0,0.0,19
ranked_carry_lb3_k2_th5_reb1_keep2.5,ranked_carry,3,2,5.0,1,2.5,taker,full,-0.07514033237737117,-0.021562488674789382,0.010531731210195844,-2.06450383921416,-0.07514033237737117,-0.0017940455060080247,0.0,0.0,-0.04045971767058776,0.0,0.0,0.0,0.05593511000000001,0.004150709675935671,19.255200535185242,0.030072313720493134,43
ranked_carry_lb3_k2_th5_reb1_keep2.5,ranked_carry,3,2,5.0,1,2.5,optimistic_limit,train,-0.03597078186186331,-0.01812652510224466,0.010918696366104453,-1.669902095689491,-0.03631339269788436,-0.0015182760909834558,0.0,0.0,-0.017695986177487133,0.0,0.0,0.0,0.055935109999999996,0.004150709675935671,34.4547682836459,0.05381063672119934,24
ranked_carry_lb3_k2_th5_reb1_keep2.5,ranked_carry,3,2,5.0,1,2.5,optimistic_limit,test,0.0,0.0,0.0,,0.0,0.0,0.0,0.0,0.0,0.0,0.0,0.0,0.0,0.0,0.0,0.0,19
ranked_carry_lb3_k2_th5_reb1_keep2.5,ranked_carry,3,2,5.0,1,2.5,optimistic_limit,full,-0.03597078186186331,-0.01017094812870234,0.008162913192876053,-1.2482895450612557,-0.03631339269788436,-0.00084740991124658,0.0,0.0,-0.017695986177487133,0.0,0.0,0.0,0.05593511000000001,0.004150709675935671,19.255200535185242,0.030072313720493134,43
ranked_carry_lb3_k2_th5_reb3_keep2.5,ranked_carry,3,2,5.0,3,2.5,taker,train,-0.020231677465655684,-0.010154265673674834,0.012080764214504472,-0.8387774098035449,-0.026773529427630005,-0.000844059804730383,0.0,0.002355773165163333,-0.018608671552223566,0.08333333333333333,0.0,0.0,0.050371114999999994,0.005336135669398945,18.975089779399188,0.046514279199680784,24
ranked_carry_lb3_k2_th5_reb3_keep2.5,ranked_carry,3,2,5.0,3,2.5,taker,test,0.0,0.0,0.0,,0.0,0.0,0.0,0.0,0.0,0.0,0.0,0.0,0.0,0.0,0.0,0.0,19
ranked_carry_lb3_k2_th5_reb3_keep2.5,ranked_carry,3,2,5.0,3,2.5,taker,full,-0.020231677465655684,-0.005687528992805335,0.00903121117492634,-0.6270379821463442,-0.026773529427630005,-0.0004711031468262603,0.0,0.002355773165163333,-0.018608671552223566,0.046511627906976744,0.0,0.0,0.050371115,0.005336135669398945,10.604313338217962,0.025994711860087286,43
ranked_carry_lb3_k2_th5_reb3_keep2.5,ranked_carry,3,2,5.0,3,2.5,optimistic_limit,train,0.002421534352105681,0.0012084476916962572,0.009404613120144496,0.13312421631341514,-0.007828559199103191,0.00010131148259250045,0.0,0.0035613458586467583,-0.0031352536172143397,0.125,0.0,0.0,0.050371114999999994,0.005336135669398945,18.975089779399188,0.046514279199680784,24
ranked_carry_lb3_k2_th5_reb3_keep2.5,ranked_carry,3,2,5.0,3,2.5,optimistic_limit,test,0.0,0.0,0.0,,0.0,0.0,0.0,0.0,0.0,0.0,0.0,0.0,0.0,0.0,0.0,0.0,19
ranked_carry_lb3_k2_th5_reb3_keep2.5,ranked_carry,3,2,5.0,3,2.5,optimistic_limit,full,0.002421534352105681,0.0006751664589614848,0.007030480756869402,0.09952030247487782,-0.007828559199103191,5.654594377255839e-05,0.0,0.0035613458586467583,-0.0031352536172143397,0.06976744186046512,0.0,0.0,0.050371115,0.005336135669398945,10.604313338217962,0.025994711860087286,43
ranked_carry_lb3_k2_th5_reb6_keep2.5,ranked_carry,3,2,5.0,6,2.5,taker,train,0.004850704045810783,0.0024192381843322064,0.010103882673199368,0.2442055088997118,-0.008621666183167842,0.00020195437281737838,0.0,0.0027434773111485455,-0.0015175041367004871,0.16666666666666666,0.0,0.0,0.04698045499999999,0.0019608710159916276,10.985578293336372,0.04377814512911132,24
ranked_carry_lb3_k2_th5_reb6_keep2.5,ranked_carry,3,2,5.0,6,2.5,taker,test,0.0,0.0,0.0,,0.0,0.0,0.0,0.0,0.0,0.0,0.0,0.0,0.0,0.0,0.0,0.0,19
ranked_carry_lb3_k2_th5_reb6_keep2.5,ranked_carry,3,2,5.0,6,2.5,taker,full,0.004850704045810783,0.0013512814063265655,0.007553232309454383,0.18256167911429022,-0.008621666183167842,0.00011271871971202514,0.0,0.0027434773111485455,-0.0015175041367004871,0.09302325581395349,0.0,0.0,0.046980455,0.0019608710159916276,6.139339301073556,0.02446561116243509,43
ranked_carry_lb3_k2_th5_reb6_keep2.5,ranked_carry,3,2,5.0,6,2.5,optimistic_limit,train,0.0182356337253482,0.009064670498067251,0.008356438786401837,1.0840468072134388,-0.00436037315109572,0.0007554987943812161,0.0,0.009827288105036747,-0.00031668149343977436,0.16666666666666666,0.0,0.0,0.04698045499999999,0.0019608710159916276,10.985578293336372,0.04377814512911132,24
ranked_carry_lb3_k2_th5_reb6_keep2.5,ranked_carry,3,2,5.0,6,2.5,optimistic_limit,test,0.0,0.0,0.0,,0.0,0.0,0.0,0.0,0.0,0.0,0.0,0.0,0.0,0.0,0.0,0.0,19
ranked_carry_lb3_k2_th5_reb6_keep2.5,ranked_carry,3,2,5.0,6,2.5,optimistic_limit,full,0.0182356337253482,0.005055746574849085,0.006247093164800492,0.8103824003015507,-0.00436037315109572,0.0004216737457011439,0.0,0.009827288105036747,-0.00031668149343977436,0.09302325581395349,0.0,0.0,0.046980455,0.0019608710159916276,6.139339301073556,0.02446561116243509,43
ranked_carry_lb3_k3_th0_reb1_keep0,ranked_carry,3,3,0.0,1,0.0,taker,train,-0.776417659217897,-0.526690508196964,0.045597073762235756,-16.381176206187764,-0.7764833465603869,-0.060250364409534,-0.06206720273060684,0.0017034329971596929,-0.09740279209804059,0.041666666666666664,0.0,0.0,0.26158676166666667,0.03058471146792568,446.41395428375984,0.9990309525166733,24
ranked_carry_lb3_k3_th0_reb1_keep0,ranked_carry,3,3,0.0,1,0.0,taker,test,-0.8372968710754952,-0.6829388795036506,0.04917302187038165,-23.333425716383474,-0.8373730208215819,-0.09096392443663545,-0.09551406388622863,-0.04436271574955564,-0.1188262073406956,0.0,0.0,0.3684210526315789,0.07957215166666667,0.02663221650552744,607.2790294627383,0.9953783939919122,19
ranked_carry_lb3_k3_th0_reb1_keep0,ranked_carry,3,3,0.0,1,0.0,taker,full,-0.9636224535824868,-0.6033705963386478,0.04725499986508441,-19.544738630120264,-0.9636318601574215,-0.07382147232848581,-0.08068207239442682,0.0017034329971596929,-0.1188262073406956,0.023255813953488372,0.0,0.16279069767441862,0.34115891333333337,0.057216927973453124,517.3788665541078,0.9974196425727119,43
ranked_carry_lb3_k3_th0_reb1_keep0,ranked_carry,3,3,0.0,1,0.0,optimistic_limit,train,-0.6174043373119407,-0.3810671287879843,0.03633221305179077,-13.18624127114259,-0.6175167419510649,-0.03909840069880371,-0.038862794353288266,0.005320247890246099,-0.06576420213503453,0.041666666666666664,0.0,0.0,0.26158676166666667,0.03058471146792568,446.41395428375984,0.9990309525166733,24
ranked_carry_lb3_k3_th0_reb1_keep0,ranked_carry,3,3,0.0,1,0.0,optimistic_limit,test,-0.710306595046492,-0.5432990917560161,0.03697074728839142,-21.17911302352459,-0.7106442809338122,-0.06302719165779938,-0.06643465002510784,-0.028540041479712452,-0.0844531601247206,0.0,0.0,0.0,0.07957215166666667,0.02663221650552744,607.2790294627383,0.9953783939919122,19
ranked_carry_lb3_k3_th0_reb1_keep0,ranked_carry,3,3,0.0,1,0.0,optimistic_limit,full,-0.8891645597554511,-0.45873843848043383,0.036650169579348545,-16.730053596872803,-0.8891932197937646,-0.04967158740161575,-0.05453927290716942,0.005320247890246099,-0.0844531601247206,0.023255813953488372,0.0,0.0,0.34115891333333337,0.057216927973453124,517.3788665541078,0.9974196425727119,43
ranked_carry_lb3_k3_th0_reb3_keep0,ranked_carry,3,3,0.0,3,0.0,taker,train,-0.5849035588570645,-0.3553487626940238,0.04304039376669736,-10.178992943753375,-0.5850915514037898,-0.03587845331748518,-0.03551401223159295,0.005082386389762439,-0.054797671221390676,0.041666666666666664,0.0,0.0,0.25205384999999997,0.016580137899100258,286.12438009462466,0.9985749301715784,24
ranked_carry_lb3_k3_th0_reb3_keep0,ranked_carry,3,3,0.0,3,0.0,taker,test,-0.6607131522274139,-0.49528641045854405,0.047322686664027495,-14.424709158142106,-0.6608017665818445,-0.05523615237187435,-0.055727366809253165,-0.02888897970161719,-0.07272094470430779,0.0,0.0,0.0,0.07331182666666666,0.01759385219100238,370.06065857885613,0.9982668977469671,19
ranked_carry_lb3_k3_th0_reb3_keep0,ranked_carry,3,3,0.0,3,0.0,taker,full,-0.8591632369629961,-0.42131803192041506,0.04499775970172903,-12.133304872478814,-0.8591897572998797,-0.044431855225238535,-0.04589719262207059,0.005082386389762439,-0.07272094470430779,0.023255813953488372,0.0,0.0,0.3253656766666667,0.03417399009010265,323.1524959383263,0.9984390430378134,43
ranked_carry_lb3_k3_th0_reb3_keep0,ranked_carry,3,3,0.0,3,0.0,optimistic_limit,train,-0.41420085976031773,-0.234356476641847,0.03467757834067369,-7.683155777873396,-0.41446616165483663,-0.021976922036048358,-0.02208532830121268,0.00750029088755233,-0.037205279463922825,0.041666666666666664,0.0,0.0,0.25205384999999997,0.016580137899100258,286.12438009462466,0.9985749301715784,24
ranked_carry_lb3_k3_th0_reb3_keep0,ranked_carry,3,3,0.0,3,0.0,optimistic_limit,test,-0.5176691058639862,-0.3694933152505673,0.03575444761837417,-12.881742754892443,-0.5177950802160318,-0.037611652743403445,-0.03777014660901379,-0.017875539101669835,-0.050517581897385866,0.0,0.0,0.0,0.07331182666666666,0.01759385219100238,370.06065857885613,0.9982668977469671,19
ranked_carry_lb3_k3_th0_reb3_keep0,ranked_carry,3,3,0.0,3,0.0,optimistic_limit,full,-0.7174509769040882,-0.29721617550472745,0.035171220908303644,-10.010458277651107,-0.7175041824387587,-0.02888529141836805,-0.030219265561748143,0.00750029088755233,-0.050517581897385866,0.023255813953488372,0.0,0.0,0.3253656766666667,0.03417399009010265,323.1524959383263,0.9984390430378134,43
ranked_carry_lb3_k3_th0_reb6_keep0,ranked_carry,3,3,0.0,6,0.0,taker,train,-0.3138904374379119,-0.17147811328946394,0.03584501882879522,-5.229934769523696,-0.3142011688034796,-0.0155306643322001,-0.016278572508051925,0.005548072805190429,-0.031279540098413494,0.08333333333333333,0.0,0.0,0.24558964999999996,0.011650587926492838,157.95930000570024,0.9972068631362937,24
ranked_carry_lb3_k3_th0_reb6_keep0,ranked_carry,3,3,0.0,6,0.0,taker,test,-0.4452443435289142,-0.3111521870991455,0.03927492920048058,-9.470533923014187,-0.44588814750520744,-0.030509053183664713,-0.03218213366742617,-0.009643137028169546,-0.04130182259145465,0.0,0.0,0.0,0.06996033,0.011379099344333152,211.70421721548234,0.9965337954939342,19
ranked_carry_lb3_k3_th0_reb6_keep0,ranked_carry,3,3,0.0,6,0.0,taker,full,-0.6193768392097814,-0.23628270501037363,0.037409102948785064,-7.186831602160367,-0.6196368160490764,-0.022149022196800743,-0.023482225076862373,0.005548072805190429,-0.04130182259145465,0.046511627906976744,0.0,0.0,0.31554998,0.023029687270825997,181.66863113631297,0.9969099423401612,43
ranked_carry_lb3_k3_th0_reb6_keep0,ranked_carry,3,3,0.0,6,0.0,optimistic_limit,train,-0.17016323852523507,-0.08893484253472317,0.029960224907497907,-3.0938195747766337,-0.17053906233554383,-0.007707158278258704,-0.009356826119207406,0.013692454677435073,-0.021126857597868254,0.16666666666666666,0.0,0.0,0.24558964999999996,0.011650587926492838,157.95930000570024,0.9972068631362937,24
ranked_carry_lb3_k3_th0_reb6_keep0,ranked_carry,3,3,0.0,6,0.0,optimistic_limit,test,-0.3215472753880042,-0.21761183648032179,0.03060868557045208,-8.002043028737114,-0.3228771742762677,-0.020195262550686717,-0.021095449409724853,-0.004071776461350263,-0.028525697282625107,0.0,0.0,0.0,0.06996033,0.011379099344333152,211.70421721548234,0.9965337954939342,19
ranked_carry_lb3_k3_th0_reb6_keep0,ranked_carry,3,3,0.0,6,0.0,optimistic_limit,full,-0.43699498819424865,-0.14812135261592296,0.03025830075392157,-5.282905537195244,-0.43737953721426237,-0.013225157840494337,-0.014437845410251504,0.013692454677435073,-0.028525697282625107,0.09302325581395349,0.0,0.0,0.31554998,0.023029687270825997,181.66863113631297,0.9969099423401612,43
ranked_carry_lb3_k3_th0.5_reb1_keep0.25,ranked_carry,3,3,0.5,1,0.25,taker,train,-0.7687748221795434,-0.5186793921863072,0.04612435225689918,-15.829529090607265,-0.7688427549482704,-0.05896660927950589,-0.06196773745240575,0.0017034329971596929,-0.09495838557837077,0.041666666666666664,0.0,0.0,0.2623779,0.030118215469064583,438.09154648577777,0.9858063045089209,24
ranked_carry_lb3_k3_th0.5_reb1_keep0.25,ranked_carry,3,3,0.5,1,0.25,taker,test,-0.8019274798401824,-0.6409264323882049,0.05036448235765472,-20.3099148032466,-0.8020201834791144,-0.08152729555853273,-0.08269509483796889,-0.044331860819127655,-0.10547628797524322,0.0,0.0,0.21052631578947367,0.07952727500000001,0.03478593361306533,547.6054303870595,0.876372039283651,19
ranked_carry_lb3_k3_th0.5_reb1_keep0.25,ranked_carry,3,3,0.5,1,0.25,taker,full,-0.9542006463046999,-0.577041034477958,0.04806534066212024,-17.877365262056525,-0.9542124891884268,-0.06893528461209915,-0.07316927521290428,0.0017034329971596929,-0.10547628797524322,0.023255813953488372,0.0,0.09302325581395349,0.341905175,0.06490414908212991,486.4031091714185,0.937529865248001,43
ranked_carry_lb3_k3_th0.5_reb1_keep0.25,ranked_carry,3,3,0.5,1,0.25,optimistic_limit,train,-0.6082573813600272,-0.3737219191361252,0.03678150149987294,-12.703990562923325,-0.6083724733277939,-0.038170885215046337,-0.038862794353288266,0.005320247890246099,-0.06398329054306084,0.041666666666666664,0.0,0.0,0.2623779,0.030118215469064583,438.09154648577777,0.9858063045089209,24
ranked_carry_lb3_k3_th0.5_reb1_keep0.25,ranked_carry,3,3,0.5,1,0.25,optimistic_limit,test,-0.6667414957621198,-0.5009778201225926,0.038511673109240564,-18.029211184666707,-0.6671299640247252,-0.05610985388984994,-0.05660586025872849,-0.028508674011803903,-0.07355671687659504,0.0,0.0,0.0,0.07952727500000001,0.03478593361306533,547.6054303870595,0.876372039283651,19
ranked_carry_lb3_k3_th0.5_reb1_keep0.25,ranked_carry,3,3,0.5,1,0.25,optimistic_limit,full,-0.8694484408658113,-0.43343548975928625,0.037573295976817245,-15.102209460388059,-0.8694821991355347,-0.04609740625740141,-0.050427969981021725,0.005320247890246099,-0.07355671687659504,0.023255813953488372,0.0,0.0,0.341905175,0.06490414908212991,486.4031091714185,0.937529865248001,43
ranked_carry_lb3_k3_th0.5_reb3_keep0.25,ranked_carry,3,3,0.5,3,0.25,taker,train,-0.577877619598597,-0.3499231113006065,0.04296973536357765,-10.00076328575713,-0.5780687941148202,-0.03520897769919138,-0.03542540259057009,0.005082386389762439,-0.055194842273930345,0.041666666666666664,0.0,0.0,0.253542185,0.016535891092830608,282.2960725075528,0.9848942598187311,24
ranked_carry_lb3_k3_th0.5_reb3_keep0.25,ranked_carry,3,3,0.5,3,0.25,taker,test,-0.6187097392014302,-0.4566123469996579,0.04603251235621825,-13.226522845951743,-0.6188093239349182,-0.049426608389759964,-0.05149834031984879,-0.02691924895782072,-0.06537208474714151,0.0,0.0,0.0,0.07173153666666668,0.015118251335389183,331.8948584633161,0.8734835355285961,19
ranked_carry_lb3_k3_th0.5_reb3_keep0.25,ranked_carry,3,3,0.5,3,0.25,taker,full,-0.8390488474878364,-0.399352938139245,0.04435641001497493,-11.469551063630986,-0.839079155474859,-0.04149118660897751,-0.044147770049716484,0.005082386389762439,-0.06537208474714151,0.023255813953488372,0.0,0.0,0.3252737216666667,0.0316541424282198,304.1763562804625,0.9357459144340735,43
ranked_carry_lb3_k3_th0.5_reb3_keep0.25,ranked_carry,3,3,0.5,3,0.25,optimistic_limit,train,-0.40702693789074507,-0.2296887064669828,0.034760999030363435,-7.489787853646544,-0.4072954887744349,-0.02148429297076915,-0.022191451202814794,0.00750029088755233,-0.03741624021056833,0.041666666666666664,0.0,0.0,0.253542185,0.016535891092830608,282.2960725075528,0.9848942598187311,24
ranked_carry_lb3_k3_th0.5_reb3_keep0.25,ranked_carry,3,3,0.5,3,0.25,optimistic_limit,test,-0.477278913029097,-0.33658911174430495,0.035706217806269154,-11.474560634818939,-0.47741543642212936,-0.03353790538281718,-0.035191831953405917,-0.016334873149827622,-0.04491616760045458,0.0,0.0,0.0,0.07173153666666668,0.015118251335389183,331.8948584633161,0.8734835355285961,19
ranked_carry_lb3_k3_th0.5_reb3_keep0.25,ranked_carry,3,3,0.5,3,0.25,optimistic_limit,full,-0.6900404764297902,-0.2788209157831416,0.035189466994218224,-9.271021239151858,-0.6900988435124191,-0.026810307757488046,-0.029284998408344753,0.00750029088755233,-0.04491616760045458,0.023255813953488372,0.0,0.0,0.3252737216666667,0.0316541424282198,304.1763562804625,0.9357459144340735,43
ranked_carry_lb3_k3_th0.5_reb6_keep0.25,ranked_carry,3,3,0.5,6,0.25,taker,train,-0.3122823639949681,-0.17050902787827715,0.0362018913136572,-5.145734023121147,-0.31259382363905597,-0.015435651847664262,-0.016800330284129028,0.005548072805190429,-0.029719390512961907,0.08333333333333333,0.0,0.0,0.24721084666666668,0.012396107082167915,157.95930000570024,0.9862623268540158,24
ranked_carry_lb3_k3_th0.5_reb6_keep0.25,ranked_carry,3,3,0.5,6,0.25,taker,test,-0.41964212952690205,-0.2912090071259662,0.03993821767622948,-8.598011814101623,-0.4203156453357544,-0.02820491781022545,-0.02934616641252008,-0.010921675232304806,-0.04182017002635785,0.0,0.0,0.0,0.06789581833333334,0.012600234731235045,197.15482380127094,0.8890814558058926,19
ranked_carry_lb3_k3_th0.5_reb6_keep0.25,ranked_carry,3,3,0.5,6,0.25,taker,full,-0.6008776572813277,-0.22610097129077444,0.03790413892925534,-6.743089954683746,-0.6011502696072213,-0.02107788564507502,-0.021906480001854134,0.005548072805190429,-0.04182017002635785,0.046511627906976744,0.0,0.0,0.31510666500000006,0.024996341813402958,175.25023095791786,0.9433914179223344,43
ranked_carry_lb3_k3_th0.5_reb6_keep0.25,ranked_carry,3,3,0.5,6,0.25,optimistic_limit,train,-0.1682176815787273,-0.08786886930922644,0.030373677592950447,-3.012796970355624,-0.16859438651006953,-0.007611176287000966,-0.00968257669228656,0.013692454677435073,-0.01994467705300451,0.16666666666666666,0.0,0.0,0.24721084666666668,0.012396107082167915,157.95930000570024,0.9862623268540158,24
ranked_carry_lb3_k3_th0.5_reb6_keep0.25,ranked_carry,3,3,0.5,6,0.25,optimistic_limit,test,-0.29999845192686403,-0.2019825905270476,0.03241155430204987,-6.944942258427408,-0.30137059068730243,-0.018582430705256937,-0.01912317712555356,-0.004958197391117802,-0.02846851887305002,0.0,0.0,0.0,0.06789581833333334,0.012600234731235045,197.15482380127094,0.8890814558058926,19
ranked_carry_lb3_k3_th0.5_reb6_keep0.25,ranked_carry,3,3,0.5,6,0.25,optimistic_limit,full,-0.4177510894452454,-0.1400939124898507,0.03129656222485913,-4.806945849169071,-0.4181487826154002,-0.012458939867160582,-0.013640556826414296,0.013692454677435073,-0.02846851887305002,0.09302325581395349,0.0,0.0,0.31510666500000006,0.024996341813402958,175.25023095791786,0.9433914179223344,43
ranked_carry_lb3_k3_th1_reb1_keep0.5,ranked_carry,3,3,1.0,1,0.5,taker,train,-0.593493659731423,-0.36204516867486636,0.04066858927109229,-11.031830052967033,-0.5935542487895372,-0.036683693351581885,-0.038045094340239116,0.0017034329971596929,-0.060930248449742486,0.041666666666666664,0.0,0.0,0.24967320833333334,0.02718423472260831,293.44809895684887,0.8521917573961124,24
ranked_carry_lb3_k3_th1_reb1_keep0.5,ranked_carry,3,3,1.0,1,0.5,taker,test,-0.4328944345521646,-0.30149077881342146,0.03406796798031023,-10.51482354306872,-0.43409241591083925,-0.029314332044350896,-0.027540620880086908,0.0,-0.05954617835381537,0.0,0.0,0.0,0.05436334833333334,0.021356723942564697,203.05892547660312,0.4679376083188908,19
ranked_carry_lb3_k3_th1_reb1_keep0.5,ranked_carry,3,3,1.0,1,0.5,taker,full,-0.7694679920438574,-0.3360074313577328,0.03790118596865228,-10.784782406845622,-0.7696031166656173,-0.03342746393675889,-0.03134353302761961,0.0017034329971596929,-0.060930248449742486,0.023255813953488372,0.0,0.0,0.30403655666666674,0.04854095866517301,253.57331719282598,0.6826797489726355,43
ranked_carry_lb3_k3_th1_reb1_keep0.5,ranked_carry,3,3,1.0,1,0.5,optimistic_limit,train,-0.4213246294432872,-0.23902002126826072,0.03358512237903177,-8.116096850332735,-0.4214108799938511,-0.022481411983069965,-0.02495041302605855,0.005320247890246099,-0.03808332652289359,0.041666666666666664,0.0,0.0,0.24967320833333334,0.02718423472260831,293.44809895684887,0.8521917573961124,24
ranked_carry_lb3_k3_th1_reb1_keep0.5,ranked_carry,3,3,1.0,1,0.5,optimistic_limit,test,-0.3122137035340746,-0.21082018383974488,0.027363289841842327,-8.638702358678087,-0.31394138920610737,-0.01946190742705305,-0.01756874287231469,0.0,-0.03955382664964602,0.0,0.0,0.0,0.05436334833333334,0.021356723942564697,203.05892547660312,0.4679376083188908,19
ranked_carry_lb3_k3_th1_reb1_keep0.5,ranked_carry,3,3,1.0,1,0.5,optimistic_limit,full,-0.6019950100287528,-0.2267061815297048,0.030994853991287524,-8.279182518160654,-0.602228297693252,-0.021147212295527608,-0.019743267883183035,0.005320247890246099,-0.03955382664964602,0.023255813953488372,0.0,0.0,0.30403655666666674,0.04854095866517301,253.57331719282598,0.6826797489726355,43
ranked_carry_lb3_k3_th1_reb3_keep0.5,ranked_carry,3,3,1.0,3,0.5,taker,train,-0.42110202086510384,-0.23887385789570137,0.038568135345006596,-7.05784144092959,-0.42136419730075836,-0.022455830898386184,-0.02274496825932326,0.005082386389762439,-0.04183167066606186,0.041666666666666664,0.0,0.0,0.240247575,0.016622156322687008,200.23713161944934,0.843983355184404,24
ranked_carry_lb3_k3_th1_reb3_keep0.5,ranked_carry,3,3,1.0,3,0.5,taker,test,-0.30858632413877474,-0.2081898400790233,0.03028747486146628,-7.692004907986145,-0.3089748230118131,-0.01919146767996188,-0.018152566664033976,0.0,-0.04041691796446789,0.0,0.0,0.0,0.04801187833333334,0.016368484636372915,136.84864240323512,0.45233968804159447,19
ranked_carry_lb3_k3_th1_reb3_keep0.5,ranked_carry,3,3,1.0,3,0.5,taker,full,-0.599742020297706,-0.22548710779968606,0.03515649622704651,-7.250404829895622,-0.5999007024023107,-0.021013437848384747,-0.020836948816520207,0.005082386389762439,-0.04183167066606186,0.023255813953488372,0.0,0.0,0.28825945333333336,0.03299064095905993,172.27358159982157,0.671211493740244,43
ranked_carry_lb3_k3_th1_reb3_keep0.5,ranked_carry,3,3,1.0,3,0.5,optimistic_limit,train,-0.26329960590040224,-0.14151552408063095,0.03224721977659716,-4.7156159823755734,-0.2636332492891027,-0.012621712687060008,-0.013280792468958635,0.00750029088755233,-0.027904460370462347,0.041666666666666664,0.0,0.0,0.240247575,0.016622156322687008,200.23713161944934,0.843983355184404,24
ranked_carry_lb3_k3_th1_reb3_keep0.5,ranked_carry,3,3,1.0,3,0.5,optimistic_limit,test,-0.21256762195951562,-0.14030114509691616,0.024877982038116885,-6.064085889756674,-0.21364018995634115,-0.012480136882210181,-0.01124202761349924,0.0,-0.02627307812256341,0.0,0.0,0.0,0.04801187833333334,0.016368484636372915,136.84864240323512,0.45233968804159447,19
ranked_carry_lb3_k3_th1_reb3_keep0.5,ranked_carry,3,3,1.0,3,0.5,optimistic_limit,full,-0.4198982567707923,-0.14098001779048308,0.029225825980665178,-5.184958029488799,-0.42012823785841213,-0.012559155936079851,-0.012950384031468531,0.00750029088755233,-0.027904460370462347,0.023255813953488372,0.0,0.0,0.28825945333333336,0.03299064095905993,172.27358159982157,0.671211493740244,43
ranked_carry_lb3_k3_th1_reb6_keep0.5,ranked_carry,3,3,1.0,6,0.5,taker,train,-0.1975880509586937,-0.10409622975763211,0.032703745430836414,-3.3447722075984245,-0.19795145437744577,-0.009112231455232387,-0.009510589899902222,0.005548072805190429,-0.020284576115358388,0.08333333333333333,0.0,0.0,0.23406033499999998,0.014212638525846536,116.68015732770905,0.8385110870432652,24
ranked_carry_lb3_k3_th1_reb6_keep0.5,ranked_carry,3,3,1.0,6,0.5,taker,test,-0.19034579940945817,-0.12503248107656473,0.026964014054906497,-4.9400528908791586,-0.19102265454981482,-0.011034594820554893,-0.011375177822578797,0.0,-0.02358795756355181,0.0,0.0,0.0,0.04300421333333334,0.0164245283910218,85.39861351819756,0.4420132871172733,19
ranked_carry_lb3_k3_th1_reb6_keep0.5,ranked_carry,3,3,1.0,6,0.5,taker,full,-0.35032379485466203,-0.11339321704511918,0.030305788047387046,-3.9561213877651453,-0.35032379485466203,-0.009961647825956285,-0.009989301357732794,0.005548072805190429,-0.02358795756355181,0.046511627906976744,0.0,0.0,0.2770645483333333,0.03063716691686834,102.88044343920232,0.6635978465165174,43
ranked_carry_lb3_k3_th1_reb6_keep0.5,ranked_carry,3,3,1.0,6,0.5,optimistic_limit,train,-0.0765742517338397,-0.03899937501179629,0.02834405245249469,-1.389303257563802,-0.07778549473064,-0.003297771656041328,-0.0032848185270248353,0.013692454677435073,-0.012792751843037076,0.16666666666666666,0.0,0.0,0.23406033499999998,0.014212638525846536,116.68015732770905,0.8385110870432652,24
ranked_carry_lb3_k3_th1_reb6_keep0.5,ranked_carry,3,3,1.0,6,0.5,optimistic_limit,test,-0.12189445300157198,-0.0789384489608943,0.022953965837252933,-3.5708203127890443,-0.1233309600463125,-0.006810171875605263,-0.007362923773095553,0.0,-0.014543868500941137,0.0,0.0,0.0,0.04300421333333334,0.0164245283910218,85.39861351819756,0.4420132871172733,19
ranked_carry_lb3_k3_th1_reb6_keep0.5,ranked_carry,3,3,1.0,6,0.5,optimistic_limit,full,-0.18913472820631416,-0.05682746758876256,0.026104378925079268,-2.228174451909401,-0.18983141108616253,-0.0048497624507323695,-0.004771844010941884,0.013692454677435073,-0.014543868500941137,0.09302325581395349,0.0,0.0,0.2770645483333333,0.03063716691686834,102.88044343920232,0.6635978465165174,43
ranked_carry_lb3_k3_th2_reb1_keep1,ranked_carry,3,3,2.0,1,1.0,taker,train,-0.19076477958479632,-0.10030014992209801,0.02270533756557787,-4.643641774585069,-0.19290466711502607,-0.008692806744417822,-0.002376745941893077,0.0022863284056005018,-0.04721750230086186,0.08333333333333333,0.0,0.0,0.15953639,0.021315873701983155,97.87151570426951,0.3588895855896939,24
ranked_carry_lb3_k3_th2_reb1_keep1,ranked_carry,3,3,2.0,1,1.0,taker,test,-0.009052651531489042,-0.005736110384235715,0.004492387134730799,-1.2782787431805034,-0.011718388800977753,-0.00047725317161587854,0.0,0.0006919511248641985,-0.006264214484987818,0.05263157894736842,0.0,0.0,0.0023008750000000004,0.002621218808965209,4.428076256499134,0.016175621028307337,19
ranked_carry_lb3_k3_th2_reb1_keep1,ranked_carry,3,3,2.0,1,1.0,taker,full,-0.19809050404222284,-0.0597461122538655,0.017241886779603813,-3.5643640273981356,-0.1999355533600088,-0.0050626784215518465,0.0,0.0022863284056005018,-0.04721750230086186,0.06976744186046512,0.0,0.0,0.161837265,0.02393709251094837,56.64935809626963,0.2077028447644229,43
ranked_carry_lb3_k3_th2_reb1_keep1,ranked_carry,3,3,2.0,1,1.0,optimistic_limit,train,-0.08961609553210059,-0.0458008727201098,0.01844794889656269,-2.5321267347892,-0.09500778171655588,-0.0038818277631984394,-0.0005767640749374525,0.005704362270940955,-0.02051359204612946,0.08333333333333333,0.0,0.0,0.15953639,0.021315873701983155,97.87151570426951,0.3588895855896939,24
ranked_carry_lb3_k3_th2_reb1_keep1,ranked_carry,3,3,2.0,1,1.0,optimistic_limit,test,-0.004875261880128656,-0.003086772760836576,0.003425231855456545,-0.9008666732001951,-0.008148175114367495,-0.0002564591895802943,0.0,0.001895180866444246,-0.0044709081757108304,0.05263157894736842,0.0,0.0,0.0023008750000000004,0.002621218808965209,4.428076256499134,0.016175621028307337,19
ranked_carry_lb3_k3_th2_reb1_keep1,ranked_carry,3,3,2.0,1,1.0,optimistic_limit,full,-0.09405445547783498,-0.027188104343142117,0.013979175427402346,-1.9648330680569692,-0.09856805689304982,-0.0022799207190415845,0.0,0.005704362270940955,-0.02051359204612946,0.06976744186046512,0.0,0.0,0.161837265,0.02393709251094837,56.64935809626963,0.2077028447644229,43
ranked_carry_lb3_k3_th2_reb3_keep1,ranked_carry,3,3,2.0,3,1.0,taker,train,-0.09372323400713567,-0.04795288789635854,0.02116573333462861,-2.3111120202239643,-0.09452081267638257,-0.0040658458806902735,0.0,0.006425475837907424,-0.025513671580570274,0.041666666666666664,0.0,0.0,0.15151587333333333,0.011856265127253773,65.24767713617968,0.33928062475061277,24
ranked_carry_lb3_k3_th2_reb3_keep1,ranked_carry,3,3,2.0,3,1.0,taker,test,-0.004443900240182264,-0.002813432358188317,0.0023032226633268767,-1.2220883283528798,-0.004443900240182264,-0.0002338894863253823,0.0,0.0,-0.004443900240182264,0.0,0.0,0.0,-0.00026112,-0.00018848511062308226,1.2651646447140381,0.0017331022530329288,19
ranked_carry_lb3_k3_th2_reb3_keep1,ranked_carry,3,3,2.0,3,1.0,taker,full,-0.09775063754520297,-0.02829732724629863,0.015898234712458943,-1.797611383115507,-0.09854467185440996,-0.002372655845970903,0.0,0.006425475837907424,-0.025513671580570274,0.023255813953488372,0.0,0.0,0.15125475333333332,0.011667780016630694,37.02207639132235,0.19037303685769807,43
ranked_carry_lb3_k3_th2_reb3_keep1,ranked_carry,3,3,2.0,3,1.0,optimistic_limit,train,-0.019662684469695213,-0.009867261532650384,0.017228458943325416,-0.5669557838538793,-0.026867015598039945,-0.0008203618936297036,0.0,0.008442707760265789,-0.014314091811652552,0.16666666666666666,0.0,0.0,0.15151587333333333,0.011856265127253773,65.24767713617968,0.33928062475061277,24
ranked_carry_lb3_k3_th2_reb3_keep1,ranked_carry,3,3,2.0,3,1.0,optimistic_limit,test,-0.0032465031733650562,-0.0020549071712472333,0.0016597493246525053,-1.2385260334728971,-0.0032465031733650562,-0.00017086858807184506,0.0,0.0,-0.0032465031733650562,0.0,0.0,0.0,-0.00026112,-0.00018848511062308226,1.2651646447140381,0.0017331022530329288,19
ranked_carry_lb3_k3_th2_reb3_keep1,ranked_carry,3,3,2.0,3,1.0,optimistic_limit,full,-0.022845352675532338,-0.006428443545987372,0.012926398237089994,-0.4924497713137071,-0.028778059341976747,-0.0005333764795459986,0.0,0.008442707760265789,-0.014314091811652552,0.09302325581395349,0.0,0.0,0.15125475333333332,0.011667780016630694,37.02207639132235,0.19037303685769807,43
ranked_carry_lb3_k3_th2_reb6_keep1,ranked_carry,3,3,2.0,6,1.0,taker,train,-0.01944039655483043,-0.00975516057243242,0.018943237367485075,-0.5080148395847974,-0.02823840363331409,-0.0008130743512567429,0.0,0.0055850145916944705,-0.00896521216420565,0.16666666666666666,0.0,0.0,0.14396512,0.012762721577303644,43.94231317334549,0.3255999543977655,24
ranked_carry_lb3_k3_th2_reb6_keep1,ranked_carry,3,3,2.0,6,1.0,taker,test,-0.004643564823253121,-0.0029399481597480737,0.0023910214256087216,-1.2301923353542699,-0.004643564823253121,-0.00024439814859226957,0.0,0.0,-0.004643564823253121,0.0,0.0,0.0,-0.00036307000000000006,-0.00028678524807568273,1.2651646447140381,0.0034662045060658577,19
ranked_carry_lb3_k3_th2_reb6_keep1,ranked_carry,3,3,2.0,6,1.0,taker,full,-0.023993688636491428,-0.0067544211992359715,0.014249945693859591,-0.4684718289936905,-0.03137481755147864,-0.0005617988198468593,0.0,0.0055850145916944705,-0.00896521216420565,0.09302325581395349,0.0,0.0,0.14360205,0.012475936329227963,25.115478958937274,0.1834920837182632,43
ranked_carry_lb3_k3_th2_reb6_keep1,ranked_carry,3,3,2.0,6,1.0,optimistic_limit,train,0.03383763538371998,0.016755885551965388,0.01579992493565598,1.0596216298322896,-0.009112644347407772,0.0013939978418301552,0.0,0.015533364515522008,-0.0027866260373473617,0.3333333333333333,0.0,0.0,0.14396512,0.012762721577303644,43.94231317334549,0.3255999543977655,24
ranked_carry_lb3_k3_th2_reb6_keep1,ranked_carry,3,3,2.0,6,1.0,optimistic_limit,test,-0.003446407901402493,-0.0021815192089831292,0.001779589446234047,-1.2263038810673264,-0.003446407901402493,-0.00018138988954749963,0.0,0.0,-0.003446407901402493,0.0,0.0,0.0,-0.00036307000000000006,-0.00028678524807568273,1.2651646447140381,0.0034662045060658577,19
ranked_carry_lb3_k3_th2_reb6_keep1,ranked_carry,3,3,2.0,6,1.0,optimistic_limit,full,0.03027460918836611,0.008357829290688734,0.01187074952853356,0.7070816575586605,-0.009112644347407772,0.0006978962861051449,0.0,0.015533364515522008,-0.003446407901402493,0.18604651162790697,0.0,0.0,0.14360205,0.012475936329227963,25.115478958937274,0.1834920837182632,43
ranked_carry_lb3_k3_th5_reb1_keep2.5,ranked_carry,3,3,5.0,1,2.5,taker,train,-0.050661152049738756,-0.02562658155665054,0.01212303622025853,-2.1353617000243696,-0.050661152049738756,-0.002153309618595218,0.0,0.0,-0.02112542838858178,0.0,0.0,0.0,0.05649147166666666,0.0043330922072941985,28.129738357179498,0.055178703756484065,24
ranked_carry_lb3_k3_th5_reb1_keep2.5,ranked_carry,3,3,5.0,1,2.5,taker,test,0.0,0.0,0.0,,0.0,0.0,0.0,0.0,0.0,0.0,0.0,0.0,0.0,0.0,0.0,0.0,19
ranked_carry_lb3_k3_th5_reb1_keep2.5,ranked_carry,3,3,5.0,1,2.5,taker,full,-0.050661152049738756,-0.014403494366926228,0.009063692394538038,-1.5961599376699218,-0.050661152049738756,-0.0012018472289833776,0.0,0.0,-0.02112542838858178,0.0,0.0,0.0,0.05649147166666667,0.004333092207294199,15.720429422445923,0.030836864069319233,43
ranked_carry_lb3_k3_th5_reb1_keep2.5,ranked_carry,3,3,5.0,1,2.5,optimistic_limit,train,-0.01797100312632427,-0.009014457571430379,0.009600102184152779,-0.9384508670451864,-0.018730201652672362,-0.000754246197607685,0.0,0.0,-0.00537484764800944,0.0,0.0,0.0,0.05649147166666666,0.0043330922072941985,28.129738357179498,0.055178703756484065,24
ranked_carry_lb3_k3_th5_reb1_keep2.5,ranked_carry,3,3,5.0,1,2.5,optimistic_limit,test,0.0,0.0,0.0,,0.0,0.0,0.0,0.0,0.0,0.0,0.0,0.0,0.0,0.0,0.0,0.0,19
ranked_carry_lb3_k3_th5_reb1_keep2.5,ranked_carry,3,3,5.0,1,2.5,optimistic_limit,full,-0.01797100312632427,-0.005047830152254185,0.007176775848796376,-0.701546925824919,-0.018730201652672362,-0.00042097462192056833,0.0,0.0,-0.00537484764800944,0.0,0.0,0.0,0.05649147166666667,0.004333092207294199,15.720429422445923,0.030836864069319233,43
ranked_carry_lb3_k3_th5_reb3_keep2.5,ranked_carry,3,3,5.0,3,2.5,taker,train,-0.007474001681165632,-0.0037391101959596273,0.010231020924719588,-0.3610313491448521,-0.01264815487553339,-0.00031178206061552766,0.0,0.0013587982858003222,-0.004769875840416771,0.125,0.0,0.0,0.05079101166666666,0.004478518303421384,15.64612666020635,0.04788234623496551,24
ranked_carry_lb3_k3_th5_reb3_keep2.5,ranked_carry,3,3,5.0,3,2.5,taker,test,0.0,0.0,0.0,,0.0,0.0,0.0,0.0,0.0,0.0,0.0,0.0,0.0,0.0,0.0,0.0,19
ranked_carry_lb3_k3_th5_reb3_keep2.5,ranked_carry,3,3,5.0,3,2.5,taker,full,-0.007474001681165632,-0.002091344874166734,0.007648289068350378,-0.2698971544834283,-0.01264815487553339,-0.0001740178942970387,0.0,0.0013587982858003222,-0.004769875840416771,0.06976744186046512,0.0,0.0,0.05079101166666666,0.004478518303421385,8.74390748940779,0.026759262208913382,43
ranked_carry_lb3_k3_th5_reb3_keep2.5,ranked_carry,3,3,5.0,3,2.5,optimistic_limit,train,0.01139927340607283,0.005676013176085126,0.00824258941649135,0.6907970809695928,-0.004884230902734821,0.00047348697312022775,0.0,0.006463701639329855,-0.0009996014359865413,0.16666666666666666,0.0,0.0,0.05079101166666666,0.004478518303421384,15.64612666020635,0.04788234623496551,24
ranked_carry_lb3_k3_th5_reb3_keep2.5,ranked_carry,3,3,5.0,3,2.5,optimistic_limit,test,0.0,0.0,0.0,,0.0,0.0,0.0,0.0,0.0,0.0,0.0,0.0,0.0,0.0,0.0,0.0,19
ranked_carry_lb3_k3_th5_reb3_keep2.5,ranked_carry,3,3,5.0,3,2.5,optimistic_limit,full,0.01139927340607283,0.0031681046624898457,0.0061618735418087715,0.5164164788257106,-0.004884230902734821,0.0002642717989508248,0.0,0.006463701639329855,-0.0009996014359865413,0.09302325581395349,0.0,0.0,0.05079101166666666,0.004478518303421385,8.74390748940779,0.026759262208913382,43
ranked_carry_lb3_k3_th5_reb6_keep2.5,ranked_carry,3,3,5.0,6,2.5,taker,train,0.012109981042264684,0.006028830827453868,0.008706535736249061,0.6947271255391018,-0.0053948792583520255,0.0005033665859083455,0.0,0.007880136084852385,-0.0023716552906904997,0.16666666666666666,0.0,0.0,0.04699694166666666,0.0024496059596792663,9.321096733739953,0.04377814512911132,24
ranked_carry_lb3_k3_th5_reb6_keep2.5,ranked_carry,3,3,5.0,6,2.5,taker,test,0.0,0.0,0.0,,0.0,0.0,0.0,0.0,0.0,0.0,0.0,0.0,0.0,0.0,0.0,0.0,19
ranked_carry_lb3_k3_th5_reb6_keep2.5,ranked_carry,3,3,5.0,6,2.5,taker,full,0.012109981042264684,0.0033647714565927522,0.006508704587723512,0.5193543757028983,-0.0053948792583520255,0.0002809487921348905,0.0,0.007880136084852385,-0.0023716552906904997,0.09302325581395349,0.0,0.0,0.04699694166666667,0.0024496059596792645,5.2091363766684715,0.02446561116243509,43
ranked_carry_lb3_k3_th5_reb6_keep2.5,ranked_carry,3,3,5.0,6,2.5,optimistic_limit,train,0.023532495612973436,0.01168240237260787,0.007296428752726489,1.5954825271666888,-0.004198475579176075,0.000974807005351889,0.0,0.015585901865946106,-0.0009713164712661371,0.16666666666666666,0.0,0.0,0.04699694166666666,0.0024496059596792663,9.321096733739953,0.04377814512911132,24
ranked_carry_lb3_k3_th5_reb6_keep2.5,ranked_carry,3,3,5.0,6,2.5,optimistic_limit,test,0.0,0.0,0.0,,0.0,0.0,0.0,0.0,0.0,0.0,0.0,0.0,0.0,0.0,0.0,0.0,19
ranked_carry_lb3_k3_th5_reb6_keep2.5,ranked_carry,3,3,5.0,6,2.5,optimistic_limit,full,0.023532495612973436,0.006512032838058124,0.005454840772174705,1.1926665333622783,-0.004198475579176075,0.0005440783285684962,0.0,0.015585901865946106,-0.0009713164712661371,0.09302325581395349,0.0,0.0,0.04699694166666667,0.0024496059596792645,5.2091363766684715,0.02446561116243509,43
ranked_carry_lb3_k5_th0_reb1_keep0,ranked_carry,3,5,0.0,1,0.0,taker,train,-0.5844279461884347,-0.3549800356807501,0.03208024712112766,-13.651652081924485,-0.5845499553560644,-0.035786361162767344,-0.03668591406535643,0.0054259173397746,-0.0684222685303949,0.041666666666666664,0.0,0.0,0.25136335649999997,0.0202567009189962,286.79017271846317,0.9990309525166733,24
ranked_carry_lb3_k5_th0_reb1_keep0,ranked_carry,3,5,0.0,1,0.0,taker,test,-0.7388289247968498,-0.5722824100089139,0.03777179118149863,-22.464832755340396,-0.7391228962455114,-0.06803652811819455,-0.0688692907755899,-0.02599661750702198,-0.1138316529717387,0.0,0.0,0.05263157894736842,0.07298986433333335,0.01962429263467053,453.56152512998267,0.9953783939919122,19
ranked_carry_lb3_k5_th0_reb1_keep0,ranked_carry,3,5,0.0,1,0.0,taker,full,-0.8914645998816543,-0.46189662989146596,0.034774005991655726,-17.802887207193173,-0.8914900601247873,-0.050036434933770066,-0.04934143983887351,0.0054259173397746,-0.1138316529717387,0.023255813953488372,0.0,0.023255813953488372,0.32435322083333334,0.039880993553666734,360.36061291452967,0.9974196425727119,43
ranked_carry_lb3_k5_th0_reb1_keep0,ranked_carry,3,5,0.0,1,0.0,optimistic_limit,train,-0.41325771262549815,-0.23374118268923105,0.02672248087896894,-9.949460529990096,-0.4134299762256105,-0.02188518157090953,-0.022600103600783183,0.007843959621108842,-0.047410731250004945,0.041666666666666664,0.0,0.0,0.25136335649999997,0.0202567009189962,286.79017271846317,0.9990309525166733,24
ranked_carry_lb3_k5_th0_reb1_keep0,ranked_carry,3,5,0.0,1,0.0,optimistic_limit,test,-0.5982260227553481,-0.43832397047212424,0.028663263191474546,-20.109366223712446,-0.5988709623103097,-0.04675695742521886,-0.04826829327970905,-0.015412071058176102,-0.08083590952231046,0.0,0.0,0.0,0.07298986433333335,0.01962429263467053,453.56152512998267,0.9953783939919122,19
ranked_carry_lb3_k5_th0_reb1_keep0,ranked_carry,3,5,0.0,1,0.0,optimistic_limit,full,-0.7642622175839221,-0.33185681924484645,0.027644161115213887,-14.573107752626834,-0.764317516972411,-0.032875036018162496,-0.032465766281865704,0.007843959621108842,-0.08083590952231046,0.023255813953488372,0.0,0.0,0.32435322083333334,0.039880993553666734,360.36061291452967,0.9974196425727119,43
ranked_carry_lb3_k5_th0_reb3_keep0,ranked_carry,3,5,0.0,3,0.0,taker,train,-0.38759643965309265,-0.21718622889605854,0.031228777464367162,-7.825130172091517,-0.38783683171003247,-0.020157503891687287,-0.020924763557893855,0.00655512316862783,-0.039262054707369765,0.08333333333333333,0.0,0.0,0.244780723,0.010772504027234692,185.98916946930402,0.9985749301715784,24
ranked_carry_lb3_k5_th0_reb3_keep0,ranked_carry,3,5,0.0,3,0.0,taker,test,-0.5649207444939351,-0.4093030283259611,0.037181915290757796,-14.139782364973204,-0.5650766390387184,-0.04278523214114004,-0.04172574923301753,-0.017336542021626822,-0.06768237315075198,0.0,0.0,0.0,0.06770387983333334,0.011854847924690836,288.03581744656265,0.9982668977469671,19
ranked_carry_lb3_k5_th0_reb3_keep0,ranked_carry,3,5,0.0,3,0.0,taker,full,-0.7335559148950047,-0.30863223013997154,0.03401597622458099,-10.833043566273561,-0.7336173850511845,-0.030155802420515253,-0.031150972501428176,0.00655512316862783,-0.06768237315075198,0.046511627906976744,0.0,0.0,0.31248460283333335,0.022627351951925535,231.00659424675862,0.9984390430378134,43
ranked_carry_lb3_k5_th0_reb3_keep0,ranked_carry,3,5,0.0,3,0.0,optimistic_limit,train,-0.23401352098381667,-0.12464050152214046,0.02622647850321491,-5.062660130909026,-0.2343142002698323,-0.010998221435594513,-0.012625965263258487,0.012385439541933607,-0.026201751261104245,0.16666666666666666,0.0,0.0,0.244780723,0.010772504027234692,185.98916946930402,0.9985749301715784,24
ranked_carry_lb3_k5_th0_reb3_keep0,ranked_carry,3,5,0.0,3,0.0,optimistic_limit,test,-0.4279613603953577,-0.29765325482918525,0.028211439083090154,-12.509914812101442,-0.4284913029576245,-0.028930183059772446,-0.02817072335703319,-0.009751618820675767,-0.04739321846621869,0.0,0.0,0.0,0.06770387983333334,0.011854847924690836,288.03581744656265,0.9982668977469671,19
ranked_carry_lb3_k5_th0_reb3_keep0,ranked_carry,3,5,0.0,3,0.0,optimistic_limit,full,-0.5618261365880337,-0.2056762478061246,0.02714474646586709,-8.469137707041499,-0.5619272257745593,-0.018921646339301042,-0.019317334856907786,0.012385439541933607,-0.04739321846621869,0.09302325581395349,0.0,0.0,0.31248460283333335,0.022627351951925535,231.00659424675862,0.9984390430378134,43
ranked_carry_lb3_k5_th0_reb6_keep0,ranked_carry,3,5,0.0,6,0.0,taker,train,-0.17157969266080098,-0.08971170692421615,0.02788534508342729,-3.3567654060554255,-0.17190487963649237,-0.007773614416261547,-0.010255121522332045,0.014266739249839455,-0.021969033616932032,0.16666666666666666,0.0,0.0,0.239782866,0.008828911840978584,108.87373881320187,0.9972068631362937,24
ranked_carry_lb3_k5_th0_reb6_keep0,ranked_carry,3,5,0.0,6,0.0,taker,test,-0.3534119566644417,-0.2410618028086905,0.030383974144566166,-9.062949556369038,-0.3538924591814502,-0.022659777789509124,-0.021298923220833155,-0.005669339397604833,-0.03490932187809559,0.0,0.0,0.0,0.06400462866666667,0.006220262963468254,159.89572501444252,0.9965337954939342,19
ranked_carry_lb3_k5_th0_reb6_keep0,ranked_carry,3,5,0.0,6,0.0,taker,full,-0.46435333441810467,-0.15988145789366537,0.029029688724464608,-5.986591280071373,-0.4646053970924403,-0.014351221488161639,-0.014732829458059649,0.014266739249839455,-0.03490932187809559,0.09302325581395349,0.0,0.0,0.30378749466666666,0.015049174804446844,131.3818610429741,0.9969099423401612,43
ranked_carry_lb3_k5_th0_reb6_keep0,ranked_carry,3,5,0.0,6,0.0,optimistic_limit,train,-0.05562199853990779,-0.02817241171186413,0.02435521470743439,-1.1611607109098008,-0.06969405745819024,-0.0023482942108318757,-0.005033537992406301,0.021853539985087433,-0.014534045979635368,0.3333333333333333,0.0,0.0,0.239782866,0.008828911840978584,108.87373881320187,0.9972068631362937,24
ranked_carry_lb3_k5_th0_reb6_keep0,ranked_carry,3,5,0.0,6,0.0,optimistic_limit,test,-0.24730709172123677,-0.16449199214716492,0.023762369411330704,-7.551056331108128,-0.2481670289968506,-0.014824093411878502,-0.013978179556965786,-0.0015993843950303788,-0.02393334387811641,0.0,0.0,0.0,0.06400462866666667,0.006220262963468254,159.89572501444252,0.9965337954939342,19
ranked_carry_lb3_k5_th0_reb6_keep0,ranked_carry,3,5,0.0,6,0.0,optimistic_limit,full,-0.2891733755665157,-0.09085523105898552,0.02410843940654565,-3.9388598803081063,-0.29326687620552483,-0.00786085664850364,-0.008813816771744531,0.021853539985087433,-0.02393334387811641,0.18604651162790697,0.0,0.0,0.30378749466666666,0.015049174804446844,131.3818610429741,0.9969099423401612,43
ranked_carry_lb3_k5_th0.5_reb1_keep0.25,ranked_carry,3,5,0.5,1,0.25,taker,train,-0.6107708792780071,-0.37573168002476776,0.03478547121737414,-13.527402664525718,-0.6108851543371717,-0.03837116413916299,-0.03841222040927145,0.0054259173397746,-0.07366850084987431,0.041666666666666664,0.0,0.0,0.25433968883333335,0.020844011527228996,303.9842672290942,0.9876303938893006,24
ranked_carry_lb3_k5_th0.5_reb1_keep0.25,ranked_carry,3,5,0.5,1,0.25,taker,test,-0.7478401455425185,-0.581677928081309,0.04480279932491976,-19.428597438053586,-0.7481239740547359,-0.06980451704744915,-0.0722819384409299,-0.027004229862671036,-0.09378610024647116,0.0,0.0,0.0,0.07598706350000001,0.030244387799876492,468.8278451761987,0.8792605430387059,19
ranked_carry_lb3_k5_th0.5_reb1_keep0.25,ranked_carry,3,5,0.5,1,0.25,taker,full,-0.9018520415681294,-0.4767930517376201,0.03957506249762392,-16.34793399973565,-0.9018750651243328,-0.05226032007538247,-0.05757745522684565,0.0054259173397746,-0.09378610024647116,0.023255813953488372,0.0,0.0,0.33032675233333336,0.051088399327105495,376.704278296327,0.9398235162944794,43
ranked_carry_lb3_k5_th0.5_reb1_keep0.25,ranked_carry,3,5,0.5,1,0.25,optimistic_limit,train,-0.4389342170452937,-0.25067293122471523,0.02858221560701638,-10.082021619922768,-0.4390989421959286,-0.023683969966218618,-0.024489161940964066,0.007843959621108842,-0.05052502463379582,0.041666666666666664,0.0,0.0,0.25433968883333335,0.020844011527228996,303.9842672290942,0.9876303938893006,24
ranked_carry_lb3_k5_th0.5_reb1_keep0.25,ranked_carry,3,5,0.5,1,0.25,optimistic_limit,test,-0.6063636232641272,-0.4455474342783866,0.0344951709870465,-17.079458608779895,-0.6069955001003768,-0.047811574539649536,-0.04923627551107834,-0.016134603330720365,-0.06557552835293157,0.0,0.0,0.0,0.07598706350000001,0.030244387799876492,468.8278451761987,0.8792605430387059,19
ranked_carry_lb3_k5_th0.5_reb1_keep0.25,ranked_carry,3,5,0.5,1,0.25,optimistic_limit,full,-0.7791440980872333,-0.34390536763594093,0.031368708528396426,-13.419358415336458,-0.7791959064829632,-0.03434500454517646,-0.03914699445898295,0.007843959621108842,-0.06557552835293157,0.023255813953488372,0.0,0.0,0.33032675233333336,0.051088399327105495,376.704278296327,0.9398235162944794,43
ranked_carry_lb3_k5_th0.5_reb3_keep0.25,ranked_carry,3,5,0.5,3,0.25,taker,train,-0.4156769935132887,-0.2353204788872164,0.03315165919002405,-8.076354975982897,-0.41590636286797855,-0.022049115483888573,-0.024513066015339424,0.00655512316862783,-0.04834534453814321,0.08333333333333333,0.0,0.0,0.24803124066666668,0.011443308364767072,198.65587413783277,0.9848942598187311,24
ranked_carry_lb3_k5_th0.5_reb3_keep0.25,ranked_carry,3,5,0.5,3,0.25,taker,test,-0.5657997598018579,-0.41005824430020255,0.04065331749237771,-12.960521914677503,-0.5659553393840462,-0.042906417345246604,-0.04308445687322515,-0.018181021114956564,-0.05825301291189322,0.0,0.0,0.0,0.069427238,0.013322994484466255,289.6172732524553,0.878682842287695,19
ranked_carry_lb3_k5_th0.5_reb3_keep0.25,ranked_carry,3,5,0.5,3,0.25,taker,full,-0.7462868102301676,-0.31801401845082644,0.03667590762987753,-10.417319115160279,-0.746345343296848,-0.03126513258541886,-0.0335065727009034,0.00655512316862783,-0.05825301291189322,0.046511627906976744,0.0,0.0,0.31745847866666665,0.024766302849233326,238.78309069478513,0.9380395654805518,43
ranked_carry_lb3_k5_th0.5_reb3_keep0.25,ranked_carry,3,5,0.5,3,0.25,optimistic_limit,train,-0.25788875185867877,-0.13837276341719573,0.027577106049670043,-5.386752435559412,-0.2581800591941842,-0.012289319351694616,-0.015071351257359422,0.012385439541933607,-0.03238176528254488,0.16666666666666666,0.0,0.0,0.24803124066666668,0.011443308364767072,198.65587413783277,0.9848942598187311,24
ranked_carry_lb3_k5_th0.5_reb3_keep0.25,ranked_carry,3,5,0.5,3,0.25,optimistic_limit,test,-0.42823452193201705,-0.2978654331033729,0.03177675282129815,-11.112458541583758,-0.4287642114345872,-0.028965331715690778,-0.02946258661650636,-0.010364641770404082,-0.0407845648458911,0.0,0.0,0.0,0.069427238,0.013322994484466255,289.6172732524553,0.878682842287695,19
ranked_carry_lb3_k5_th0.5_reb3_keep0.25,ranked_carry,3,5,0.5,3,0.25,optimistic_limit,full,-0.5756864074268493,-0.2127693545617978,0.029523010278436138,-8.088429226884179,-0.5757842989705644,-0.01965778993113478,-0.020716228023390015,0.012385439541933607,-0.0407845648458911,0.09302325581395349,0.0,0.0,0.31745847866666665,0.024766302849233326,238.78309069478513,0.9380395654805518,43
ranked_carry_lb3_k5_th0.5_reb6_keep0.25,ranked_carry,3,5,0.5,6,0.25,taker,train,-0.18320352950368468,-0.09611217136945616,0.029269707312855137,-3.4377161787511388,-0.1835241536743416,-0.008353826684289972,-0.011420603858416756,0.014266739249839455,-0.02234716435701678,0.16666666666666666,0.0,0.0,0.24334017416666667,0.009153745663622197,113.35119420851622,0.9862623268540158,24
ranked_carry_lb3_k5_th0.5_reb6_keep0.25,ranked_carry,3,5,0.5,6,0.25,taker,test,-0.3746416066988093,-0.2569213238569106,0.03530132953868228,-8.394146295275153,-0.37510633270961435,-0.02437654740375847,-0.02511787522226583,-0.006511865877190104,-0.03389645028084054,0.0,0.0,0.0,0.0657367015,0.010026995282888413,172.12564991334492,0.9064124783362218,19
ranked_carry_lb3_k5_th0.5_reb6_keep0.25,ranked_carry,3,5,0.5,6,0.25,taker,full,-0.48920947155634054,-0.17094758307950997,0.0320869378889882,-5.826505162618235,-0.4894498375193864,-0.015433633513822563,-0.01637594820562638,0.014266739249839455,-0.03389645028084054,0.09302325581395349,0.0,0.0,0.30907687566666664,0.019180740946510618,139.27928387117325,0.9510369214105954,43
ranked_carry_lb3_k5_th0.5_reb6_keep0.25,ranked_carry,3,5,0.5,6,0.25,optimistic_limit,train,-0.0638248852730614,-0.03239674056583186,0.025412792689150875,-1.2832210237769228,-0.07394230916694078,-0.0027088803273153197,-0.005341848213165079,0.021853539985087433,-0.014500042040397232,0.3333333333333333,0.0,0.0,0.24334017416666667,0.009153745663622197,113.35119420851622,0.9862623268540158,24
ranked_carry_lb3_k5_th0.5_reb6_keep0.25,ranked_carry,3,5,0.5,6,0.25,optimistic_limit,test,-0.2634910036002497,-0.17590138119979837,0.02876034373865006,-6.712337528775014,-0.26433245106556114,-0.01595142101782156,-0.016303319912913228,-0.00211709154194073,-0.023303794775548337,0.0,0.0,0.0,0.0657367015,0.010026995282888413,172.12564991334492,0.9064124783362218,19
ranked_carry_lb3_k5_th0.5_reb6_keep0.25,ranked_carry,3,5,0.5,6,0.25,optimistic_limit,full,-0.31049860579804467,-0.09855034483444303,0.026953872712517927,-3.835706283946401,-0.3139544763365122,-0.008560235516143658,-0.00985704859049552,0.021853539985087433,-0.023303794775548337,0.18604651162790697,0.0,0.0,0.30907687566666664,0.019180740946510618,139.27928387117325,0.9510369214105954,43
ranked_carry_lb3_k5_th1_reb1_keep0.5,ranked_carry,3,5,1.0,1,0.5,taker,train,-0.4730635567778467,-0.2737911883369769,0.03359254872187906,-9.506495749148804,-0.47327039968939166,-0.0262583653990673,-0.02797226621266863,0.0054259173397746,-0.05075826866872013,0.041666666666666664,0.0,0.0,0.24365434183333334,0.01861234565373384,225.1544205666078,0.8535598244313971,24
ranked_carry_lb3_k5_th1_reb1_keep0.5,ranked_carry,3,5,1.0,1,0.5,taker,test,-0.426854899588871,-0.2967941916940978,0.033357717459678464,-10.538541535110232,-0.42729025680734534,-0.028776027239029372,-0.0249538450750042,0.0,-0.06000170076323286,0.0,0.0,0.0,0.053487440666666664,0.019587749232034105,198.88388214904677,0.4725592143269786,19
ranked_carry_lb3_k5_th1_reb1_keep0.5,ranked_carry,3,5,1.0,1,0.5,taker,full,-0.6979889593391575,-0.28403018681833536,0.033489059906762264,-9.959962484795069,-0.6981659808642742,-0.027370820630678448,-0.027540620880086908,0.0054259173397746,-0.06000170076323286,0.023255813953488372,0.0,0.0,0.2971417825,0.03820009488576794,213.5652894141633,0.6854831002516645,43
ranked_carry_lb3_k5_th1_reb1_keep0.5,ranked_carry,3,5,1.0,1,0.5,optimistic_limit,train,-0.30913000387770706,-0.16861258357934794,0.028380015872630757,-6.492412481888183,-0.30940119704214863,-0.015244839010997721,-0.016100020029841622,0.007843959621108842,-0.03352753035494116,0.041666666666666664,0.0,0.0,0.24365434183333334,0.01861234565373384,225.1544205666078,0.8535598244313971,24
ranked_carry_lb3_k5_th1_reb1_keep0.5,ranked_carry,3,5,1.0,1,0.5,optimistic_limit,test,-0.30764648716640675,-0.20750915804898307,0.026821645213115104,-8.65761066596764,-0.3086057812439461,-0.01912099562681196,-0.016812801109765352,0.0,-0.04002217354604665,0.0,0.0,0.0,0.053487440666666664,0.019587749232034105,198.88388214904677,0.4725592143269786,19
ranked_carry_lb3_k5_th1_reb1_keep0.5,ranked_carry,3,5,1.0,1,0.5,optimistic_limit,full,-0.5216737312734026,-0.18600157752521274,0.027704088323557138,-7.414451046896411,-0.5219540986580122,-0.016957559376124944,-0.016110969869531755,0.007843959621108842,-0.04002217354604665,0.023255813953488372,0.0,0.0,0.2971417825,0.03820009488576794,213.5652894141633,0.6854831002516645,43
ranked_carry_lb3_k5_th1_reb3_keep0.5,ranked_carry,3,5,1.0,3,0.5,taker,train,-0.3102481499116658,-0.1692847579430865,0.03205146158166457,-5.770481873145432,-0.3104187113958845,-0.01530813727125852,-0.016509505954100723,0.00655512316862783,-0.03649109108937987,0.08333333333333333,0.0,0.0,0.23575044233333337,0.011925862644862154,154.3140853901841,0.8453514222196887,24
ranked_carry_lb3_k5_th1_reb3_keep0.5,ranked_carry,3,5,1.0,3,0.5,taker,test,-0.2926994370744548,-0.19672888305709346,0.029118149815134838,-7.508579603104759,-0.2931693758891908,-0.018015793019832745,-0.016290462777725168,0.0,-0.04187018598193304,0.0,0.0,0.0,0.047818828666666674,0.01555667622030756,129.3630849220104,0.45233968804159447,19
ranked_carry_lb3_k5_th1_reb3_keep0.5,ranked_carry,3,5,1.0,3,0.5,taker,full,-0.512138128153586,-0.1815053345327602,0.030791947737317204,-6.489090453739544,-0.5123315407837066,-0.016504543299698294,-0.01632553596093822,0.00655512316862783,-0.04187018598193304,0.046511627906976744,0.0,0.0,0.283569271,0.02748253886516972,143.30706253384727,0.6719760440890701,43
ranked_carry_lb3_k5_th1_reb3_keep0.5,ranked_carry,3,5,1.0,3,0.5,optimistic_limit,train,-0.16949405027582787,-0.08856805237659049,0.027348122668287678,-3.377340666158612,-0.16969941736171457,-0.007674748771919718,-0.00858270381869164,0.012385439541933607,-0.024071577277644085,0.16666666666666666,0.0,0.0,0.23575044233333337,0.011925862644862154,154.3140853901841,0.8453514222196887,24
ranked_carry_lb3_k5_th1_reb3_keep0.5,ranked_carry,3,5,1.0,3,0.5,optimistic_limit,test,-0.20019195791964617,-0.1317785504106037,0.024046536508734645,-5.864382788666487,-0.20111701702869045,-0.011667724524413395,-0.010360396569279229,0.0,-0.027435235921949075,0.0,0.0,0.0,0.047818828666666674,0.01555667622030756,129.3630849220104,0.45233968804159447,19
ranked_carry_lb3_k5_th1_reb3_keep0.5,ranked_carry,3,5,1.0,3,0.5,optimistic_limit,full,-0.33575466241502816,-0.10788911285565317,0.02594437002793803,-4.38736791340045,-0.336018002194588,-0.009439086895114598,-0.009924822002292721,0.012385439541933607,-0.027435235921949075,0.09302325581395349,0.0,0.0,0.283569271,0.02748253886516972,143.30706253384727,0.6719760440890701,43
ranked_carry_lb3_k5_th1_reb6_keep0.5,ranked_carry,3,5,1.0,6,0.5,taker,train,-0.1126652753747962,-0.05794172442644663,0.028065742598998182,-2.112683668332341,-0.1139914962171511,-0.004943157222890769,-0.00555975876387893,0.014266739249839455,-0.014376445846591479,0.16666666666666666,0.0,0.0,0.23268328250000003,0.007706298088085099,89.66562161545916,0.8467194892549735,24
ranked_carry_lb3_k5_th1_reb6_keep0.5,ranked_carry,3,5,1.0,6,0.5,taker,test,-0.18051303773554628,-0.11832560547305593,0.0258416307826737,-4.860273671020853,-0.1819942631952891,-0.010403943273923091,-0.010157829940440788,0.0,-0.02482438291919531,0.0,0.0,0.0,0.04244233883333334,0.01461054204817523,80.84402079722705,0.4454794916233391,19
ranked_carry_lb3_k5_th1_reb6_keep0.5,ranked_carry,3,5,1.0,6,0.5,taker,full,-0.2728407620051301,-0.08507348445755814,0.027108948269442802,-3.2662081976899495,-0.2728407620051301,-0.007356062687300401,-0.007710735129505264,0.014266739249839455,-0.02482438291919531,0.09302325581395349,0.0,0.0,0.27512562133333335,0.022316840136260337,85.77401165939281,0.6697142493071262,43
ranked_carry_lb3_k5_th1_reb6_keep0.5,ranked_carry,3,5,1.0,6,0.5,optimistic_limit,train,-0.011556902006200964,-0.005787667519588924,0.024895854459219845,-0.22070594396539656,-0.05048861724091258,-0.00046004465997190325,-0.0017220744392663634,0.021853539985087433,-0.008349005592154679,0.3333333333333333,0.0,0.0,0.23268328250000003,0.007706298088085099,89.66562161545916,0.8467194892549735,24
ranked_carry_lb3_k5_th1_reb6_keep0.5,ranked_carry,3,5,1.0,6,0.5,optimistic_limit,test,-0.11507770197242073,-0.07442177443326592,0.022145860041064634,-3.4810562826635083,-0.1171014287894202,-0.006404477672280888,-0.00658022226712629,0.0012392290038019116,-0.015534983654219126,0.10526315789473684,0.0,0.0,0.04244233883333334,0.01461054204817523,80.84402079722705,0.4454794916233391,19
ranked_carry_lb3_k5_th1_reb6_keep0.5,ranked_carry,3,5,1.0,6,0.5,optimistic_limit,full,-0.12530466225382875,-0.03667127416725291,0.023724709547467953,-1.5628879248693888,-0.13672819778521028,-0.003086654595643315,-0.004009451729509506,0.021853539985087433,-0.015534983654219126,0.23255813953488372,0.0,0.0,0.27512562133333335,0.022316840136260337,85.77401165939281,0.6697142493071262,43
ranked_carry_lb3_k5_th2_reb1_keep1,ranked_carry,3,5,2.0,1,1.0,taker,train,-0.07570230228910879,-0.03854636205972162,0.016869415723289764,-2.321745081383027,-0.07750756722257901,-0.00326136409608623,-0.0007794554665218056,0.006251918106978005,-0.017243322252278537,0.125,0.0,0.0,0.156991926,0.015172273664168429,62.567861825229436,0.36527389842102265,24
ranked_carry_lb3_k5_th2_reb1_keep1,ranked_carry,3,5,2.0,1,1.0,taker,test,-0.009052651531489042,-0.005736110384235715,0.004492387134730799,-1.2782787431805034,-0.011718388800977753,-0.00047725317161587854,0.0,0.0006919511248641985,-0.006264214484987818,0.05263157894736842,0.0,0.0,0.0023008750000000004,0.002621218808965209,4.428076256499134,0.016175621028307337,19
ranked_carry_lb3_k5_th2_reb1_keep1,ranked_carry,3,5,2.0,1,1.0,taker,full,-0.08406964725784327,-0.02420789005051549,0.012960220193511812,-1.884354691232165,-0.08585856975694872,-0.0020311755480644468,0.0,0.006251918106978005,-0.017243322252278537,0.09302325581395349,0.0,0.0,0.159292801,0.017793492473133637,36.9197540696378,0.21127074639227805,43
ranked_carry_lb3_k5_th2_reb1_keep1,ranked_carry,3,5,2.0,1,1.0,optimistic_limit,train,-0.0034532257766034524,-0.0017258423617293461,0.014251085498699068,-0.11408014402581858,-0.01794945901703271,-0.00013955644035838302,0.0,0.00840987190244502,-0.006334476049224325,0.20833333333333334,0.0,0.0,0.156991926,0.015172273664168429,62.567861825229436,0.36527389842102265,24
ranked_carry_lb3_k5_th2_reb1_keep1,ranked_carry,3,5,2.0,1,1.0,optimistic_limit,test,-0.004875261880128656,-0.003086772760836576,0.003425231855456545,-0.9008666732001951,-0.008148175114367495,-0.0002564591895802943,0.0,0.001895180866444246,-0.0044709081757108304,0.05263157894736842,0.0,0.0,0.0023008750000000004,0.002621218808965209,4.428076256499134,0.016175621028307337,19
ranked_carry_lb3_k5_th2_reb1_keep1,ranked_carry,3,5,2.0,1,1.0,optimistic_limit,full,-0.00831165227673969,-0.002326439618439591,0.01089368082223309,-0.2083592604100049,-0.022737212583846422,-0.00019121114350294845,0.0,0.00840987190244502,-0.006334476049224325,0.13953488372093023,0.0,0.0,0.159292801,0.017793492473133637,36.9197540696378,0.21127074639227805,43
ranked_carry_lb3_k5_th2_reb3_keep1,ranked_carry,3,5,2.0,3,1.0,taker,train,-0.013364008303837771,-0.006695718663137451,0.01554996466358755,-0.42426220732080266,-0.02087210417436758,-0.0005538143062549192,0.0,0.00801318985473376,-0.007668975750899754,0.20833333333333334,0.0,0.0,0.14974300133333335,0.010045152423616366,43.193296471527105,0.3447528928917517,24
ranked_carry_lb3_k5_th2_reb3_keep1,ranked_carry,3,5,2.0,3,1.0,taker,test,-0.004443900240182264,-0.002813432358188317,0.0023032226633268767,-1.2220883283528798,-0.004443900240182264,-0.0002338894863253823,0.0,0.0,-0.004443900240182264,0.0,0.0,0.0,-0.00026112,-0.00018848511062308226,1.2651646447140381,0.0017331022530329288,19
ranked_carry_lb3_k5_th2_reb3_keep1,ranked_carry,3,5,2.0,3,1.0,taker,full,-0.01774852022430884,-0.004984931980231533,0.011724713339953534,-0.4203616725308412,-0.024929998438174228,-0.00041245217651861223,0.0,0.00801318985473376,-0.007668975750899754,0.11627906976744186,0.0,0.0,0.14948188133333334,0.009856667312993289,24.696887642954987,0.19343123825300246,43
ranked_carry_lb3_k5_th2_reb3_keep1,ranked_carry,3,5,2.0,3,1.0,optimistic_limit,train,0.039265219491654735,0.0194178455834928,0.013187211298158027,1.464958368694717,-0.011945061355056796,0.0016153317568696434,0.0,0.01668336621106592,-0.0021585846854533797,0.2916666666666667,0.0,0.0,0.14974300133333335,0.010045152423616366,43.193296471527105,0.3447528928917517,24
ranked_carry_lb3_k5_th2_reb3_keep1,ranked_carry,3,5,2.0,3,1.0,optimistic_limit,test,-0.0032465031733650562,-0.0020549071712472333,0.0016597493246525053,-1.2385260334728971,-0.0032465031733650562,-0.00017086858807184506,0.0,0.0,-0.0032465031733650562,0.0,0.0,0.0,-0.00026112,-0.00018848511062308226,1.2651646447140381,0.0017331022530329288,19
ranked_carry_lb3_k5_th2_reb3_keep1,ranked_carry,3,5,2.0,3,1.0,optimistic_limit,full,0.035891241658607465,0.009888863935832104,0.009920273574074804,0.996899168394939,-0.011945061355056796,0.0008260804416629392,0.0,0.01668336621106592,-0.0032465031733650562,0.16279069767441862,0.0,0.0,0.14948188133333334,0.009856667312993289,24.696887642954987,0.19343123825300246,43
ranked_carry_lb3_k5_th2_reb6_keep1,ranked_carry,3,5,2.0,6,1.0,taker,train,0.032535231061670444,0.016116080815024914,0.014947928672085819,1.077032019450777,-0.013032539028645096,0.0013437109569881766,0.0,0.016602624936284505,-0.0031900921950989147,0.2916666666666667,0.0,0.0,0.1478662265,0.00924150588366248,31.17573961124095,0.34748902696232115,24
ranked_carry_lb3_k5_th2_reb6_keep1,ranked_carry,3,5,2.0,6,1.0,taker,test,-0.004643564823253121,-0.0029399481597480737,0.0023910214256087216,-1.2301923353542699,-0.004643564823253121,-0.00024439814859226957,0.0,0.0,-0.004643564823253121,0.0,0.0,0.0,-0.00036307000000000006,-0.00028678524807568273,1.2651646447140381,0.0034662045060658577,19
ranked_carry_lb3_k5_th2_reb6_keep1,ranked_carry,3,5,2.0,6,1.0,taker,full,0.027740586783942867,0.007665111246444534,0.011287149379435457,0.6821587223650988,-0.015196377679493667,0.0006419883289410026,0.0,0.016602624936284505,-0.004643564823253121,0.16279069767441862,0.0,0.0,0.1475031565,0.008954720635586796,17.98082252875028,0.19572488929948073,43
ranked_carry_lb3_k5_th2_reb6_keep1,ranked_carry,3,5,2.0,6,1.0,optimistic_limit,train,0.07200930746093359,0.03533162933624823,0.012881364293077069,2.70195305242262,-0.005617745763313753,0.0029163070587013887,0.0,0.023468086154588397,-0.0013914960818991462,0.4583333333333333,0.0,0.0,0.1478662265,0.00924150588366248,31.17573961124095,0.34748902696232115,24
ranked_carry_lb3_k5_th2_reb6_keep1,ranked_carry,3,5,2.0,6,1.0,optimistic_limit,test,-0.003446407901402493,-0.0021815192089831292,0.001779589446234047,-1.2263038810673264,-0.003446407901402493,-0.00018138988954749963,0.0,0.0,-0.003446407901402493,0.0,0.0,0.0,-0.00036307000000000006,-0.00028678524807568273,1.2651646447140381,0.0034662045060658577,19
ranked_carry_lb3_k5_th2_reb6_keep1,ranked_carry,3,5,2.0,6,1.0,optimistic_limit,full,0.06831472611332301,0.018612093629688964,0.009703796182476812,1.9052462118336597,-0.0060662787315637345,0.0015475572443588567,0.0,0.023468086154588397,-0.003446407901402493,0.2558139534883721,0.0,0.0,0.1475031565,0.008954720635586796,17.98082252875028,0.19572488929948073,43
ranked_carry_lb3_k5_th5_reb1_keep2.5,ranked_carry,3,5,5.0,1,2.5,taker,train,-0.0280813959620535,-0.014122269552460875,0.010387541518227666,-1.3640311418374076,-0.0280813959620535,-0.0011835923125159086,0.0,0.0,-0.007763566032323532,0.0,0.0,0.0,0.05612091416666667,0.0033040240685016024,21.921222139884858,0.055178703756484065,24
ranked_carry_lb3_k5_th5_reb1_keep2.5,ranked_carry,3,5,5.0,1,2.5,taker,test,0.0,0.0,0.0,,0.0,0.0,0.0,0.0,0.0,0.0,0.0,0.0,0.0,0.0,0.0,0.0,19
ranked_carry_lb3_k5_th5_reb1_keep2.5,ranked_carry,3,5,5.0,1,2.5,taker,full,-0.0280813959620535,-0.007917045799690547,0.0077656357225109295,-1.0196679207077328,-0.0280813959620535,-0.0006606096627995769,0.0,0.0,-0.007763566032323532,0.0,0.0,0.0,0.056120914166666674,0.0033040240685016046,12.25077251441496,0.030836864069319233,43
ranked_carry_lb3_k5_th5_reb1_keep2.5,ranked_carry,3,5,5.0,1,2.5,optimistic_limit,train,-0.00210276433075407,-0.0010505570192135272,0.00835442229428581,-0.12163579937247124,-0.011825973347354246,-8.628162107400066e-05,0.0,0.0054731463066204356,-0.00537484764800944,0.125,0.0,0.0,0.05612091416666667,0.0033040240685016024,21.921222139884858,0.055178703756484065,24
ranked_carry_lb3_k5_th5_reb1_keep2.5,ranked_carry,3,5,5.0,1,2.5,optimistic_limit,test,0.0,0.0,0.0,,0.0,0.0,0.0,0.0,0.0,0.0,0.0,0.0,0.0,0.0,0.0,0.0,19
ranked_carry_lb3_k5_th5_reb1_keep2.5,ranked_carry,3,5,5.0,1,2.5,optimistic_limit,full,-0.00210276433075407,-0.0005872445798167369,0.006245403196879075,-0.0909318587759435,-0.011825973347354246,-4.8157183855256174e-05,0.0,0.0054731463066204356,-0.00537484764800944,0.06976744186046512,0.0,0.0,0.056120914166666674,0.0033040240685016046,12.25077251441496,0.030836864069319233,43
ranked_carry_lb3_k5_th5_reb3_keep2.5,ranked_carry,3,5,5.0,3,2.5,taker,train,0.005402113535544428,0.002693877485451246,0.008461427033979445,0.32217731163050983,-0.008825985571125017,0.00022536384125444267,0.0,0.005836606805845523,-0.0018121868384559647,0.125,0.0,0.0,0.051860542,0.004465441810891434,12.699994299720686,0.05061848030553497,24
ranked_carry_lb3_k5_th5_reb3_keep2.5,ranked_carry,3,5,5.0,3,2.5,taker,test,0.0,0.0,0.0,,0.0,0.0,0.0,0.0,0.0,0.0,0.0,0.0,0.0,0.0,0.0,0.0,19
ranked_carry_lb3_k5_th5_reb3_keep2.5,ranked_carry,3,5,5.0,3,2.5,taker,full,0.005402113535544428,0.0015045920193395013,0.00632540946839273,0.24085110054241618,-0.008825985571125017,0.00012578446953736335,0.0,0.005836606805845523,-0.0018121868384559647,0.06976744186046512,0.0,0.0,0.051860541999999996,0.004465441810891436,7.097448313210792,0.028288362906565577,43
ranked_carry_lb3_k5_th5_reb3_keep2.5,ranked_carry,3,5,5.0,3,2.5,optimistic_limit,train,0.02088624053527588,0.010375461752393011,0.006936445735427411,1.4915529925298436,-0.004416737066576526,0.0008658230396182964,0.0,0.014293417789867702,-1.0559152777256386e-05,0.16666666666666666,0.0,0.0,0.051860542,0.004465441810891434,12.699994299720686,0.05061848030553497,24
ranked_carry_lb3_k5_th5_reb3_keep2.5,ranked_carry,3,5,5.0,3,2.5,optimistic_limit,test,0.0,0.0,0.0,,0.0,0.0,0.0,0.0,0.0,0.0,0.0,0.0,0.0,0.0,0.0,0.0,19
ranked_carry_lb3_k5_th5_reb3_keep2.5,ranked_carry,3,5,5.0,3,2.5,optimistic_limit,full,0.02088624053527588,0.005785168847440403,0.005185674067156063,1.1149853895351414,-0.004416737066576526,0.00048325006862416544,0.0,0.014293417789867702,-1.0559152777256386e-05,0.09302325581395349,0.0,0.0,0.051860541999999996,0.004465441810891436,7.097448313210792,0.028288362906565577,43
ranked_carry_lb3_k5_th5_reb6_keep2.5,ranked_carry,3,5,5.0,6,2.5,taker,train,0.017962020106154997,0.00892926450725362,0.007343849947696156,1.2141618870173154,-0.005084427736817387,0.0007460824389984808,0.0,0.013696160340556318,-0.001970424852198227,0.16666666666666666,0.0,0.0,0.046303621333333336,0.0022197019782783916,7.656615174143534,0.04377814512911132,24
ranked_carry_lb3_k5_th5_reb6_keep2.5,ranked_carry,3,5,5.0,6,2.5,taker,test,0.0,0.0,0.0,,0.0,0.0,0.0,0.0,0.0,0.0,0.0,0.0,0.0,0.0,0.0,0.0,19
ranked_carry_lb3_k5_th5_reb6_keep2.5,ranked_carry,3,5,5.0,6,2.5,taker,full,0.017962020106154997,0.004980372742523498,0.005490144954982981,0.9076434794030058,-0.005084427736817387,0.0004164181054875242,0.0,0.013696160340556318,-0.001970424852198227,0.09302325581395349,0.0,0.0,0.046303621333333336,0.002219701978278391,4.278933452263388,0.02446561116243509,43
ranked_carry_lb3_k5_th5_reb6_keep2.5,ranked_carry,3,5,5.0,6,2.5,optimistic_limit,train,0.027386550017061362,0.013582832282980295,0.00619111052176876,2.1822566028255963,-0.003880174869918762,0.0011342479944792445,0.0,0.019643623572345614,-0.0006497926003894428,0.16666666666666666,0.0,0.0,0.046303621333333336,0.0022197019782783916,7.656615174143534,0.04377814512911132,24
ranked_carry_lb3_k5_th5_reb6_keep2.5,ranked_carry,3,5,5.0,6,2.5,optimistic_limit,test,0.0,0.0,0.0,,0.0,0.0,0.0,0.0,0.0,0.0,0.0,0.0,0.0,0.0,0.0,0.0,19
ranked_carry_lb3_k5_th5_reb6_keep2.5,ranked_carry,3,5,5.0,6,2.5,optimistic_limit,full,0.027386550017061362,0.007568231281851023,0.0046287585356378095,1.631205059108845,-0.003880174869918762,0.0006330686480814389,0.0,0.019643623572345614,-0.0006497926003894428,0.09302325581395349,0.0,0.0,0.046303621333333336,0.002219701978278391,4.278933452263388,0.02446561116243509,43
ranked_carry_lb6_k1_th0_reb1_keep0,ranked_carry,6,1,0.0,1,0.0,taker,train,-0.8304900765745493,-0.5878048749138391,0.07233174939876749,-12.215837546664556,-0.8305237229780944,-0.07104883005763185,-0.0750216815979966,-0.012650600083264685,-0.11433176996237815,0.0,0.0,0.041666666666666664,0.27096842,0.033525844060543486,517.8202131904463,0.9976628854813886,24
ranked_carry_lb6_k1_th0_reb1_keep0,ranked_carry,6,1,0.0,1,0.0,taker,test,-0.8386438334755992,-0.6846018406791132,0.07624844401580476,-15.09447837112489,-0.8386523295473292,-0.09135964329833053,-0.09462539070004461,-0.057934939019284815,-0.1180036178169388,0.0,0.0,0.3684210526315789,0.08718100000000001,0.029402857070027877,612.3396880415944,0.9971114962449451,19
ranked_carry_lb6_k1_th0_reb1_keep0,ranked_carry,6,1,0.0,1,0.0,taker,full,-0.9726485285682245,-0.6337121934970069,0.07409749027679255,-13.516351018293525,-0.9726506715470516,-0.08002337544305685,-0.07924059697505803,-0.012650600083264685,-0.1180036178169388,0.0,0.0,0.18604651162790697,0.35814942000000005,0.06292870113057136,559.5170590296582,0.9974196425727119,43
ranked_carry_lb6_k1_th0_reb1_keep0,ranked_carry,6,1,0.0,1,0.0,optimistic_limit,train,-0.6835268867346255,-0.43701612629113895,0.056274103313723255,-10.180540221374214,-0.6835897041901757,-0.046678838729467875,-0.04913963565029983,-0.0042930822612016195,-0.0784319904359635,0.0,0.0,0.0,0.27096842,0.033525844060543486,517.8202131904463,0.9976628854813886,24
ranked_carry_lb6_k1_th0_reb1_keep0,ranked_carry,6,1,0.0,1,0.0,optimistic_limit,test,-0.711010526507396,-0.5440014112668836,0.05833791347526998,-13.43083133296634,-0.7110257430023641,-0.063149847580949,-0.06583445119773557,-0.03729491290705078,-0.08225209037225045,0.0,0.0,0.0,0.08718100000000001,0.029402857070027877,612.3396880415944,0.9971114962449451,19
ranked_carry_lb6_k1_th0_reb1_keep0,ranked_carry,6,1,0.0,1,0.0,optimistic_limit,full,-0.9085426016228746,-0.48700064504992646,0.05720372035242958,-11.639408217435037,-0.9085497672800787,-0.0539567263615177,-0.05287061105161983,-0.0042930822612016195,-0.08225209037225045,0.0,0.0,0.0,0.35814942000000005,0.06292870113057136,559.5170590296582,0.9974196425727119,43
ranked_carry_lb6_k1_th0_reb3_keep0,ranked_carry,6,1,0.0,3,0.0,taker,train,-0.642325145291964,-0.4015375483147674,0.061208344081615566,-8.356710095502418,-0.6426380437743091,-0.041848111680075774,-0.046302297388510716,0.0012802700029674874,-0.061027922056000494,0.041666666666666664,0.0,0.0,0.26481564,0.020840605700425452,327.0706264606966,0.9972068631362937,24
ranked_carry_lb6_k1_th0_reb3_keep0,ranked_carry,6,1,0.0,3,0.0,taker,test,-0.6705972834097491,-0.5046379439082914,0.06352986510110928,-11.024994481795314,-0.6708746977759398,-0.05666547606001127,-0.0590393542653459,-0.0262177952193845,-0.07392285060489145,0.0,0.0,0.0,0.08264773,0.01011865405075918,379.54939341421147,0.9965337954939342,19
ranked_carry_lb6_k1_th0_reb3_keep0,ranked_carry,6,1,0.0,3,0.0,taker,full,-0.8821809312031486,-0.4494299199808166,0.06225021528418746,-9.555627210359912,-0.8822276405225059,-0.04839531919679146,-0.04845299348947829,0.0012802700029674874,-0.07392285060489145,0.023255813953488372,0.0,0.0,0.34746337000000005,0.03095925975118463,350.2214010385143,0.9969099423401612,43
ranked_carry_lb6_k1_th0_reb3_keep0,ranked_carry,6,1,0.0,3,0.0,optimistic_limit,train,-0.4694244540333652,-0.2712911367671976,0.04932827938090122,-6.391019816544932,-0.469888608225132,-0.026009964010057948,-0.0288774829958231,0.004903705327318875,-0.04160920811306157,0.041666666666666664,0.0,0.0,0.26481564,0.020840605700425452,327.0706264606966,0.9972068631362937,24
ranked_carry_lb6_k1_th0_reb3_keep0,ranked_carry,6,1,0.0,3,0.0,optimistic_limit,test,-0.5272808986956552,-0.3774708304411014,0.050278175250349694,-9.40143061610248,-0.5276790103786191,-0.038610563432035554,-0.040736456413911326,-0.015606924149692891,-0.05045077964404088,0.0,0.0,0.0,0.08264773,0.01011865405075918,379.54939341421147,0.9965337954939342,19
ranked_carry_lb6_k1_th0_reb3_keep0,ranked_carry,6,1,0.0,3,0.0,optimistic_limit,full,-0.7491868047365926,-0.32019838758407027,0.04975577141436591,-7.731907263448833,-0.7492862395204204,-0.03157767073139689,-0.03149830574655976,0.004903705327318875,-0.05045077964404088,0.023255813953488372,0.0,0.0,0.34746337000000005,0.03095925975118463,350.2214010385143,0.9969099423401612,43
ranked_carry_lb6_k1_th0_reb6_keep0,ranked_carry,6,1,0.0,6,0.0,taker,train,-0.4690890629786554,-0.2710611568918364,0.0544633842980812,-5.777731198687525,-0.4724122773891596,-0.025954847926991525,-0.025363871417660666,0.009921574097423669,-0.04729872383967093,0.041666666666666664,0.0,0.0,0.25983576,0.015988449764891444,226.2030439491535,0.9972068631362937,24
ranked_carry_lb6_k1_th0_reb6_keep0,ranked_carry,6,1,0.0,6,0.0,taker,test,-0.5300556972896842,-0.3797848892680178,0.05624002907385638,-8.46535389468217,-0.5306365123784889,-0.03890374794567708,-0.03752404044658597,-0.018801425150409834,-0.05483579895000901,0.0,0.0,0.0,0.07940158,0.015982148044315636,268.2149046793761,0.9965337954939342,19
ranked_carry_lb6_k1_th0_reb6_keep0,ranked_carry,6,1,0.0,6,0.0,taker,full,-0.7505014299002216,-0.3211946068851981,0.05525993423955778,-6.983055107437491,-0.7519801642294168,-0.03167645491199212,-0.03313866141284483,0.009921574097423669,-0.05483579895000901,0.023255813953488372,0.0,0.0,0.33923734000000005,0.03197059780920708,244.73638941097767,0.9969099423401612,43
ranked_carry_lb6_k1_th0_reb6_keep0,ranked_carry,6,1,0.0,6,0.0,optimistic_limit,train,-0.302627731158999,-0.1647144840154574,0.045311967485791624,-3.949353299031957,-0.30740940554942875,-0.014853596427326149,-0.015433036699663116,0.011138341186826883,-0.03226666096143127,0.08333333333333333,0.0,0.0,0.25983576,0.015988449764891444,226.2030439491535,0.9972068631362937,24
ranked_carry_lb6_k1_th0_reb6_keep0,ranked_carry,6,1,0.0,6,0.0,optimistic_limit,test,-0.3933974601074416,-0.2710981540248837,0.04575599922637575,-6.887901295533492,-0.39414717428855817,-0.02593231463567867,-0.025136880059887123,-0.010497525347650472,-0.038765284062008964,0.0,0.0,0.0,0.07940158,0.015982148044315636,268.2149046793761,0.9965337954939342,19
ranked_carry_lb6_k1_th0_reb6_keep0,ranked_carry,6,1,0.0,6,0.0,optimistic_limit,full,-0.5769722104704147,-0.21343579818114433,0.04551339435769825,-5.2521095329200636,-0.5797321580507024,-0.019748844007760984,-0.01927648861713227,0.011138341186826883,-0.038765284062008964,0.046511627906976744,0.0,0.0,0.33923734000000005,0.03197059780920708,244.73638941097767,0.9969099423401612,43
ranked_carry_lb6_k1_th0.5_reb1_keep0.25,ranked_carry,6,1,0.5,1,0.25,taker,train,-0.8188251505123431,-0.5738766866480935,0.07104734148510063,-11.970280360164466,-0.8188611123131326,-0.06848564914190407,-0.06974957495338657,-0.012650600083264685,-0.11433176996237815,0.0,0.0,0.041666666666666664,0.26918345,0.03367042317196667,500.84250128256286,0.9807900587128769,24
ranked_carry_lb6_k1_th0.5_reb1_keep0.25,ranked_carry,6,1,0.5,1,0.25,taker,test,-0.757123472472027,-0.5914871136314147,0.06565532499595655,-13.6017369726418,-0.7571362609290403,-0.07148928269676862,-0.07494381808905992,-0.03644140603446211,-0.1180036178169388,0.0,0.0,0.10526315789473684,0.07886101000000001,0.0214231865597857,478.2322357019064,0.8445984979780474,19
ranked_carry_lb6_k1_th0.5_reb1_keep0.25,ranked_carry,6,1,0.5,1,0.25,taker,full,-0.9559968816810351,-0.5817371401108749,0.0687201449940477,-12.648927080572474,-0.9560003293109414,-0.06981283606149538,-0.06985524596543657,-0.012650600083264685,-0.1180036178169388,0.0,0.0,0.06976744186046512,0.34804446000000006,0.05509360973175237,490.86808320856295,0.9207097575738269,43
ranked_carry_lb6_k1_th0.5_reb1_keep0.25,ranked_carry,6,1,0.5,1,0.25,optimistic_limit,train,-0.668609807956374,-0.4239180630624102,0.05542037132323635,-9.923266165863454,-0.6686755863362298,-0.04486002625924407,-0.04495384648684614,-0.0042930822612016195,-0.0784319904359635,0.0,0.0,0.0,0.26918345,0.03367042317196667,500.84250128256286,0.9807900587128769,24
ranked_carry_lb6_k1_th0.5_reb1_keep0.25,ranked_carry,6,1,0.5,1,0.25,optimistic_limit,test,-0.6171656585166831,-0.45522137471511415,0.0503217645306034,-12.044234252926035,-0.617185816333369,-0.04913890676386955,-0.05182719929085422,-0.025263406559209334,-0.08225209037225045,0.0,0.0,0.0,0.07886101000000001,0.0214231865597857,478.2322357019064,0.8445984979780474,19
ranked_carry_lb6_k1_th0.5_reb1_keep0.25,ranked_carry,6,1,0.5,1,0.25,optimistic_limit,full,-0.8731324540549492,-0.43794318918089037,0.053231380383220124,-10.796549872152175,-0.8731423940856161,-0.04675069438919486,-0.04603640464130565,-0.0042930822612016195,-0.08225209037225045,0.0,0.0,0.0,0.34804446000000006,0.05509360973175237,490.86808320856295,0.9207097575738269,43
ranked_carry_lb6_k1_th0.5_reb3_keep0.25,ranked_carry,6,1,0.5,3,0.25,taker,train,-0.6240270763637684,-0.38644036093515866,0.06002689788582046,-8.107364224907846,-0.6243559822280194,-0.03985942121994529,-0.04056138892386796,0.0012802700029674874,-0.061027922056000494,0.041666666666666664,0.0,0.0,0.26372908,0.019673311020990236,314.0876702958445,0.9766858576070228,24
ranked_carry_lb6_k1_th0.5_reb3_keep0.25,ranked_carry,6,1,0.5,3,0.25,taker,test,-0.5806136759234046,-0.4228715883289136,0.05507536748682102,-9.952796896677244,-0.5809668721340706,-0.04458818443799704,-0.042504695793571856,-0.016197044940001182,-0.07392285060489145,0.0,0.0,0.0,0.07445458,0.011011646871856962,301.10918544194107,0.830155979202773,19
ranked_carry_lb6_k1_th0.5_reb3_keep0.25,ranked_carry,6,1,0.5,3,0.25,taker,full,-0.8423220976038712,-0.40278703809196903,0.05789479361613772,-8.87450678486917,-0.8423846089407357,-0.04194887473489839,-0.042415103154566314,0.0012802700029674874,-0.07392285060489145,0.023255813953488372,0.0,0.0,0.33818366000000005,0.030684957892847198,308.3622694402854,0.9120448536204645,43
ranked_carry_lb6_k1_th0.5_reb3_keep0.25,ranked_carry,6,1,0.5,3,0.25,optimistic_limit,train,-0.4509508546607094,-0.25873020648455924,0.04853092507671704,-6.144686543740684,-0.4514311697906329,-0.024625929654939854,-0.026368347006032022,0.004903705327318875,-0.04160920811306157,0.041666666666666664,0.0,0.0,0.26372908,0.019673311020990236,314.0876702958445,0.9766858576070228,24
ranked_carry_lb6_k1_th0.5_reb3_keep0.25,ranked_carry,6,1,0.5,3,0.25,optimistic_limit,test,-0.4414825623451222,-0.30820102921103787,0.043881971762479065,-8.374474085397512,-0.44195293114650125,-0.030134242567001212,-0.02974604135103065,-0.01026776458708678,-0.05021097889703141,0.0,0.0,0.0,0.07445458,0.011011646871856962,301.10918544194107,0.830155979202773,19
ranked_carry_lb6_k1_th0.5_reb3_keep0.25,ranked_carry,6,1,0.5,3,0.25,optimistic_limit,full,-0.6933464781984982,-0.28097576543009917,0.04653807057010158,-7.06454679068844,-0.693468050855863,-0.027059835360269284,-0.02848289750694466,0.004903705327318875,-0.05021097889703141,0.023255813953488372,0.0,0.0,0.33818366000000005,0.030684957892847198,308.3622694402854,0.9120448536204645,43
ranked_carry_lb6_k1_th0.5_reb6_keep0.25,ranked_carry,6,1,0.5,6,0.25,taker,train,-0.4577801465173892,-0.2633486921923722,0.05383019879234672,-5.650819457205015,-0.4611741486090858,-0.02510719334898155,-0.024611718505874458,0.009921574097423669,-0.041442647100660035,0.041666666666666664,0.0,0.0,0.25797718000000003,0.01485469200791989,220.21091033460638,0.9753177905717381,24
ranked_carry_lb6_k1_th0.5_reb6_keep0.25,ranked_carry,6,1,0.5,6,0.25,taker,test,-0.428027204333683,-0.2977043957146881,0.046814925875574856,-7.525297190205001,-0.42873411880885126,-0.028921753163094303,-0.029582226795949573,-0.010275942386299586,-0.04674234804361288,0.0,0.0,0.0,0.07101673,0.020065667815902355,204.9566724436742,0.7920277296360485,19
ranked_carry_lb6_k1_th0.5_reb6_keep0.25,ranked_carry,6,1,0.5,6,0.25,taker,full,-0.6898649945377737,-0.2787070008154314,0.05085472994986028,-6.398793331827919,-0.6917031103998353,-0.026792696522659278,-0.02745744142493911,0.009921574097423669,-0.04674234804361288,0.023255813953488372,0.0,0.0,0.32899391,0.034920359823822245,213.48157115096683,0.8944601955974643,43
ranked_carry_lb6_k1_th0.5_reb6_keep0.25,ranked_carry,6,1,0.5,6,0.25,optimistic_limit,train,-0.2929079909287077,-0.15892129376045772,0.044942171957487384,-3.8284350983971067,-0.29775631068921804,-0.014290484135982962,-0.015093795215202765,0.011138341186826883,-0.027491489440843564,0.08333333333333333,0.0,0.0,0.25797718000000003,0.01485469200791989,220.21091033460638,0.9753177905717381,24
ranked_carry_lb6_k1_th0.5_reb6_keep0.25,ranked_carry,6,1,0.5,6,0.25,optimistic_limit,test,-0.3048840401875109,-0.2055104034144456,0.03819927051272745,-6.003314293881806,-0.30574315016203235,-0.018933735062855034,-0.019142241579476527,-0.006701033650580057,-0.030537820516721603,0.0,0.0,0.0,0.07101673,0.020065667815902355,204.9566724436742,0.7920277296360485,19
ranked_carry_lb6_k1_th0.5_reb6_keep0.25,ranked_carry,6,1,0.5,6,0.25,optimistic_limit,full,-0.5084890594386675,-0.17980148023561826,0.04210135544130391,-4.686784122178474,-0.5116958095970807,-0.01634215315018225,-0.01728482234250517,0.011138341186826883,-0.030537820516721603,0.046511627906976744,0.0,0.0,0.32899391,0.034920359823822245,213.48157115096683,0.8944601955974643,43
ranked_carry_lb6_k1_th1_reb1_keep0.5,ranked_carry,6,1,1.0,1,0.5,taker,train,-0.5649419871230266,-0.34005076483922236,0.055736015703957836,-7.428357742081345,-0.5649419871230266,-0.03384170032722349,-0.030925987070870853,-0.002669452432195518,-0.08537057863033859,0.0,0.0,0.0,0.24272211000000005,0.03613670510626854,276.6368352049251,0.7669725816565012,24
ranked_carry_lb6_k1_th1_reb1_keep0.5,ranked_carry,6,1,1.0,1,0.5,taker,test,-0.22962301578298505,-0.15212757723188464,0.03000582700640816,-5.4846906850344475,-0.22962301578298505,-0.01356566718538281,-0.009373022855817759,0.0,-0.04166827911577209,0.0,0.0,0.0,0.037551770000000005,0.010288130575154208,97.41767764298093,0.3096476025418833,19
ranked_carry_lb6_k1_th1_reb1_keep0.5,ranked_carry,6,1,1.0,1,0.5,taker,full,-0.6648413200803928,-0.26291770401106596,0.046205629279291886,-6.578881768539027,-0.6648413200803928,-0.024882522892456682,-0.02146717723582736,0.0,-0.08537057863033859,0.0,0.0,0.0,0.28027388000000003,0.04642483568142275,197.5751011436399,0.5652257016342264,43
ranked_carry_lb6_k1_th1_reb1_keep0.5,ranked_carry,6,1,1.0,1,0.5,optimistic_limit,train,-0.39273083832196853,-0.22047039364788468,0.04507100678562639,-5.503426267447206,-0.39273083832196853,-0.02047547349149813,-0.01861846128362271,-0.0008699089346801969,-0.05287061105161983,0.0,0.0,0.0,0.24272211000000005,0.03613670510626854,276.6368352049251,0.7669725816565012,24
ranked_carry_lb6_k1_th1_reb1_keep0.5,ranked_carry,6,1,1.0,1,0.5,optimistic_limit,test,-0.15483530918481592,-0.10094888027856896,0.024184118068765244,-4.3880894474326215,-0.15483530918481592,-0.008785221227744219,-0.005792221041953094,0.0,-0.027725835679467403,0.0,0.0,0.0,0.037551770000000005,0.010288130575154208,97.41767764298093,0.3096476025418833,19
ranked_carry_lb6_k1_th1_reb1_keep0.5,ranked_carry,6,1,1.0,1,0.5,optimistic_limit,full,-0.4867575467287911,-0.1698389312035562,0.03733357619202608,-4.967011743783308,-0.4867575467287911,-0.015310013188909195,-0.012593158275247318,0.0,-0.05287061105161983,0.0,0.0,0.0,0.28027388000000003,0.04642483568142275,197.5751011436399,0.5652257016342264,43
ranked_carry_lb6_k1_th1_reb3_keep0.5,ranked_carry,6,1,1.0,3,0.5,taker,train,-0.39673109070607804,-0.2230387598175272,0.04862169170165533,-5.165963086861793,-0.39673109070607804,-0.020746549150331663,-0.02119973705846545,0.0012802700029674874,-0.0497825233621676,0.125,0.0,0.0,0.23487163000000003,0.022113155636139692,189.75089779399192,0.7510117995781793,24
ranked_carry_lb6_k1_th1_reb3_keep0.5,ranked_carry,6,1,1.0,3,0.5,taker,test,-0.18072339460115916,-0.11846877823532076,0.02720942566204845,-4.620577686694497,-0.18072339460115916,-0.010391890675682861,-0.006479511970392093,0.0,-0.037558704436896684,0.0,0.0,0.0,0.033241240000000005,0.008012666980224514,75.90987868284229,0.29809358752166376,19
ranked_carry_lb6_k1_th1_reb3_keep0.5,ranked_carry,6,1,1.0,3,0.5,taker,full,-0.505755895851016,-0.17853125206964604,0.04059766424428555,-4.823778159511806,-0.505755895851016,-0.016171234940603123,-0.014076027340555242,0.0012802700029674874,-0.0497825233621676,0.06976744186046512,0.0,0.0,0.26811287,0.030125822616364206,139.53043866076263,0.5512089452390813,43
ranked_carry_lb6_k1_th1_reb3_keep0.5,ranked_carry,6,1,1.0,3,0.5,optimistic_limit,train,-0.2416843650221201,-0.12902885467947567,0.040445700320977794,-3.3953504274941104,-0.2429451896685969,-0.011427199244934188,-0.012243291518572896,0.004903705327318875,-0.027796847166966177,0.125,0.0,0.0,0.23487163000000003,0.022113155636139692,189.75089779399192,0.7510117995781793,24
ranked_carry_lb6_k1_th1_reb3_keep0.5,ranked_carry,6,1,1.0,3,0.5,optimistic_limit,test,-0.11939367921395971,-0.07727998358092092,0.02243009837687815,-3.5745424083729556,-0.11939367921395971,-0.006650764488029826,-0.004088228684594575,0.0,-0.02473236953005087,0.0,0.0,0.0,0.033241240000000005,0.008012666980224514,75.90987868284229,0.29809358752166376,19
ranked_carry_lb6_k1_th1_reb3_keep0.5,ranked_carry,6,1,1.0,3,0.5,optimistic_limit,full,-0.33222245868759737,-0.1065678041764695,0.033707700504884655,-3.326120181234951,-0.3330113031476458,-0.009316681561650865,-0.008442305354018909,0.004903705327318875,-0.027796847166966177,0.06976744186046512,0.0,0.0,0.26811287,0.030125822616364206,139.53043866076263,0.5512089452390813,43
ranked_carry_lb6_k1_th1_reb6_keep0.5,ranked_carry,6,1,1.0,6,0.5,taker,train,-0.2634822054227953,-0.14162178372865775,0.044673468665620164,-3.3959863505620747,-0.268287110796092,-0.012613046381684803,-0.013996848072059531,0.009921574097423669,-0.03487183178660391,0.125,0.0,0.0,0.23331710000000003,0.012863593730058076,137.3197286667047,0.7673716012084593,24
ranked_carry_lb6_k1_th1_reb6_keep0.5,ranked_carry,6,1,1.0,6,0.5,taker,test,-0.10404320970904313,-0.06713748787807872,0.022019497450698818,-3.1451413138332547,-0.10438021054086433,-0.005742462124442223,-0.005641324164171069,0.0,-0.02559712717161,0.0,0.0,0.0,0.027852380000000003,0.008668697345324827,46.17850953206239,0.23750722125938764,19
ranked_carry_lb6_k1_th1_reb6_keep0.5,ranked_carry,6,1,1.0,6,0.5,taker,full,-0.3401118807784361,-0.10952603558301888,0.03646044531848857,-3.1633010883893764,-0.3432248062555957,-0.009577206826159012,-0.0073289641801079775,0.009921574097423669,-0.03487183178660391,0.06976744186046512,0.0,0.0,0.26116948,0.021532291075382903,97.1131853078908,0.533624287216081,43
ranked_carry_lb6_k1_th1_reb6_keep0.5,ranked_carry,6,1,1.0,6,0.5,optimistic_limit,train,-0.13089375372887724,-0.067655581409928,0.038317936691142356,-1.8090392804659972,-0.13708242947170612,-0.005804886105160357,-0.0067234839085892895,0.011138341186826883,-0.01728482234250517,0.20833333333333334,0.0,0.0,0.23331710000000003,0.012863593730058076,137.3197286667047,0.7673716012084593,24
ranked_carry_lb6_k1_th1_reb6_keep0.5,ranked_carry,6,1,1.0,6,0.5,optimistic_limit,test,-0.06381876846985757,-0.040858244401908106,0.018377901214872677,-2.2607219908864495,-0.06417089912747398,-0.003455979146402727,-0.0023244681568985737,0.0,-0.01557411802477826,0.0,0.0,0.0,0.027852380000000003,0.008668697345324827,46.17850953206239,0.23750722125938764,19
ranked_carry_lb6_k1_th1_reb6_keep0.5,ranked_carry,6,1,1.0,6,0.5,optimistic_limit,full,-0.18635904403536263,-0.055927604827595956,0.031137385521997855,-1.832763227152932,-0.19068383862195082,-0.004766996983848846,-0.004002058848382561,0.011138341186826883,-0.01728482234250517,0.11627906976744186,0.0,0.0,0.26116948,0.021532291075382903,97.1131853078908,0.533624287216081,43
ranked_carry_lb6_k1_th2_reb1_keep1,ranked_carry,6,1,2.0,1,1.0,taker,train,-0.23495493907547227,-0.1251778818999506,0.03363469501714172,-3.9592150202944607,-0.23651768392752726,-0.010916235427482976,-0.0010205759277058801,0.0,-0.0744855104096972,0.0,0.0,0.0,0.14453217000000002,0.02878421121366115,109.85578293336374,0.2891181667901727,24
ranked_carry_lb6_k1_th2_reb1_keep1,ranked_carry,6,1,2.0,1,1.0,taker,test,0.0,0.0,0.0,,0.0,0.0,0.0,0.0,0.0,0.0,0.0,0.0,0.0,0.0,0.0,0.0,19
ranked_carry_lb6_k1_th2_reb1_keep1,ranked_carry,6,1,2.0,1,1.0,taker,full,-0.23495493907547227,-0.07201363194108157,0.02515375040961483,-2.9586428828262554,-0.23651768392752726,-0.006092782564176545,0.0,0.0,-0.0744855104096972,0.0,0.0,0.0,0.14453217,0.02878421121366115,61.393393010735565,0.16157497371858176,43
ranked_carry_lb6_k1_th2_reb1_keep1,ranked_carry,6,1,2.0,1,1.0,optimistic_limit,train,-0.1266266560448066,-0.06537259385806515,0.026578079704479785,-2.530413058530214,-0.12956576784589835,-0.005570025782347447,0.0,0.0003969678522084408,-0.04044253269683262,0.08333333333333333,0.0,0.0,0.14453217000000002,0.02878421121366115,109.85578293336374,0.2891181667901727,24
ranked_carry_lb6_k1_th2_reb1_keep1,ranked_carry,6,1,2.0,1,1.0,optimistic_limit,test,0.0,0.0,0.0,,0.0,0.0,0.0,0.0,0.0,0.0,0.0,0.0,0.0,0.0,0.0,0.0,19
ranked_carry_lb6_k1_th2_reb1_keep1,ranked_carry,6,1,2.0,1,1.0,optimistic_limit,full,-0.1266266560448066,-0.03707779500931607,0.019871813679683437,-1.8913688214468158,-0.12956576784589835,-0.0031088515994497383,0.0,0.0003969678522084408,-0.04044253269683262,0.046511627906976744,0.0,0.0,0.14453217,0.02878421121366115,61.393393010735565,0.16157497371858176,43
ranked_carry_lb6_k1_th2_reb3_keep1,ranked_carry,6,1,2.0,3,1.0,taker,train,-0.12543054735262615,-0.06473365300817979,0.028898119092761788,-2.3013759114897434,-0.13006797342314924,-0.005523000931563933,0.0,0.005226133392798538,-0.030318978084080905,0.08333333333333333,0.0,0.0,0.14757914000000003,0.01923537493807459,74.90167018183891,0.31465541811548764,24
ranked_carry_lb6_k1_th2_reb3_keep1,ranked_carry,6,1,2.0,3,1.0,taker,test,0.0,0.0,0.0,,0.0,0.0,0.0,0.0,0.0,0.0,0.0,0.0,0.0,0.0,0.0,0.0,19
ranked_carry_lb6_k1_th2_reb3_keep1,ranked_carry,6,1,2.0,3,1.0,taker,full,-0.12543054735262615,-0.036709965484118534,0.02160585139768714,-1.7202218798863185,-0.13006797342314924,-0.003082605171105451,0.0,0.005226133392798538,-0.030318978084080905,0.046511627906976744,0.0,0.0,0.14757914,0.01923537493807459,41.85913159822879,0.17584658023000224,43
ranked_carry_lb6_k1_th2_reb3_keep1,ranked_carry,6,1,2.0,3,1.0,optimistic_limit,train,-0.04279458355073762,-0.02160319581278447,0.02346396551896828,-0.9190446960428644,-0.052947203541151344,-0.0018107163117352387,0.0,0.007649807610630388,-0.0113640106023567,0.16666666666666666,0.0,0.0,0.14757914000000003,0.01923537493807459,74.90167018183891,0.31465541811548764,24
ranked_carry_lb6_k1_th2_reb3_keep1,ranked_carry,6,1,2.0,3,1.0,optimistic_limit,test,0.0,0.0,0.0,,0.0,0.0,0.0,0.0,0.0,0.0,0.0,0.0,0.0,0.0,0.0,0.0,19
ranked_carry_lb6_k1_th2_reb3_keep1,ranked_carry,6,1,2.0,3,1.0,optimistic_limit,full,-0.04279458355073762,-0.012131176073597927,0.017541007895338412,-0.6870403012667947,-0.052947203541151344,-0.0010106323600382729,0.0,0.007649807610630388,-0.0113640106023567,0.09302325581395349,0.0,0.0,0.14757914,0.01923537493807459,41.85913159822879,0.17584658023000224,43
ranked_carry_lb6_k1_th2_reb6_keep1,ranked_carry,6,1,2.0,6,1.0,taker,train,-0.03442781485655533,-0.017342105725400403,0.02544058561153731,-0.6749127408745043,-0.039656198474446236,-0.001449722737068194,0.0,0.009921574097423669,-0.012131599579458752,0.08333333333333333,0.0,0.0,0.14780369,0.009810877760269454,47.9370689163769,0.3119192840449182,24
ranked_carry_lb6_k1_th2_reb6_keep1,ranked_carry,6,1,2.0,6,1.0,taker,test,0.0,0.0,0.0,,0.0,0.0,0.0,0.0,0.0,0.0,0.0,0.0,0.0,0.0,0.0,0.0,19
ranked_carry_lb6_k1_th2_reb6_keep1,ranked_carry,6,1,2.0,6,1.0,taker,full,-0.03442781485655533,-0.009729097795078356,0.019018487736810544,-0.504542160275267,-0.039656198474446236,-0.0008091475741775967,0.0,0.009921574097423669,-0.012131599579458752,0.046511627906976744,0.0,0.0,0.14780369000000002,0.009810877760269454,26.789844222866424,0.17431747953235005,43
ranked_carry_lb6_k1_th2_reb6_keep1,ranked_carry,6,1,2.0,6,1.0,optimistic_limit,train,0.023011829028985575,0.011425387755869432,0.02150875949380721,0.5389462831935334,-0.01232723547664194,0.0009542348474603732,0.0,0.011138341186826883,-0.003473347634079693,0.25,0.0,0.0,0.14780369,0.009810877760269454,47.9370689163769,0.3119192840449182,24
ranked_carry_lb6_k1_th2_reb6_keep1,ranked_carry,6,1,2.0,6,1.0,optimistic_limit,test,0.0,0.0,0.0,,0.0,0.0,0.0,0.0,0.0,0.0,0.0,0.0,0.0,0.0,0.0,0.0,19
ranked_carry_lb6_k1_th2_reb6_keep1,ranked_carry,6,1,2.0,6,1.0,optimistic_limit,full,0.023011829028985575,0.006369125131626241,0.016079125885300232,0.40289986483303336,-0.01232723547664194,0.0005325961939313712,0.0,0.011138341186826883,-0.003473347634079693,0.13953488372093023,0.0,0.0,0.14780369000000002,0.009810877760269454,26.789844222866424,0.17431747953235005,43
ranked_carry_lb6_k1_th5_reb1_keep2.5,ranked_carry,6,1,5.0,1,2.5,taker,train,-0.044792865230375845,-0.02262365105994124,0.015577681977372346,-1.4611864311695073,-0.045974856636645134,-0.0018859385537104655,0.0,0.0007990794485581709,-0.0322747156507629,0.041666666666666664,0.0,0.0,0.04754263,0.006873811958201026,24.967223393946302,0.04332212278401642,24
ranked_carry_lb6_k1_th5_reb1_keep2.5,ranked_carry,6,1,5.0,1,2.5,taker,test,0.0,0.0,0.0,,0.0,0.0,0.0,0.0,0.0,0.0,0.0,0.0,0.0,0.0,0.0,0.0,19
ranked_carry_lb6_k1_th5_reb1_keep2.5,ranked_carry,6,1,5.0,1,2.5,taker,full,-0.044792865230375845,-0.01270711559338289,0.0116458200882296,-1.0922878425228082,-0.045974856636645134,-0.0010526168671872364,0.0,0.0007990794485581709,-0.0322747156507629,0.023255813953488372,0.0,0.0,0.04754263,0.006873811958201026,13.953043866076264,0.024210761046159726,43
ranked_carry_lb6_k1_th5_reb1_keep2.5,ranked_carry,6,1,5.0,1,2.5,optimistic_limit,train,-0.015608223199017224,-0.007824572034898725,0.012140956239702695,-0.6409349761590952,-0.018228949185598475,-0.0006521070666408909,0.0,0.0014007622618539273,-0.012262625116723824,0.041666666666666664,0.0,0.0,0.04754263,0.006873811958201026,24.967223393946302,0.04332212278401642,24
ranked_carry_lb6_k1_th5_reb1_keep2.5,ranked_carry,6,1,5.0,1,2.5,optimistic_limit,test,0.0,0.0,0.0,,0.0,0.0,0.0,0.0,0.0,0.0,0.0,0.0,0.0,0.0,0.0,0.0,19
ranked_carry_lb6_k1_th5_reb1_keep2.5,ranked_carry,6,1,5.0,1,2.5,optimistic_limit,full,-0.015608223199017224,-0.004380372350458517,0.009076141993438648,-0.47914206080944427,-0.018228949185598475,-0.00036396673486933446,0.0,0.0014007622618539273,-0.012262625116723824,0.023255813953488372,0.0,0.0,0.04754263,0.006873811958201026,13.953043866076264,0.024210761046159726,43
ranked_carry_lb6_k1_th5_reb3_keep2.5,ranked_carry,6,1,5.0,3,2.5,taker,train,-0.01514472566218339,-0.0075913245422744025,0.012678021878022808,-0.5947117265378917,-0.016312832618623485,-0.0006342366354558741,0.0,0.0,-0.007834303786492192,0.0,0.0,0.0,0.044524509999999996,0.004376157244415646,15.979022972125636,0.04104201105854187,24
ranked_carry_lb6_k1_th5_reb3_keep2.5,ranked_carry,6,1,5.0,3,2.5,taker,test,0.0,0.0,0.0,,0.0,0.0,0.0,0.0,0.0,0.0,0.0,0.0,0.0,0.0,0.0,0.0,19
ranked_carry_lb6_k1_th5_reb3_keep2.5,ranked_carry,6,1,5.0,3,2.5,taker,full,-0.01514472566218339,-0.004249575236620395,0.009477619307669102,-0.44458770804746556,-0.016312832618623485,-0.00035399254071955764,0.0,0.0,-0.007834303786492192,0.0,0.0,0.0,0.04452451,0.004376157244415646,8.92994807428881,0.0229365104647829,43
ranked_carry_lb6_k1_th5_reb3_keep2.5,ranked_carry,6,1,5.0,3,2.5,optimistic_limit,train,0.004007090967865112,0.001998915626299169,0.010067292847461157,0.20339584177564315,-0.0068458505293300664,0.00016704336326181976,0.0,0.0041853044092643454,-0.00115192482983284,0.125,0.0,0.0,0.044524509999999996,0.004376157244415646,15.979022972125636,0.04104201105854187,24
ranked_carry_lb6_k1_th5_reb3_keep2.5,ranked_carry,6,1,5.0,3,2.5,optimistic_limit,test,0.0,0.0,0.0,,0.0,0.0,0.0,0.0,0.0,0.0,0.0,0.0,0.0,0.0,0.0,0.0,19
ranked_carry_lb6_k1_th5_reb3_keep2.5,ranked_carry,6,1,5.0,3,2.5,optimistic_limit,full,0.004007090967865112,0.0011166108249895945,0.007525875852634779,0.15205350463356965,-0.0068458505293300664,9.323350507636451e-05,0.0,0.0041853044092643454,-0.00115192482983284,0.06976744186046512,0.0,0.0,0.04452451,0.004376157244415646,8.92994807428881,0.0229365104647829,43
ranked_carry_lb6_k1_th5_reb6_keep2.5,ranked_carry,6,1,5.0,6,2.5,taker,train,0.007537675427332635,0.0037568211213294678,0.010574559273660189,0.35989856559285327,-0.005115169929650665,0.00031367384997384634,0.0,0.0034279366120539834,-0.0029528586100204812,0.16666666666666666,0.0,0.0,0.04242323,0.005198299743851442,9.986889357578521,0.04104201105854187,24
ranked_carry_lb6_k1_th5_reb6_keep2.5,ranked_carry,6,1,5.0,6,2.5,taker,test,0.0,0.0,0.0,,0.0,0.0,0.0,0.0,0.0,0.0,0.0,0.0,0.0,0.0,0.0,0.0,19
ranked_carry_lb6_k1_th5_reb6_keep2.5,ranked_carry,6,1,5.0,6,2.5,taker,full,0.007537675427332635,0.0020977795600582994,0.007905103999619321,0.2690503220392427,-0.005115169929650665,0.00017507377672958867,0.0,0.0034279366120539834,-0.0029528586100204812,0.09302325581395349,0.0,0.0,0.042423230000000006,0.005198299743851442,5.581217546430506,0.0229365104647829,43
ranked_carry_lb6_k1_th5_reb6_keep2.5,ranked_carry,6,1,5.0,6,2.5,optimistic_limit,train,0.019735734769486868,0.009806717457427672,0.008823974062710549,1.1103729747256645,-0.003916283098072015,0.0008178320326297136,0.0,0.011919852044292023,-0.00115192482983284,0.16666666666666666,0.0,0.0,0.04242323,0.005198299743851442,9.986889357578521,0.04104201105854187,24
ranked_carry_lb6_k1_th5_reb6_keep2.5,ranked_carry,6,1,5.0,6,2.5,optimistic_limit,test,0.0,0.0,0.0,,0.0,0.0,0.0,0.0,0.0,0.0,0.0,0.0,0.0,0.0,0.0,0.0,19
ranked_carry_lb6_k1_th5_reb6_keep2.5,ranked_carry,6,1,5.0,6,2.5,optimistic_limit,full,0.019735734769486868,0.005468728293150926,0.006596622035786928,0.8300613973340051,-0.003916283098072015,0.0004564643903049564,0.0,0.011919852044292023,-0.00115192482983284,0.09302325581395349,0.0,0.0,0.042423230000000006,0.005198299743851442,5.581217546430506,0.0229365104647829,43
ranked_carry_lb6_k2_th0_reb1_keep0,ranked_carry,6,2,0.0,1,0.0,taker,train,-0.7348351324847903,-0.4846101100081208,0.048650041173577976,-13.599622605831703,-0.7349901818041849,-0.05363232788022453,-0.058217222885098285,0.00012428913209405756,-0.07396295602199865,0.041666666666666664,0.0,0.0,0.264795315,0.022223149649827856,402.4716411104144,0.9976628854813886,24
ranked_carry_lb6_k2_th0_reb1_keep0,ranked_carry,6,2,0.0,1,0.0,taker,test,-0.7718750858910886,-0.6073628329160612,0.05210598342201945,-17.91464568111095,-0.7719957368547585,-0.07472905694927194,-0.07521300191361469,-0.04611810787593207,-0.09525411766741498,0.0,0.0,0.0,0.08172269500000001,0.024642912636297976,500.3726169844021,0.9971114962449451,19
ranked_carry_lb6_k2_th0_reb1_keep0,ranked_carry,6,2,0.0,1,0.0,taker,full,-0.939509287373391,-0.5428939388388401,0.050223845177759074,-15.56118085069612,-0.9395285712524826,-0.06295413839910595,-0.06189091944386571,0.00012428913209405756,-0.09525411766741498,0.023255813953488372,0.0,0.0,0.34651801,0.04686606228612583,445.66022108247586,0.9974196425727119,43
ranked_carry_lb6_k2_th0_reb1_keep0,ranked_carry,6,2,0.0,1,0.0,optimistic_limit,train,-0.5695412612484871,-0.34354383078851913,0.03872852556202614,-10.848314232353268,-0.5697929625205909,-0.03441835455883973,-0.037043727791102266,0.004340796337622299,-0.05073552513102475,0.041666666666666664,0.0,0.0,0.264795315,0.022223149649827856,402.4716411104144,0.9976628854813886,24
ranked_carry_lb6_k2_th0_reb1_keep0,ranked_carry,6,2,0.0,1,0.0,optimistic_limit,test,-0.6329818227934125,-0.46956880829430236,0.04012119794872972,-15.783094549915528,-0.6331759317838195,-0.051331581349294275,-0.05197194298112384,-0.029927760545348736,-0.06652210462795849,0.0,0.0,0.0,0.08172269500000001,0.024642912636297976,500.3726169844021,0.9971114962449451,19
ranked_carry_lb6_k2_th0_reb1_keep0,ranked_carry,6,2,0.0,1,0.0,optimistic_limit,full,-0.8420138183407746,-0.4024614295273028,0.039364578023135026,-13.061138490467647,-0.8420641828726668,-0.04189164081508709,-0.04191260428925103,0.004340796337622299,-0.06652210462795849,0.023255813953488372,0.0,0.0,0.34651801,0.04686606228612583,445.66022108247586,0.9974196425727119,43
ranked_carry_lb6_k2_th0_reb3_keep0,ranked_carry,6,2,0.0,3,0.0,taker,train,-0.5230358153315198,-0.3090388213576759,0.04383012024547713,-8.41208026545428,-0.5232988895343188,-0.030278630436133377,-0.0326816955393604,0.006711515792958478,-0.04987852056459452,0.041666666666666664,0.0,0.0,0.25842727499999996,0.01919969141937361,253.66698968249446,0.9972068631362937,24
ranked_carry_lb6_k2_th0_reb3_keep0,ranked_carry,6,2,0.0,3,0.0,taker,test,-0.6049125173658525,-0.44425534771968545,0.047395819879170804,-12.370327328623176,-0.6051935145830901,-0.04765258023454955,-0.048476872773416835,-0.02941678150828264,-0.06475906351593497,0.0,0.0,0.0,0.07652741,0.014633844760911452,321.9844020797227,0.9965337954939342,19
ranked_carry_lb6_k2_th0_reb3_keep0,ranked_carry,6,2,0.0,3,0.0,taker,full,-0.8115574209726812,-0.3723307874701509,0.04545154330389119,-10.223975384435052,-0.8116518638283668,-0.03795549197496843,-0.039413473621469075,0.006711515792958478,-0.06475906351593497,0.023255813953488372,0.0,0.0,0.33495468500000003,0.03383353618028506,283.8049122359912,0.9969099423401612,43
ranked_carry_lb6_k2_th0_reb3_keep0,ranked_carry,6,2,0.0,3,0.0,optimistic_limit,train,-0.35264416211968785,-0.19518634517921352,0.03576261998221835,-6.053871216583612,-0.35300121748453894,-0.017893935345645096,-0.01990959376097934,0.008530875588162345,-0.03432349615196262,0.125,0.0,0.0,0.25842727499999996,0.01919969141937361,253.66698968249446,0.9972068631362937,24
ranked_carry_lb6_k2_th0_reb3_keep0,ranked_carry,6,2,0.0,3,0.0,optimistic_limit,test,-0.4634202547736448,-0.3255163573868366,0.0370752922249457,-10.603049661237035,-0.4638018852273088,-0.03220846172353371,-0.032754545510221056,-0.018265470799109784,-0.0442839002862393,0.0,0.0,0.0,0.07652741,0.014633844760911452,321.9844020797227,0.9965337954939342,19
ranked_carry_lb6_k2_th0_reb3_keep0,ranked_carry,6,2,0.0,3,0.0,optimistic_limit,full,-0.6526419694393865,-0.2555270497711173,0.03635903360447538,-8.097369027589716,-0.6528160568697368,-0.024218958628898207,-0.02552408797456973,0.008530875588162345,-0.0442839002862393,0.06976744186046512,0.0,0.0,0.33495468500000003,0.03383353618028506,283.8049122359912,0.9969099423401612,43
ranked_carry_lb6_k2_th0_reb6_keep0,ranked_carry,6,2,0.0,6,0.0,taker,train,-0.38042243693807354,-0.21262045358296988,0.041938601973194656,-5.678810010606506,-0.3811874057725648,-0.019680312450808823,-0.02173624474890906,0.006711515792958478,-0.03709992914596727,0.08333333333333333,0.0,0.0,0.25131265,0.01773933507983566,186.25548651883943,0.9972068631362937,24
ranked_carry_lb6_k2_th0_reb6_keep0,ranked_carry,6,2,0.0,6,0.0,taker,test,-0.4742563046136532,-0.334165008371638,0.04437563515155058,-9.142805327466396,-0.4748925569865702,-0.03324691297736044,-0.033089720915772,-0.01635127266914349,-0.044899573021411454,0.0,0.0,0.0,0.07299143500000001,0.011640984632616203,229.62738301559793,0.9965337954939342,19
ranked_carry_lb6_k2_th0_reb6_keep0,ranked_carry,6,2,0.0,6,0.0,taker,full,-0.6742610024173564,-0.26875820405636275,0.04303919111315156,-7.251022221184931,-0.6747154277509142,-0.025674856869517673,-0.028025729852914738,0.006711515792958478,-0.044899573021411454,0.046511627906976744,0.0,0.0,0.324304085,0.029380319712451863,205.3888057086426,0.9969099423401612,43
ranked_carry_lb6_k2_th0_reb6_keep0,ranked_carry,6,2,0.0,6,0.0,optimistic_limit,train,-0.2245759679679311,-0.11927152291089793,0.03455049313284026,-3.658647079765266,-0.2287849385946551,-0.010491822293930192,-0.012685129795202144,0.016554409907426404,-0.024267359177774894,0.20833333333333334,0.0,0.0,0.25131265,0.01773933507983566,186.25548651883943,0.9972068631362937,24
ranked_carry_lb6_k2_th0_reb6_keep0,ranked_carry,6,2,0.0,6,0.0,optimistic_limit,test,-0.345938846326434,-0.23552474674159418,0.03520313956646472,-7.611291690562445,-0.34673038784126275,-0.022082168741849196,-0.021974015044797013,-0.008631460573879757,-0.031006724039803646,0.0,0.0,0.0,0.07299143500000001,0.011640984632616203,229.62738301559793,0.9965337954939342,19
ranked_carry_lb6_k2_th0_reb6_keep0,ranked_carry,6,2,0.0,6,0.0,optimistic_limit,full,-0.49282526302289686,-0.17258950602370016,0.03484744504570071,-5.4191877616979,-0.49565919533178104,-0.015613138166266496,-0.017443482714167402,0.016554409907426404,-0.031006724039803646,0.11627906976744186,0.0,0.0,0.324304085,0.029380319712451863,205.3888057086426,0.9969099423401612,43
ranked_carry_lb6_k2_th0.5_reb1_keep0.25,ranked_carry,6,2,0.5,1,0.25,taker,train,-0.7230464660435563,-0.47329313881710044,0.04832007832627322,-13.243342729413778,-0.7232084085261568,-0.05193389136855345,-0.057945680737548966,0.00012428913209405756,-0.07396295602199865,0.041666666666666664,0.0,0.0,0.263897355,0.022583775460599753,391.48606281707805,0.9848942598187311,24
ranked_carry_lb6_k2_th0.5_reb1_keep0.25,ranked_carry,6,2,0.5,1,0.25,taker,test,-0.6935050371380969,-0.5267174583291698,0.04845231801622899,-15.41423928176537,-0.6936671365421612,-0.060183908746542426,-0.06308536247799001,-0.027566744932082998,-0.09142931255163067,0.0,0.0,0.0,0.075954355,0.021399905682561615,404.2201039861352,0.8509532062391681,19
ranked_carry_lb6_k2_th0.5_reb1_keep0.25,ranked_carry,6,2,0.5,1,0.25,taker,full,-0.9151151368955474,-0.49756668274662197,0.048381014944811,-14.201723891931133,-0.9151421974039418,-0.05557924788440904,-0.05831598504680657,0.00012428913209405756,-0.09142931255163067,0.023255813953488372,0.0,0.0,0.33985171000000003,0.04398368114316137,397.1036284285305,0.9258067598993343,43
ranked_carry_lb6_k2_th0.5_reb1_keep0.25,ranked_carry,6,2,0.5,1,0.25,optimistic_limit,train,-0.5563091322097149,-0.33354382678626493,0.03856705824227387,-10.501908591326044,-0.5565685706780046,-0.03321091244213153,-0.03610030177638296,0.004340796337622299,-0.05028575261461543,0.041666666666666664,0.0,0.0,0.263897355,0.022583775460599753,391.48606281707805,0.9848942598187311,24
ranked_carry_lb6_k2_th0.5_reb1_keep0.25,ranked_carry,6,2,0.5,1,0.25,optimistic_limit,test,-0.5499594952950412,-0.3965336007305116,0.03811429188742712,-13.231875401390484,-0.5501975132283092,-0.04107412140960064,-0.04238484446304136,-0.018758694419657496,-0.06370435275846953,0.0,0.0,0.0,0.075954355,0.021399905682561615,404.2201039861352,0.8509532062391681,19
ranked_carry_lb6_k2_th0.5_reb1_keep0.25,ranked_carry,6,2,0.5,1,0.25,optimistic_limit,full,-0.8003211379266786,-0.36210373386678174,0.03837098763526106,-11.697161487394892,-0.8003847936990472,-0.03668535361380392,-0.038316539152033924,0.004340796337622299,-0.06370435275846953,0.023255813953488372,0.0,0.0,0.33985171000000003,0.04398368114316137,397.1036284285305,0.9258067598993343,43
ranked_carry_lb6_k2_th0.5_reb3_keep0.25,ranked_carry,6,2,0.5,3,0.25,taker,train,-0.5070921184837458,-0.29760035538155427,0.043362971217626584,-8.124551524058038,-0.5073639865865333,-0.028957732987508814,-0.03356404643458011,0.006711515792958478,-0.04837956027755452,0.041666666666666664,0.0,0.0,0.25790831000000003,0.018557301303668783,245.1781337285527,0.9821581257481616,24
ranked_carry_lb6_k2_th0.5_reb3_keep0.25,ranked_carry,6,2,0.5,3,0.25,taker,test,-0.535604534942695,-0.3844274879069274,0.04420036415471613,-10.954910234673392,-0.535934825926628,-0.03949436454379094,-0.04222191958816135,-0.01277192913719305,-0.0628851446060803,0.0,0.0,0.0,0.070544035,0.01800456912379672,270.11265164644715,0.8388214904679376,19
ranked_carry_lb6_k2_th0.5_reb3_keep0.25,ranked_carry,6,2,0.5,3,0.25,taker,full,-0.7710958151328478,-0.3373191680066161,0.043739258300478194,-9.385037595980812,-0.771210536365219,-0.03361345390772649,-0.03508207812219122,0.006711515792958478,-0.0628851446060803,0.023255813953488372,0.0,0.0,0.32845234500000003,0.036561870427465504,256.1778853811602,0.9189258067598993,43
ranked_carry_lb6_k2_th0.5_reb3_keep0.25,ranked_carry,6,2,0.5,3,0.25,optimistic_limit,train,-0.3378121581087944,-0.18603083360946848,0.035567845831892646,-5.7691943061878215,-0.3381773942087123,-0.016972672101700465,-0.019429867254458166,0.008530875588162345,-0.032217679995056536,0.125,0.0,0.0,0.25790831000000003,0.018557301303668783,245.1781337285527,0.9821581257481616,24
ranked_carry_lb6_k2_th0.5_reb3_keep0.25,ranked_carry,6,2,0.5,3,0.25,optimistic_limit,test,-0.3996598451911457,-0.27586738572994296,0.03552340433854801,-9.068484191346219,-0.40008682382325156,-0.026464246887272797,-0.028394364491457824,-0.008609662573257792,-0.042370798631424456,0.0,0.0,0.0,0.070544035,0.01800456912379672,270.11265164644715,0.8388214904679376,19
ranked_carry_lb6_k2_th0.5_reb3_keep0.25,ranked_carry,6,2,0.5,3,0.25,optimistic_limit,full,-0.602462048486492,-0.22695951432106465,0.03555309501224173,-7.222658175137486,-0.6026612848776415,-0.021166623751139403,-0.02282188390043771,0.008530875588162345,-0.042370798631424456,0.06976744186046512,0.0,0.0,0.32845234500000003,0.036561870427465504,256.1778853811602,0.9189258067598993,43
ranked_carry_lb6_k2_th0.5_reb6_keep0.25,ranked_carry,6,2,0.5,6,0.25,taker,train,-0.36738784926819334,-0.20439202936217304,0.04159300232678033,-5.476400882238394,-0.36816891141195274,-0.01883535195235933,-0.021505828261756788,0.006711515792958478,-0.03709992914596727,0.08333333333333333,0.0,0.0,0.24972404,0.018117998333040564,180.76269737217123,0.9780539246423074,24
ranked_carry_lb6_k2_th0.5_reb6_keep0.25,ranked_carry,6,2,0.5,6,0.25,taker,test,-0.3939612697641197,-0.2715267899498667,0.03937320039071482,-8.026336628244914,-0.3946946947839083,-0.025979946270486193,-0.02687884441082422,-0.006595967690859572,-0.039194262401446744,0.0,0.0,0.0,0.066174435,0.01625017489154329,184.08145580589255,0.8058925476603119,19
ranked_carry_lb6_k2_th0.5_reb6_keep0.25,ranked_carry,6,2,0.5,6,0.25,taker,full,-0.6166125354387099,-0.23473891432883287,0.0406307576018755,-6.564184459597142,-0.6171473838227167,-0.02199226572083399,-0.02382444404041173,0.006711515792958478,-0.039194262401446744,0.046511627906976744,0.0,0.0,0.315898475,0.03436817322458385,182.22675289095602,0.9021056990857252,43
ranked_carry_lb6_k2_th0.5_reb6_keep0.25,ranked_carry,6,2,0.5,6,0.25,optimistic_limit,train,-0.2134887928756103,-0.11300570517376973,0.034454014089261464,-3.4632346728856405,-0.21775794424521722,-0.00991018774979488,-0.01227494386527167,0.016554409907426404,-0.024267359177774894,0.20833333333333334,0.0,0.0,0.24972404,0.018117998333040564,180.76269737217123,0.9780539246423074,24
ranked_carry_lb6_k2_th0.5_reb6_keep0.25,ranked_carry,6,2,0.5,6,0.25,optimistic_limit,test,-0.27804475068699797,-0.18624044055807365,0.03205939205006014,-6.412276522982292,-0.2789184572945075,-0.01698412066882413,-0.017471087987430134,-0.004204955075323258,-0.02638715696658278,0.0,0.0,0.0,0.066174435,0.01625017489154329,184.08145580589255,0.8058925476603119,19
ranked_carry_lb6_k2_th0.5_reb6_keep0.25,ranked_carry,6,2,0.5,6,0.25,optimistic_limit,full,-0.4321741053730378,-0.14609201177957665,0.03342140415999237,-4.708711074614284,-0.435346937202548,-0.013035879039598502,-0.014673136043269808,0.016554409907426404,-0.02638715696658278,0.11627906976744186,0.0,0.0,0.315898475,0.03436817322458385,182.22675289095602,0.9021056990857252,43
ranked_carry_lb6_k2_th1_reb1_keep0.5,ranked_carry,6,2,1.0,1,0.5,taker,train,-0.4674985839180915,-0.2699715438354493,0.040062436182893686,-7.83435208199346,-0.4676320851216207,-0.0257585375449193,-0.020988381200211625,0.00012428913209405756,-0.06696587893149997,0.041666666666666664,0.0,0.0,0.23933642,0.0221130492363662,222.2082882061221,0.7801402268711167,24
ranked_carry_lb6_k2_th1_reb1_keep0.5,ranked_carry,6,2,1.0,1,0.5,taker,test,-0.20231908367945162,-0.13323994453447052,0.024926739289612088,-5.724011999160693,-0.2025617202836163,-0.011790683204299218,-0.010382821781943385,0.0,-0.028545426169909516,0.0,0.0,0.0,0.039083320000000005,0.007363499408331364,86.03119584055459,0.33282784517619873,19
ranked_carry_lb6_k2_th1_reb1_keep0.5,ranked_carry,6,2,1.0,1,0.5,taker,full,-0.5752337824777958,-0.21253510134327447,0.034232356410519006,-6.962621215907347,-0.5752337824777958,-0.01958669492929647,-0.01689235637808395,0.00012428913209405756,-0.06696587893149997,0.023255813953488372,0.0,0.0,0.27841974,0.029476548644697564,162.1343697238062,0.5828103596572266,43
ranked_carry_lb6_k2_th1_reb1_keep0.5,ranked_carry,6,2,1.0,1,0.5,optimistic_limit,train,-0.30418189816593344,-0.16564454342896884,0.03333868177392434,-5.415278822953251,-0.3043563438128869,-0.014939749620452325,-0.01330747785866937,0.004340796337622299,-0.035601883767262255,0.041666666666666664,0.0,0.0,0.23933642,0.0221130492363662,222.2082882061221,0.7801402268711167,24
ranked_carry_lb6_k2_th1_reb1_keep0.5,ranked_carry,6,2,1.0,1,0.5,optimistic_limit,test,-0.13436364430475622,-0.0872338256171995,0.020626403441442783,-4.414838367138399,-0.13462695142605008,-0.007551110742857508,-0.006662289191269655,0.0,-0.017977543994620926,0.0,0.0,0.0,0.039083320000000005,0.007363499408331364,86.03119584055459,0.33282784517619873,19
ranked_carry_lb6_k2_th1_reb1_keep0.5,ranked_carry,6,2,1.0,1,0.5,optimistic_limit,full,-0.39767455410158004,-0.1319204916015777,0.02844354968762716,-4.95951844018474,-0.39767455410158004,-0.011675002209422058,-0.010027877897208048,0.004340796337622299,-0.035601883767262255,0.023255813953488372,0.0,0.0,0.27841974,0.029476548644697564,162.1343697238062,0.5828103596572266,43
ranked_carry_lb6_k2_th1_reb3_keep0.5,ranked_carry,6,2,1.0,3,0.5,taker,train,-0.28318909455661534,-0.153168335014931,0.035671113801165145,-4.642840922471306,-0.28318909455661534,-0.013726156318502472,-0.013635992641286954,0.006711515792958478,-0.03531180655705546,0.08333333333333333,0.0,0.0,0.23136699000000002,0.018967561477725436,145.3092401527675,0.7605882688251724,24
ranked_carry_lb6_k2_th1_reb3_keep0.5,ranked_carry,6,2,1.0,3,0.5,taker,test,-0.15855056122087552,-0.10345095143614169,0.022589361274677998,-4.8228992044304935,-0.15855056122087552,-0.009022042070820824,-0.006830023568143662,0.0,-0.026669046337797875,0.0,0.0,0.0,0.03474743,0.007028009385816325,67.68630849220104,0.31542461005199307,19
ranked_carry_lb6_k2_th1_reb3_keep0.5,ranked_carry,6,2,1.0,3,0.5,taker,full,-0.3968398659039102,-0.13158495902125333,0.030598579746646835,-4.59550701985052,-0.3968398659039102,-0.011647594209061744,-0.01004060513953875,0.006711515792958478,-0.03531180655705546,0.046511627906976744,0.0,0.0,0.26611441999999996,0.02599557086354176,111.06622917396706,0.564206301169125,43
ranked_carry_lb6_k2_th1_reb3_keep0.5,ranked_carry,6,2,1.0,3,0.5,optimistic_limit,train,-0.14614087041204815,-0.075859312122739,0.030364052190734157,-2.582980766923248,-0.1467024909882153,-0.006537112818221076,-0.007348009929844579,0.008530875588162345,-0.020700569724885987,0.20833333333333334,0.0,0.0,0.23136699000000002,0.018967561477725436,145.3092401527675,0.7605882688251724,24
ranked_carry_lb6_k2_th1_reb3_keep0.5,ranked_carry,6,2,1.0,3,0.5,optimistic_limit,test,-0.10264573673380795,-0.06621732083881748,0.018802649855356984,-3.6342977160449546,-0.10264573673380795,-0.005674974663755655,-0.004436612216637159,0.0,-0.01667133662811815,0.0,0.0,0.0,0.03474743,0.007028009385816325,67.68630849220104,0.31542461005199307,19
ranked_carry_lb6_k2_th1_reb3_keep0.5,ranked_carry,6,2,1.0,3,0.5,optimistic_limit,full,-0.23378586983548955,-0.07161812447268745,0.02590745566902654,-2.855403921707098,-0.2342898424538512,-0.006156168052294495,-0.00466263691974822,0.008530875588162345,-0.020700569724885987,0.11627906976744186,0.0,0.0,0.26611441999999996,0.02599557086354176,111.06622917396706,0.564206301169125,43
ranked_carry_lb6_k2_th1_reb6_keep0.5,ranked_carry,6,2,1.0,6,0.5,taker,train,-0.1617902184273241,-0.08435609885123074,0.034009945652658705,-2.574210054025437,-0.16438859957342677,-0.007302785906492674,-0.0070988053360301895,0.006711515792958478,-0.01866109506662539,0.125,0.0,0.0,0.22879501,0.01387763650429591,104.36299378669554,0.778316137490737,24
ranked_carry_lb6_k2_th1_reb6_keep0.5,ranked_carry,6,2,1.0,6,0.5,taker,test,-0.09359472547226055,-0.06027037130645041,0.01901931729639728,-3.2588868059217706,-0.09393565634615209,-0.005144743066122179,-0.005931311765380087,0.0,-0.016618804304459833,0.0,0.0,0.0,0.030925525000000002,0.009092283585097782,43.64818024263431,0.26870306181398035,19
ranked_carry_lb6_k2_th1_reb6_keep0.5,ranked_carry,6,2,1.0,6,0.5,taker,full,-0.24024223282178003,-0.07380783610044539,0.02838990999866944,-2.686517899728291,-0.24160259326028433,-0.006349232093305711,-0.006108581207740493,0.006711515792958478,-0.01866109506662539,0.06976744186046512,0.0,0.0,0.25972053500000003,0.02296992008939369,77.57892389538402,0.5535025962855595,43
ranked_carry_lb6_k2_th1_reb6_keep0.5,ranked_carry,6,2,1.0,6,0.5,optimistic_limit,train,-0.04952586943482462,-0.025044909162098006,0.02942942294264214,-0.8471436158468256,-0.061830135204551606,-0.002096393347783887,-0.0028019551875032023,0.016554409907426404,-0.011607268533595505,0.3333333333333333,0.0,0.0,0.22879501,0.01387763650429591,104.36299378669554,0.778316137490737,24
ranked_carry_lb6_k2_th1_reb6_keep0.5,ranked_carry,6,2,1.0,6,0.5,optimistic_limit,test,-0.055199767318332205,-0.03528170501582528,0.015881820278960995,-2.253702247009046,-0.05555513988514438,-0.0029791368129482576,-0.003538274701596289,0.0,-0.00897106855537888,0.0,0.0,0.0,0.030925525000000002,0.009092283585097782,43.64818024263431,0.26870306181398035,19
ranked_carry_lb6_k2_th1_reb6_keep0.5,ranked_carry,6,2,1.0,6,0.5,optimistic_limit,full,-0.10199182028411713,-0.02957414822346527,0.024398289892522667,-1.2182266534581705,-0.11245265539465132,-0.0024864427858797716,-0.003254209450181067,0.016554409907426404,-0.011607268533595505,0.18604651162790697,0.0,0.0,0.25972053500000003,0.02296992008939369,77.57892389538402,0.5535025962855595,43
ranked_carry_lb6_k2_th2_reb1_keep1,ranked_carry,6,2,2.0,1,1.0,taker,train,-0.15339436434728837,-0.07978780394994611,0.024031648770118416,-3.4480175592341444,-0.15697548305343745,-0.006835411634930788,0.0,0.0023389423623536576,-0.05230826474869499,0.08333333333333333,0.0,0.0,0.15342583,0.014633517270455754,83.39052613578066,0.3401926694408026,24
ranked_carry_lb6_k2_th2_reb1_keep1,ranked_carry,6,2,2.0,1,1.0,taker,test,0.0,0.0,0.0,,0.0,0.0,0.0,0.0,0.0,0.0,0.0,0.0,0.0,0.0,0.0,0.0,19
ranked_carry_lb6_k2_th2_reb1_keep1,ranked_carry,6,2,2.0,1,1.0,taker,full,-0.15339436434728837,-0.04540613324329135,0.017970387429408072,-2.576880677499033,-0.15697548305343745,-0.0038151134706590445,0.0,0.0023389423623536576,-0.05230826474869499,0.046511627906976744,0.0,0.0,0.15342582999999999,0.014633517270455754,46.60316651269472,0.1901181867414227,43
ranked_carry_lb6_k2_th2_reb1_keep1,ranked_carry,6,2,2.0,1,1.0,optimistic_limit,train,-0.06399017895279002,-0.032482053703971614,0.019693638308950535,-1.6668952044441647,-0.07130384260584677,-0.0027315822195649784,0.0,0.005959767369173585,-0.025149555053543216,0.125,0.0,0.0,0.15342583,0.014633517270455754,83.39052613578066,0.3401926694408026,24
ranked_carry_lb6_k2_th2_reb1_keep1,ranked_carry,6,2,2.0,1,1.0,optimistic_limit,test,0.0,0.0,0.0,,0.0,0.0,0.0,0.0,0.0,0.0,0.0,0.0,0.0,0.0,0.0,0.0,19
ranked_carry_lb6_k2_th2_reb1_keep1,ranked_carry,6,2,2.0,1,1.0,optimistic_limit,full,-0.06399017895279002,-0.018284868919888786,0.014723133052509906,-1.246042140688859,-0.07130384260584677,-0.001524604029524639,0.0,0.005959767369173585,-0.025149555053543216,0.06976744186046512,0.0,0.0,0.15342582999999999,0.014633517270455754,46.60316651269472,0.1901181867414227,43
ranked_carry_lb6_k2_th2_reb3_keep1,ranked_carry,6,2,2.0,3,1.0,taker,train,-0.059122767609659954,-0.02997298430193318,0.021916159819533227,-1.3775625118674932,-0.06603737974234358,-0.002522674886831569,0.0,0.006711515792958478,-0.015705618142254685,0.08333333333333333,0.0,0.0,0.149429505,0.01210946636434107,55.4272359345608,0.33654449068004333,24
ranked_carry_lb6_k2_th2_reb3_keep1,ranked_carry,6,2,2.0,3,1.0,taker,test,0.0,0.0,0.0,,0.0,0.0,0.0,0.0,0.0,0.0,0.0,0.0,0.0,0.0,0.0,0.0,19
ranked_carry_lb6_k2_th2_reb3_keep1,ranked_carry,6,2,2.0,3,1.0,taker,full,-0.059122767609659954,-0.016862901459573254,0.0163843458307444,-1.0297821999807162,-0.06603737974234358,-0.0014080045879990152,0.0,0.006711515792958478,-0.015705618142254685,0.046511627906976744,0.0,0.0,0.14942950500000002,0.01210946636434107,30.975757382689306,0.18807938581121977,43
ranked_carry_lb6_k2_th2_reb3_keep1,ranked_carry,6,2,2.0,3,1.0,optimistic_limit,train,0.005819001193685391,0.0029014657405286304,0.018336314174301916,0.16717980288247117,-0.018983106611291323,0.00024751514825562443,0.0,0.008530875588162345,-0.007981122988348854,0.2916666666666667,0.0,0.0,0.149429505,0.01210946636434107,55.4272359345608,0.33654449068004333,24
ranked_carry_lb6_k2_th2_reb3_keep1,ranked_carry,6,2,2.0,3,1.0,optimistic_limit,test,0.0,0.0,0.0,,0.0,0.0,0.0,0.0,0.0,0.0,0.0,0.0,0.0,0.0,0.0,0.0,19
ranked_carry_lb6_k2_th2_reb3_keep1,ranked_carry,6,2,2.0,3,1.0,optimistic_limit,full,0.005819001193685391,0.0016204607480418964,0.013707436500150058,0.1249793668397431,-0.018983106611291323,0.00013814798972406947,0.0,0.008530875588162345,-0.007981122988348854,0.16279069767441862,0.0,0.0,0.14942950500000002,0.01210946636434107,30.975757382689306,0.18807938581121977,43
ranked_carry_lb6_k2_th2_reb6_keep1,ranked_carry,6,2,2.0,6,1.0,taker,train,0.010617439026708642,0.005287742559787922,0.019607522671245867,0.27878247846388604,-0.014121803348627893,0.00044686605905560245,0.0,0.013724516500301931,-0.006087662337019961,0.25,0.0,0.0,0.146498905,0.010447914517287882,36.4521461551616,0.322863820327196,24
ranked_carry_lb6_k2_th2_reb6_keep1,ranked_carry,6,2,2.0,6,1.0,taker,test,0.0,0.0,0.0,,0.0,0.0,0.0,0.0,0.0,0.0,0.0,0.0,0.0,0.0,0.0,0.0,19
ranked_carry_lb6_k2_th2_reb6_keep1,ranked_carry,6,2,2.0,6,1.0,taker,full,0.010617439026708642,0.002951640577230741,0.014657755436903161,0.20841042624328063,-0.014121803348627893,0.0002494136143566153,0.0,0.013724516500301931,-0.006087662337019961,0.13953488372093023,0.0,0.0,0.146498905,0.010447914517287882,20.371444044471342,0.18043388232295882,43
ranked_carry_lb6_k2_th2_reb6_keep1,ranked_carry,6,2,2.0,6,1.0,optimistic_limit,train,0.05597566566041512,0.027570077407123028,0.01676632592417249,1.6305016127898622,-0.006882044398846432,0.002283852383056275,0.0,0.021680453649529197,-0.0016138379953859472,0.375,0.0,0.0,0.146498905,0.010447914517287882,36.4521461551616,0.322863820327196,24
ranked_carry_lb6_k2_th2_reb6_keep1,ranked_carry,6,2,2.0,6,1.0,optimistic_limit,test,0.0,0.0,0.0,,0.0,0.0,0.0,0.0,0.0,0.0,0.0,0.0,0.0,0.0,0.0,0.0,19
ranked_carry_lb6_k2_th2_reb6_keep1,ranked_carry,6,2,2.0,6,1.0,optimistic_limit,full,0.05597566566041512,0.015315183665032484,0.012534611313001733,1.2188407844135156,-0.006882044398846432,0.0012747083068221068,0.0,0.021680453649529197,-0.0016138379953859472,0.20930232558139536,0.0,0.0,0.146498905,0.010447914517287882,20.371444044471342,0.18043388232295882,43
ranked_carry_lb6_k2_th5_reb1_keep2.5,ranked_carry,6,2,5.0,1,2.5,taker,train,-0.029283444737143394,-0.014731315439154846,0.011166925784006602,-1.3234142003467855,-0.03246630435937736,-0.001226376296932725,0.0,0.0029213433756309914,-0.022258048891431792,0.08333333333333333,0.0,0.0,0.04678900499999999,0.0036152567723437556,19.973778715157042,0.04332212278401642,24
ranked_carry_lb6_k2_th5_reb1_keep2.5,ranked_carry,6,2,5.0,1,2.5,taker,test,0.0,0.0,0.0,,0.0,0.0,0.0,0.0,0.0,0.0,0.0,0.0,0.0,0.0,0.0,0.0,19
ranked_carry_lb6_k2_th5_reb1_keep2.5,ranked_carry,6,2,5.0,1,2.5,taker,full,-0.029283444737143394,-0.008259602802340171,0.008348273678672248,-0.9893078488655289,-0.03246630435937736,-0.0006844890959624511,0.0,0.0029213433756309914,-0.022258048891431792,0.046511627906976744,0.0,0.0,0.046789004999999995,0.0036152567723437556,11.162435092861012,0.024210761046159726,43
ranked_carry_lb6_k2_th5_reb1_keep2.5,ranked_carry,6,2,5.0,1,2.5,optimistic_limit,train,-0.005660555960101399,-0.0028305839147937384,0.008985819806253835,-0.3109567060018386,-0.011894722264475077,-0.00023527302506239542,0.0,0.0035243020991031493,-0.005661760318208642,0.08333333333333333,0.0,0.0,0.04678900499999999,0.0036152567723437556,19.973778715157042,0.04332212278401642,24
ranked_carry_lb6_k2_th5_reb1_keep2.5,ranked_carry,6,2,5.0,1,2.5,optimistic_limit,test,0.0,0.0,0.0,,0.0,0.0,0.0,0.0,0.0,0.0,0.0,0.0,0.0,0.0,0.0,0.0,19
ranked_carry_lb6_k2_th5_reb1_keep2.5,ranked_carry,6,2,5.0,1,2.5,optimistic_limit,full,-0.005660555960101399,-0.0015828734077090179,0.006717422402587237,-0.2324629188823845,-0.011894722264475077,-0.0001313151767790114,0.0,0.0035243020991031493,-0.005661760318208642,0.046511627906976744,0.0,0.0,0.046789004999999995,0.0036152567723437556,11.162435092861012,0.024210761046159726,43
ranked_carry_lb6_k2_th5_reb3_keep2.5,ranked_carry,6,2,5.0,3,2.5,taker,train,-0.0007252515861211339,-0.00036221613983322687,0.01017043852760995,-0.0305284266952538,-0.009599959866815722,-2.9996677033808372e-05,0.0,0.0025441801537726683,-0.001548163762376209,0.041666666666666664,0.0,0.0,0.044572965,0.0028052448190301615,11.984267229094225,0.042410078093826596,24
ranked_carry_lb6_k2_th5_reb3_keep2.5,ranked_carry,6,2,5.0,3,2.5,taker,test,0.0,0.0,0.0,,0.0,0.0,0.0,0.0,0.0,0.0,0.0,0.0,0.0,0.0,0.0,0.0,19
ranked_carry_lb6_k2_th5_reb3_keep2.5,ranked_carry,6,2,5.0,3,2.5,taker,full,-0.0007252515861211339,-0.00020244227679866444,0.0076029753922928125,-0.022822290545257903,-0.009599959866815722,-1.6742331367707e-05,0.0,0.0025441801537726683,-0.001548163762376209,0.023255813953488372,0.0,0.0,0.044572965000000006,0.0028052448190301615,6.697461055716606,0.023701060813608996,43
ranked_carry_lb6_k2_th5_reb3_keep2.5,ranked_carry,6,2,5.0,3,2.5,optimistic_limit,train,0.01380184536967688,0.00686822679290211,0.008401649599075049,0.8188954763318443,-0.005582805276837188,0.0005729763124039435,0.0,0.00871487987667452,-0.00031668149343977436,0.16666666666666666,0.0,0.0,0.044572965,0.0028052448190301615,11.984267229094225,0.042410078093826596,24
ranked_carry_lb6_k2_th5_reb3_keep2.5,ranked_carry,6,2,5.0,3,2.5,optimistic_limit,test,0.0,0.0,0.0,,0.0,0.0,0.0,0.0,0.0,0.0,0.0,0.0,0.0,0.0,0.0,0.0,19
ranked_carry_lb6_k2_th5_reb3_keep2.5,ranked_carry,6,2,5.0,3,2.5,optimistic_limit,full,0.01380184536967688,0.003832543335252181,0.006280811994251971,0.6121755154488644,-0.005582805276837188,0.0003198007325045266,0.0,0.00871487987667452,-0.00031668149343977436,0.09302325581395349,0.0,0.0,0.044572965000000006,0.0028052448190301615,6.697461055716606,0.023701060813608996,43
ranked_carry_lb6_k2_th5_reb6_keep2.5,ranked_carry,6,2,5.0,6,2.5,taker,train,0.013791838709452886,0.006863264184250983,0.008188946149101985,0.8393485819816573,-0.004462182417503846,0.0005744167001644577,0.0,0.012532593882467413,-0.0031433023090317036,0.125,0.0,0.0,0.04157299999999999,0.004191807222895805,7.989511486062818,0.04104201105854187,24
ranked_carry_lb6_k2_th5_reb6_keep2.5,ranked_carry,6,2,5.0,6,2.5,taker,test,0.0,0.0,0.0,,0.0,0.0,0.0,0.0,0.0,0.0,0.0,0.0,0.0,0.0,0.0,0.0,19
ranked_carry_lb6_k2_th5_reb6_keep2.5,ranked_carry,6,2,5.0,6,2.5,taker,full,0.013791838709452886,0.0038297783179856992,0.006121806737092249,0.6274649535257109,-0.004462182417503846,0.0003206046698592322,0.0,0.012532593882467413,-0.0031433023090317036,0.06976744186046512,0.0,0.0,0.041573000000000006,0.004191807222895805,4.464974037144405,0.0229365104647829,43
ranked_carry_lb6_k2_th5_reb6_keep2.5,ranked_carry,6,2,5.0,6,2.5,optimistic_limit,train,0.023590959214952134,0.011711257444618761,0.006908100330800008,1.688899505091505,-0.00299687384330638,0.000978651217769295,0.0,0.01802639630039482,-0.0013424728164378452,0.16666666666666666,0.0,0.0,0.04157299999999999,0.004191807222895805,7.989511486062818,0.04104201105854187,24
ranked_carry_lb6_k2_th5_reb6_keep2.5,ranked_carry,6,2,5.0,6,2.5,optimistic_limit,test,0.0,0.0,0.0,,0.0,0.0,0.0,0.0,0.0,0.0,0.0,0.0,0.0,0.0,0.0,0.0,19
ranked_carry_lb6_k2_th5_reb6_keep2.5,ranked_carry,6,2,5.0,6,2.5,optimistic_limit,full,0.023590959214952134,0.006528076109008074,0.005164564709013517,1.2624885095718044,-0.00299687384330638,0.0005462239354991415,0.0,0.01802639630039482,-0.0013424728164378452,0.09302325581395349,0.0,0.0,0.041573000000000006,0.004191807222895805,4.464974037144405,0.0229365104647829,43
ranked_carry_lb6_k3_th0_reb1_keep0,ranked_carry,6,3,0.0,1,0.0,taker,train,-0.6219547003053008,-0.38475392048014123,0.03894447487709055,-12.45262628497788,-0.6220844370878807,-0.039602797286446355,-0.0406010663694672,0.0015708083435452824,-0.0651141948652878,0.041666666666666664,0.0,0.0,0.2590408633333333,0.019097187574832707,311.9238442683691,0.9976628854813886,24
ranked_carry_lb6_k3_th0_reb1_keep0,ranked_carry,6,3,0.0,1,0.0,taker,test,-0.6726982977690306,-0.5066389651508054,0.03912193023226755,-18.038978042572673,-0.6729458289025232,-0.057005650093739244,-0.05651066057051213,-0.025814167011357747,-0.07680177794729393,0.0,0.0,0.0,0.07782613666666666,0.021223454560073494,384.1883304448295,0.9971114962449451,19
ranked_carry_lb6_k3_th0_reb1_keep0,ranked_carry,6,3,0.0,1,0.0,taker,full,-0.8762651298895092,-0.4418511283167821,0.03903980631182309,-14.916766818458102,-0.8763496444534026,-0.04729242992222693,-0.0498507268088727,0.0015708083435452824,-0.07680177794729393,0.023255813953488372,0.0,0.0,0.336867,0.04032064213490621,343.80300086011914,0.9974196425727119,43
ranked_carry_lb6_k3_th0_reb1_keep0,ranked_carry,6,3,0.0,1,0.0,optimistic_limit,train,-0.44978542186074477,-0.257944931104623,0.0322559822819265,-9.232603191097436,-0.4499742433304311,-0.02451436241268032,-0.0251094587860603,0.005187161445745714,-0.04237425905805792,0.041666666666666664,0.0,0.0,0.2590408633333333,0.019097187574832707,311.9238442683691,0.9976628854813886,24
ranked_carry_lb6_k3_th0_reb1_keep0,ranked_carry,6,3,0.0,1,0.0,optimistic_limit,test,-0.528565463716569,-0.37854147845664476,0.03053963478564903,-15.560324984611224,-0.5289219993665164,-0.038759817182017736,-0.038967811952825615,-0.015616752379064458,-0.05358459734444854,0.0,0.0,0.0,0.07782613666666666,0.021223454560073494,384.1883304448295,0.9971114962449451,19
ranked_carry_lb6_k3_th0_reb1_keep0,ranked_carry,6,3,0.0,1,0.0,optimistic_limit,full,-0.7406098454985435,-0.3137895204335397,0.03152390548925205,-11.929546197991884,-0.7407870166206882,-0.030808865682852668,-0.0333463936072258,0.005187161445745714,-0.05358459734444854,0.023255813953488372,0.0,0.0,0.336867,0.04032064213490621,343.80300086011914,0.9974196425727119,43
ranked_carry_lb6_k3_th0_reb3_keep0,ranked_carry,6,3,0.0,3,0.0,taker,train,-0.4318466931944166,-0.24596114533043822,0.036700657567139514,-7.6737908144876785,-0.43212498014123535,-0.023221280032958817,-0.02477433253410971,0.006650080870630015,-0.04043613007607938,0.041666666666666664,0.0,0.0,0.25294885,0.014378697666635354,207.56085048167358,0.9972068631362937,24
ranked_carry_lb6_k3_th0_reb3_keep0,ranked_carry,6,3,0.0,3,0.0,taker,test,-0.5143363706539128,-0.3667409087159058,0.03702440580707854,-12.320995708536365,-0.5145877098300482,-0.03726519990731867,-0.0372663851144418,-0.016674492832486343,-0.049476319460813545,0.0,0.0,0.0,0.07348739,0.010710481690343443,254.71981513575966,0.9965337954939342,19
ranked_carry_lb6_k3_th0_reb3_keep0,ranked_carry,6,3,0.0,3,0.0,taker,full,-0.724068602991819,-0.30184883047616906,0.03685487469030043,-9.730941889505505,-0.7241695070840936,-0.029426733000699215,-0.03067781927475577,0.006650080870630015,-0.049476319460813545,0.023255813953488372,0.0,0.0,0.32643624000000004,0.025089179356978793,228.36481794144817,0.9969099423401612,43
ranked_carry_lb6_k3_th0_reb3_keep0,ranked_carry,6,3,0.0,3,0.0,optimistic_limit,train,-0.2706230132837836,-0.14578760783169276,0.030902960479548644,-5.083547213521314,-0.27098026913758555,-0.013019201605503553,-0.01542259683885755,0.008667611405500653,-0.026883034618562895,0.125,0.0,0.0,0.25294885,0.014378697666635354,207.56085048167358,0.9972068631362937,24
ranked_carry_lb6_k3_th0_reb3_keep0,ranked_carry,6,3,0.0,3,0.0,optimistic_limit,test,-0.3813491030221353,-0.2619730804639152,0.029113741102906595,-10.419329309361173,-0.3816692653677721,-0.024939370865542567,-0.02491243769200069,-0.009162617347059365,-0.03392520855579406,0.0,0.0,0.0,0.07348739,0.010710481690343443,254.71981513575966,0.9965337954939342,19
ranked_carry_lb6_k3_th0_reb3_keep0,ranked_carry,6,3,0.0,3,0.0,optimistic_limit,full,-0.5487702729330011,-0.19914125934283455,0.030136271729578928,-7.353721627547467,-0.548935281070932,-0.018286253139009164,-0.020133563546498756,0.008667611405500653,-0.03392520855579406,0.06976744186046512,0.0,0.0,0.32643624000000004,0.025089179356978793,228.36481794144817,0.9969099423401612,43
ranked_carry_lb6_k3_th0_reb6_keep0,ranked_carry,6,3,0.0,6,0.0,taker,train,-0.3173576756149934,-0.17357147786021732,0.03624983946830877,-5.240918381965331,-0.3176920403822959,-0.015735053864953594,-0.017841816116256848,0.007938431986187044,-0.03006959673341869,0.08333333333333333,0.0,0.0,0.24665521,0.013547744272408084,159.95667787721598,0.9972068631362937,24
ranked_carry_lb6_k3_th0_reb6_keep0,ranked_carry,6,3,0.0,6,0.0,taker,test,-0.3998931739455833,-0.2760454337065016,0.036090517829901976,-8.932222669612624,-0.40046446961074944,-0.026497023057859257,-0.027372681987377745,-0.013864626997924123,-0.03713197982848049,0.0,0.0,0.0,0.07121802166666667,0.005841388955988127,185.55748122472556,0.9965337954939342,19
ranked_carry_lb6_k3_th0_reb6_keep0,ranked_carry,6,3,0.0,6,0.0,taker,full,-0.5903416813829074,-0.22045340057041685,0.03618588249100931,-6.864112969816791,-0.5905707941457088,-0.020490342578097957,-0.021487841876013825,0.007938431986187044,-0.03713197982848049,0.046511627906976744,0.0,0.0,0.31787323166666664,0.0193891332283962,171.250358382976,0.9969099423401612,43
ranked_carry_lb6_k3_th0_reb6_keep0,ranked_carry,6,3,0.0,6,0.0,optimistic_limit,train,-0.17237704739863846,-0.09014931438727292,0.030526949624414042,-3.079522993389376,-0.17278242507018904,-0.007814890386998638,-0.010513722665229153,0.017680448378505353,-0.01951443363483285,0.16666666666666666,0.0,0.0,0.24665521,0.013547744272408084,159.95667787721598,0.9972068631362937,24
ranked_carry_lb6_k3_th0_reb6_keep0,ranked_carry,6,3,0.0,6,0.0,optimistic_limit,test,-0.28413155060665884,-0.19058721026797065,0.02861295908777803,-7.375471098115696,-0.2848130501734212,-0.017426354681386466,-0.018217074409298206,-0.0071222762233046355,-0.025475107251206164,0.0,0.0,0.0,0.07121802166666667,0.005841388955988127,185.55748122472556,0.9965337954939342,19
ranked_carry_lb6_k3_th0_reb6_keep0,ranked_carry,6,3,0.0,6,0.0,optimistic_limit,full,-0.4075308402389223,-0.13590815911841803,0.029703833573801977,-4.902861105088571,-0.4078621950287522,-0.012061816470565352,-0.01381146596075944,0.017680448378505353,-0.025475107251206164,0.09302325581395349,0.0,0.0,0.31787323166666664,0.0193891332283962,171.250358382976,0.9969099423401612,43
ranked_carry_lb6_k3_th0.5_reb1_keep0.25,ranked_carry,6,3,0.5,1,0.25,taker,train,-0.6103405634970493,-0.37538714502627457,0.03919699558971849,-11.986689754113913,-0.6104742859944183,-0.038404487881054,-0.04050107749783821,0.0015708083435452824,-0.06377932270564701,0.041666666666666664,0.0,0.0,0.25923798,0.021177298462146582,304.9330217180642,0.9848942598187311,24
ranked_carry_lb6_k3_th0.5_reb1_keep0.25,ranked_carry,6,3,0.5,1,0.25,taker,test,-0.612300939105705,-0.4508524470542342,0.04047765399168631,-14.787113745074272,-0.6125941474432817,-0.04856935088015362,-0.049504559148152216,-0.02355051193635216,-0.06567362899567541,0.0,0.0,0.0,0.07405485,0.02041453521463346,329.15366839976895,0.85210860774119,19
ranked_carry_lb6_k3_th0.5_reb1_keep0.25,ranked_carry,6,3,0.5,1,0.25,taker,full,-0.8489294023992069,-0.4098787740931844,0.03977225974753491,-13.240888616943698,-0.849032588070812,-0.04289593897367941,-0.04419352263045473,0.0015708083435452824,-0.06567362899567541,0.023255813953488372,0.0,0.0,0.33329283,0.04159183367678006,315.6178522506451,0.926316460131885,43
ranked_carry_lb6_k3_th0.5_reb1_keep0.25,ranked_carry,6,3,0.5,1,0.25,optimistic_limit,train,-0.43762458649748925,-0.24980005405221384,0.03251302975262662,-8.8236136274969,-0.43781758129681303,-0.023633821616167176,-0.025008106182240586,0.005187161445745714,-0.041390981836817664,0.041666666666666664,0.0,0.0,0.25923798,0.021177298462146582,304.9330217180642,0.9848942598187311,24
ranked_carry_lb6_k3_th0.5_reb1_keep0.25,ranked_carry,6,3,0.5,1,0.25,optimistic_limit,test,-0.46998301929565867,-0.3307465924303521,0.03248383338517142,-12.346309867850819,-0.4703838595696621,-0.03282256665178249,-0.03434225573137317,-0.015616752379064458,-0.045238708432940755,0.0,0.0,0.0,0.07405485,0.02041453521463346,329.15366839976895,0.85210860774119,19
ranked_carry_lb6_k3_th0.5_reb1_keep0.25,ranked_carry,6,3,0.5,1,0.25,optimistic_limit,full,-0.7019314813130417,-0.2866507774505369,0.03250527935792511,-10.375217708401303,-0.7021350708981335,-0.027693964771439056,-0.029143914193671017,0.005187161445745714,-0.045238708432940755,0.023255813953488372,0.0,0.0,0.33329283,0.04159183367678006,315.6178522506451,0.926316460131885,43
ranked_carry_lb6_k3_th0.5_reb3_keep0.25,ranked_carry,6,3,0.5,3,0.25,taker,train,-0.4184623101497936,-0.2371427812539788,0.036929211974904154,-7.3112344230407915,-0.4187471528959853,-0.022276682755062973,-0.024584610011044117,0.006650080870630015,-0.03821002889999059,0.041666666666666664,0.0,0.0,0.2536965983333333,0.013598250864525893,201.73516502308613,0.9835261927834464,24
ranked_carry_lb6_k3_th0.5_reb3_keep0.25,ranked_carry,6,3,0.5,3,0.25,taker,test,-0.4826068093101702,-0.3408746129985325,0.03857524155992138,-10.786368643617108,-0.4828745690731593,-0.03403279342710596,-0.03744414147580288,-0.012107425291873808,-0.04792294550563225,0.0,0.0,0.0,0.06818478,0.012722791484334138,233.63373772385904,0.8405545927209706,19
ranked_carry_lb6_k3_th0.5_reb3_keep0.25,ranked_carry,6,3,0.5,3,0.25,taker,full,-0.6991163591420043,-0.2847770379769474,0.03767158599499694,-8.877897627334406,-0.6992263879063647,-0.027471243284570335,-0.028931228880160975,0.006650080870630015,-0.04792294550563225,0.023255813953488372,0.0,0.0,0.32188137833333336,0.02632104234886003,215.80707846197953,0.9204549074575515,43
ranked_carry_lb6_k3_th0.5_reb3_keep0.25,ranked_carry,6,3,0.5,3,0.25,optimistic_limit,train,-0.2586507503513461,-0.13881465571516716,0.0312213040222315,-4.771005935138749,-0.2590138703345264,-0.012352321266413183,-0.01440968230883749,0.008667611405500653,-0.025210559482717332,0.125,0.0,0.0,0.2536965983333333,0.013598250864525893,201.73516502308613,0.9835261927834464,24
ranked_carry_lb6_k3_th0.5_reb3_keep0.25,ranked_carry,6,3,0.5,3,0.25,optimistic_limit,test,-0.35398902624984174,-0.2414903465999111,0.03126066612674076,-8.8259966127709,-0.3543233478998602,-0.02270694833492198,-0.02482631407560809,-0.008142156507507936,-0.031848513453588634,0.0,0.0,0.0,0.06818478,0.012722791484334138,233.63373772385904,0.8405545927209706,19
ranked_carry_lb6_k3_th0.5_reb3_keep0.25,ranked_carry,6,3,0.5,3,0.25,optimistic_limit,full,-0.5210802493455242,-0.18571986144240193,0.031245435970171494,-6.559685614288925,-0.5212553833217086,-0.016927621599010092,-0.017977134545048012,0.008667611405500653,-0.031848513453588634,0.06976744186046512,0.0,0.0,0.32188137833333336,0.02632104234886003,215.80707846197953,0.9204549074575515,43
ranked_carry_lb6_k3_th0.5_reb6_keep0.25,ranked_carry,6,3,0.5,6,0.25,taker,train,-0.3006992054262767,-0.16356183887314757,0.036288475166264246,-4.903544457629716,-0.3010417296722835,-0.014751243045398007,-0.01630511668727591,0.007938431986187044,-0.03004759583966421,0.08333333333333333,0.0,0.0,0.24598260833333335,0.012999222733004743,153.63164795074957,0.9807900587128769,24
ranked_carry_lb6_k3_th0.5_reb6_keep0.25,ranked_carry,6,3,0.5,6,0.25,taker,test,-0.36425945343194854,-0.24914107172461342,0.03622936008567157,-7.890722351690954,-0.3649319425743963,-0.023531335065695755,-0.02464746677511931,-0.005386712136884242,-0.0333390782190488,0.0,0.0,0.0,0.06583127,0.009583299068332163,166.79087232813404,0.830155979202773,19
ranked_carry_lb6_k3_th0.5_reb6_keep0.25,ranked_carry,6,3,0.5,6,0.25,taker,full,-0.5554261306422348,-0.2024554989551185,0.03626635191106821,-6.219445789431163,-0.5557218317233016,-0.0186308185892505,-0.019187097465560465,0.007938431986187044,-0.0333390782190488,0.046511627906976744,0.0,0.0,0.3118138783333333,0.022582521801336904,159.43678124303145,0.9143385046669428,43
ranked_carry_lb6_k3_th0.5_reb6_keep0.25,ranked_carry,6,3,0.5,6,0.25,optimistic_limit,train,-0.1586100580879508,-0.0826230481810103,0.030768850165324903,-2.787337259796926,-0.15902217896309867,-0.007136371384477087,-0.00912240025892247,0.017680448378505353,-0.01909397996990625,0.16666666666666666,0.0,0.0,0.24598260833333335,0.012999222733004743,153.63164795074957,0.9807900587128769,24
ranked_carry_lb6_k3_th0.5_reb6_keep0.25,ranked_carry,6,3,0.5,6,0.25,optimistic_limit,test,-0.2550439089741481,-0.16993495477881726,0.02992376760946586,-6.209154557122455,-0.25583192679921785,-0.01536293455849331,-0.01581326141404671,-0.003392659074786031,-0.022421718917760458,0.0,0.0,0.0,0.06583127,0.009583299068332163,166.79087232813404,0.830155979202773,19
ranked_carry_lb6_k3_th0.5_reb6_keep0.25,ranked_carry,6,3,0.5,6,0.25,optimistic_limit,full,-0.3732014378447376,-0.12221862963433516,0.03040309319341265,-4.272412024630672,-0.37361834271750494,-0.01077136441485635,-0.0114452855582865,0.017680448378505353,-0.022421718917760458,0.09302325581395349,0.0,0.0,0.3118138783333333,0.022582521801336904,159.43678124303145,0.9143385046669428,43
ranked_carry_lb6_k3_th1_reb1_keep0.5,ranked_carry,6,3,1.0,1,0.5,taker,train,-0.3704061784444159,-0.20628981903370947,0.03458697066343081,-6.662501059605045,-0.37056402127895816,-0.01902790616819022,-0.01634813428465892,0.0015708083435452824,-0.04199895021793465,0.041666666666666664,0.0,0.0,0.236243085,0.01494709896433064,177.93307872085734,0.7851564726671607,24
ranked_carry_lb6_k3_th1_reb1_keep0.5,ranked_carry,6,3,1.0,1,0.5,taker,test,-0.19138288291090544,-0.12574161028960584,0.02355637411597854,-5.692752113942619,-0.19162884606151576,-0.011087779653398636,-0.009591379397982713,0.0,-0.025287797104877052,0.0,0.0,0.0,0.03988272500000001,0.006128109627977735,81.60311958405545,0.33918255343731946,19
ranked_carry_lb6_k3_th1_reb1_keep0.5,ranked_carry,6,3,1.0,1,0.5,taker,full,-0.49089965907661615,-0.17171404696050685,0.03022518473299978,-6.217924431487423,-0.49089965907661615,-0.01551947817328231,-0.013524271878979532,0.0015708083435452824,-0.04199895021793465,0.023255813953488372,0.0,0.0,0.27612581,0.021075208592308367,135.43754579338025,0.5884170622152847,43
ranked_carry_lb6_k3_th1_reb1_keep0.5,ranked_carry,6,3,1.0,1,0.5,optimistic_limit,train,-0.22009460093291033,-0.11673355222678183,0.030061147611572817,-4.1141437133128544,-0.22029012775456702,-0.010276857167433753,-0.008342360111432023,0.005187161445745714,-0.02457692059466232,0.041666666666666664,0.0,0.0,0.236243085,0.01494709896433064,177.93307872085734,0.7851564726671607,24
ranked_carry_lb6_k3_th1_reb1_keep0.5,ranked_carry,6,3,1.0,1,0.5,optimistic_limit,test,-0.12619512767075014,-0.08179463852609536,0.019747950147199562,-4.311269076562874,-0.12687958182719183,-0.007062343091654398,-0.0049738005290015375,0.0,-0.01650242766458976,0.0,0.0,0.0,0.03988272500000001,0.006128109627977735,81.60311958405545,0.33918255343731946,19
ranked_carry_lb6_k3_th1_reb1_keep0.5,ranked_carry,6,3,1.0,1,0.5,optimistic_limit,full,-0.3185148623392885,-0.10148735430662659,0.026020803676885675,-4.099619229527172,-0.3185148623392885,-0.00885649048278706,-0.007313784944738222,0.005187161445745714,-0.02457692059466232,0.023255813953488372,0.0,0.0,0.27612581,0.021075208592308367,135.43754579338025,0.5884170622152847,43
ranked_carry_lb6_k3_th1_reb3_keep0.5,ranked_carry,6,3,1.0,3,0.5,taker,train,-0.2409638353052561,-0.12861570955221047,0.03250850635478793,-4.218671595662383,-0.2409638353052561,-0.01139577734494232,-0.01195811350801873,0.006650080870630015,-0.024596588367137073,0.08333333333333333,0.0,0.0,0.22867558666666665,0.012678910682833758,128.83087271276293,0.7687966710368808,24
ranked_carry_lb6_k3_th1_reb3_keep0.5,ranked_carry,6,3,1.0,3,0.5,taker,test,-0.15036200725729498,-0.09794164896318092,0.021939067691645456,-4.687282152868798,-0.15036200725729498,-0.008520216797411504,-0.007820835914653768,0.0,-0.02426607515011503,0.0,0.0,0.0,0.035470075000000004,0.0059667347128202035,64.52339688041594,0.3240901213171577,19
ranked_carry_lb6_k3_th1_reb3_keep0.5,ranked_carry,6,3,1.0,3,0.5,taker,full,-0.3550940366096388,-0.1152147047105535,0.0283362333357087,-4.305718405771121,-0.3550940366096388,-0.010125180823940332,-0.008916522957509332,0.006650080870630015,-0.024596588367137073,0.046511627906976744,0.0,0.0,0.26414566166666664,0.01864564539565395,100.4619158357491,0.572616355006212,43
ranked_carry_lb6_k3_th1_reb3_keep0.5,ranked_carry,6,3,1.0,3,0.5,optimistic_limit,train,-0.11366126688541345,-0.05846988776367523,0.02845264297350617,-2.103291030095882,-0.11487459616297868,-0.0049989556246785305,-0.005468184498738093,0.008667611405500653,-0.012547672938691412,0.16666666666666666,0.0,0.0,0.22867558666666665,0.012678910682833758,128.83087271276293,0.7687966710368808,24
ranked_carry_lb6_k3_th1_reb3_keep0.5,ranked_carry,6,3,1.0,3,0.5,optimistic_limit,test,-0.09664024509684876,-0.062268978061980174,0.018507477118659302,-3.464576068487156,-0.09673290490327158,-0.005326978693235361,-0.0039089435879817724,0.0,-0.014836452758966834,0.0,0.0,0.0,0.035470075000000004,0.0059667347128202035,64.52339688041594,0.3240901213171577,19
ranked_carry_lb6_k3_th1_reb3_keep0.5,ranked_carry,6,3,1.0,3,0.5,optimistic_limit,full,-0.19931725929243727,-0.06014773314488375,0.02456642848571901,-2.512806937248614,-0.20041333213123547,-0.00514389605031992,-0.005290021655460331,0.008667611405500653,-0.014836452758966834,0.09302325581395349,0.0,0.0,0.26414566166666664,0.01864564539565395,100.4619158357491,0.572616355006212,43
ranked_carry_lb6_k3_th1_reb6_keep0.5,ranked_carry,6,3,1.0,6,0.5,taker,train,-0.14025024561874555,-0.07268122799075316,0.03187182485704612,-2.3515959771466477,-0.14131848579088224,-0.006258608749285947,-0.00662191981527438,0.007938431986187044,-0.016412266271327747,0.16666666666666666,0.0,0.0,0.22780082333333335,0.01210308080619362,97.37217123639059,0.7974690759847233,24
ranked_carry_lb6_k3_th1_reb6_keep0.5,ranked_carry,6,3,1.0,6,0.5,taker,test,-0.0791040446957445,-0.05079452095615544,0.017423799674037222,-2.9831555710155278,-0.07944133108338192,-0.004319877881119906,-0.004401412512785363,0.0,-0.012043690377894434,0.0,0.0,0.0,0.03036086166666667,0.008137993430129423,38.16580011554015,0.26870306181398035,19
ranked_carry_lb6_k3_th1_reb6_keep0.5,ranked_carry,6,3,1.0,6,0.5,taker,full,-0.20825992861647435,-0.06308891218040957,0.026487992641241836,-2.446986853836519,-0.20825992861647435,-0.005401960226142813,-0.005931311765380087,0.007938431986187044,-0.016412266271327747,0.09302325581395349,0.0,0.0,0.25816168500000003,0.02024107423632303,71.25354400942945,0.564206301169125,43
ranked_carry_lb6_k3_th1_reb6_keep0.5,ranked_carry,6,3,1.0,6,0.5,optimistic_limit,train,-0.033322637144225786,-0.016780636986984954,0.02817375043561329,-0.5865868803688826,-0.047059387605901004,-0.0013949351676196264,-0.002558207397508949,0.017680448378505353,-0.009425924557938337,0.3333333333333333,0.0,0.0,0.22780082333333335,0.01210308080619362,97.37217123639059,0.7974690759847233,24
ranked_carry_lb6_k3_th1_reb6_keep0.5,ranked_carry,6,3,1.0,6,0.5,optimistic_limit,test,-0.045092358922970366,-0.028765913626547013,0.01478160669779687,-1.9672032676172193,-0.0457785455671742,-0.00242260920117526,-0.0022052746927598843,0.0,-0.00734641916168588,0.0,0.0,0.0,0.03036086166666667,0.008137993430129423,38.16580011554015,0.26870306181398035,19
ranked_carry_lb6_k3_th1_reb6_keep0.5,ranked_carry,6,3,1.0,6,0.5,optimistic_limit,full,-0.07691239975283004,-0.02208601270530064,0.023237347273854205,-0.9494906243796918,-0.08622576605209487,-0.0018490236940744414,-0.0022052746927598843,0.017680448378505353,-0.009425924557938337,0.18604651162790697,0.0,0.0,0.25816168500000003,0.02024107423632303,71.25354400942945,0.564206301169125,43
ranked_carry_lb6_k3_th2_reb1_keep1,ranked_carry,6,3,2.0,1,1.0,taker,train,-0.08456179389567176,-0.043159233381130035,0.01902393031930504,-2.309570943057087,-0.08933318831814852,-0.003657126340460929,0.0,0.003898256156974478,-0.020320833831981355,0.08333333333333333,0.0,0.0,0.15273836666666668,0.015272039947344534,63.91609188850254,0.3406486917858975,24
ranked_carry_lb6_k3_th2_reb1_keep1,ranked_carry,6,3,2.0,1,1.0,taker,test,0.0,0.0,0.0,,0.0,0.0,0.0,0.0,0.0,0.0,0.0,0.0,0.0,0.0,0.0,0.0,19
ranked_carry_lb6_k3_th2_reb1_keep1,ranked_carry,6,3,2.0,1,1.0,taker,full,-0.08456179389567176,-0.024354233222370958,0.014223368695810456,-1.7263458221884467,-0.08933318831814852,-0.0020411867946758676,0.0,0.003898256156974478,-0.020320833831981355,0.046511627906976744,0.0,0.0,0.15273836666666668,0.015272039947344532,35.71979229715524,0.19037303685769807,43
ranked_carry_lb6_k3_th2_reb1_keep1,ranked_carry,6,3,2.0,1,1.0,optimistic_limit,train,-0.011382953018460373,-0.0057003039258823884,0.016069821216745144,-0.34769904902774273,-0.02340390164835815,-0.000471704055080277,0.0,0.006918414286961383,-0.01046270651540182,0.25,0.0,0.0,0.15273836666666668,0.015272039947344534,63.91609188850254,0.3406486917858975,24
ranked_carry_lb6_k3_th2_reb1_keep1,ranked_carry,6,3,2.0,1,1.0,optimistic_limit,test,0.0,0.0,0.0,,0.0,0.0,0.0,0.0,0.0,0.0,0.0,0.0,0.0,0.0,0.0,0.0,19
ranked_carry_lb6_k3_th2_reb1_keep1,ranked_carry,6,3,2.0,1,1.0,optimistic_limit,full,-0.011382953018460373,-0.0031896566214043576,0.012013132374872762,-0.2599303536933053,-0.02340390164835815,-0.0002632766819052709,0.0,0.006918414286961383,-0.01046270651540182,0.13953488372093023,0.0,0.0,0.15273836666666668,0.015272039947344532,35.71979229715524,0.19037303685769807,43
ranked_carry_lb6_k3_th2_reb3_keep1,ranked_carry,6,3,2.0,3,1.0,taker,train,-0.03202128341833521,-0.01611991585720829,0.01847047182373064,-0.87060773097673,-0.03719873542185603,-0.0013491246318801432,0.0,0.00799526522556282,-0.010153613137274142,0.08333333333333333,0.0,0.0,0.14825236,0.012877681620033055,48.26996522829618,0.33654449068004333,24
ranked_carry_lb6_k3_th2_reb3_keep1,ranked_carry,6,3,2.0,3,1.0,taker,test,0.0,0.0,0.0,,0.0,0.0,0.0,0.0,0.0,0.0,0.0,0.0,0.0,0.0,0.0,0.0,19
ranked_carry_lb6_k3_th2_reb3_keep1,ranked_carry,6,3,2.0,3,1.0,taker,full,-0.03202128341833521,-0.00904096861743564,0.013807980779903079,-0.650832223871162,-0.03719873542185603,-0.0007529997945377543,0.0,0.00799526522556282,-0.010153613137274142,0.046511627906976744,0.0,0.0,0.14825236,0.012877681620033051,26.97588480774745,0.18807938581121977,43
ranked_carry_lb6_k3_th2_reb3_keep1,ranked_carry,6,3,2.0,3,1.0,optimistic_limit,train,0.025878678196350702,0.012839728134350192,0.01570984315573684,0.8199600368222628,-0.014404170921221482,0.0010708542805410264,0.0,0.011632625018108245,-0.003986812674818152,0.375,0.0,0.0,0.14825236,0.012877681620033055,48.26996522829618,0.33654449068004333,24
ranked_carry_lb6_k3_th2_reb3_keep1,ranked_carry,6,3,2.0,3,1.0,optimistic_limit,test,0.0,0.0,0.0,,0.0,0.0,0.0,0.0,0.0,0.0,0.0,0.0,0.0,0.0,0.0,0.0,19
ranked_carry_lb6_k3_th2_reb3_keep1,ranked_carry,6,3,2.0,3,1.0,optimistic_limit,full,0.025878678196350702,0.00715534175419652,0.011744190767716253,0.6129713139778766,-0.014404170921221482,0.00059768611006941,0.0,0.011632625018108245,-0.003986812674818152,0.20930232558139536,0.0,0.0,0.14825236,0.012877681620033051,26.97588480774745,0.18807938581121977,43
ranked_carry_lb6_k3_th2_reb6_keep1,ranked_carry,6,3,2.0,6,1.0,taker,train,0.019595885459775753,0.009737562057534621,0.01745776965003208,0.5638158180492187,-0.011634032362976221,0.0008140254061218081,0.0,0.011510315605229637,-0.004389250737853123,0.2916666666666667,0.0,0.0,0.14510354166666667,0.009274901758752913,33.622527503847685,0.3255999543977655,24
ranked_carry_lb6_k3_th2_reb6_keep1,ranked_carry,6,3,2.0,6,1.0,taker,test,0.0,0.0,0.0,,0.0,0.0,0.0,0.0,0.0,0.0,0.0,0.0,0.0,0.0,0.0,0.0,19
ranked_carry_lb6_k3_th2_reb6_keep1,ranked_carry,6,3,2.0,6,1.0,taker,full,0.019595885459775753,0.005430245934539446,0.013050769841500144,0.421491282328165,-0.011634032362976221,0.000454339761556358,0.0,0.011510315605229637,-0.004389250737853123,0.16279069767441862,0.0,0.0,0.14510354166666667,0.009274901758752912,18.790099072982702,0.181962983020611,43
ranked_carry_lb6_k3_th2_reb6_keep1,ranked_carry,6,3,2.0,6,1.0,optimistic_limit,train,0.061714181699534576,0.0303547092437515,0.015051784347518393,1.9942142729280548,-0.00697514593564208,0.0025096333151019604,0.0,0.02006080217356243,-0.0016138379953859472,0.4166666666666667,0.0,0.0,0.14510354166666667,0.009274901758752913,33.622527503847685,0.3255999543977655,24
ranked_carry_lb6_k3_th2_reb6_keep1,ranked_carry,6,3,2.0,6,1.0,optimistic_limit,test,0.0,0.0,0.0,,0.0,0.0,0.0,0.0,0.0,0.0,0.0,0.0,0.0,0.0,0.0,0.0,19
ranked_carry_lb6_k3_th2_reb6_keep1,ranked_carry,6,3,2.0,6,1.0,optimistic_limit,full,0.061714181699534576,0.016851910218101285,0.011253182693853832,1.4906756262666208,-0.00697514593564208,0.0014007255712196987,0.0,0.02006080217356243,-0.0016138379953859472,0.23255813953488372,0.0,0.0,0.14510354166666667,0.009274901758752912,18.790099072982702,0.181962983020611,43
ranked_carry_lb6_k3_th5_reb1_keep2.5,ranked_carry,6,3,5.0,1,2.5,taker,train,-0.010408739433563352,-0.005211160136808335,0.00920626611897539,-0.5629183252754796,-0.01692969191361149,-0.0004344726262889287,0.0,0.0029213433756309914,-0.0059502623981926295,0.041666666666666664,0.0,0.0,0.046662093333333335,0.002959548160468969,14.980334036367783,0.04377814512911132,24
ranked_carry_lb6_k3_th5_reb1_keep2.5,ranked_carry,6,3,5.0,1,2.5,taker,test,0.0,0.0,0.0,,0.0,0.0,0.0,0.0,0.0,0.0,0.0,0.0,0.0,0.0,0.0,0.0,19
ranked_carry_lb6_k3_th5_reb1_keep2.5,ranked_carry,6,3,5.0,1,2.5,taker,full,-0.010408739433563352,-0.0029156359234786544,0.006882256987433546,-0.42082035518072963,-0.01692969191361149,-0.00024249634955661136,0.0,0.0029213433756309914,-0.0059502623981926295,0.023255813953488372,0.0,0.0,0.04666209333333333,0.002959548160468968,8.37182631964576,0.02446561116243509,43
ranked_carry_lb6_k3_th5_reb1_keep2.5,ranked_carry,6,3,5.0,1,2.5,optimistic_limit,train,0.0075926918402347,0.003784189797557458,0.00758519365746873,0.5017438826152135,-0.005767575143487247,0.0003162459213824492,0.0,0.005664382588552952,-0.0025037831149109513,0.125,0.0,0.0,0.046662093333333335,0.002959548160468969,14.980334036367783,0.04377814512911132,24
ranked_carry_lb6_k3_th5_reb1_keep2.5,ranked_carry,6,3,5.0,1,2.5,optimistic_limit,test,0.0,0.0,0.0,,0.0,0.0,0.0,0.0,0.0,0.0,0.0,0.0,0.0,0.0,0.0,0.0,19
ranked_carry_lb6_k3_th5_reb1_keep2.5,ranked_carry,6,3,5.0,1,2.5,optimistic_limit,full,0.0075926918402347,0.002113049294445668,0.005670395115825705,0.3750888462700888,-0.005767575143487247,0.00017650935146927397,0.0,0.005664382588552952,-0.0025037831149109513,0.06976744186046512,0.0,0.0,0.04666209333333333,0.002959548160468968,8.37182631964576,0.02446561116243509,43
ranked_carry_lb6_k3_th5_reb3_keep2.5,ranked_carry,6,3,5.0,3,2.5,taker,train,0.004360733576884268,0.002175136362825736,0.008713624154913186,0.25371437639808797,-0.007415363911291495,0.00018162559502007033,0.0,0.0025441801537726683,-0.0010977822274303994,0.125,0.0,0.0,0.044042323333333334,0.002385024641546311,10.486233825457445,0.042410078093826596,24
ranked_carry_lb6_k3_th5_reb3_keep2.5,ranked_carry,6,3,5.0,3,2.5,taker,test,0.0,0.0,0.0,,0.0,0.0,0.0,0.0,0.0,0.0,0.0,0.0,0.0,0.0,0.0,0.0,19
ranked_carry_lb6_k3_th5_reb3_keep2.5,ranked_carry,6,3,5.0,3,2.5,taker,full,0.004360733576884268,0.0012150020333692169,0.0065139350361504405,0.18967023822327503,-0.007415363911291495,0.00010137242512748112,0.0,0.0025441801537726683,-0.0010977822274303994,0.06976744186046512,0.0,0.0,0.04404232333333333,0.002385024641546313,5.860278423752031,0.023701060813608996,43
ranked_carry_lb6_k3_th5_reb3_keep2.5,ranked_carry,6,3,5.0,3,2.5,optimistic_limit,train,0.01711858042223402,0.008511748122628893,0.007317072500413995,1.1620100816856085,-0.004605486230931821,0.0007101741170871904,0.0,0.0112859748992431,0.0,0.20833333333333334,0.0,0.0,0.044042323333333334,0.002385024641546311,10.486233825457445,0.042410078093826596,24
ranked_carry_lb6_k3_th5_reb3_keep2.5,ranked_carry,6,3,5.0,3,2.5,optimistic_limit,test,0.0,0.0,0.0,,0.0,0.0,0.0,0.0,0.0,0.0,0.0,0.0,0.0,0.0,0.0,0.0,19
ranked_carry_lb6_k3_th5_reb3_keep2.5,ranked_carry,6,3,5.0,3,2.5,optimistic_limit,full,0.01711858042223402,0.004747933878621824,0.005470109494858693,0.8686602468917412,-0.004605486230931821,0.0003963762513975016,0.0,0.0112859748992431,0.0,0.11627906976744186,0.0,0.0,0.04404232333333333,0.002385024641546313,5.860278423752031,0.023701060813608996,43
ranked_carry_lb6_k3_th5_reb6_keep2.5,ranked_carry,6,3,5.0,6,2.5,taker,train,0.015584122726102212,0.0077517217865152865,0.00722732099552976,1.0720397126806396,-0.004525664650334327,0.0006489901000352599,0.0,0.014387074576455161,-0.003152430358170366,0.16666666666666666,0.0,0.0,0.04121748333333333,0.0036321431040563703,7.323718862224249,0.04104201105854187,24
ranked_carry_lb6_k3_th5_reb6_keep2.5,ranked_carry,6,3,5.0,6,2.5,taker,test,0.0,0.0,0.0,,0.0,0.0,0.0,0.0,0.0,0.0,0.0,0.0,0.0,0.0,0.0,0.0,19
ranked_carry_lb6_k3_th5_reb6_keep2.5,ranked_carry,6,3,5.0,6,2.5,taker,full,0.015584122726102212,0.004324704579300898,0.005402985567652033,0.8014069836350829,-0.004525664650334327,0.00036222703257781947,0.0,0.014387074576455161,-0.003152430358170366,0.09302325581395349,0.0,0.0,0.04121748333333333,0.003632143104056369,4.092892867382371,0.0229365104647829,43
ranked_carry_lb6_k3_th5_reb6_keep2.5,ranked_carry,6,3,5.0,6,2.5,optimistic_limit,train,0.024577798518400806,0.012198193627866782,0.005966086057987832,2.0352047092207384,-0.0030513206227353873,0.0010197067407269101,0.0,0.019276771677206206,-0.0013517162637658453,0.16666666666666666,0.0,0.0,0.04121748333333333,0.0036321431040563703,7.323718862224249,0.04104201105854187,24
ranked_carry_lb6_k3_th5_reb6_keep2.5,ranked_carry,6,3,5.0,6,2.5,optimistic_limit,test,0.0,0.0,0.0,,0.0,0.0,0.0,0.0,0.0,0.0,0.0,0.0,0.0,0.0,0.0,0.0,19
ranked_carry_lb6_k3_th5_reb6_keep2.5,ranked_carry,6,3,5.0,6,2.5,optimistic_limit,full,0.024577798518400806,0.0067987796730788475,0.004460450269644007,1.5213096608219558,-0.0030513206227353873,0.0005691386459871127,0.0,0.019276771677206206,-0.0013517162637658453,0.09302325581395349,0.0,0.0,0.04121748333333333,0.003632143104056369,4.092892867382371,0.0229365104647829,43
ranked_carry_lb6_k5_th0_reb1_keep0,ranked_carry,6,5,0.0,1,0.0,taker,train,-0.4224829907348232,-0.23978104867441674,0.0279951689907097,-9.778568333158725,-0.4226525458551593,-0.022544017440442942,-0.023848064828031423,0.0035856605656992002,-0.04540974631268091,0.08333333333333333,0.0,0.0,0.2493855045,0.012390392533955772,202.23450949096508,0.9976628854813886,24
ranked_carry_lb6_k5_th0_reb1_keep0,ranked_carry,6,5,0.0,1,0.0,taker,test,-0.5613782128250526,-0.40626508647757253,0.029857236152551505,-17.44504369333961,-0.561896220777587,-0.042360741269422,-0.04211829259416566,-0.017148024741574508,-0.07536523974682086,0.0,0.0,0.0,0.07158122016666668,0.0128306280701314,287.12911611785097,0.9971114962449451,19
ranked_carry_lb6_k5_th0_reb1_keep0,ranked_carry,6,5,0.0,1,0.0,taker,full,-0.7466884572721775,-0.31831547443899144,0.028860762165871724,-13.262412023280593,-0.7467468976766152,-0.031300244248596475,-0.031184753774168184,0.0035856605656992002,-0.07536523974682086,0.046511627906976744,0.0,0.0,0.3209667246666667,0.025221020604087183,239.68538753145805,0.9974196425727119,43
ranked_carry_lb6_k5_th0_reb1_keep0,ranked_carry,6,5,0.0,1,0.0,optimistic_limit,train,-0.2634797421172551,-0.1416203501761445,0.02431520313131633,-6.268175776952719,-0.26369597952490165,-0.012612229911095915,-0.01484860124363191,0.007054481664394485,-0.031143829908520493,0.125,0.0,0.0,0.2493855045,0.012390392533955772,202.23450949096508,0.9976628854813886,24
ranked_carry_lb6_k5_th0_reb1_keep0,ranked_carry,6,5,0.0,1,0.0,optimistic_limit,test,-0.4239155915634376,-0.294515048474295,0.023641997194683583,-14.744241643480777,-0.42487223065413293,-0.028562233626488395,-0.027746051060277943,-0.009327043289321879,-0.05304355655673032,0.0,0.0,0.0,0.07158122016666668,0.0128306280701314,287.12911611785097,0.9971114962449451,19
ranked_carry_lb6_k5_th0_reb1_keep0,ranked_carry,6,5,0.0,1,0.0,optimistic_limit,full,-0.5757021629360749,-0.21277751197122374,0.02404270179770436,-9.93865367716866,-0.575800050844905,-0.019659905971385616,-0.01949382908373376,0.007054481664394485,-0.05304355655673032,0.06976744186046512,0.0,0.0,0.3209667246666667,0.025221020604087183,239.68538753145805,0.9974196425727119,43
ranked_carry_lb6_k5_th0_reb3_keep0,ranked_carry,6,5,0.0,3,0.0,taker,train,-0.2630563564970477,-0.14137399109172155,0.027357661783744547,-5.55772233037288,-0.2633456353480881,-0.012596323768799234,-0.014219441355450502,0.007794255458821953,-0.023258425666412563,0.125,0.0,0.0,0.24453303533333334,0.009641847438829725,139.48355469418001,0.9972068631362937,24
ranked_carry_lb6_k5_th0_reb3_keep0,ranked_carry,6,5,0.0,3,0.0,taker,test,-0.4224270494064397,-0.2933624610840899,0.028959755254367007,-11.975613862159053,-0.42266468736099605,-0.028439258095372323,-0.026970980371601727,-0.011235371223790591,-0.047928728638741314,0.0,0.0,0.0,0.0678666755,0.007753803734959274,197.32351242056615,0.9965337954939342,19
ranked_carry_lb6_k5_th0_reb3_keep0,ranked_carry,6,5,0.0,3,0.0,taker,full,-0.5743612854008328,-0.21208405323383417,0.02809424332471482,-8.47026928802631,-0.574482099448054,-0.019596690099145483,-0.01982621937434237,0.007794255458821953,-0.047928728638741314,0.06976744186046512,0.0,0.0,0.3123997108333334,0.017395651173788995,164.99939473097385,0.9969099423401612,43
ranked_carry_lb6_k5_th0_reb3_keep0,ranked_carry,6,5,0.0,3,0.0,optimistic_limit,train,-0.12843760525934333,-0.06634080637382067,0.023978312924614793,-2.8507491415556285,-0.12890617527530068,-0.0056770577192430715,-0.008004995768185363,0.01728271269052728,-0.015310532691923173,0.20833333333333334,0.0,0.0,0.24453303533333334,0.009641847438829725,139.48355469418001,0.9972068631362937,24
ranked_carry_lb6_k5_th0_reb3_keep0,ranked_carry,6,5,0.0,3,0.0,optimistic_limit,test,-0.303374545085483,-0.20441944902309606,0.022949565603034107,-9.952987475562193,-0.3041277992295025,-0.018825648970302786,-0.018046423251219745,-0.005279145400028051,-0.033147431554896745,0.0,0.0,0.0,0.0678666755,0.007753803734959274,197.32351242056615,0.9965337954939342,19
ranked_carry_lb6_k5_th0_reb3_keep0,ranked_carry,6,5,0.0,3,0.0,optimistic_limit,full,-0.3928474502773983,-0.1299846794239986,0.023544976546962613,-5.902157909900868,-0.39301978553332484,-0.011486900365060155,-0.012032702030278841,0.01728271269052728,-0.033147431554896745,0.11627906976744186,0.0,0.0,0.3123997108333334,0.017395651173788995,164.99939473097385,0.9969099423401612,43
ranked_carry_lb6_k5_th0_reb6_keep0,ranked_carry,6,5,0.0,6,0.0,taker,train,-0.17502257405028565,-0.09160275709039034,0.027622245335414276,-3.4642885291365255,-0.17534640956201963,-0.007947841305395706,-0.01044698915172032,0.01369087468863528,-0.017898638608297435,0.125,0.0,0.0,0.23995508250000003,0.0064774842217114915,109.37308328108078,0.9972068631362937,24
ranked_carry_lb6_k5_th0_reb6_keep0,ranked_carry,6,5,0.0,6,0.0,taker,test,-0.3075750662441733,-0.20745744494249474,0.027864833465764693,-8.3301180211414,-0.3084814481231811,-0.019136505323527165,-0.018024701747520022,-0.005758081580132912,-0.03190716257055759,0.0,0.0,0.0,0.06629792166666668,0.0032992150552993843,138.07163489312535,0.9965337954939342,19
ranked_carry_lb6_k5_th0_reb6_keep0,ranked_carry,6,5,0.0,6,0.0,taker,full,-0.4287650604867206,-0.1446644664948753,0.027738524765076687,-5.619445097491326,-0.42900391549130656,-0.012891669592477048,-0.014587767018166664,0.01369087468863528,-0.03190716257055759,0.06976744186046512,0.0,0.0,0.3062530041666667,0.009776699277010865,122.03332165270301,0.9969099423401612,43
ranked_carry_lb6_k5_th0_reb6_keep0,ranked_carry,6,5,0.0,6,0.0,optimistic_limit,train,-0.05898545265805455,-0.02990229510047071,0.024122290482766033,-1.246464456486984,-0.06622966293847299,-0.0024978158467645847,-0.0049363194055435655,0.021274357385551612,-0.011242365577547098,0.2916666666666667,0.0,0.0,0.23995508250000003,0.0064774842217114915,109.37308328108078,0.9972068631362937,24
ranked_carry_lb6_k5_th0_reb6_keep0,ranked_carry,6,5,0.0,6,0.0,optimistic_limit,test,-0.21051212155238996,-0.1388822194787772,0.022280327518289962,-6.699828373297279,-0.2119727201884033,-0.012349813809496525,-0.011782859769041809,-0.0014493645188786708,-0.022096389937071526,0.0,0.0,0.0,0.06629792166666668,0.0032992150552993843,138.07163489312535,0.9965337954939342,19
ranked_carry_lb6_k5_th0_reb6_keep0,ranked_carry,6,5,0.0,6,0.0,optimistic_limit,full,-0.25708042143066756,-0.07958241702541446,0.023335858033352096,-3.5419792104064767,-0.25772713372831335,-0.0068510242489019536,-0.00827698947413713,0.021274357385551612,-0.022096389937071526,0.16279069767441862,0.0,0.0,0.3062530041666667,0.009776699277010865,122.03332165270301,0.9969099423401612,43
ranked_carry_lb6_k5_th0.5_reb1_keep0.25,ranked_carry,6,5,0.5,1,0.25,taker,train,-0.4282883973367422,-0.24360668596722834,0.029526077064849988,-9.440923000274491,-0.4284562480286387,-0.022956347302353197,-0.02610822089096443,0.0035856605656992002,-0.04097949734712647,0.08333333333333333,0.0,0.0,0.25140216416666666,0.013825775527645533,205.59676224134984,0.985350282163826,24
ranked_carry_lb6_k5_th0.5_reb1_keep0.25,ranked_carry,6,5,0.5,1,0.25,taker,test,-0.5488040395600066,-0.39555395916180336,0.036359076066952135,-13.82782381013488,-0.5493368974856574,-0.04095753586241233,-0.04191098611614352,-0.015667504777780006,-0.060596729489956536,0.0,0.0,0.0,0.07136520550000001,0.015449862983446095,278.842287694974,0.8607741190063547,19
ranked_carry_lb6_k5_th0.5_reb1_keep0.25,ranked_carry,6,5,0.5,1,0.25,taker,full,-0.7420460343416622,-0.3148519081495935,0.032737845041933875,-11.53331774559559,-0.7421055457793058,-0.03091036085214677,-0.03207300684634584,0.0035856605656992002,-0.060596729489956536,0.046511627906976744,0.0,0.0,0.3227673696666667,0.02927563851109164,237.90869994584432,0.9303940619922908,43
ranked_carry_lb6_k5_th0.5_reb1_keep0.25,ranked_carry,6,5,0.5,1,0.25,optimistic_limit,train,-0.26790838106701453,-0.14420154279390163,0.025445292187229455,-6.107037859152578,-0.2681233182559697,-0.012861012652472617,-0.01577785623468586,0.007054481664394485,-0.027343969886838182,0.125,0.0,0.0,0.25140216416666666,0.013825775527645533,205.59676224134984,0.985350282163826,24
ranked_carry_lb6_k5_th0.5_reb1_keep0.25,ranked_carry,6,5,0.5,1,0.25,optimistic_limit,test,-0.41198711994378034,-0.28530920076280075,0.029568503604526977,-11.345231724366394,-0.412963567316173,-0.02752736681061837,-0.02789731165102216,-0.008311225741978845,-0.04196909290861406,0.0,0.0,0.0,0.07136520550000001,0.015449862983446095,278.842287694974,0.8607741190063547,19
ranked_carry_lb6_k5_th0.5_reb1_keep0.25,ranked_carry,6,5,0.5,1,0.25,optimistic_limit,full,-0.5695206986861934,-0.20959368669306677,0.02735721786720077,-8.583868079975057,-0.569620012693759,-0.01934149472235097,-0.020232824361867463,0.007054481664394485,-0.04196909290861406,0.06976744186046512,0.0,0.0,0.3227673696666667,0.02927563851109164,237.90869994584432,0.9303940619922908,43
ranked_carry_lb6_k5_th0.5_reb3_keep0.25,ranked_carry,6,5,0.5,3,0.25,taker,train,-0.2771236269957652,-0.1495977449544481,0.029108534520225948,-5.552343591923136,-0.27740738389966235,-0.013382994477274928,-0.015468347629831958,0.007794255458821953,-0.029134833298816276,0.125,0.0,0.0,0.24710426983333333,0.009430213654250997,144.85983013167646,0.9835261927834464,24
ranked_carry_lb6_k5_th0.5_reb3_keep0.25,ranked_carry,6,5,0.5,3,0.25,taker,test,-0.4231764076809291,-0.29394255722990825,0.03444166623176406,-10.088307862673393,-0.423413737317779,-0.028505556499472944,-0.029036609448427675,-0.010492499401855593,-0.04375806953929484,0.0,0.0,0.0,0.06656827850000001,0.012028957185984873,198.58867706528014,0.854419410745234,19
ranked_carry_lb6_k5_th0.5_reb3_keep0.25,ranked_carry,6,5,0.5,3,0.25,taker,full,-0.5830278537211173,-0.21659427907915707,0.03158733111462262,-7.712015662484177,-0.5831462078342244,-0.02006505676615312,-0.01941288044778655,0.007794255458821953,-0.04375806953929484,0.06976744186046512,0.0,0.0,0.31367254833333336,0.021459170840235874,168.56207193144533,0.9265713102481603,43
ranked_carry_lb6_k5_th0.5_reb3_keep0.25,ranked_carry,6,5,0.5,3,0.25,optimistic_limit,train,-0.1395060453859589,-0.07228049697131422,0.025334885096231247,-2.948688606673688,-0.13996866477898773,-0.00620304807255712,-0.009010047613519978,0.01728271269052728,-0.019085163636244684,0.20833333333333334,0.0,0.0,0.24710426983333333,0.009430213654250997,144.85983013167646,0.9835261927834464,24
ranked_carry_lb6_k5_th0.5_reb3_keep0.25,ranked_carry,6,5,0.5,3,0.25,optimistic_limit,test,-0.3034023791024244,-0.20443955758184928,0.02829782791037535,-8.067931105291738,-0.3041556031497996,-0.018828333982691594,-0.01903698259849529,-0.005279145400028051,-0.030870108628719306,0.0,0.0,0.0,0.06656827850000001,0.012028957185984873,198.58867706528014,0.854419410745234,19
ranked_carry_lb6_k5_th0.5_reb3_keep0.25,ranked_carry,6,5,0.5,3,0.25,optimistic_limit,full,-0.4005819584191106,-0.13309184995820655,0.02669456623597721,-5.336844505125219,-0.4007520982985363,-0.011781662777035143,-0.011421611845854884,0.01728271269052728,-0.030870108628719306,0.11627906976744186,0.0,0.0,0.31367254833333336,0.021459170840235874,168.56207193144533,0.9265713102481603,43
ranked_carry_lb6_k5_th0.5_reb6_keep0.25,ranked_carry,6,5,0.5,6,0.25,taker,train,-0.17379727448228777,-0.0909292923160453,0.02854317196972134,-3.3256445324211072,-0.17412159097144053,-0.007885692277941761,-0.010457598620934927,0.01369087468863528,-0.02174838108195254,0.125,0.0,0.0,0.2417542696666667,0.00721427855629053,109.62275551502023,0.9807900587128769,24
ranked_carry_lb6_k5_th0.5_reb6_keep0.25,ranked_carry,6,5,0.5,6,0.25,taker,test,-0.3035131685962045,-0.2045195998732523,0.031767743463959365,-7.186568125119398,-0.3044690861189159,-0.018831646841063088,-0.019542315318855197,-0.004821536196397136,-0.03028936314580155,0.0,0.0,0.0,0.06401926133333334,0.008210764214849628,136.99624494511843,0.8405545927209706,19
ranked_carry_lb6_k5_th0.5_reb6_keep0.25,ranked_carry,6,5,0.5,6,0.25,taker,full,-0.42456068160698723,-0.14291230697558344,0.03001627088847044,-5.122653043083352,-0.4248378607663521,-0.012722276852344208,-0.014007706357477168,0.01369087468863528,-0.03028936314580155,0.06976744186046512,0.0,0.0,0.30577353100000004,0.015425042771140152,121.69844859991719,0.9189258067598993,43
ranked_carry_lb6_k5_th0.5_reb6_keep0.25,ranked_carry,6,5,0.5,6,0.25,optimistic_limit,train,-0.057295877020079766,-0.029032930494444886,0.02497851233931182,-1.1670346934220244,-0.06480152569406727,-0.0024229998709127073,-0.005212418228996041,0.021274357385551612,-0.01395322152964229,0.2916666666666667,0.0,0.0,0.2417542696666667,0.00721427855629053,109.62275551502023,0.9807900587128769,24
ranked_carry_lb6_k5_th0.5_reb6_keep0.25,ranked_carry,6,5,0.5,6,0.25,optimistic_limit,test,-0.20668071028824742,-0.13624098837922638,0.026713568384743584,-5.469254556850242,-0.2081987363150345,-0.012097292854368271,-0.012622598848626265,-0.0014493645188786708,-0.02148527322004523,0.0,0.0,0.0,0.06401926133333334,0.008210764214849628,136.99624494511843,0.8405545927209706,19
ranked_carry_lb6_k5_th0.5_reb6_keep0.25,ranked_carry,6,5,0.5,6,0.25,optimistic_limit,full,-0.2521346347492298,-0.07787657830208938,0.02576538980866778,-3.1338113977116624,-0.2530315827813634,-0.006697687468253538,-0.008100193529152921,0.021274357385551612,-0.02148527322004523,0.16279069767441862,0.0,0.0,0.30577353100000004,0.015425042771140152,121.69844859991719,0.9189258067598993,43
ranked_carry_lb6_k5_th1_reb1_keep0.5,ranked_carry,6,5,1.0,1,0.5,taker,train,-0.25502460993582354,-0.13671384051173596,0.02883204432135219,-5.084348877727551,-0.255297151828091,-0.012156240453714476,-0.010947097590285448,0.005292219343492333,-0.030087733923602755,0.08333333333333333,0.0,0.0,0.2307436681666667,0.011620432667626326,133.80767257595625,0.7865245397024454,24
ranked_carry_lb6_k5_th1_reb1_keep0.5,ranked_carry,6,5,1.0,1,0.5,taker,test,-0.1846763330489033,-0.12116173806670061,0.022551268197602243,-5.715819820201138,-0.1848941825824063,-0.010657413880708311,-0.008157835721396056,0.0,-0.028736557983256916,0.0,0.0,0.0,0.03947310616666667,0.006027218667611518,78.84084344309647,0.33918255343731946,19
ranked_carry_lb6_k5_th1_reb1_keep0.5,ranked_carry,6,5,1.0,1,0.5,taker,full,-0.3926039331845519,-0.1298873162543891,0.02624700433880963,-5.287723501874788,-0.3926039331845519,-0.011493968247037334,-0.010382821781943385,0.005292219343492333,-0.030087733923602755,0.046511627906976744,0.0,0.0,0.27021677433333335,0.017647651335237845,109.55930043643082,0.5891816125641107,43
ranked_carry_lb6_k5_th1_reb1_keep0.5,ranked_carry,6,5,1.0,1,0.5,optimistic_limit,train,-0.12492729383644152,-0.06446495433650301,0.02564967469922494,-2.585123180696242,-0.12524743054751997,-0.005522381188622684,-0.005607633604131246,0.007709719180147401,-0.01680002392890978,0.125,0.0,0.0,0.2307436681666667,0.011620432667626326,133.80767257595625,0.7865245397024454,24
ranked_carry_lb6_k5_th1_reb1_keep0.5,ranked_carry,6,5,1.0,1,0.5,optimistic_limit,test,-0.12126516730441561,-0.07852095549414917,0.018990569945616556,-4.296578770533553,-0.12207884426748372,-0.006767691501701703,-0.0049738005290015375,0.0,-0.018253608926652842,0.0,0.0,0.0,0.03947310616666667,0.006027218667611518,78.84084344309647,0.33918255343731946,19
ranked_carry_lb6_k5_th1_reb1_keep0.5,ranked_carry,6,5,1.0,1,0.5,optimistic_limit,full,-0.23104313195289072,-0.07069193432134246,0.022951252743899003,-3.1828903741950856,-0.23104313195289072,-0.006072634582773879,-0.0049738005290015375,0.007709719180147401,-0.018253608926652842,0.06976744186046512,0.0,0.0,0.27021677433333335,0.017647651335237845,109.55930043643082,0.5891816125641107,43
ranked_carry_lb6_k5_th1_reb3_keep0.5,ranked_carry,6,5,1.0,3,0.5,taker,train,-0.15579299485032383,-0.08109060701069337,0.027301574158855153,-3.083875127132841,-0.15622219987592212,-0.0070099323015547915,-0.007877697202513467,0.007794255458821953,-0.019618385906379987,0.16666666666666666,0.0,0.0,0.2261423075,0.00938067587251142,100.900872142735,0.7810522715613065,24
ranked_carry_lb6_k5_th1_reb3_keep0.5,ranked_carry,6,5,1.0,3,0.5,taker,test,-0.14615335327332957,-0.09511763730987688,0.021089873811828624,-4.728676991557947,-0.1464155569855975,-0.008260553750972822,-0.006302814953408786,0.0,-0.027282200570940218,0.0,0.0,0.0,0.035256032166666666,0.005559689280303991,62.7732524552282,0.325895436164067,19
ranked_carry_lb6_k5_th1_reb3_keep0.5,ranked_carry,6,5,1.0,3,0.5,taker,full,-0.2791766795097823,-0.08730517470277,0.024753969502215336,-3.6780671989187153,-0.2791766795097823,-0.007562532476879038,-0.007132112417071679,0.007794255458821953,-0.027282200570940218,0.09302325581395349,0.0,0.0,0.2613983396666667,0.014940365152815405,84.08104233697554,0.580261858494473,43
ranked_carry_lb6_k5_th1_reb3_keep0.5,ranked_carry,6,5,1.0,3,0.5,optimistic_limit,train,-0.0468293252124391,-0.023664702895394796,0.02429634220019521,-0.9735672143371059,-0.05563451852471657,-0.0019763263603739998,-0.0032418063058159974,0.01728271269052728,-0.012484923188968433,0.3333333333333333,0.0,0.0,0.2261423075,0.00938067587251142,100.900872142735,0.7810522715613065,24
ranked_carry_lb6_k5_th1_reb3_keep0.5,ranked_carry,6,5,1.0,3,0.5,optimistic_limit,test,-0.09368085962794459,-0.06032686247131047,0.017869805452058463,-3.473079197320997,-0.09426880199381238,-0.005154739768813257,-0.003718383765454414,0.0,-0.0171549522893657,0.0,0.0,0.0,0.035256032166666666,0.005559689280303991,62.7732524552282,0.325895436164067,19
ranked_carry_lb6_k5_th1_reb3_keep0.5,ranked_carry,6,5,1.0,3,0.5,optimistic_limit,full,-0.13612317339868307,-0.040011146761471106,0.021697860452688466,-1.8710664102329417,-0.1387378556357568,-0.003380741587358788,-0.0037038246467917535,0.01728271269052728,-0.0171549522893657,0.18604651162790697,0.0,0.0,0.2613983396666667,0.014940365152815405,84.08104233697554,0.580261858494473,43
ranked_carry_lb6_k5_th1_reb6_keep0.5,ranked_carry,6,5,1.0,6,0.5,taker,train,-0.07255833241400145,-0.036914716695009564,0.026972948447903936,-1.3809925023467553,-0.07801444975245586,-0.0031143260168835416,-0.004331661403036369,0.01369087468863528,-0.009717529676611991,0.25,0.0,0.0,0.22725405183333333,0.008682601314544128,77.53155104600127,0.8111497463375705,24
ranked_carry_lb6_k5_th1_reb6_keep0.5,ranked_carry,6,5,1.0,6,0.5,taker,test,-0.07106976899688056,-0.045564305419732776,0.016397307044321723,-2.8358534908033066,-0.07244390491782038,-0.0038642714238369754,-0.0024180481049256297,0.0,-0.014409880486317972,0.0,0.0,0.0,0.030308420500000002,0.007249457226514506,35.12940496822646,0.27563547082611206,19
ranked_carry_lb6_k5_th1_reb6_keep0.5,ranked_carry,6,5,1.0,6,0.5,taker,full,-0.13847139748741988,-0.040740065065746234,0.022916977950200913,-1.8034857056685305,-0.13847139748741988,-0.003445697243211803,-0.0036551144696835847,0.01369087468863528,-0.014409880486317972,0.13953488372093023,0.0,0.0,0.25756247233333335,0.015932058541058634,58.826032939377534,0.5749100060526903,43
ranked_carry_lb6_k5_th1_reb6_keep0.5,ranked_carry,6,5,1.0,6,0.5,optimistic_limit,train,0.018138449732309603,0.009016578140431886,0.02422457147715672,0.3826482983858274,-0.03345824074646908,0.0007692966988738873,-0.0015851948556424023,0.021274357385551612,-0.005540976081901405,0.4166666666666667,0.0,0.0,0.22725405183333333,0.008682601314544128,77.53155104600127,0.8111497463375705,24
ranked_carry_lb6_k5_th1_reb6_keep0.5,ranked_carry,6,5,1.0,6,0.5,optimistic_limit,test,-0.03954425124875249,-0.02520007319043538,0.014159829069456356,-1.7954113228185742,-0.04142552526669485,-0.0021178149605377617,-0.0005667256273890198,0.001157541512134097,-0.00825067675946567,0.10526315789473684,0.0,0.0,0.030308420500000002,0.007249457226514506,35.12940496822646,0.27563547082611206,19
ranked_carry_lb6_k5_th1_reb6_keep0.5,ranked_carry,6,5,1.0,6,0.5,optimistic_limit,full,-0.02212307292991711,-0.006223551755696999,0.020406483136251288,-0.2957306433640747,-0.049502709021760016,-0.0005064038017963763,-0.0013338590484585078,0.021274357385551612,-0.00825067675946567,0.27906976744186046,0.0,0.0,0.25756247233333335,0.015932058541058634,58.826032939377534,0.5749100060526903,43
ranked_carry_lb6_k5_th2_reb1_keep1,ranked_carry,6,5,2.0,1,1.0,taker,train,-0.021148763825095118,-0.010617026294545973,0.015380051453805289,-0.6863081486942344,-0.025630056590926098,-0.000882368961294395,0.0,0.00632828995317869,-0.011857424299551278,0.20833333333333334,0.0,0.0,0.14974051383333337,0.013054196126600543,45.92304622926524,0.34292880351137206,24
ranked_carry_lb6_k5_th2_reb1_keep1,ranked_carry,6,5,2.0,1,1.0,taker,test,0.0,0.0,0.0,,0.0,0.0,0.0,0.0,0.0,0.0,0.0,0.0,0.0,0.0,0.0,0.0,19
ranked_carry_lb6_k5_th2_reb1_keep1,ranked_carry,6,5,2.0,1,1.0,taker,full,-0.021148763825095118,-0.005947338638212951,0.011497590451796765,-0.5130607850993943,-0.025630056590926098,-0.0004924850016526857,0.0,0.00632828995317869,-0.011857424299551278,0.11627906976744186,0.0,0.0,0.14974051383333334,0.013054196126600552,25.664298684336273,0.1916472874390749,43
ranked_carry_lb6_k5_th2_reb1_keep1,ranked_carry,6,5,2.0,1,1.0,optimistic_limit,train,0.03444610387749414,0.017054656747126806,0.01322760583174045,1.2850680095627982,-0.014700145482419824,0.0014215364410616743,0.0,0.015120196629998306,-0.004788824355740018,0.3333333333333333,0.0,0.0,0.14974051383333337,0.013054196126600543,45.92304622926524,0.34292880351137206,24
ranked_carry_lb6_k5_th2_reb1_keep1,ranked_carry,6,5,2.0,1,1.0,optimistic_limit,test,0.0,0.0,0.0,,0.0,0.0,0.0,0.0,0.0,0.0,0.0,0.0,0.0,0.0,0.0,0.0,19
ranked_carry_lb6_k5_th2_reb1_keep1,ranked_carry,6,5,2.0,1,1.0,optimistic_limit,full,0.03444610387749414,0.009495507599659447,0.009888791026187236,0.9606448757482061,-0.014700145482419824,0.0007934156880344228,0.0,0.015120196629998306,-0.004788824355740018,0.18604651162790697,0.0,0.0,0.14974051383333334,0.013054196126600552,25.664298684336273,0.1916472874390749,43
ranked_carry_lb6_k5_th2_reb3_keep1,ranked_carry,6,5,2.0,3,1.0,taker,train,0.009694768944768839,0.0048293373236487636,0.015253357041946587,0.3234769802227562,-0.021511779935666664,0.0004108116997520635,0.0,0.012343087076726045,-0.006579142867893406,0.20833333333333334,0.0,0.0,0.14669935216666669,0.011381822436402627,37.00142506982842,0.3406486917858975,24
ranked_carry_lb6_k5_th2_reb3_keep1,ranked_carry,6,5,2.0,3,1.0,taker,test,0.0,0.0,0.0,,0.0,0.0,0.0,0.0,0.0,0.0,0.0,0.0,0.0,0.0,0.0,0.0,19
ranked_carry_lb6_k5_th2_reb3_keep1,ranked_carry,6,5,2.0,3,1.0,taker,full,0.009694768944768839,0.002696028378135429,0.011402772925791522,0.24182269274719315,-0.021511779935666664,0.00022929025102440755,0.0,0.012343087076726045,-0.006579142867893406,0.11627906976744186,0.0,0.0,0.14669935216666669,0.011381822436402633,20.678411009525025,0.19037303685769807,43
ranked_carry_lb6_k5_th2_reb3_keep1,ranked_carry,6,5,2.0,3,1.0,optimistic_limit,train,0.05566173625482551,0.027417523932734333,0.013153800323983528,2.0628992570770475,-0.01286788599529931,0.0022727212460505464,0.0,0.0204023646974818,-0.003788814227621784,0.4166666666666667,0.0,0.0,0.14669935216666669,0.011381822436402627,37.00142506982842,0.3406486917858975,24
ranked_carry_lb6_k5_th2_reb3_keep1,ranked_carry,6,5,2.0,3,1.0,optimistic_limit,test,0.0,0.0,0.0,,0.0,0.0,0.0,0.0,0.0,0.0,0.0,0.0,0.0,0.0,0.0,0.0,19
ranked_carry_lb6_k5_th2_reb3_keep1,ranked_carry,6,5,2.0,3,1.0,optimistic_limit,full,0.05566173625482551,0.01523094247959178,0.009834259726711175,1.5420068496082011,-0.01286788599529931,0.0012684955791910026,0.0,0.0204023646974818,-0.003788814227621784,0.23255813953488372,0.0,0.0,0.14669935216666669,0.011381822436402633,20.678411009525025,0.19037303685769807,43
ranked_carry_lb6_k5_th2_reb6_keep1,ranked_carry,6,5,2.0,6,1.0,taker,train,0.0495610149995831,0.0244483663007935,0.014321148321480903,1.693783694214015,-0.011214694710569684,0.0020281210750869028,0.0,0.017329325927107897,-0.003412109080979997,0.3333333333333333,0.0,0.0,0.142785388,0.007325488632013148,25.35005415265348,0.32833608846833495,24
ranked_carry_lb6_k5_th2_reb6_keep1,ranked_carry,6,5,2.0,6,1.0,taker,test,0.0,0.0,0.0,,0.0,0.0,0.0,0.0,0.0,0.0,0.0,0.0,0.0,0.0,0.0,0.0,19
ranked_carry_lb6_k5_th2_reb6_keep1,ranked_carry,6,5,2.0,6,1.0,taker,full,0.0495610149995831,0.013590250796058578,0.010706637778582433,1.2661390187470043,-0.011214694710569684,0.001131974553536876,0.0,0.017329325927107897,-0.003412109080979997,0.18604651162790697,0.0,0.0,0.142785388,0.007325488632013148,14.166990538689433,0.1834920837182632,43
ranked_carry_lb6_k5_th2_reb6_keep1,ranked_carry,6,5,2.0,6,1.0,optimistic_limit,train,0.08207371404145802,0.040173935584134846,0.012562764455966572,3.1415824231419363,-0.007145560277693308,0.003309255226435312,0.0,0.023708219054941138,-0.0016138379953859472,0.4166666666666667,0.0,0.0,0.142785388,0.007325488632013148,25.35005415265348,0.32833608846833495,24
ranked_carry_lb6_k5_th2_reb6_keep1,ranked_carry,6,5,2.0,6,1.0,optimistic_limit,test,0.0,0.0,0.0,,0.0,0.0,0.0,0.0,0.0,0.0,0.0,0.0,0.0,0.0,0.0,0.0,19
ranked_carry_lb6_k5_th2_reb6_keep1,ranked_carry,6,5,2.0,6,1.0,optimistic_limit,full,0.08207371404145802,0.022256182570307814,0.009393707188515732,2.347985276913094,-0.007145560277693308,0.0018470261728941277,0.0,0.023708219054941138,-0.0016138379953859472,0.23255813953488372,0.0,0.0,0.142785388,0.007325488632013148,14.166990538689433,0.1834920837182632,43
ranked_carry_lb6_k5_th5_reb1_keep2.5,ranked_carry,6,5,5.0,1,2.5,taker,train,-0.002626224530457133,-0.0013122539555520119,0.008033150770845364,-0.1594424397242206,-0.010776420673335063,-0.00010916555555038714,0.0,0.0024876373118312145,-0.002599353421029793,0.08333333333333333,0.0,0.0,0.045891495500000004,0.002410157954411263,12.699994299720686,0.04377814512911132,24
ranked_carry_lb6_k5_th5_reb1_keep2.5,ranked_carry,6,5,5.0,1,2.5,taker,test,0.0,0.0,0.0,,0.0,0.0,0.0,0.0,0.0,0.0,0.0,0.0,0.0,0.0,0.0,0.0,19
ranked_carry_lb6_k5_th5_reb1_keep2.5,ranked_carry,6,5,5.0,1,2.5,taker,full,-0.002626224530457133,-0.0007335713637541819,0.006005236168699746,-0.11919511860068602,-0.010776420673335063,-6.0929612400216074e-05,0.0,0.0024876373118312145,-0.002599353421029793,0.046511627906976744,0.0,0.0,0.0458914955,0.0024101579544112675,7.097448313210792,0.02446561116243509,43
ranked_carry_lb6_k5_th5_reb1_keep2.5,ranked_carry,6,5,5.0,1,2.5,optimistic_limit,train,0.012731499765169962,0.006337270641684434,0.006616297961780893,0.9581145617798057,-0.00525577627822349,0.0005289426617898543,0.0,0.00854341663227931,-0.0010382800712468443,0.16666666666666666,0.0,0.0,0.045891495500000004,0.002410157954411263,12.699994299720686,0.04377814512911132,24
ranked_carry_lb6_k5_th5_reb1_keep2.5,ranked_carry,6,5,5.0,1,2.5,optimistic_limit,test,0.0,0.0,0.0,,0.0,0.0,0.0,0.0,0.0,0.0,0.0,0.0,0.0,0.0,0.0,0.0,19
ranked_carry_lb6_k5_th5_reb1_keep2.5,ranked_carry,6,5,5.0,1,2.5,optimistic_limit,full,0.012731499765169962,0.003536676334788158,0.004946169436426968,0.7162460154483403,-0.00525577627822349,0.00029522381123154657,0.0,0.00854341663227931,-0.0010382800712468443,0.09302325581395349,0.0,0.0,0.0458914955,0.0024101579544112675,7.097448313210792,0.02446561116243509,43
ranked_carry_lb6_k5_th5_reb3_keep2.5,ranked_carry,6,5,5.0,3,2.5,taker,train,0.007087590627907314,0.0035328921026986926,0.007903378069540978,0.4501777500623763,-0.009258319287916317,0.00029554982295388704,0.0,0.006756178257904866,-0.0031375018202559612,0.16666666666666666,0.0,0.0,0.043814951666666664,0.0021102398316017387,9.687282676851167,0.04377814512911132,24
ranked_carry_lb6_k5_th5_reb3_keep2.5,ranked_carry,6,5,5.0,3,2.5,taker,test,0.0,0.0,0.0,,0.0,0.0,0.0,0.0,0.0,0.0,0.0,0.0,0.0,0.0,0.0,0.0,19
ranked_carry_lb6_k5_th5_reb3_keep2.5,ranked_carry,6,5,5.0,3,2.5,taker,full,0.007087590627907314,0.0019728365248510293,0.00590825007696109,0.33653995086365224,-0.009258319287916317,0.00016495804071844857,0.0,0.006756178257904866,-0.0031375018202559612,0.09302325581395349,0.0,0.0,0.04381495166666667,0.002110239831601738,5.41378102003759,0.02446561116243509,43
ranked_carry_lb6_k5_th5_reb3_keep2.5,ranked_carry,6,5,5.0,3,2.5,optimistic_limit,train,0.018898495785534486,0.009392632371643783,0.006555321698738168,1.4294179590229221,-0.0046167272085836375,0.0007846049151250164,0.0,0.014286497407249632,-0.0013374994703814203,0.16666666666666666,0.0,0.0,0.043814951666666664,0.0021102398316017387,9.687282676851167,0.04377814512911132,24
ranked_carry_lb6_k5_th5_reb3_keep2.5,ranked_carry,6,5,5.0,3,2.5,optimistic_limit,test,0.0,0.0,0.0,,0.0,0.0,0.0,0.0,0.0,0.0,0.0,0.0,0.0,0.0,0.0,0.0,19
ranked_carry_lb6_k5_th5_reb3_keep2.5,ranked_carry,6,5,5.0,3,2.5,optimistic_limit,full,0.018898495785534486,0.005238288274851399,0.004900724043691203,1.0685422716984903,-0.0046167272085836375,0.00043791902239535797,0.0,0.014286497407249632,-0.0013374994703814203,0.09302325581395349,0.0,0.0,0.04381495166666667,0.002110239831601738,5.41378102003759,0.02446561116243509,43
ranked_carry_lb6_k5_th5_reb6_keep2.5,ranked_carry,6,5,5.0,6,2.5,taker,train,0.017308916638479444,0.008605982790709454,0.007068254514973251,1.215882004742118,-0.00595251435301869,0.0007216084422117242,0.0,0.016985976809380965,-0.0044808041492265804,0.16666666666666666,0.0,0.0,0.041789468999999996,0.003221422523838804,6.940888103517072,0.04377814512911132,24
ranked_carry_lb6_k5_th5_reb6_keep2.5,ranked_carry,6,5,5.0,6,2.5,taker,test,0.0,0.0,0.0,,0.0,0.0,0.0,0.0,0.0,0.0,0.0,0.0,0.0,0.0,0.0,0.0,19
ranked_carry_lb6_k5_th5_reb6_keep2.5,ranked_carry,6,5,5.0,6,2.5,taker,full,0.017308916638479444,0.0048003997182262115,0.005284114766302466,0.9089292531564104,-0.00595251435301869,0.0004027582003042181,0.0,0.016985976809380965,-0.0044808041492265804,0.09302325581395349,0.0,0.0,0.041789469,0.003221422523838803,3.878946194769201,0.02446561116243509,43
ranked_carry_lb6_k5_th5_reb6_keep2.5,ranked_carry,6,5,5.0,6,2.5,optimistic_limit,train,0.025843338625768375,0.01282230565412168,0.005981210343088536,2.1331295172634244,-0.0031519090708207465,0.0010725688266028516,0.0,0.020904311772149242,-0.002082975382088681,0.16666666666666666,0.0,0.0,0.041789468999999996,0.003221422523838804,6.940888103517072,0.04377814512911132,24
ranked_carry_lb6_k5_th5_reb6_keep2.5,ranked_carry,6,5,5.0,6,2.5,optimistic_limit,test,0.0,0.0,0.0,,0.0,0.0,0.0,0.0,0.0,0.0,0.0,0.0,0.0,0.0,0.0,0.0,19
ranked_carry_lb6_k5_th5_reb6_keep2.5,ranked_carry,6,5,5.0,6,2.5,optimistic_limit,full,0.025843338625768375,0.007145659732018528,0.004471803656113979,1.594491787500753,-0.0031519090708207465,0.000598643066010894,0.0,0.020904311772149242,-0.002082975382088681,0.09302325581395349,0.0,0.0,0.041789469,0.003221422523838803,3.878946194769201,0.02446561116243509,43
ranked_carry_lb12_k1_th0_reb1_keep0,ranked_carry,12,1,0.0,1,0.0,taker,train,-0.6794359928370296,-0.43339387112650896,0.06261800310711932,-9.040673266975446,-0.680953933115831,-0.046091052463353405,-0.04734927813990064,-0.0025610741972156292,-0.08375118981958463,0.0,0.0,0.0,0.2675795,0.03271632755449494,358.02998346919,0.9949267514108191,24
ranked_carry_lb12_k1_th0_reb1_keep0,ranked_carry,12,1,0.0,1,0.0,taker,test,-0.69221514914116,-0.5254584432311189,0.06518085237503823,-11.402829518261944,-0.6925492229097945,-0.0599302301155126,-0.06092159091625349,-0.030472304300073083,-0.09302643613149109,0.0,0.0,0.0,0.08644210000000001,0.014618099725144718,403.58752166377815,0.9971114962449451,19
ranked_carry_lb12_k1_th0_reb1_keep0,ranked_carry,12,1,0.0,1,0.0,taker,full,-0.9013352548646321,-0.4760257257171412,0.06376719156761866,-10.103192513460952,-0.9018360328637745,-0.05220603793756328,-0.0535418309768082,-0.0025610741972156292,-0.09302643613149109,0.0,0.0,0.0,0.35402160000000005,0.04733442727963966,378.12748877066673,0.9958905418750598,43
ranked_carry_lb12_k1_th0_reb1_keep0,ranked_carry,12,1,0.0,1,0.0,optimistic_limit,train,-0.5063966610070805,-0.29710566207449585,0.05000021334597641,-7.02578835433457,-0.5090291124132321,-0.028871740163229447,-0.029989535358486974,0.004669043701312381,-0.05694640768713688,0.08333333333333333,0.0,0.0,0.2675795,0.03271632755449494,358.02998346919,0.9949267514108191,24
ranked_carry_lb12_k1_th0_reb1_keep0,ranked_carry,12,1,0.0,1,0.0,optimistic_limit,test,-0.5480865709056041,-0.3949461244147291,0.05154450311703639,-9.721572702942064,-0.5485770837490168,-0.04083921671603536,-0.04150073624079442,-0.01990827661103578,-0.06418433270851975,0.0,0.0,0.0,0.08644210000000001,0.014618099725144718,403.58752166377815,0.9971114962449451,19
ranked_carry_lb12_k1_th0_reb1_keep0,ranked_carry,12,1,0.0,1,0.0,optimistic_limit,full,-0.7769340224632639,-0.3420797781632402,0.050692686704809205,-8.233450351890676,-0.7781995339551401,-0.03415969491912043,-0.03513116845678521,0.004669043701312381,-0.06418433270851975,0.046511627906976744,0.0,0.0,0.35402160000000005,0.04733442727963966,378.12748877066673,0.9958905418750598,43
ranked_carry_lb12_k1_th0_reb3_keep0,ranked_carry,12,1,0.0,3,0.0,taker,train,-0.4928678586646218,-0.2875508531062678,0.05492681014825544,-6.1450832558331445,-0.4954647184461827,-0.02777551972663311,-0.02579599547896233,0.005664643117776036,-0.0564724400936768,0.08333333333333333,0.0,0.0,0.26193864,0.02411550888823799,240.18468904976345,0.9944707290657242,24
ranked_carry_lb12_k1_th0_reb3_keep0,ranked_carry,12,1,0.0,3,0.0,taker,test,-0.5212884606328504,-0.37249035947084785,0.05635999879648449,-8.23976333892477,-0.5218080605013915,-0.03795219512793523,-0.037554318565633515,-0.020087313073927193,-0.0649162521712715,0.0,0.0,0.0,0.08341595000000002,0.018461335133773793,264.41941074523396,0.9982668977469671,19
ranked_carry_lb12_k1_th0_reb3_keep0,ranked_carry,12,1,0.0,3,0.0,taker,full,-0.757229991958782,-0.32635361052936196,0.05556679754569447,-7.0814765018937464,-0.7584444191468355,-0.03227219025278987,-0.03163220808326472,0.005664643117776036,-0.0649162521712715,0.046511627906976744,0.0,0.0,0.34535459,0.042576844022011784,250.87572871205123,0.9961453919913351,43
ranked_carry_lb12_k1_th0_reb3_keep0,ranked_carry,12,1,0.0,3,0.0,optimistic_limit,train,-0.3225447825392186,-0.17671318702929228,0.04536938774329873,-4.263205159454271,-0.3264187145880224,-0.0160186680693826,-0.015460259207844829,0.016621785642291442,-0.039276127819176554,0.125,0.0,0.0,0.26193864,0.02411550888823799,240.18468904976345,0.9944707290657242,24
ranked_carry_lb12_k1_th0_reb3_keep0,ranked_carry,12,1,0.0,3,0.0,optimistic_limit,test,-0.3843108513272704,-0.26421012372262,0.046110359899711836,-6.63064452506881,-0.3849791285138523,-0.025165669784253872,-0.023546844823172042,-0.012982423697716294,-0.043279355491814275,0.0,0.0,0.0,0.08341595000000002,0.018461335133773793,264.41941074523396,0.9982668977469671,19
ranked_carry_lb12_k1_th0_reb3_keep0,ranked_carry,12,1,0.0,3,0.0,optimistic_limit,full,-0.5828981738976731,-0.21652629575789817,0.045700899625537236,-5.3165153392806,-0.5852339985543957,-0.02006036650153502,-0.020072950252917998,0.016621785642291442,-0.043279355491814275,0.06976744186046512,0.0,0.0,0.34535459,0.042576844022011784,250.87572871205123,0.9961453919913351,43
ranked_carry_lb12_k1_th0_reb6_keep0,ranked_carry,12,1,0.0,6,0.0,taker,train,-0.37248435042453265,-0.20759912913231793,0.05065100057707216,-4.568530926899827,-0.37603576821511076,-0.019146630046281546,-0.01968458184420685,0.008847942395281638,-0.04068697695143275,0.125,0.0,0.0,0.25429359000000007,0.020297525953082096,184.25810864732372,0.9944707290657242,24
ranked_carry_lb12_k1_th0_reb6_keep0,ranked_carry,12,1,0.0,6,0.0,taker,test,-0.41205793373620314,-0.28536364800228387,0.05126904364084516,-6.527502857001855,-0.41324572202716814,-0.027519342160359245,-0.02679556960440055,-0.011868246964582663,-0.0474030727854976,0.0,0.0,0.0,0.08016706000000001,0.01079692837953361,196.10051993067592,0.9965337954939342,19
ranked_carry_lb12_k1_th0_reb6_keep0,ranked_carry,12,1,0.0,6,0.0,taker,full,-0.631057152375726,-0.24289654988411735,0.050926704957669,-5.438257658892652,-0.6333896449904374,-0.02284620051529262,-0.023139817809276653,0.008847942395281638,-0.0474030727854976,0.06976744186046512,0.0,0.0,0.3344606500000001,0.031094454332615706,189.48233570131566,0.995380841642509,43
ranked_carry_lb12_k1_th0_reb6_keep0,ranked_carry,12,1,0.0,6,0.0,optimistic_limit,train,-0.21638488336519612,-0.11463811480751873,0.04270963165557587,-2.829474119583145,-0.2212878434039406,-0.010049448819326892,-0.01049292770184701,0.018612819841814066,-0.02789639461419413,0.16666666666666666,0.0,0.0,0.25429359000000007,0.020297525953082096,184.25810864732372,0.9944707290657242,24
ranked_carry_lb12_k1_th0_reb6_keep0,ranked_carry,12,1,0.0,6,0.0,optimistic_limit,test,-0.29142425423033724,-0.1958130761525818,0.04293465473840577,-5.054157724223066,-0.29312039102906184,-0.01794048767902353,-0.017214133675361842,-0.007098519828654504,-0.03354020446786299,0.0,0.0,0.0,0.08016706000000001,0.01079692837953361,196.10051993067592,0.9965337954939342,19
ranked_carry_lb12_k1_th0_reb6_keep0,ranked_carry,12,1,0.0,6,0.0,optimistic_limit,full,-0.44474933433411423,-0.15141197139017626,0.04281140171360468,-3.8135434795992307,-0.4485911457344375,-0.01353618692012308,-0.013685409046289343,0.018612819841814066,-0.03354020446786299,0.09302325581395349,0.0,0.0,0.3344606500000001,0.031094454332615706,189.48233570131566,0.995380841642509,43
ranked_carry_lb12_k1_th0.5_reb1_keep0.25,ranked_carry,12,1,0.5,1,0.25,taker,train,-0.6575092648148468,-0.4143617064233154,0.0613785355913356,-8.686262700443041,-0.6591310329186799,-0.04349298321313908,-0.04309412616135205,-0.0025610741972156292,-0.08375118981958463,0.0,0.0,0.0,0.26506291000000004,0.029237098089596403,340.05358262554864,0.9785099469874023,24
ranked_carry_lb12_k1_th0.5_reb1_keep0.25,ranked_carry,12,1,0.5,1,0.25,taker,test,-0.5820004059279722,-0.4240794891677,0.05554162142941494,-9.906498782125468,-0.5824541082440207,-0.04457880269644409,-0.03659861315832669,-0.006941218692620765,-0.09302643613149109,0.0,0.0,0.0,0.07520303,0.006992383938178248,301.10918544194107,0.8128249566724437,19
ranked_carry_lb12_k1_th0.5_reb1_keep0.25,ranked_carry,12,1,0.5,1,0.25,taker,full,-0.8568390117191752,-0.41866871349169865,0.05887413607521565,-9.18368851566066,-0.857565632693751,-0.04397276391506455,-0.03877581639561567,-0.0025610741972156292,-0.09302643613149109,0.0,0.0,0.0,0.34026594000000004,0.03622948202777465,322.8734350610048,0.9054187505973049,43
ranked_carry_lb12_k1_th0.5_reb1_keep0.25,ranked_carry,12,1,0.5,1,0.25,optimistic_limit,train,-0.4839449368169564,-0.2813186768926045,0.04924358958661537,-6.6834675843566185,-0.48669712621563344,-0.027091170242645703,-0.027415609660450257,0.004669043701312381,-0.05461343117982953,0.08333333333333333,0.0,0.0,0.26506291000000004,0.029237098089596403,340.05358262554864,0.9785099469874023,24
ranked_carry_lb12_k1_th0.5_reb1_keep0.25,ranked_carry,12,1,0.5,1,0.25,optimistic_limit,test,-0.44331206981605364,-0.30963538228650767,0.04402545821895023,-8.394177113267082,-0.44391630629575973,-0.030220505553844274,-0.0255233928519063,-0.0045515901449143525,-0.06418433270851975,0.0,0.0,0.0,0.07520303,0.006992383938178248,301.10918544194107,0.8128249566724437,19
ranked_carry_lb12_k1_th0.5_reb1_keep0.25,ranked_carry,12,1,0.5,1,0.25,optimistic_limit,full,-0.712718375015688,-0.29395088496980337,0.04701284252861384,-7.380061439501898,-0.7143481986303744,-0.028473899798756704,-0.0255233928519063,0.004669043701312381,-0.06418433270851975,0.046511627906976744,0.0,0.0,0.34026594000000004,0.03622948202777465,322.8734350610048,0.9054187505973049,43
ranked_carry_lb12_k1_th0.5_reb3_keep0.25,ranked_carry,12,1,0.5,3,0.25,taker,train,-0.4826171749075656,-0.2803959327076476,0.05436802502476745,-6.025015871389121,-0.48526652512744106,-0.026982789620296068,-0.025208435705946497,0.005664643117776036,-0.049928891752616944,0.08333333333333333,0.0,0.0,0.25866887,0.02333464913034755,234.19255543521632,0.9780539246423074,24
ranked_carry_lb12_k1_th0.5_reb3_keep0.25,ranked_carry,12,1,0.5,3,0.25,taker,test,-0.4273327433957087,-0.29716511781325083,0.047908575862920626,-7.336406322927622,-0.42795432404873157,-0.028799160070526846,-0.02598609030494692,-0.0051801661085704165,-0.0649162521712715,0.0,0.0,0.0,0.07272682,0.01565098434082257,203.69150779896015,0.804159445407279,19
ranked_carry_lb12_k1_th0.5_reb3_keep0.25,ranked_carry,12,1,0.5,3,0.25,taker,full,-0.7037117969401376,-0.2878423467213669,0.051617562880957486,-6.550393935317248,-0.7051939423344498,-0.027785371912258505,-0.025274541078051382,0.005664643117776036,-0.0649162521712715,0.046511627906976744,0.0,0.0,0.33139569,0.03898563347117012,220.7371539613265,0.9013411487368991,43
ranked_carry_lb12_k1_th0.5_reb3_keep0.25,ranked_carry,12,1,0.5,3,0.25,optimistic_limit,train,-0.31383293002953916,-0.17144343757323677,0.04506037852355507,-4.151156438053314,-0.3177566795773774,-0.015505253935611779,-0.015460259207844829,0.016621785642291442,-0.033777466798044053,0.125,0.0,0.0,0.25866887,0.02333464913034755,234.19255543521632,0.9780539246423074,24
ranked_carry_lb12_k1_th0.5_reb3_keep0.25,ranked_carry,12,1,0.5,3,0.25,optimistic_limit,test,-0.30486018856774133,-0.2054931584165438,0.0391971058505353,-5.848949028992697,-0.30561470255985324,-0.018906126880444976,-0.017624854668845336,-0.0033853421520765314,-0.043279355491814275,0.0,0.0,0.0,0.07272682,0.01565098434082257,203.69150779896015,0.804159445407279,19
ranked_carry_lb12_k1_th0.5_reb3_keep0.25,ranked_carry,12,1,0.5,3,0.25,optimistic_limit,full,-0.5230179523697166,-0.18664059013242973,0.04257340964973773,-4.83102199627912,-0.525689114081187,-0.017007965236817146,-0.0158384036595256,0.016621785642291442,-0.043279355491814275,0.06976744186046512,0.0,0.0,0.33139569,0.03898563347117012,220.7371539613265,0.9013411487368991,43
ranked_carry_lb12_k1_th0.5_reb6_keep0.25,ranked_carry,12,1,0.5,6,0.25,taker,train,-0.3676548783236706,-0.20455974217983175,0.05020622378148943,-4.533201359521488,-0.3712336284575132,-0.018838720006400595,-0.01968458184420685,0.008847942395281638,-0.03980721833653156,0.125,0.0,0.0,0.25120667,0.01900591961885223,181.26204184005016,0.9725816565011686,24
ranked_carry_lb12_k1_th0.5_reb6_keep0.25,ranked_carry,12,1,0.5,6,0.25,taker,test,-0.3074964719349408,-0.20740054013092823,0.04165756892650071,-5.55878018793934,-0.3087929255843387,-0.019118152836790765,-0.01846319088699999,-0.001970993999598658,-0.03447531269103077,0.0,0.0,0.0,0.06857721000000001,0.013359337636154156,141.69844020797228,0.7642980935875217,19
ranked_carry_lb12_k1_th0.5_reb6_keep0.25,ranked_carry,12,1,0.5,6,0.25,taker,full,-0.5620987722844113,-0.20581420049947774,0.0466279122155458,-4.918650908599034,-0.564802643515981,-0.018962190326805555,-0.019544015603674025,0.008847942395281638,-0.03980721833653156,0.06976744186046512,0.0,0.0,0.31978388,0.032365257255006386,163.80873498773533,0.8806982893185945,43
ranked_carry_lb12_k1_th0.5_reb6_keep0.25,ranked_carry,12,1,0.5,6,0.25,optimistic_limit,train,-0.21320818292533505,-0.11284769667807804,0.042426423034735164,-2.801030308432167,-0.2181310190932928,-0.009885652892730684,-0.010660111399899919,0.018612819841814066,-0.025833681365227457,0.16666666666666666,0.0,0.0,0.25120667,0.01900591961885223,181.26204184005016,0.9725816565011686,24
ranked_carry_lb12_k1_th0.5_reb6_keep0.25,ranked_carry,12,1,0.5,6,0.25,optimistic_limit,test,-0.2075459782022484,-0.13683706114816296,0.03475502242468936,-4.216547551339296,-0.20932556115954593,-0.012154341243043692,-0.01148470038333771,-0.0013709765611213953,-0.022118427355980907,0.0,0.0,0.0,0.06857721000000001,0.013359337636154156,141.69844020797228,0.7642980935875217,19
ranked_carry_lb12_k1_th0.5_reb6_keep0.25,ranked_carry,12,1,0.5,6,0.25,optimistic_limit,full,-0.3765036602416214,-0.1235116046208643,0.03922726605262372,-3.3410735689968667,-0.3807257675440896,-0.010888096582403873,-0.011349496046169083,0.018612819841814066,-0.025833681365227457,0.09302325581395349,0.0,0.0,0.31978388,0.032365257255006386,163.80873498773533,0.8806982893185945,43
ranked_carry_lb12_k1_th1_reb1_keep0.5,ranked_carry,12,1,1.0,1,0.5,taker,train,-0.3927987275560456,-0.22051391122354136,0.046631355089466406,-5.3189072828854185,-0.3972464499137698,-0.020383250491250435,-0.014158087794740426,0.0009309201449685389,-0.062352667668605366,0.08333333333333333,0.0,0.0,0.23300276,0.02429031692196737,188.2528643903551,0.7468505956791883,24
ranked_carry_lb12_k1_th1_reb1_keep0.5,ranked_carry,12,1,1.0,1,0.5,taker,test,-0.06865665154315992,-0.043996644879443436,0.01987928193724282,-2.253396569173337,-0.06972988594215646,-0.0037195456882121477,0.0,0.0,-0.018865433100250906,0.0,0.0,0.0,0.022526660000000004,0.004658990417637843,30.996533795493935,0.18435875216637782,19
ranked_carry_lb12_k1_th1_reb1_keep0.5,ranked_carry,12,1,1.0,1,0.5,taker,full,-0.4344871337347971,-0.1470641197936311,0.037291808590114536,-4.246857158041418,-0.43674993539078655,-0.013020218136419563,-0.004271170196067375,0.0009309201449685389,-0.062352667668605366,0.046511627906976744,0.0,0.0,0.25552942,0.028949307339605213,118.87993373896977,0.49870982128635594,43
ranked_carry_lb12_k1_th1_reb1_keep0.5,ranked_carry,12,1,1.0,1,0.5,optimistic_limit,train,-0.23811012016897182,-0.1269813411417483,0.0379624278262965,-3.5581532398304296,-0.2441452879964996,-0.011186493094737968,-0.004445039513215954,0.004669043701312381,-0.04065261122340613,0.16666666666666666,0.0,0.0,0.23300276,0.02429031692196737,188.2528643903551,0.7468505956791883,24
ranked_carry_lb12_k1_th1_reb1_keep0.5,ranked_carry,12,1,1.0,1,0.5,optimistic_limit,test,-0.0407891108958639,-0.025999500583606228,0.017050232261661687,-1.536517804313059,-0.04247012774387582,-0.002183622445695623,0.0,0.0,-0.011156832187260268,0.0,0.0,0.0,0.022526660000000004,0.004658990417637843,30.996533795493935,0.18435875216637782,19
ranked_carry_lb12_k1_th1_reb1_keep0.5,ranked_carry,12,1,1.0,1,0.5,optimistic_limit,full,-0.26918693096783497,-0.08379286816691733,0.03056050763461889,-2.848284624213899,-0.2729855202000224,-0.00720848048237042,-0.0023436505376812633,0.004669043701312381,-0.04065261122340613,0.09302325581395349,0.0,0.0,0.25552942,0.028949307339605213,118.87993373896977,0.49870982128635594,43
ranked_carry_lb12_k1_th1_reb3_keep0.5,ranked_carry,12,1,1.0,3,0.5,taker,train,-0.24175438210340205,-0.12906901230643109,0.0427436260229502,-3.211637683253835,-0.24731640082475748,-0.011401586892716234,-0.00912508408146906,0.006815663051099374,-0.03220281579589701,0.125,0.0,0.0,0.22680361999999998,0.028281869306950647,132.32628398791542,0.7318018582910563,24
ranked_carry_lb12_k1_th1_reb3_keep0.5,ranked_carry,12,1,1.0,3,0.5,taker,test,-0.04105413366543731,-0.026169742839144083,0.016222954443828284,-1.6264906664684258,-0.04246981937384442,-0.0021987517647552228,0.0,0.0,-0.010364373954969808,0.0,0.0,0.0,0.020800620000000006,0.0034870477819379797,20.875216637781627,0.17164933564413634,19
ranked_carry_lb12_k1_th1_reb3_keep0.5,ranked_carry,12,1,1.0,3,0.5,taker,full,-0.2728834990517637,-0.08508849060990598,0.03372617939029092,-2.6198687833510137,-0.27558113604203227,-0.00733521788268695,-0.0038280079578758563,0.006815663051099374,-0.03220281579589701,0.06976744186046512,0.0,0.0,0.24760424000000003,0.031768917088888626,83.16014144181455,0.48469306489121083,43
ranked_carry_lb12_k1_th1_reb3_keep0.5,ranked_carry,12,1,1.0,3,0.5,optimistic_limit,train,-0.11062506792251958,-0.056860750761300594,0.03632631845456038,-1.5933700998043319,-0.11767934912794087,-0.004842740995850849,-0.004943514489288037,0.016621785642291442,-0.0175377066062975,0.16666666666666666,0.0,0.0,0.22680361999999998,0.028281869306950647,132.32628398791542,0.7318018582910563,24
ranked_carry_lb12_k1_th1_reb3_keep0.5,ranked_carry,12,1,1.0,3,0.5,optimistic_limit,test,-0.021824773283951604,-0.013861877329733874,0.013959810925558154,-0.992947116309599,-0.024444211591249654,-0.0011593605210065432,0.0,0.0,-0.004987959159835853,0.0,0.0,0.0,0.020800620000000006,0.0034870477819379797,20.875216637781627,0.17164933564413634,19
ranked_carry_lb12_k1_th1_reb3_keep0.5,ranked_carry,12,1,1.0,3,0.5,optimistic_limit,full,-0.1300354741795411,-0.038128077240357605,0.028696105378702406,-1.3403240333016222,-0.13378378281111036,-0.003215200786035923,-0.001652309115164341,0.016621785642291442,-0.0175377066062975,0.09302325581395349,0.0,0.0,0.24760424000000003,0.031768917088888626,83.16014144181455,0.48469306489121083,43
ranked_carry_lb12_k1_th1_reb6_keep0.5,ranked_carry,12,1,1.0,6,0.5,taker,train,-0.11895026664157649,-0.0612795781604093,0.03861284940216912,-1.6184095306905197,-0.12923048662876102,-0.00523268858882564,-0.005128102701043136,0.008847942395281638,-0.02094313662815961,0.20833333333333334,0.0,0.0,0.21101966,0.01783345743808029,88.3839708145699,0.652453970244542,24
ranked_carry_lb12_k1_th1_reb6_keep0.5,ranked_carry,12,1,1.0,6,0.5,taker,test,-0.03377929422866821,-0.021502869239885314,0.015553065768793136,-1.3898444869362774,-0.03503791957968594,-0.0018028073233629035,0.0,0.0,-0.010059344159041972,0.0,0.0,0.0,0.018576630000000007,0.00125178165530615,17.079722703639515,0.15778451761987292,19
ranked_carry_lb12_k1_th1_reb6_keep0.5,ranked_carry,12,1,1.0,6,0.5,taker,full,-0.1487115048147808,-0.04393557063582121,0.030658753412764115,-1.4501422046146761,-0.1522327952038265,-0.0037171596575746634,-0.0015050684998536568,0.008847942395281638,-0.02094313662815961,0.11627906976744186,0.0,0.0,0.22959629000000004,0.01908523909338644,56.92841897359116,0.4342327418686885,43
ranked_carry_lb12_k1_th1_reb6_keep0.5,ranked_carry,12,1,1.0,6,0.5,optimistic_limit,train,-0.019903150208769094,-0.009988543995279264,0.033994252420821665,-0.2783123709774942,-0.04983035435508398,-0.0008154533736678312,-0.0016756663230527713,0.018612819841814066,-0.011817689061936032,0.2916666666666667,0.0,0.0,0.21101966,0.01783345743808029,88.3839708145699,0.652453970244542,24
ranked_carry_lb12_k1_th1_reb6_keep0.5,ranked_carry,12,1,1.0,6,0.5,optimistic_limit,test,-0.01795813922852474,-0.011397788915008866,0.013761825935373298,-0.8260901674616622,-0.0204175893975036,-0.0009521889391364937,0.0,0.0,-0.0046809688847225805,0.0,0.0,0.0,0.018576630000000007,0.00125178165530615,17.079722703639515,0.15778451761987292,19
ranked_carry_lb12_k1_th1_reb6_keep0.5,ranked_carry,12,1,1.0,6,0.5,optimistic_limit,full,-0.03750386589475563,-0.010610473582128743,0.027006396279142135,-0.38148373348597125,-0.04983035435508398,-0.0008758714142237518,-0.0003106685561476974,0.018612819841814066,-0.011817689061936032,0.16279069767441862,0.0,0.0,0.22959629000000004,0.01908523909338644,56.92841897359116,0.4342327418686885,43
ranked_carry_lb12_k1_th2_reb1_keep1,ranked_carry,12,1,2.0,1,1.0,taker,train,-0.1234818378444884,-0.06369362194051786,0.02833608673210191,-2.308368587956131,-0.13174425999440076,-0.0054066295664136526,0.0,0.005613099473882999,-0.035473885888766876,0.16666666666666666,0.0,0.0,0.14406811,0.012939886031620662,71.90560337456535,0.30006270307245053,24
ranked_carry_lb12_k1_th2_reb1_keep1,ranked_carry,12,1,2.0,1,1.0,taker,test,0.0,0.0,0.0,,0.0,0.0,0.0,0.0,0.0,0.0,0.0,0.0,0.0,0.0,0.0,0.0,19
ranked_carry_lb12_k1_th2_reb1_keep1,ranked_carry,12,1,2.0,1,1.0,taker,full,-0.1234818378444884,-0.03611147078982546,0.021185661736945714,-1.7254473333619207,-0.13174425999440076,-0.00301765371148669,0.0,0.005613099473882999,-0.035473885888766876,0.09302325581395349,0.0,0.0,0.14406811,0.012939886031620662,40.18476633429964,0.16769137650919053,43
ranked_carry_lb12_k1_th2_reb1_keep1,ranked_carry,12,1,2.0,1,1.0,optimistic_limit,train,-0.04411306755219779,-0.022276381403254275,0.022857340555850984,-0.9741627832353195,-0.06688355025205273,-0.0018538764035389843,0.0,0.00929181938643664,-0.019001391091853392,0.16666666666666666,0.0,0.0,0.14406811,0.012939886031620662,71.90560337456535,0.30006270307245053,24
ranked_carry_lb12_k1_th2_reb1_keep1,ranked_carry,12,1,2.0,1,1.0,optimistic_limit,test,0.0,0.0,0.0,,0.0,0.0,0.0,0.0,0.0,0.0,0.0,0.0,0.0,0.0,0.0,0.0,19
ranked_carry_lb12_k1_th2_reb1_keep1,ranked_carry,12,1,2.0,1,1.0,optimistic_limit,full,-0.04411306755219779,-0.012511088680786875,0.017087556845923692,-0.7282424199752942,-0.06688355025205273,-0.001034721713603154,0.0,0.00929181938643664,-0.019001391091853392,0.09302325581395349,0.0,0.0,0.14406811,0.012939886031620662,40.18476633429964,0.16769137650919053,43
ranked_carry_lb12_k1_th2_reb3_keep1,ranked_carry,12,1,2.0,3,1.0,taker,train,-0.028855833277420584,-0.014514612930615178,0.024272986352133187,-0.5902024791278747,-0.056881477374461475,-0.0011915146002868665,0.0,0.01288590584307725,-0.025727769160667657,0.25,0.0,0.0,0.14027636999999998,0.019034062692448228,46.938379980619054,0.2968705466567862,24
ranked_carry_lb12_k1_th2_reb3_keep1,ranked_carry,12,1,2.0,3,1.0,taker,test,0.0,0.0,0.0,,0.0,0.0,0.0,0.0,0.0,0.0,0.0,0.0,0.0,0.0,0.0,0.0,19
ranked_carry_lb12_k1_th2_reb3_keep1,ranked_carry,12,1,2.0,3,1.0,taker,full,-0.028855833277420584,-0.008137708078363004,0.018145582597021523,-0.44121679643036105,-0.056881477374461475,-0.0006650314048112743,0.0,0.01288590584307725,-0.025727769160667657,0.13953488372093023,0.0,0.0,0.14027636999999998,0.019034062692448228,26.231722468223374,0.16590742569526298,43
ranked_carry_lb12_k1_th2_reb3_keep1,ranked_carry,12,1,2.0,3,1.0,optimistic_limit,train,0.027672729037813593,0.013723804369082826,0.02031925601727212,0.6809821804372832,-0.02747752065982878,0.0011574921500454814,0.0,0.021459729339052158,-0.014519572144025772,0.2916666666666667,0.0,0.0,0.14027636999999998,0.019034062692448228,46.938379980619054,0.2968705466567862,24
ranked_carry_lb12_k1_th2_reb3_keep1,ranked_carry,12,1,2.0,3,1.0,optimistic_limit,test,0.0,0.0,0.0,,0.0,0.0,0.0,0.0,0.0,0.0,0.0,0.0,0.0,0.0,0.0,0.0,19
ranked_carry_lb12_k1_th2_reb3_keep1,ranked_carry,12,1,2.0,3,1.0,optimistic_limit,full,0.027672729037813593,0.007646544259292343,0.0151899648603128,0.5090793645163469,-0.02747752065982878,0.0006460421302579431,0.0,0.021459729339052158,-0.014519572144025772,0.16279069767441862,0.0,0.0,0.14027636999999998,0.019034062692448228,26.231722468223374,0.16590742569526298,43
ranked_carry_lb12_k1_th2_reb6_keep1,ranked_carry,12,1,2.0,6,1.0,taker,train,0.04347642614813485,0.021478441218741873,0.021102064860502083,1.0176217899878046,-0.01026578106529441,0.0017862493116196736,0.0,0.02057516382184077,-0.0036828800574233433,0.3333333333333333,0.0,0.0,0.13738192,0.013622303331036423,26.964601265462008,0.292766345550932,24
ranked_carry_lb12_k1_th2_reb6_keep1,ranked_carry,12,1,2.0,6,1.0,taker,test,0.0,0.0,0.0,,0.0,0.0,0.0,0.0,0.0,0.0,0.0,0.0,0.0,0.0,0.0,0.0,19
ranked_carry_lb12_k1_th2_reb6_keep1,ranked_carry,12,1,2.0,6,1.0,taker,full,0.04347642614813485,0.011947035134524553,0.015775392500683265,0.7607288560820311,-0.01026578106529441,0.0009969763599737712,0.0,0.02057516382184077,-0.0036828800574233433,0.18604651162790697,0.0,0.0,0.13738192,0.013622303331036423,15.069287375362364,0.16361377464878468,43
ranked_carry_lb12_k1_th2_reb6_keep1,ranked_carry,12,1,2.0,6,1.0,optimistic_limit,train,0.07794616748804395,0.03819078070764137,0.018599951563625244,2.0243430014460393,-0.005914596670246408,0.0031505285214271372,0.0,0.026738396452702817,-0.0008283213955249114,0.4166666666666667,0.0,0.0,0.13738192,0.013622303331036423,26.964601265462008,0.292766345550932,24
ranked_carry_lb12_k1_th2_reb6_keep1,ranked_carry,12,1,2.0,6,1.0,optimistic_limit,test,0.0,0.0,0.0,,0.0,0.0,0.0,0.0,0.0,0.0,0.0,0.0,0.0,0.0,0.0,0.0,19
ranked_carry_lb12_k1_th2_reb6_keep1,ranked_carry,12,1,2.0,6,1.0,optimistic_limit,full,0.07794616748804395,0.021166520362949637,0.013905945382504328,1.5131922453098057,-0.005914596670246408,0.0017584345235872394,0.0,0.026738396452702817,-0.0008283213955249114,0.23255813953488372,0.0,0.0,0.13738192,0.013622303331036423,15.069287375362364,0.16361377464878468,43
ranked_carry_lb12_k1_th5_reb1_keep2.5,ranked_carry,12,1,5.0,1,2.5,taker,train,0.0035402699706417184,0.001766250306730388,0.01117078318833915,0.16356617356782735,-0.014434780259774627,0.00015668643926749123,0.0,0.016315225213613616,-0.010918617330804459,0.125,0.0,0.0,0.041754139999999995,0.005904981867583148,10.985578293336372,0.04286610043892151,24
ranked_carry_lb12_k1_th5_reb1_keep2.5,ranked_carry,12,1,5.0,1,2.5,taker,test,0.0,0.0,0.0,,0.0,0.0,0.0,0.0,0.0,0.0,0.0,0.0,0.0,0.0,0.0,0.0,19
ranked_carry_lb12_k1_th5_reb1_keep2.5,ranked_carry,12,1,5.0,1,2.5,taker,full,0.0035402699706417184,0.0009866926153720978,0.008350794775173738,0.12227791319094983,-0.014434780259774627,8.745289633534394e-05,0.0,0.016315225213613616,-0.010918617330804459,0.06976744186046512,0.0,0.0,0.04175414,0.005904981867583148,6.139339301073556,0.02395591092988436,43
ranked_carry_lb12_k1_th5_reb1_keep2.5,ranked_carry,12,1,5.0,1,2.5,optimistic_limit,train,0.016912557320708954,0.008409736992227801,0.009371573715349383,0.8983026216915825,-0.009184453302751971,0.000709877773537033,0.0,0.02121935727712021,-0.006743114359504032,0.125,0.0,0.0,0.041754139999999995,0.005904981867583148,10.985578293336372,0.04286610043892151,24
ranked_carry_lb12_k1_th5_reb1_keep2.5,ranked_carry,12,1,5.0,1,2.5,optimistic_limit,test,0.0,0.0,0.0,,0.0,0.0,0.0,0.0,0.0,0.0,0.0,0.0,0.0,0.0,0.0,0.0,19
ranked_carry_lb12_k1_th5_reb1_keep2.5,ranked_carry,12,1,5.0,1,2.5,optimistic_limit,full,0.016912557320708954,0.004691135999048246,0.007005921158918643,0.6715350105316391,-0.009184453302751971,0.00039621085034625096,0.0,0.02121935727712021,-0.006743114359504032,0.06976744186046512,0.0,0.0,0.04175414,0.005904981867583148,6.139339301073556,0.02395591092988436,43
ranked_carry_lb12_k1_th5_reb3_keep2.5,ranked_carry,12,1,5.0,3,2.5,taker,train,0.017956916479074714,0.008926738649638777,0.009290662636780661,0.9612161762274284,-0.006788583543331006,0.0007485651367523846,0.0,0.01747573770931199,-0.004499996972703979,0.125,0.0,0.0,0.040285020000000005,0.005599097655851648,6.990822550304966,0.04104201105854187,24
ranked_carry_lb12_k1_th5_reb3_keep2.5,ranked_carry,12,1,5.0,3,2.5,taker,test,0.0,0.0,0.0,,0.0,0.0,0.0,0.0,0.0,0.0,0.0,0.0,0.0,0.0,0.0,0.0,19
ranked_carry_lb12_k1_th5_reb3_keep2.5,ranked_carry,12,1,5.0,3,2.5,taker,full,0.017956916479074714,0.004978966679852315,0.006945454804461304,0.718564543816138,-0.006788583543331006,0.00041780379725714486,0.0,0.01747573770931199,-0.004499996972703979,0.06976744186046512,0.0,0.0,0.040285020000000005,0.005599097655851648,3.906852282501354,0.0229365104647829,43
ranked_carry_lb12_k1_th5_reb3_keep2.5,ranked_carry,12,1,5.0,3,2.5,optimistic_limit,train,0.026565761378487984,0.013178401849022858,0.008060615008608947,1.6282664201814212,-0.003961478310611666,0.001102719289658119,0.0,0.021771943929855597,-0.0021021806969646617,0.16666666666666666,0.0,0.0,0.040285020000000005,0.005599097655851648,6.990822550304966,0.04104201105854187,24
ranked_carry_lb12_k1_th5_reb3_keep2.5,ranked_carry,12,1,5.0,3,2.5,optimistic_limit,test,0.0,0.0,0.0,,0.0,0.0,0.0,0.0,0.0,0.0,0.0,0.0,0.0,0.0,0.0,0.0,19
ranked_carry_lb12_k1_th5_reb3_keep2.5,ranked_carry,12,1,5.0,3,2.5,optimistic_limit,full,0.026565761378487984,0.00734353494627249,0.006026165661110669,1.217170145188521,-0.003961478310611666,0.0006154712314370897,0.0,0.021771943929855597,-0.0021021806969646617,0.09302325581395349,0.0,0.0,0.040285020000000005,0.005599097655851648,3.906852282501354,0.0229365104647829,43
ranked_carry_lb12_k1_th5_reb6_keep2.5,ranked_carry,12,1,5.0,6,2.5,taker,train,0.02067150203368673,0.010269331677510651,0.008937631996532688,1.147612638970078,-0.005173853827100672,0.0008584586283032214,0.0,0.016520655850378096,-0.0009074713165500015,0.125,0.0,0.0,0.03889334999999999,0.005647459203820482,5.992133614547113,0.04104201105854187,24
ranked_carry_lb12_k1_th5_reb6_keep2.5,ranked_carry,12,1,5.0,6,2.5,taker,test,0.0,0.0,0.0,,0.0,0.0,0.0,0.0,0.0,0.0,0.0,0.0,0.0,0.0,0.0,0.0,19
ranked_carry_lb12_k1_th5_reb6_keep2.5,ranked_carry,12,1,5.0,6,2.5,taker,full,0.02067150203368673,0.0057261256752405565,0.006681604522662747,0.8578981617169762,-0.005173853827100672,0.00047913969951807704,0.0,0.016520655850378096,-0.0009074713165500015,0.06976744186046512,0.0,0.0,0.03889335,0.005647459203820482,3.348730527858303,0.0229365104647829,43
ranked_carry_lb12_k1_th5_reb6_keep2.5,ranked_carry,12,1,5.0,6,2.5,optimistic_limit,train,0.02806487926311907,0.01391694606718108,0.007900248453466603,1.75339037651838,-0.0029914177065998304,0.0011625981993246732,0.0,0.020812891723949623,0.0,0.20833333333333334,0.0,0.0,0.03889334999999999,0.005647459203820482,5.992133614547113,0.04104201105854187,24
ranked_carry_lb12_k1_th5_reb6_keep2.5,ranked_carry,12,1,5.0,6,2.5,optimistic_limit,test,0.0,0.0,0.0,,0.0,0.0,0.0,0.0,0.0,0.0,0.0,0.0,0.0,0.0,0.0,0.0,19
ranked_carry_lb12_k1_th5_reb6_keep2.5,ranked_carry,12,1,5.0,6,2.5,optimistic_limit,full,0.02806487926311907,0.007753830760619307,0.005906337553146877,1.3106894897841739,-0.0029914177065998304,0.0006488920182277246,0.0,0.020812891723949623,0.0,0.11627906976744186,0.0,0.0,0.03889335,0.005647459203820482,3.348730527858303,0.0229365104647829,43
ranked_carry_lb12_k2_th0_reb1_keep0,ranked_carry,12,2,0.0,1,0.0,taker,train,-0.5866557059771575,-0.3567089735836988,0.04234035089793317,-10.39788006548006,-0.5868240865957233,-0.0359847131666682,-0.03536858528747616,0.0034974767533335616,-0.06470833484301008,0.08333333333333333,0.0,0.0,0.26095493000000003,0.017389381618977406,289.6197913697771,0.9949267514108191,24
ranked_carry_lb12_k2_th0_reb1_keep0,ranked_carry,12,2,0.0,1,0.0,taker,test,-0.6016803744836483,-0.44138364908131167,0.043322727597617364,-13.418676872422877,-0.601830761903453,-0.047136500033605346,-0.047180977386582335,-0.007749779675088053,-0.08495247837531938,0.0,0.0,0.0,0.08077213,0.02024284256774528,322.6169844020797,0.9971114962449451,19
ranked_carry_lb12_k2_th0_reb1_keep0,ranked_carry,12,2,0.0,1,0.0,taker,full,-0.8353568555954982,-0.3955394191753562,0.042782365650040316,-11.745221898341635,-0.8353716855560283,-0.04091224689857066,-0.03972530026167154,0.0034974767533335616,-0.08495247837531938,0.046511627906976744,0.0,0.0,0.34172706,0.037632224186722685,304.1763562804625,0.9958905418750598,43
ranked_carry_lb12_k2_th0_reb1_keep0,ranked_carry,12,2,0.0,1,0.0,optimistic_limit,train,-0.41424207477398134,-0.23438337595700642,0.03439469396469249,-7.7476489838442495,-0.4144806900958947,-0.02194657503825843,-0.021994763941052098,0.007690149642886945,-0.04252543464590097,0.08333333333333333,0.0,0.0,0.26095493000000003,0.017389381618977406,289.6197913697771,0.9949267514108191,24
ranked_carry_lb12_k2_th0_reb1_keep0,ranked_carry,12,2,0.0,1,0.0,optimistic_limit,test,-0.4587933258943657,-0.3218430168134241,0.03475880277573459,-11.155835680677631,-0.4589976609812807,-0.031718025193877286,-0.0321716920726528,-0.004763481809342163,-0.05929801299896997,0.0,0.0,0.0,0.08077213,0.02024284256774528,322.6169844020797,0.9971114962449451,19
ranked_carry_lb12_k2_th0_reb1_keep0,ranked_carry,12,2,0.0,1,0.0,optimistic_limit,full,-0.6829839014574088,-0.27427628581917896,0.034561230071679,-9.258425219929968,-0.6830124561612552,-0.026264192548880714,-0.024348759207272197,0.007690149642886945,-0.05929801299896997,0.046511627906976744,0.0,0.0,0.34172706,0.037632224186722685,304.1763562804625,0.9958905418750598,43
ranked_carry_lb12_k2_th0_reb3_keep0,ranked_carry,12,2,0.0,3,0.0,taker,train,-0.37392684198306236,-0.20850921847974813,0.03754968006115187,-6.208533336723235,-0.3741818801852068,-0.019241055484994028,-0.021134684349711164,0.007357417310209113,-0.03733227578221132,0.125,0.0,0.0,0.257119045,0.020011978893752724,185.75614205096048,0.9944707290657242,24
ranked_carry_lb12_k2_th0_reb3_keep0,ranked_carry,12,2,0.0,3,0.0,taker,test,-0.46348800877576857,-0.32557023386842265,0.03988720752711961,-9.854852415266892,-0.46371333467401143,-0.032182910531868864,-0.03493701549463257,-0.008593537963002551,-0.048779447037553325,0.0,0.0,0.0,0.07647308,0.012133419827168535,224.56672443674177,0.9982668977469671,19
ranked_carry_lb12_k2_th0_reb3_keep0,ranked_carry,12,2,0.0,3,0.0,taker,full,-0.6641042433402893,-0.26246570947459236,0.038607027138915305,-7.866222910502706,-0.664148754194638,-0.024959549575473604,-0.026130911259920953,0.007357417310209113,-0.048779447037553325,0.06976744186046512,0.0,0.0,0.333592125,0.03214539872092126,202.87725781274887,0.9961453919913351,43
ranked_carry_lb12_k2_th0_reb3_keep0,ranked_carry,12,2,0.0,3,0.0,optimistic_limit,train,-0.21703201290570528,-0.115003288339945,0.03148563317971109,-3.8644531783080778,-0.21792080588781415,-0.010084454150916319,-0.011930405221462326,0.015020303267030854,-0.024513925274655235,0.16666666666666666,0.0,0.0,0.257119045,0.020011978893752724,185.75614205096048,0.9944707290657242,24
ranked_carry_lb12_k2_th0_reb3_keep0,ranked_carry,12,2,0.0,3,0.0,optimistic_limit,test,-0.33584548383922463,-0.22808302125219748,0.03260890941726742,-7.922451667090746,-0.336124417423886,-0.02127934810993999,-0.02326422330262945,-0.005610126847087837,-0.033212049181200354,0.0,0.0,0.0,0.07647308,0.012133419827168535,224.56672443674177,0.9982668977469671,19
ranked_carry_lb12_k2_th0_reb3_keep0,ranked_carry,12,2,0.0,3,0.0,optimistic_limit,full,-0.47998827536201794,-0.16679786040800382,0.03199372712417341,-5.687525119928874,-0.4800571841400423,-0.015031035202577942,-0.015734809207689993,0.015020303267030854,-0.033212049181200354,0.09302325581395349,0.0,0.0,0.333592125,0.03214539872092126,202.87725781274887,0.9961453919913351,43
ranked_carry_lb12_k2_th0_reb6_keep0,ranked_carry,12,2,0.0,6,0.0,taker,train,-0.26351872666700604,-0.14164303802062217,0.03648166507720984,-4.168337527543916,-0.263818740902497,-0.012607926502348576,-0.014162762184027955,0.014797271526004963,-0.02879671346237722,0.125,0.0,0.0,0.25283067000000004,0.012634277765290247,142.31317334549394,0.9944707290657242,24
ranked_carry_lb12_k2_th0_reb6_keep0,ranked_carry,12,2,0.0,6,0.0,taker,test,-0.3515795485873058,-0.23970194932186972,0.03752580574986801,-7.283935051770008,-0.35214622886145985,-0.02251809157105493,-0.02503864205133166,-0.00894316953723795,-0.03191978136776463,0.0,0.0,0.0,0.073639625,0.008265575339901299,162.5736568457539,0.9965337954939342,19
ranked_carry_lb12_k2_th0_reb6_keep0,ranked_carry,12,2,0.0,6,0.0,taker,full,-0.5224504802884213,-0.18637066846109185,0.03695092923626588,-5.563177353852225,-0.5227306113254395,-0.016986836648986266,-0.017140810415206653,0.014797271526004963,-0.03191978136776463,0.06976744186046512,0.0,0.0,0.326470295,0.020899853105191546,151.2509955082667,0.995380841642509,43
ranked_carry_lb12_k2_th0_reb6_keep0,ranked_carry,12,2,0.0,6,0.0,optimistic_limit,train,-0.12584082992771506,-0.06495276963294494,0.03091607492297354,-2.1568064434911904,-0.13044517018539958,-0.00554417397486387,-0.007420907698177381,0.022761734861183047,-0.018369542369390368,0.25,0.0,0.0,0.25283067000000004,0.012634277765290247,142.31317334549394,0.9944707290657242,24
ranked_carry_lb12_k2_th0_reb6_keep0,ranked_carry,12,2,0.0,6,0.0,optimistic_limit,test,-0.24320292825324896,-0.16161300104339282,0.03105121413167786,-5.6613353988172985,-0.24386432314164574,-0.014546440038759045,-0.01655060798772634,-0.005960642656120063,-0.02138237493912154,0.0,0.0,0.0,0.073639625,0.008265575339901299,162.5736568457539,0.9965337954939342,19
ranked_carry_lb12_k2_th0_reb6_keep0,ranked_carry,12,2,0.0,6,0.0,optimistic_limit,full,-0.33843889984872244,-0.10889661003789275,0.030980677878012047,-3.705986546779776,-0.34041059159838805,-0.009521919444957087,-0.010153232067909856,0.022761734861183047,-0.02138237493912154,0.13953488372093023,0.0,0.0,0.326470295,0.020899853105191546,151.2509955082667,0.995380841642509,43
ranked_carry_lb12_k2_th0.5_reb1_keep0.25,ranked_carry,12,2,0.5,1,0.25,taker,train,-0.5442000889708932,-0.32452263199483566,0.04138695012856463,-9.458773048559793,-0.5443857643801611,-0.03208661550109916,-0.03513240895682118,0.0034974767533335616,-0.05953074633153688,0.08333333333333333,0.0,0.0,0.259484285,0.02054834653989035,265.65125691158863,0.980334036367782,24
ranked_carry_lb12_k2_th0.5_reb1_keep0.25,ranked_carry,12,2,0.5,1,0.25,taker,test,-0.4941042617697996,-0.3501782651337756,0.040430977589253285,-10.641062852981214,-0.4944424006664002,-0.035093128627079605,-0.0373745659712138,-0.00511792374672515,-0.06583367746739666,0.0,0.0,0.0,0.07232909500000001,0.011556145972786702,241.64644714038127,0.8330444829578278,19
ranked_carry_lb12_k2_th0.5_reb1_keep0.25,ranked_carry,12,2,0.5,1,0.25,taker,full,-0.7694127675246685,-0.3359630474653873,0.040967843985041164,-9.97289589163053,-0.7695006209787334,-0.03341507478932308,-0.0352498049937624,0.0034974767533335616,-0.06583367746739666,0.046511627906976744,0.0,0.0,0.33181338000000005,0.03210449251267705,255.06164187187412,0.9153579051320442,43
ranked_carry_lb12_k2_th0.5_reb1_keep0.25,ranked_carry,12,2,0.5,1,0.25,optimistic_limit,train,-0.3724470971490088,-0.20757563936924373,0.03394112824438616,-6.837692978859297,-0.372702738142468,-0.01915750372606206,-0.02063166436336472,0.007690149642886945,-0.04011081403104677,0.08333333333333333,0.0,0.0,0.259484285,0.02054834653989035,265.65125691158863,0.980334036367782,24
ranked_carry_lb12_k2_th0.5_reb1_keep0.25,ranked_carry,12,2,0.5,1,0.25,optimistic_limit,test,-0.3635244852137933,-0.24859207234797875,0.0334964543243714,-8.515549218681166,-0.3639499031646063,-0.023435006273134558,-0.02453115660007743,-0.0033224290255408073,-0.04482434399436941,0.0,0.0,0.0,0.07232909500000001,0.011556145972786702,241.64644714038127,0.8330444829578278,19
ranked_carry_lb12_k2_th0.5_reb1_keep0.25,ranked_carry,12,2,0.5,1,0.25,optimistic_limit,full,-0.6005779431023412,-0.225938839947045,0.03374632729191413,-7.572114607727409,-0.6007301224183921,-0.021047562991047583,-0.02182178962514414,0.007690149642886945,-0.04482434399436941,0.046511627906976744,0.0,0.0,0.33181338000000005,0.03210449251267705,255.06164187187412,0.9153579051320442,43
ranked_carry_lb12_k2_th0.5_reb3_keep0.25,ranked_carry,12,2,0.5,3,0.25,taker,train,-0.35438642284176813,-0.19626867230853584,0.037492315974427,-5.8087687535453245,-0.35464942106152897,-0.01799496293286426,-0.020455034440926334,0.007357417310209113,-0.037062293680324876,0.125,0.0,0.0,0.25468546000000003,0.021174345125336835,177.76663056489767,0.9794219916775923,24
ranked_carry_lb12_k2_th0.5_reb3_keep0.25,ranked_carry,12,2,0.5,3,0.25,taker,test,-0.3658579121209562,-0.2503358785432038,0.0362033578149348,-7.940405501646593,-0.36612424099692187,-0.02363960909730812,-0.024065872063399607,-0.0032540235379593385,-0.039571257897683676,0.0,0.0,0.0,0.069180825,0.010381339145419388,168.89948006932408,0.8197573656845754,19
ranked_carry_lb12_k2_th0.5_reb3_keep0.25,ranked_carry,12,2,0.5,3,0.25,taker,full,-0.5905892582178252,-0.22058490000890707,0.03693051094060353,-6.729543682141039,-0.5906435108290444,-0.020489108912502243,-0.021736168707988668,0.007357417310209113,-0.039571257897683676,0.06976744186046512,0.0,0.0,0.32386628500000003,0.031555684270756224,173.85492657131024,0.9089866522251601,43
ranked_carry_lb12_k2_th0.5_reb3_keep0.25,ranked_carry,12,2,0.5,3,0.25,optimistic_limit,train,-0.20032094768248687,-0.10562118881639071,0.03165046745107128,-3.510981800289333,-0.20122871037694479,-0.009219648517039927,-0.010988708477354225,0.015020303267030854,-0.024240348729567374,0.16666666666666666,0.0,0.0,0.25468546000000003,0.021174345125336835,177.76663056489767,0.9794219916775923,24
ranked_carry_lb12_k2_th0.5_reb3_keep0.25,ranked_carry,12,2,0.5,3,0.25,optimistic_limit,test,-0.25544653999135536,-0.17021877861097245,0.03037696296785498,-6.127329243781121,-0.25575923976304826,-0.01538271579123539,-0.014732935315602824,-0.0020550543134771893,-0.02636359010220779,0.0,0.0,0.0,0.069180825,0.010381339145419388,168.89948006932408,0.8197573656845754,19
ranked_carry_lb12_k2_th0.5_reb3_keep0.25,ranked_carry,12,2,0.5,3,0.25,optimistic_limit,full,-0.4045961947005643,-0.13471588850497584,0.031097151885392336,-4.637483560143517,-0.40467509397669654,-0.011942864289358852,-0.012877091560269394,0.015020303267030854,-0.02636359010220779,0.09302325581395349,0.0,0.0,0.32386628500000003,0.031555684270756224,173.85492657131024,0.9089866522251601,43
ranked_carry_lb12_k2_th0.5_reb6_keep0.25,ranked_carry,12,2,0.5,6,0.25,taker,train,-0.2621109723243785,-0.14082414779624686,0.03680744720677747,-4.105212580780528,-0.2624115600250182,-0.012530080194596296,-0.014202289292214565,0.014797271526004963,-0.028861780979666296,0.125,0.0,0.0,0.250047935,0.013350544287217991,141.31448440973608,0.9807900587128769,24
ranked_carry_lb12_k2_th0.5_reb6_keep0.25,ranked_carry,12,2,0.5,6,0.25,taker,test,-0.2770239489847235,-0.1855127755177225,0.03354197060218643,-6.100742979446965,-0.27778530982343785,-0.01689953206341698,-0.016275184000414278,-0.001970993999598658,-0.027375438535123142,0.0,0.0,0.0,0.06574414,0.008770782349323936,125.8838821490468,0.7920277296360485,19
ranked_carry_lb12_k2_th0.5_reb6_keep0.25,ranked_carry,12,2,0.5,6,0.25,taker,full,-0.4665239046835772,-0.1608328736969995,0.03540463041112662,-4.934842516069535,-0.4669324437462644,-0.014460768229656596,-0.01483372447530229,0.014797271526004963,-0.028861780979666296,0.06976744186046512,0.0,0.0,0.315792075,0.022121326636541927,134.5073428689752,0.8975183969927686,43
ranked_carry_lb12_k2_th0.5_reb6_keep0.25,ranked_carry,12,2,0.5,6,0.25,optimistic_limit,train,-0.12521909484161398,-0.0646207442033222,0.03127806429525717,-2.1201345475810585,-0.1298267098803506,-0.005514806133688784,-0.007420907698177381,0.022761734861183047,-0.01946949795795816,0.25,0.0,0.0,0.250047935,0.013350544287217991,141.31448440973608,0.9807900587128769,24
ranked_carry_lb12_k2_th0.5_reb6_keep0.25,ranked_carry,12,2,0.5,6,0.25,optimistic_limit,test,-0.1851100898301783,-0.12145752888571482,0.027901402300480174,-4.627029530213091,-0.18596824448771554,-0.010703513766518125,-0.008554993560217383,-0.0013709765611213953,-0.018205672619935553,0.0,0.0,0.0,0.06574414,0.008770782349323936,125.8838821490468,0.7920277296360485,19
ranked_carry_lb12_k2_th0.5_reb6_keep0.25,ranked_carry,12,2,0.5,6,0.25,optimistic_limit,full,-0.28714986677720755,-0.0901337444809035,0.02983700636070841,-3.150847928932064,-0.2894018585683614,-0.007807490901683144,-0.008299075991217264,0.022761734861183047,-0.01946949795795816,0.13953488372093023,0.0,0.0,0.315792075,0.022121326636541927,134.5073428689752,0.8975183969927686,43
ranked_carry_lb12_k2_th1_reb1_keep0.5,ranked_carry,12,2,1.0,1,0.5,taker,train,-0.27124390782879015,-0.14615078996398323,0.03360093242106159,-4.685418528338919,-0.2743476105519914,-0.013011793270737685,-0.008750734301215035,0.0034974767533335616,-0.03996329027044421,0.08333333333333333,0.0,0.0,0.23313471000000002,0.017583072087698437,141.31448440973608,0.7669155788633643,24
ranked_carry_lb12_k2_th1_reb1_keep0.5,ranked_carry,12,2,1.0,1,0.5,taker,test,-0.0553642361078972,-0.03538794181076088,0.01715428398787916,-2.0917209163992623,-0.056529344328992925,-0.002984923487650489,-0.00210526978895087,0.0,-0.01513343787155208,0.0,0.0,0.0,0.02499516000000001,0.004281828061249382,27.20103986135182,0.20573367995378394,19
ranked_carry_lb12_k2_th1_reb1_keep0.5,ranked_carry,12,2,1.0,1,0.5,taker,full,-0.3115909321808249,-0.0989490995867951,0.02758930453483489,-3.7627663169020718,-0.3118101604049327,-0.008581315924722412,-0.0035428409599366217,0.0034974767533335616,-0.03996329027044421,0.046511627906976744,0.0,0.0,0.25812987000000004,0.02186490014894782,90.97384600681724,0.5193526807046606,43
ranked_carry_lb12_k2_th1_reb1_keep0.5,ranked_carry,12,2,1.0,1,0.5,optimistic_limit,train,-0.13611413289120478,-0.07045624073748658,0.02882074648073218,-2.520605798251297,-0.13979334044375158,-0.006044937471729378,-0.0037198677150834802,0.007690149642886945,-0.023670541095014097,0.16666666666666666,0.0,0.0,0.23313471000000002,0.017583072087698437,141.31448440973608,0.7669155788633643,24
ranked_carry_lb12_k2_th1_reb1_keep0.5,ranked_carry,12,2,1.0,1,0.5,optimistic_limit,test,-0.030628795664474517,-0.019485805065202144,0.015281115299987644,-1.2800996735169268,-0.03240613219321142,-0.001633517102200949,-0.0010221011039944772,0.0,-0.00800299883401756,0.0,0.0,0.0,0.02499516000000001,0.004281828061249382,27.20103986135182,0.20573367995378394,19
ranked_carry_lb12_k2_th1_reb1_keep0.5,ranked_carry,12,2,1.0,1,0.5,optimistic_limit,full,-0.16257391659230636,-0.048305897280417676,0.023817656818172772,-2.066861512958711,-0.1633436000676911,-0.004095705215426119,-0.0019217027727650438,0.007690149642886945,-0.023670541095014097,0.09302325581395349,0.0,0.0,0.25812987000000004,0.02186490014894782,90.97384600681724,0.5193526807046606,43
ranked_carry_lb12_k2_th1_reb3_keep0.5,ranked_carry,12,2,1.0,3,0.5,taker,train,-0.10941020549858704,-0.05621766358499536,0.03065837685176399,-1.8718991224140025,-0.11414573082862567,-0.004789487886399477,-0.004600940033717971,0.007357417310209113,-0.02108329040049317,0.20833333333333334,0.0,0.0,0.233849095,0.019221447651190937,91.87938208972238,0.7906287408082996,24
ranked_carry_lb12_k2_th1_reb3_keep0.5,ranked_carry,12,2,1.0,3,0.5,taker,test,-0.041578130736770746,-0.026506392893214215,0.014383751245898095,-1.8604649339158181,-0.04247601496805542,-0.002227473567861875,0.0,0.0,-0.011996357218029052,0.0,0.0,0.0,0.022815555000000005,0.0008809156957805264,20.875216637781627,0.19244656268053148,19
ranked_carry_lb12_k2_th1_reb3_keep0.5,ranked_carry,12,2,1.0,3,0.5,taker,full,-0.14643926440719923,-0.04322411764607892,0.024830758800899865,-1.7670654187856594,-0.14643926440719923,-0.003657435047975885,-0.0026300738811717572,0.007357417310209113,-0.02108329040049317,0.11627906976744186,0.0,0.0,0.25666465000000005,0.020102363346971464,60.55621037877099,0.5267433340766462,43
ranked_carry_lb12_k2_th1_reb3_keep0.5,ranked_carry,12,2,1.0,3,0.5,optimistic_limit,train,-0.0052601892986682275,-0.0026301142499763897,0.02727032795853298,-0.08293847705317517,-0.03606517293507572,-0.00020173663074281312,-0.000669043042665074,0.015020303267030854,-0.010436187607871905,0.3333333333333333,0.0,0.0,0.233849095,0.019221447651190937,91.87938208972238,0.7906287408082996,24
ranked_carry_lb12_k2_th1_reb3_keep0.5,ranked_carry,12,2,1.0,3,0.5,optimistic_limit,test,-0.022374905104640797,-0.014212750197212132,0.012597770934100793,-1.1299883846878727,-0.02329077961143755,-0.001188875029086945,0.0,0.0,-0.006037840794832494,0.0,0.0,0.0,0.022815555000000005,0.0008809156957805264,20.875216637781627,0.19244656268053148,19
ranked_carry_lb12_k2_th1_reb3_keep0.5,ranked_carry,12,2,1.0,3,0.5,optimistic_limit,full,-0.027517398166921447,-0.0077564243173019465,0.022036469215680275,-0.34233474056938856,-0.03815320285452517,-0.00063791406256929,-0.00044724382179972544,0.015020303267030854,-0.010436187607871905,0.18604651162790697,0.0,0.0,0.25666465000000005,0.020102363346971464,60.55621037877099,0.5267433340766462,43
ranked_carry_lb12_k2_th1_reb6_keep0.5,ranked_carry,12,2,1.0,6,0.5,taker,train,-0.04438736763465756,-0.022416490703212166,0.029638914944523986,-0.7500988002174304,-0.04988865712310664,-0.0018703805525292216,-0.0022982194930952216,0.014797271526004963,-0.012877679454687208,0.2916666666666667,0.0,0.0,0.223789575,0.01168782393050255,69.90822550304965,0.7454825286439035,24
ranked_carry_lb12_k2_th1_reb6_keep0.5,ranked_carry,12,2,1.0,6,0.5,taker,test,-0.033974871396334705,-0.021628164479437273,0.014402151730009161,-1.5110007423675882,-0.034879878635646455,-0.0018142388231481815,0.0,0.0,-0.009550784138744772,0.0,0.0,0.0,0.022429630000000002,0.0011690578124416429,18.344887348353552,0.18898035817446562,19
ranked_carry_lb12_k2_th1_reb6_keep0.5,ranked_carry,12,2,1.0,6,0.5,taker,full,-0.07685418392398435,-0.022068802426399525,0.024133409999994564,-0.9126176729756347,-0.0772905506208208,-0.001845573741872483,-0.0015409554181565754,0.014797271526004963,-0.012877679454687208,0.16279069767441862,0.0,0.0,0.246219205,0.012856881742944193,47.16128826733777,0.4999840718677328,43
ranked_carry_lb12_k2_th1_reb6_keep0.5,ranked_carry,12,2,1.0,6,0.5,optimistic_limit,train,0.03953118433172209,0.019548109007545333,0.026582331630368383,0.7415760602307518,-0.016154626519092163,0.0016351827140023052,-0.0006625242652891772,0.022761734861183047,-0.008078358390737006,0.4166666666666667,0.0,0.0,0.223789575,0.01168782393050255,69.90822550304965,0.7454825286439035,24
ranked_carry_lb12_k2_th1_reb6_keep0.5,ranked_carry,12,2,1.0,6,0.5,optimistic_limit,test,-0.016981578069832026,-0.010776020344493209,0.012628694577888054,-0.8516105509078605,-0.01790250524023551,-0.0009001616416885782,0.0,6.038974115440965e-05,-0.004174054270938088,0.05263157894736842,0.0,0.0,0.022429630000000002,0.0011690578124416429,18.344887348353552,0.18898035817446562,19
ranked_carry_lb12_k2_th1_reb6_keep0.5,ranked_carry,12,2,1.0,6,0.5,optimistic_limit,full,0.021878304368966317,0.0060578244195532704,0.021570046574301695,0.2907827047862444,-0.020343633661340843,0.0005149142777667986,0.0,0.022761734861183047,-0.008078358390737006,0.2558139534883721,0.0,0.0,0.246219205,0.012856881742944193,47.16128826733777,0.4999840718677328,43
ranked_carry_lb12_k2_th2_reb1_keep1,ranked_carry,12,2,2.0,1,1.0,taker,train,-0.04021694513171081,-0.020288456487773998,0.018941441494126007,-1.0726505410350204,-0.05207973988267367,-0.0016890836536257309,0.0,0.007114381445891604,-0.022967202989658375,0.16666666666666666,0.0,0.0,0.14302816000000002,0.008283399907811462,47.9370689163769,0.30918314997434876,24
ranked_carry_lb12_k2_th2_reb1_keep1,ranked_carry,12,2,2.0,1,1.0,taker,test,0.0,0.0,0.0,,0.0,0.0,0.0,0.0,0.0,0.0,0.0,0.0,0.0,0.0,0.0,0.0,19
ranked_carry_lb12_k2_th2_reb1_keep1,ranked_carry,12,2,2.0,1,1.0,taker,full,-0.04021694513171081,-0.011389534682887725,0.014160203824127618,-0.8018635840271875,-0.05207973988267367,-0.0009427443648143615,0.0,0.007114381445891604,-0.022967202989658375,0.09302325581395349,0.0,0.0,0.14302816000000002,0.008283399907811462,26.789844222866424,0.17278837883469783,43
ranked_carry_lb12_k2_th2_reb1_keep1,ranked_carry,12,2,2.0,1,1.0,optimistic_limit,train,0.016794580052035935,0.008351316580455181,0.016000928876769707,0.5277627285393899,-0.017596642889253222,0.0007000356492277565,0.0,0.010152449897594229,-0.005261285567802698,0.20833333333333334,0.0,0.0,0.14302816000000002,0.008283399907811462,47.9370689163769,0.30918314997434876,24
ranked_carry_lb12_k2_th2_reb1_keep1,ranked_carry,12,2,2.0,1,1.0,optimistic_limit,test,0.0,0.0,0.0,,0.0,0.0,0.0,0.0,0.0,0.0,0.0,0.0,0.0,0.0,0.0,0.0,19
ranked_carry_lb12_k2_th2_reb1_keep1,ranked_carry,12,2,2.0,1,1.0,optimistic_limit,full,0.016794580052035935,0.004658607470647169,0.011961678797867808,0.39453949771587526,-0.017596642889253222,0.00039071757166200366,0.0,0.010152449897594229,-0.005261285567802698,0.11627906976744186,0.0,0.0,0.14302816000000002,0.008283399907811462,26.789844222866424,0.17278837883469783,43
ranked_carry_lb12_k2_th2_reb3_keep1,ranked_carry,12,2,2.0,3,1.0,taker,train,0.019343827639725752,0.009612907622349898,0.01765572708205963,0.55069885519705,-0.01898765043590467,0.0008030730634258354,0.0,0.007555802217283691,-0.004720712113943537,0.3333333333333333,0.0,0.0,0.139413665,0.012057840778490536,32.95673488000912,0.307815082939064,24
ranked_carry_lb12_k2_th2_reb3_keep1,ranked_carry,12,2,2.0,3,1.0,taker,test,0.0,0.0,0.0,,0.0,0.0,0.0,0.0,0.0,0.0,0.0,0.0,0.0,0.0,0.0,0.0,19
ranked_carry_lb12_k2_th2_reb3_keep1,ranked_carry,12,2,2.0,3,1.0,taker,full,0.019343827639725752,0.00536087752971226,0.013198750489314046,0.4116855977932131,-0.01898765043590467,0.0004482268260981407,0.0,0.007555802217283691,-0.004720712113943537,0.18604651162790697,0.0,0.0,0.13941366500000002,0.012057840778490536,18.41801790322067,0.17202382848587175,43
ranked_carry_lb12_k2_th2_reb3_keep1,ranked_carry,12,2,2.0,3,1.0,optimistic_limit,train,0.06060495997165405,0.029817044724659292,0.015217540485439754,1.9383572298026885,-0.006292736544915911,0.0024648731894121867,0.0,0.01729678666517942,-0.0008283213955249114,0.375,0.0,0.0,0.139413665,0.012057840778490536,32.95673488000912,0.307815082939064,24
ranked_carry_lb12_k2_th2_reb3_keep1,ranked_carry,12,2,2.0,3,1.0,optimistic_limit,test,0.0,0.0,0.0,,0.0,0.0,0.0,0.0,0.0,0.0,0.0,0.0,0.0,0.0,0.0,0.0,19
ranked_carry_lb12_k2_th2_reb3_keep1,ranked_carry,12,2,2.0,3,1.0,optimistic_limit,full,0.06060495997165405,0.016555337610328014,0.011377044226490966,1.4489304866078971,-0.006292736544915911,0.0013757431754858717,0.0,0.01729678666517942,-0.0008283213955249114,0.20930232558139536,0.0,0.0,0.13941366500000002,0.012057840778490536,18.41801790322067,0.17202382848587175,43
ranked_carry_lb12_k2_th2_reb6_keep1,ranked_carry,12,2,2.0,6,1.0,taker,train,0.04766192700686345,0.023522337360223577,0.01656955054911727,1.4114651924366144,-0.009214872965103371,0.001953624023309388,0.0,0.02267551928667899,-0.0020283911979745994,0.375,0.0,0.0,0.1369392,0.009896892835354387,24.967223393946302,0.30644701590377926,24
ranked_carry_lb12_k2_th2_reb6_keep1,ranked_carry,12,2,2.0,6,1.0,taker,test,0.0,0.0,0.0,,0.0,0.0,0.0,0.0,0.0,0.0,0.0,0.0,0.0,0.0,0.0,0.0,19
ranked_carry_lb12_k2_th2_reb6_keep1,ranked_carry,12,2,2.0,6,1.0,taker,full,0.04766192700686345,0.01307811840811568,0.012387292985020384,1.0551232761469145,-0.009214872965103371,0.0010903948037075653,0.0,0.02267551928667899,-0.0020283911979745994,0.20930232558139536,0.0,0.0,0.1369392,0.009896892835354387,13.953043866076264,0.17125927813704564,43
ranked_carry_lb12_k2_th2_reb6_keep1,ranked_carry,12,2,2.0,6,1.0,optimistic_limit,train,0.07963369813719634,0.03900204416061692,0.01462143045103519,2.6240714285276647,-0.005370368447541463,0.003216778061495664,0.0,0.028222519125571166,-0.0008283213955249114,0.4166666666666667,0.0,0.0,0.1369392,0.009896892835354387,24.967223393946302,0.30644701590377926,24
ranked_carry_lb12_k2_th2_reb6_keep1,ranked_carry,12,2,2.0,6,1.0,optimistic_limit,test,0.0,0.0,0.0,,0.0,0.0,0.0,0.0,0.0,0.0,0.0,0.0,0.0,0.0,0.0,0.0,19
ranked_carry_lb12_k2_th2_reb6_keep1,ranked_carry,12,2,2.0,6,1.0,optimistic_limit,full,0.07963369813719634,0.021612387219674067,0.010932237235121593,1.9613503636480198,-0.005370368447541463,0.0017954110110673474,0.0,0.028222519125571166,-0.0008283213955249114,0.23255813953488372,0.0,0.0,0.1369392,0.009896892835354387,13.953043866076264,0.17125927813704564,43
ranked_carry_lb12_k2_th5_reb1_keep2.5,ranked_carry,12,2,5.0,1,2.5,taker,train,-0.009415398394978958,-0.004712660797204893,0.00927102218713359,-0.5048839651391271,-0.011379357419884939,-0.0003926487747075158,0.0,0.003068231229671481,-0.006405699555353972,0.08333333333333333,0.0,0.0,0.039772295000000006,0.004853834367938126,13.482300632731004,0.04286610043892151,24
ranked_carry_lb12_k2_th5_reb1_keep2.5,ranked_carry,12,2,5.0,1,2.5,taker,test,0.0,0.0,0.0,,0.0,0.0,0.0,0.0,0.0,0.0,0.0,0.0,0.0,0.0,0.0,0.0,19
ranked_carry_lb12_k2_th5_reb1_keep2.5,ranked_carry,12,2,5.0,1,2.5,taker,full,-0.009415398394978958,-0.002636435349415267,0.006930655364497421,-0.377436248797138,-0.011379357419884939,-0.00021915280448791578,0.0,0.003068231229671481,-0.006405699555353972,0.046511627906976744,0.0,0.0,0.039772295,0.004853834367938126,7.534643687681182,0.02395591092988436,43
ranked_carry_lb12_k2_th5_reb1_keep2.5,ranked_carry,12,2,5.0,1,2.5,optimistic_limit,train,0.006790521078993805,0.0033850647433828485,0.00764617562639211,0.4457901705972368,-0.004950202378120494,0.0002828237341750232,0.0,0.004401902335722241,-0.0018309533393646715,0.125,0.0,0.0,0.039772295000000006,0.004853834367938126,13.482300632731004,0.04286610043892151,24
ranked_carry_lb12_k2_th5_reb1_keep2.5,ranked_carry,12,2,5.0,1,2.5,optimistic_limit,test,0.0,0.0,0.0,,0.0,0.0,0.0,0.0,0.0,0.0,0.0,0.0,0.0,0.0,0.0,0.0,19
ranked_carry_lb12_k2_th5_reb1_keep2.5,ranked_carry,12,2,5.0,1,2.5,optimistic_limit,full,0.006790521078993805,0.001890348295823463,0.005715975227773376,0.333259955514028,-0.004950202378120494,0.00015785510744652456,0.0,0.004401902335722241,-0.0018309533393646715,0.06976744186046512,0.0,0.0,0.039772295,0.004853834367938126,7.534643687681182,0.02395591092988436,43
ranked_carry_lb12_k2_th5_reb3_keep2.5,ranked_carry,12,2,5.0,3,2.5,taker,train,0.011262468934103875,0.005608084883685693,0.00789859080643432,0.7119790811654153,-0.00628329322370158,0.0004687932336542161,0.0,0.009054135527675866,-0.002792920465423898,0.125,0.0,0.0,0.038852985,0.004409043092058973,7.989511486062818,0.04104201105854187,24
ranked_carry_lb12_k2_th5_reb3_keep2.5,ranked_carry,12,2,5.0,3,2.5,taker,test,0.0,0.0,0.0,,0.0,0.0,0.0,0.0,0.0,0.0,0.0,0.0,0.0,0.0,0.0,0.0,19
ranked_carry_lb12_k2_th5_reb3_keep2.5,ranked_carry,12,2,5.0,3,2.5,taker,full,0.011262468934103875,0.003130236737857839,0.005904716547607411,0.5322510258452794,-0.00628329322370158,0.0002616520373883997,0.0,0.009054135527675866,-0.002792920465423898,0.06976744186046512,0.0,0.0,0.03885298500000001,0.004409043092058973,4.464974037144405,0.0229365104647829,43
ranked_carry_lb12_k2_th5_reb3_keep2.5,ranked_carry,12,2,5.0,3,2.5,optimistic_limit,train,0.02103358390495713,0.010448276708219906,0.006820158066052083,1.5274335602803086,-0.003501822828233858,0.0008724902146792177,0.0,0.01513773970319221,-0.0009934742697949028,0.16666666666666666,0.0,0.0,0.038852985,0.004409043092058973,7.989511486062818,0.04104201105854187,24
ranked_carry_lb12_k2_th5_reb3_keep2.5,ranked_carry,12,2,5.0,3,2.5,optimistic_limit,test,0.0,0.0,0.0,,0.0,0.0,0.0,0.0,0.0,0.0,0.0,0.0,0.0,0.0,0.0,0.0,19
ranked_carry_lb12_k2_th5_reb3_keep2.5,ranked_carry,12,2,5.0,3,2.5,optimistic_limit,full,0.02103358390495713,0.005825676291084214,0.0050987515256625945,1.1418041912367418,-0.003501822828233858,0.0004869712826116564,0.0,0.01513773970319221,-0.0009934742697949028,0.09302325581395349,0.0,0.0,0.03885298500000001,0.004409043092058973,4.464974037144405,0.0229365104647829,43
ranked_carry_lb12_k2_th5_reb6_keep2.5,ranked_carry,12,2,5.0,6,2.5,taker,train,0.022268640351210678,0.011058416943553029,0.007199371133905166,1.531196353162369,-0.0038142977968540492,0.0009246807321846712,0.0,0.01804077553624328,-0.0008382605092603912,0.125,0.0,0.0,0.03889844,0.005177805026050586,5.492789146668186,0.04104201105854187,24
ranked_carry_lb12_k2_th5_reb6_keep2.5,ranked_carry,12,2,5.0,6,2.5,taker,test,0.0,0.0,0.0,,0.0,0.0,0.0,0.0,0.0,0.0,0.0,0.0,0.0,0.0,0.0,0.0,19
ranked_carry_lb12_k2_th5_reb6_keep2.5,ranked_carry,12,2,5.0,6,2.5,taker,full,0.022268640351210678,0.006165050768221825,0.005382252850190773,1.1446166645099687,-0.0038142977968540492,0.0005161008737774909,0.0,0.01804077553624328,-0.0008382605092603912,0.06976744186046512,0.0,0.0,0.038898440000000006,0.005177805026050586,3.069669650536778,0.0229365104647829,43
ranked_carry_lb12_k2_th5_reb6_keep2.5,ranked_carry,12,2,5.0,6,2.5,optimistic_limit,train,0.02904843278900837,0.014401203314878153,0.006453073451374969,2.2189929219305395,-0.0026162373871284617,0.0012032285658232222,0.0,0.02171860683609128,0.0,0.20833333333333334,0.0,0.0,0.03889844,0.005177805026050586,5.492789146668186,0.04104201105854187,24
ranked_carry_lb12_k2_th5_reb6_keep2.5,ranked_carry,12,2,5.0,6,2.5,optimistic_limit,test,0.0,0.0,0.0,,0.0,0.0,0.0,0.0,0.0,0.0,0.0,0.0,0.0,0.0,0.0,0.0,19
ranked_carry_lb12_k2_th5_reb6_keep2.5,ranked_carry,12,2,5.0,6,2.5,optimistic_limit,full,0.02904843278900837,0.00802278672145773,0.0048246336899342825,1.6586581716975295,-0.0026162373871284617,0.0006715694320873799,0.0,0.02171860683609128,0.0,0.11627906976744186,0.0,0.0,0.038898440000000006,0.005177805026050586,3.069669650536778,0.0229365104647829,43
ranked_carry_lb12_k3_th0_reb1_keep0,ranked_carry,12,3,0.0,1,0.0,taker,train,-0.4590946096005619,-0.26424096771025984,0.03351854657125756,-9.137788776059914,-0.4593679380458956,-0.025219665439008717,-0.025147468520698935,-0.0004260481020148532,-0.04146482981919963,0.0,0.0,0.0,0.25508729666666663,0.01620439871075654,220.87670295844495,0.9949267514108191,24
ranked_carry_lb12_k3_th0_reb1_keep0,ranked_carry,12,3,0.0,1,0.0,taker,test,-0.5237744801977993,-0.37455375846053374,0.033777969149370354,-13.876100550335378,-0.5238654609643372,-0.03825312409930197,-0.038833666636156616,-0.02382901203338572,-0.05221288582479322,0.0,0.0,0.0,0.07700866,0.01338317095878689,262.9433853264009,0.9971114962449451,19
ranked_carry_lb12_k3_th0_reb1_keep0,ranked_carry,12,3,0.0,1,0.0,taker,full,-0.7424070492932168,-0.31511963110162977,0.03364373565281031,-11.23349521027526,-0.7424427970678847,-0.03097863554471969,-0.032103492903725495,-0.0004260481020148532,-0.05221288582479322,0.0,0.0,0.0,0.3320959566666667,0.029587569669543422,239.43423274186864,0.9958905418750598,43
ranked_carry_lb12_k3_th0_reb1_keep0,ranked_carry,12,3,0.0,1,0.0,optimistic_limit,train,-0.2944606914851694,-0.15984405126522738,0.02852129926171143,-6.0922672308577495,-0.29481721217389056,-0.0143866008198556,-0.01538956377638373,0.005012246961114464,-0.02715563966169765,0.125,0.0,0.0,0.25508729666666663,0.01620439871075654,220.87670295844495,0.9949267514108191,24
ranked_carry_lb12_k3_th0_reb1_keep0,ranked_carry,12,3,0.0,1,0.0,optimistic_limit,test,-0.3886904127574966,-0.2675253179719207,0.02758237333626751,-11.273158452180745,-0.38880720073404684,-0.02554955639168426,-0.026046026945789058,-0.01481607690479747,-0.035360736479298494,0.0,0.0,0.0,0.07700866,0.01338317095878689,262.9433853264009,0.9971114962449451,19
ranked_carry_lb12_k3_th0_reb1_keep0,ranked_carry,12,3,0.0,1,0.0,optimistic_limit,full,-0.5686970565284366,-0.20917195489721574,0.028119937109853985,-8.33132032803849,-0.5687569111183801,-0.01931906956089617,-0.020675461588252397,0.005012246961114464,-0.035360736479298494,0.06976744186046512,0.0,0.0,0.3320959566666667,0.029587569669543422,239.43423274186864,0.9958905418750598,43
ranked_carry_lb12_k3_th0_reb3_keep0,ranked_carry,12,3,0.0,3,0.0,taker,train,-0.29643948154615096,-0.1610215050937066,0.031613228565053914,-5.5378288833787215,-0.2966893847997911,-0.014502844835999016,-0.017584763127934888,0.00515547221969892,-0.028367824174736822,0.125,0.0,0.0,0.2512611533333333,0.010808557712595462,152.96585532691097,0.9944707290657242,24
ranked_carry_lb12_k3_th0_reb3_keep0,ranked_carry,12,3,0.0,3,0.0,taker,test,-0.38615048803012686,-0.26560161367147983,0.031745502564048476,-9.708270771947287,-0.3864752853092881,-0.025335288472770043,-0.024776146514971176,-0.014267532604286592,-0.03829615254848362,0.0,0.0,0.0,0.07321236833333333,0.004921238117037952,178.80993645291738,0.9982668977469671,19
ranked_carry_lb12_k3_th0_reb3_keep0,ranked_carry,12,3,0.0,3,0.0,taker,full,-0.5681197191058358,-0.20887668521354608,0.03167901718749924,-7.380161949241389,-0.5683256671857176,-0.01928927341968854,-0.019873673805018255,0.00515547221969892,-0.03829615254848362,0.06976744186046512,0.0,0.0,0.32447352166666665,0.015729795829633415,164.3668567423784,0.9961453919913351,43
ranked_carry_lb12_k3_th0_reb3_keep0,ranked_carry,12,3,0.0,3,0.0,optimistic_limit,train,-0.15426448850585128,-0.08026019327885436,0.027386906267731548,-3.0412028373718543,-0.15459203644363095,-0.006923601319584046,-0.010412946239692078,0.012973111290437656,-0.01779982643028266,0.20833333333333334,0.0,0.0,0.2512611533333333,0.010808557712595462,152.96585532691097,0.9944707290657242,24
ranked_carry_lb12_k3_th0_reb3_keep0,ranked_carry,12,3,0.0,3,0.0,optimistic_limit,test,-0.27250905129846625,-0.1822989061626369,0.026382525020694023,-7.615191216685671,-0.27289397802096915,-0.016593380004983355,-0.01614364298362847,-0.007929651045415098,-0.02647114326386557,0.0,0.0,0.0,0.07321236833333333,0.004921238117037952,178.80993645291738,0.9982668977469671,19
ranked_carry_lb12_k3_th0_reb3_keep0,ranked_carry,12,3,0.0,3,0.0,optimistic_limit,full,-0.38473507039254506,-0.1267562187238992,0.02695524042503839,-5.014837970636513,-0.3850284679762668,-0.011196294227086066,-0.012397475754846843,0.012973111290437656,-0.02647114326386557,0.11627906976744186,0.0,0.0,0.32447352166666665,0.015729795829633415,164.3668567423784,0.9961453919913351,43
ranked_carry_lb12_k3_th0_reb6_keep0,ranked_carry,12,3,0.0,6,0.0,taker,train,-0.19525477831555993,-0.10279631783774845,0.030976815457244948,-3.4862128715872207,-0.19554062216832802,-0.008978250917803849,-0.010879486454359488,0.011119676750533936,-0.024064976077653788,0.125,0.0,0.0,0.2475926466666667,0.006806934421686096,117.51239810750727,0.9944707290657242,24
ranked_carry_lb12_k3_th0_reb6_keep0,ranked_carry,12,3,0.0,6,0.0,taker,test,-0.29092652773761285,-0.19545578479992498,0.030567913772805093,-7.0992418985395185,-0.29145867766479105,-0.017918297488458013,-0.016816750608345643,-0.007927827475534555,-0.026427305804785917,0.0,0.0,0.0,0.07028397833333333,0.003996748979870291,131.99884459849795,0.9965337954939342,19
ranked_carry_lb12_k3_th0_reb6_keep0,ranked_carry,12,3,0.0,6,0.0,taker,full,-0.42937651137365007,-0.14492006006709102,0.03080204063393252,-5.067334521619947,-0.4296486210693622,-0.012928504053674295,-0.013226743445142408,0.011119676750533936,-0.026427305804785917,0.06976744186046512,0.0,0.0,0.317876625,0.010803683401556395,123.90302953075721,0.995380841642509,43
ranked_carry_lb12_k3_th0_reb6_keep0,ranked_carry,12,3,0.0,6,0.0,optimistic_limit,train,-0.07299614600140025,-0.037141765359349765,0.027009140107028037,-1.3878388484338007,-0.08187992277625433,-0.0031242569548392413,-0.005314158866704777,0.019666403233555396,-0.015024512693535552,0.2916666666666667,0.0,0.0,0.2475926466666667,0.006806934421686096,117.51239810750727,0.9944707290657242,24
ranked_carry_lb12_k3_th0_reb6_keep0,ranked_carry,12,3,0.0,6,0.0,optimistic_limit,test,-0.19617008725240448,-0.12901931069504669,0.025476765496252517,-5.409230911514781,-0.1967733505900775,-0.011419496091188133,-0.010667819326194317,-0.0031463499875062917,-0.017762723064002173,0.0,0.0,0.0,0.07028397833333333,0.003996748979870291,131.99884459849795,0.9965337954939342,19
ranked_carry_lb12_k3_th0_reb6_keep0,ranked_carry,12,3,0.0,6,0.0,optimistic_limit,full,-0.25484657292362434,-0.07881093536095174,0.026349091711605446,-3.102286295743882,-0.25781281621416785,-0.0067895951778771235,-0.007402997037778691,0.019666403233555396,-0.017762723064002173,0.16279069767441862,0.0,0.0,0.317876625,0.010803683401556395,123.90302953075721,0.995380841642509,43
ranked_carry_lb12_k3_th0.5_reb1_keep0.25,ranked_carry,12,3,0.5,1,0.25,taker,train,-0.4270579141551345,-0.24279420573825594,0.03372356271586794,-8.230063110959144,-0.42734743127285946,-0.02289583995223281,-0.02377438643113139,-0.0004260481020148532,-0.04146482981919963,0.0,0.0,0.0,0.25436474666666664,0.019145768288557408,207.06150601379466,0.9817021034030667,24
ranked_carry_lb12_k3_th0.5_reb1_keep0.25,ranked_carry,12,3,0.5,1,0.25,taker,test,-0.4156482635302272,-0.2881273439274533,0.034818490310363596,-9.74318887396904,-0.4158941482233949,-0.0278313324377052,-0.029668003994965497,-0.006941218692620765,-0.04393563060173067,0.0,0.0,0.0,0.07096158,0.008088782073080392,194.62449451184284,0.8341998844598498,19
ranked_carry_lb12_k3_th0.5_reb1_keep0.25,ranked_carry,12,3,0.5,1,0.25,taker,full,-0.6652002972399408,-0.2631380976354307,0.03421192180554223,-8.908122774179486,-0.6653236791920176,-0.02507663895744154,-0.025191853234900363,-0.0004260481020148532,-0.04393563060173067,0.0,0.0,0.0,0.3253263266666667,0.0272345503616378,201.57497371858176,0.916632155713421,43
ranked_carry_lb12_k3_th0.5_reb1_keep0.25,ranked_carry,12,3,0.5,1,0.25,optimistic_limit,train,-0.2649824669966868,-0.14249532673759246,0.028887495557740606,-5.307145632035402,-0.26535388352008393,-0.012714949055559246,-0.013632409676925805,0.005012246961114464,-0.02715563966169765,0.125,0.0,0.0,0.25436474666666664,0.019145768288557408,207.06150601379466,0.9817021034030667,24
ranked_carry_lb12_k3_th0.5_reb1_keep0.25,ranked_carry,12,3,0.5,1,0.25,optimistic_limit,test,-0.2969917440543317,-0.199815986769882,0.029738503308958185,-7.480821357482809,-0.29728755727523815,-0.01835292719866735,-0.019313938847744128,-0.0045515901449143525,-0.02888531550026363,0.0,0.0,0.0,0.07096158,0.008088782073080392,194.62449451184284,0.8341998844598498,19
ranked_carry_lb12_k3_th0.5_reb1_keep0.25,ranked_carry,12,3,0.5,1,0.25,optimistic_limit,full,-0.4832766060338529,-0.1682715435168729,0.029267794743941505,-6.280589882546594,-0.4834670313553384,-0.01520614870018841,-0.015886198786065897,0.005012246961114464,-0.02888531550026363,0.06976744186046512,0.0,0.0,0.3253263266666667,0.0272345503616378,201.57497371858176,0.916632155713421,43
ranked_carry_lb12_k3_th0.5_reb3_keep0.25,ranked_carry,12,3,0.5,3,0.25,taker,train,-0.2808012678450281,-0.1517608822356945,0.03241772676089185,-5.060983101382291,-0.28105672576011187,-0.0136038359096198,-0.014551210810127169,0.00515547221969892,-0.028367824174736822,0.125,0.0,0.0,0.25004045166666666,0.012064314596845042,147.47306618024282,0.9807900587128769,24
ranked_carry_lb12_k3_th0.5_reb3_keep0.25,ranked_carry,12,3,0.5,3,0.25,taker,test,-0.3213594016754989,-0.2174747913342039,0.03232351352335569,-7.570431724600839,-0.32155334610106534,-0.02016730823835991,-0.02102483573246572,-0.0060176342842135355,-0.03255494735635578,0.0,0.0,0.0,0.06731461666666666,0.002520259765953896,144.43963027151935,0.8197573656845754,19
ranked_carry_lb12_k3_th0.5_reb3_keep0.25,ranked_carry,12,3,0.5,3,0.25,taker,full,-0.5119225420961252,-0.18140441634715887,0.03237850959604613,-6.165768388668507,-0.5120365176140542,-0.016503974845574733,-0.016430710976640284,0.00515547221969892,-0.03255494735635578,0.06976744186046512,0.0,0.0,0.3173550683333333,0.01458457436279894,146.13487942403873,0.9097512025739862,43
ranked_carry_lb12_k3_th0.5_reb3_keep0.25,ranked_carry,12,3,0.5,3,0.25,optimistic_limit,train,-0.1411468450906892,-0.07316425246065772,0.028175731916676165,-2.682511596769645,-0.14147947340760803,-0.006289318172603466,-0.00858722731037509,0.012973111290437656,-0.01779982643028266,0.20833333333333334,0.0,0.0,0.25004045166666666,0.012064314596845042,147.47306618024282,0.9807900587128769,24
ranked_carry_lb12_k3_th0.5_reb3_keep0.25,ranked_carry,12,3,0.5,3,0.25,optimistic_limit,test,-0.2215411246530573,-0.14651162457229427,0.027663961589622914,-5.7128178678554455,-0.22176359551580727,-0.013079950644032107,-0.013348025564202781,-0.004024665025548102,-0.022530157794275807,0.0,0.0,0.0,0.06731461666666666,0.002520259765953896,144.43963027151935,0.8197573656845754,19
ranked_carry_lb12_k3_th0.5_reb3_keep0.25,ranked_carry,12,3,0.5,3,0.25,optimistic_limit,full,-0.3314181389411177,-0.10626763298757747,0.02795410143449255,-4.00504604118427,-0.3315742657252132,-0.009289830194862632,-0.009035200408791355,0.012973111290437656,-0.022530157794275807,0.11627906976744186,0.0,0.0,0.3173550683333333,0.01458457436279894,146.13487942403873,0.9097512025739862,43
ranked_carry_lb12_k3_th0.5_reb6_keep0.25,ranked_carry,12,3,0.5,6,0.25,taker,train,-0.19808892322145355,-0.10437552213260015,0.032107338877635984,-3.417216711351706,-0.19837376039176202,-0.009122489790072907,-0.011194455649533919,0.011119676750533936,-0.024064976077653788,0.125,0.0,0.0,0.24632422333333334,0.006618901715379911,118.0117425753862,0.9807900587128769,24
ranked_carry_lb12_k3_th0.5_reb6_keep0.25,ranked_carry,12,3,0.5,6,0.25,taker,test,-0.24422647112390306,-0.16233045847572347,0.029571229152733337,-5.975138296893313,-0.24496440931275665,-0.014607328037664256,-0.014472318221261826,-0.001970993999598658,-0.026799490974750317,0.0,0.0,0.0,0.06430802833333334,0.0030397614821038458,109.64760254188329,0.7954939341421143,19
ranked_carry_lb12_k3_th0.5_reb6_keep0.25,ranked_carry,12,3,0.5,6,0.25,taker,full,-0.39393683565824955,-0.13042058323313643,0.031015670468668023,-4.490092041032915,-0.3943628014505979,-0.011546022969241178,-0.011666662986464127,0.011119676750533936,-0.026799490974750317,0.06976744186046512,0.0,0.0,0.31063225166666664,0.009658663197483767,114.32193940938484,0.8990474976904208,43
ranked_carry_lb12_k3_th0.5_reb6_keep0.25,ranked_carry,12,3,0.5,6,0.25,optimistic_limit,train,-0.07569083345119965,-0.03854040496117683,0.028000561109228984,-1.3896396316012873,-0.08368699714518801,-0.0032439934578670456,-0.005329030076566821,0.019666403233555396,-0.015270302140445668,0.2916666666666667,0.0,0.0,0.24632422333333334,0.006618901715379911,118.0117425753862,0.9807900587128769,24
ranked_carry_lb12_k3_th0.5_reb6_keep0.25,ranked_carry,12,3,0.5,6,0.25,optimistic_limit,test,-0.16122558779660623,-0.10525498707676773,0.024981855522842777,-4.439366890508493,-0.1620445681484568,-0.00919975209122664,-0.008531089932577562,-0.0013709765611213953,-0.018179177210594144,0.0,0.0,0.0,0.06430802833333334,0.0030397614821038458,109.64760254188329,0.7954939341421143,19
ranked_carry_lb12_k3_th0.5_reb6_keep0.25,ranked_carry,12,3,0.5,6,0.25,optimistic_limit,full,-0.2247131221338211,-0.06856342033273066,0.02671327548470294,-2.645503038873067,-0.2272471295243983,-0.00587560773772361,-0.006481455904025379,0.019666403233555396,-0.018179177210594144,0.16279069767441862,0.0,0.0,0.31063225166666664,0.009658663197483767,114.32193940938484,0.8990474976904208,43
ranked_carry_lb12_k3_th1_reb1_keep0.5,ranked_carry,12,3,1.0,1,0.5,taker,train,-0.17804425031075,-0.0932657127290274,0.028493376765044025,-3.4218255847072445,-0.18186815930811373,-0.0081086986870342,-0.005555621886157158,0.0013203460225754693,-0.02432165025454258,0.041666666666666664,0.0,0.0,0.23538472666666668,0.012693883962958162,110.68802371316194,0.803397366470957,24
ranked_carry_lb12_k3_th1_reb1_keep0.5,ranked_carry,12,3,1.0,1,0.5,taker,test,-0.04945868824760813,-0.031577565248464,0.01625571272947397,-1.9657483413849266,-0.05051990409764906,-0.002661385298262314,-0.002222503086776184,0.0,-0.009794616104538356,0.0,0.0,0.0,0.02433899166666667,0.0044797458478498635,25.09243212016176,0.2068890814558059,19
ranked_carry_lb12_k3_th1_reb1_keep0.5,ranked_carry,12,3,1.0,1,0.5,taker,full,-0.218697103487961,-0.06655206921349188,0.0238829496124163,-2.8716972885942638,-0.21894591433967592,-0.00570174625943732,-0.0035428409599366217,0.0013203460225754693,-0.02432165025454258,0.023255813953488372,0.0,0.0,0.25972371833333335,0.017173629810808017,72.9279092733586,0.5402503902392406,43
ranked_carry_lb12_k3_th1_reb1_keep0.5,ranked_carry,12,3,1.0,1,0.5,optimistic_limit,train,-0.060957466147344874,-0.03091797596659529,0.025280517046340403,-1.229664382435307,-0.06559103124398424,-0.002606022816463896,-0.0013381761031660555,0.005012246961114464,-0.014109174030342064,0.25,0.0,0.0,0.23538472666666668,0.012693883962958162,110.68802371316194,0.803397366470957,24
ranked_carry_lb12_k3_th1_reb1_keep0.5,ranked_carry,12,3,1.0,1,0.5,optimistic_limit,test,-0.026526322080600906,-0.016862858268043124,0.014658573215446039,-1.1528530652689466,-0.028197390450761972,-0.0014126444420371827,-0.0010221011039944772,0.0,-0.006018943051372183,0.0,0.0,0.0,0.02433899166666667,0.0044797458478498635,25.09243212016176,0.2068890814558059,19
ranked_carry_lb12_k3_th1_reb1_keep0.5,ranked_carry,12,3,1.0,1,0.5,optimistic_limit,full,-0.08586681084770542,-0.024742563753234692,0.021259112901166336,-1.1678688662607373,-0.08696587967484726,-0.0020787160928799992,-0.001306632995288437,0.005012246961114464,-0.014109174030342064,0.13953488372093023,0.0,0.0,0.25972371833333335,0.017173629810808017,72.9279092733586,0.5402503902392406,43
ranked_carry_lb12_k3_th1_reb3_keep0.5,ranked_carry,12,3,1.0,3,0.5,taker,train,-0.08072073710947492,-0.04115657825998387,0.027570867054177113,-1.5105556440026395,-0.08488737931728929,-0.003489817813301594,-0.0032978000498177784,0.00515547221969892,-0.015134963481406638,0.20833333333333334,0.0,0.0,0.23369570500000003,0.012900289313024584,82.3918372000228,0.8070455452317163,24
ranked_carry_lb12_k3_th1_reb3_keep0.5,ranked_carry,12,3,1.0,3,0.5,taker,test,-0.035926958553028965,-0.022879267622027855,0.013373745343346871,-1.7239414614660273,-0.037021735803133615,-0.0019208782533059786,0.0,0.0,-0.007031028544416396,0.0,0.0,0.0,0.022121663333333336,0.0014316114300551583,18.977469670710576,0.19417966493356442,19
ranked_carry_lb12_k3_th1_reb3_keep0.5,ranked_carry,12,3,1.0,3,0.5,taker,full,-0.11374764508599944,-0.03313615019527427,0.022443542122880168,-1.4902126382745042,-0.11374764508599944,-0.002796565449582601,-0.0021149234207991086,0.00515547221969892,-0.015134963481406638,0.11627906976744186,0.0,0.0,0.25581736833333335,0.01433190074307974,54.41687107769743,0.5366824886113855,43
ranked_carry_lb12_k3_th1_reb3_keep0.5,ranked_carry,12,3,1.0,3,0.5,optimistic_limit,train,0.015094659179159198,0.007509166554239277,0.0247707399066712,0.3143940597100466,-0.021102631236194047,0.0006346760410550304,-0.0001805603114405363,0.012973111290437656,-0.007608213809559339,0.4583333333333333,0.0,0.0,0.23369570500000003,0.012900289313024584,82.3918372000228,0.8070455452317163,24
ranked_carry_lb12_k3_th1_reb3_keep0.5,ranked_carry,12,3,1.0,3,0.5,optimistic_limit,test,-0.018387159759909455,-0.011671014626161935,0.011879527617705282,-0.982284200650026,-0.01950185476713895,-0.0009753607503487521,0.0,0.0,-0.0036472043079051053,0.0,0.0,0.0,0.022121663333333336,0.0014316114300551583,18.977469670710576,0.19417966493356442,19
ranked_carry_lb12_k3_th1_reb3_keep0.5,ranked_carry,12,3,1.0,3,0.5,optimistic_limit,full,-0.003570048490596167,-0.0009975455778353792,0.020128652044015392,-0.03952214340057092,-0.026639088041363945,-7.67355644489665e-05,0.0,0.012973111290437656,-0.007608213809559339,0.2558139534883721,0.0,0.0,0.25581736833333335,0.01433190074307974,54.41687107769743,0.5366824886113855,43
ranked_carry_lb12_k3_th1_reb6_keep0.5,ranked_carry,12,3,1.0,6,0.5,taker,train,-0.03145246813067337,-0.015831257594671744,0.027235641737610818,-0.5723012810614413,-0.038744124786676326,-0.001320017408330677,-0.0018137720028394977,0.011119676750533936,-0.009275858902576095,0.25,0.0,0.0,0.22297822666666667,0.008473529933659891,65.58057344809895,0.7646354671378898,24
ranked_carry_lb12_k3_th1_reb6_keep0.5,ranked_carry,12,3,1.0,6,0.5,taker,test,-0.026570728992707182,-0.01689122838697199,0.013448299307512969,-1.2600122925900175,-0.029080812679502133,-0.0014148706958018468,0.0,0.0,-0.004844204240062822,0.0,0.0,0.0,0.021464875000000005,0.0017480621260984042,15.814558058925478,0.19244656268053148,19
ranked_carry_lb12_k3_th1_reb6_keep0.5,ranked_carry,12,3,1.0,6,0.5,taker,full,-0.0571874821165258,-0.016298999797202285,0.022233256933372844,-0.7280121623021134,-0.0571874821165258,-0.001361929326050496,-0.0015409554181565754,0.011119676750533936,-0.009275858902576095,0.13953488372093023,0.0,0.0,0.2444431016666667,0.010221592059758297,43.626517154598446,0.5122168774489503,43
ranked_carry_lb12_k3_th1_reb6_keep0.5,ranked_carry,12,3,1.0,6,0.5,optimistic_limit,train,0.04810233540314135,0.023737163093310087,0.02456131583567965,0.9674299036282366,-0.01320746337700407,0.00197282667204908,-0.00014663850063179051,0.019666403233555396,-0.0054940947736783485,0.4583333333333333,0.0,0.0,0.22297822666666667,0.008473529933659891,65.58057344809895,0.7646354671378898,24
ranked_carry_lb12_k3_th1_reb6_keep0.5,ranked_carry,12,3,1.0,6,0.5,optimistic_limit,test,-0.011832489996135176,-0.007501382815842006,0.012112492534119968,-0.6155865595406624,-0.015169621591954674,-0.0006255726937288358,0.0,0.0008679654783265711,-0.0036472043079051053,0.05263157894736842,0.0,0.0,0.021464875000000005,0.0017480621260984042,15.814558058925478,0.19244656268053148,19
ranked_carry_lb12_k3_th1_reb6_keep0.5,ranked_carry,12,3,1.0,6,0.5,optimistic_limit,full,0.0357006750045572,0.00983701568760087,0.02004673146102482,0.49832706429465773,-0.015169621591957339,0.0008246967197286056,0.0,0.019666403233555396,-0.0054940947736783485,0.27906976744186046,0.0,0.0,0.2444431016666667,0.010221592059758297,43.626517154598446,0.5122168774489503,43
ranked_carry_lb12_k3_th2_reb1_keep1,ranked_carry,12,3,2.0,1,1.0,taker,train,-0.017486512105086116,-0.008770353312422263,0.016151378593606557,-0.5373249334072746,-0.027456931022524445,-0.0007312266224952004,0.0,0.002819068414583903,-0.011179999430807386,0.16666666666666666,0.0,0.0,0.14141009,0.008543380361967497,41.778487145870145,0.30918314997434876,24
ranked_carry_lb12_k3_th2_reb1_keep1,ranked_carry,12,3,2.0,1,1.0,taker,test,0.0,0.0,0.0,,0.0,0.0,0.0,0.0,0.0,0.0,0.0,0.0,0.0,0.0,0.0,0.0,19
ranked_carry_lb12_k3_th2_reb1_keep1,ranked_carry,12,3,2.0,1,1.0,taker,full,-0.017486512105086116,-0.004910872797262988,0.012074152314138558,-0.40168781064969283,-0.027456931022524445,-0.0004081264869740653,0.0,0.002819068414583903,-0.011179999430807386,0.09302325581395349,0.0,0.0,0.14141009,0.008543380361967503,23.348093402567613,0.17278837883469783,43
ranked_carry_lb12_k3_th2_reb1_keep1,ranked_carry,12,3,2.0,1,1.0,optimistic_limit,train,0.033163639535319867,0.016424836221077488,0.013936765863366818,1.1759223065772053,-0.008651923479774393,0.001362761848372196,0.0,0.0072072011667421165,-0.0005878201580854503,0.375,0.0,0.0,0.14141009,0.008543380361967497,41.778487145870145,0.30918314997434876,24
ranked_carry_lb12_k3_th2_reb1_keep1,ranked_carry,12,3,2.0,1,1.0,optimistic_limit,test,0.0,0.0,0.0,,0.0,0.0,0.0,0.0,0.0,0.0,0.0,0.0,0.0,0.0,0.0,0.0,19
ranked_carry_lb12_k3_th2_reb1_keep1,ranked_carry,12,3,2.0,1,1.0,optimistic_limit,full,0.033163639535319867,0.009146097901198802,0.010418879641782685,0.8790596060150131,-0.008651923479774393,0.0007606112642077373,0.0,0.0072072011667421165,-0.0005878201580854503,0.20930232558139536,0.0,0.0,0.14141009,0.008543380361967503,23.348093402567613,0.17278837883469783,43
ranked_carry_lb12_k3_th2_reb3_keep1,ranked_carry,12,3,2.0,3,1.0,taker,train,0.029330288572393837,0.01453993362568573,0.015180013361826452,0.9585318655189649,-0.009705055619233072,0.0012085555408610689,0.0,0.007441909968670668,-0.0020283911979745994,0.3333333333333333,0.0,0.0,0.13766106666666666,0.010144856489855268,29.62777176081628,0.307815082939064,24
ranked_carry_lb12_k3_th2_reb3_keep1,ranked_carry,12,3,2.0,3,1.0,taker,test,0.0,0.0,0.0,,0.0,0.0,0.0,0.0,0.0,0.0,0.0,0.0,0.0,0.0,0.0,0.0,19
ranked_carry_lb12_k3_th2_reb3_keep1,ranked_carry,12,3,2.0,3,1.0,taker,full,0.029330288572393837,0.008099826950532796,0.011348176892978807,0.7165579596831146,-0.009705055619233072,0.0006745426274573408,0.0,0.007441909968670668,-0.0020283911979745994,0.18604651162790697,0.0,0.0,0.13766106666666666,0.010144856489855268,16.557612054410498,0.17202382848587175,43
ranked_carry_lb12_k3_th2_reb3_keep1,ranked_carry,12,3,2.0,3,1.0,optimistic_limit,train,0.06668996347344303,0.032763128548260356,0.013361002710803415,2.419518226477496,-0.006150862861853512,0.0027035822613770966,0.0,0.017176332164414276,-0.0008283213955249114,0.4166666666666667,0.0,0.0,0.13766106666666666,0.010144856489855268,29.62777176081628,0.307815082939064,24
ranked_carry_lb12_k3_th2_reb3_keep1,ranked_carry,12,3,2.0,3,1.0,optimistic_limit,test,0.0,0.0,0.0,,0.0,0.0,0.0,0.0,0.0,0.0,0.0,0.0,0.0,0.0,0.0,0.0,19
ranked_carry_lb12_k3_th2_reb3_keep1,ranked_carry,12,3,2.0,3,1.0,optimistic_limit,full,0.06668996347344303,0.018179543221093386,0.00998957376181148,1.8085049616697748,-0.006150862861853512,0.0015089761458848912,0.0,0.017176332164414276,-0.0008283213955249114,0.23255813953488372,0.0,0.0,0.13766106666666666,0.010144856489855268,16.557612054410498,0.17202382848587175,43
ranked_carry_lb12_k3_th2_reb6_keep1,ranked_carry,12,3,2.0,6,1.0,taker,train,0.04912887932089216,0.02423772306410643,0.014660937303921302,1.6408366468280051,-0.008031746336795154,0.002009330858335175,0.0,0.017791176852206547,-0.0020283911979745994,0.4166666666666667,0.0,0.0,0.13541994333333335,0.007422291007700052,23.635638146269162,0.30644701590377926,24
ranked_carry_lb12_k3_th2_reb6_keep1,ranked_carry,12,3,2.0,6,1.0,taker,test,0.0,0.0,0.0,,0.0,0.0,0.0,0.0,0.0,0.0,0.0,0.0,0.0,0.0,0.0,0.0,19
ranked_carry_lb12_k3_th2_reb6_keep1,ranked_carry,12,3,2.0,6,1.0,taker,full,0.04912887932089216,0.013473774304524122,0.01096061879338115,1.2265654370526724,-0.008031746336795154,0.0011214869906987024,0.0,0.017791176852206547,-0.0020283911979745994,0.23255813953488372,0.0,0.0,0.13541994333333335,0.007422291007700054,13.208881526552195,0.17125927813704564,43
ranked_carry_lb12_k3_th2_reb6_keep1,ranked_carry,12,3,2.0,6,1.0,optimistic_limit,train,0.07939958541797365,0.0388895347631244,0.013046477093808056,2.9308744282417165,-0.005517782948994299,0.0032049989269192316,0.0,0.024337313689015927,-0.0008283213955249114,0.4166666666666667,0.0,0.0,0.13541994333333335,0.007422291007700052,23.635638146269162,0.30644701590377926,24
ranked_carry_lb12_k3_th2_reb6_keep1,ranked_carry,12,3,2.0,6,1.0,optimistic_limit,test,0.0,0.0,0.0,,0.0,0.0,0.0,0.0,0.0,0.0,0.0,0.0,0.0,0.0,0.0,0.0,19
ranked_carry_lb12_k3_th2_reb6_keep1,ranked_carry,12,3,2.0,6,1.0,optimistic_limit,full,0.07939958541797365,0.021550561720270034,0.009755085303225636,2.1905749086106514,-0.005517782948994299,0.0017888366103735248,0.0,0.024337313689015927,-0.0008283213955249114,0.23255813953488372,0.0,0.0,0.13541994333333335,0.007422291007700054,13.208881526552195,0.17125927813704564,43
ranked_carry_lb12_k3_th5_reb1_keep2.5,ranked_carry,12,3,5.0,1,2.5,taker,train,0.00269311640584613,0.0013438873899560555,0.007916797414921335,0.17359831908476528,-0.007925750918496122,0.00011249349426567061,0.0,0.0026995852787905505,-0.002991768888066404,0.16666666666666666,0.0,0.0,0.03950178666666667,0.004583840548288661,10.319785669497806,0.04286610043892151,24
ranked_carry_lb12_k3_th5_reb1_keep2.5,ranked_carry,12,3,5.0,1,2.5,taker,test,0.0,0.0,0.0,,0.0,0.0,0.0,0.0,0.0,0.0,0.0,0.0,0.0,0.0,0.0,0.0,19
ranked_carry_lb12_k3_th5_reb1_keep2.5,ranked_carry,12,3,5.0,1,2.5,taker,full,0.00269311640584613,0.0007508149638169037,0.005918256133431941,0.12977767908917962,-0.007925750918496122,6.278706656688592e-05,0.0,0.0026995852787905505,-0.002991768888066404,0.09302325581395349,0.0,0.0,0.03950178666666666,0.00458384054828866,5.7672581313115225,0.02395591092988436,43
ranked_carry_lb12_k3_th5_reb1_keep2.5,ranked_carry,12,3,5.0,1,2.5,optimistic_limit,train,0.015221959513787242,0.00757225627690028,0.006704493457163086,1.1285288253029606,-0.004621097459175827,0.000632083875558867,0.0,0.010561204470976193,-0.001392775089804732,0.16666666666666666,0.0,0.0,0.03950178666666667,0.004583840548288661,10.319785669497806,0.04286610043892151,24
ranked_carry_lb12_k3_th5_reb1_keep2.5,ranked_carry,12,3,5.0,1,2.5,optimistic_limit,test,0.0,0.0,0.0,,0.0,0.0,0.0,0.0,0.0,0.0,0.0,0.0,0.0,0.0,0.0,0.0,19
ranked_carry_lb12_k3_th5_reb1_keep2.5,ranked_carry,12,3,5.0,1,2.5,optimistic_limit,full,0.015221959513787242,0.004224746623412878,0.005012146934170083,0.8436329739681021,-0.004621097459175827,0.00035279100031192576,0.0,0.010561204470976193,-0.001392775089804732,0.09302325581395349,0.0,0.0,0.03950178666666666,0.00458384054828866,5.7672581313115225,0.02395591092988436,43
ranked_carry_lb12_k3_th5_reb3_keep2.5,ranked_carry,12,3,5.0,3,2.5,taker,train,0.013514576121673949,0.006725751437814287,0.007297237897723628,0.9222498120836091,-0.006071450789023158,0.0005614629727659174,0.0,0.009385435297569966,-0.0009001464966371664,0.125,0.0,0.0,0.03836377666666666,0.004446978992965015,7.323718862224249,0.04104201105854187,24
ranked_carry_lb12_k3_th5_reb3_keep2.5,ranked_carry,12,3,5.0,3,2.5,taker,test,0.0,0.0,0.0,,0.0,0.0,0.0,0.0,0.0,0.0,0.0,0.0,0.0,0.0,0.0,0.0,19
ranked_carry_lb12_k3_th5_reb3_keep2.5,ranked_carry,12,3,5.0,3,2.5,taker,full,0.013514576121673949,0.00375315793275921,0.005455212866541703,0.6894362127419247,-0.006071450789023158,0.00031337468247400043,0.0,0.009385435297569966,-0.0009001464966371664,0.06976744186046512,0.0,0.0,0.03836377666666666,0.004446978992965016,4.09289286738237,0.0229365104647829,43
ranked_carry_lb12_k3_th5_reb3_keep2.5,ranked_carry,12,3,5.0,3,2.5,optimistic_limit,train,0.022486425068689142,0.011165968251252378,0.006325859905651382,1.7585131133399787,-0.004077514154340212,0.0009317975229495937,0.0,0.01526615591192182,0.0,0.20833333333333334,0.0,0.0,0.03836377666666666,0.004446978992965015,7.323718862224249,0.04104201105854187,24
ranked_carry_lb12_k3_th5_reb3_keep2.5,ranked_carry,12,3,5.0,3,2.5,optimistic_limit,test,0.0,0.0,0.0,,0.0,0.0,0.0,0.0,0.0,0.0,0.0,0.0,0.0,0.0,0.0,0.0,19
ranked_carry_lb12_k3_th5_reb3_keep2.5,ranked_carry,12,3,5.0,3,2.5,optimistic_limit,full,0.022486425068689142,0.006224863990169638,0.004729304535188689,1.3145182283320471,-0.004077514154340212,0.0005200730360648896,0.0,0.01526615591192182,0.0,0.11627906976744186,0.0,0.0,0.03836377666666666,0.004446978992965016,4.09289286738237,0.0229365104647829,43
ranked_carry_lb12_k3_th5_reb6_keep2.5,ranked_carry,12,3,5.0,6,2.5,taker,train,0.02123945258404203,0.010550005213334712,0.006915771060158907,1.5209688365662166,-0.003909534741604048,0.0008820215014036237,0.0,0.017078839984874916,-0.0009001464966371664,0.125,0.0,0.0,0.038686566666666665,0.005045062045156017,5.659237302627828,0.04104201105854187,24
ranked_carry_lb12_k3_th5_reb6_keep2.5,ranked_carry,12,3,5.0,6,2.5,taker,test,0.0,0.0,0.0,,0.0,0.0,0.0,0.0,0.0,0.0,0.0,0.0,0.0,0.0,0.0,0.0,19
ranked_carry_lb12_k3_th5_reb6_keep2.5,ranked_carry,12,3,5.0,6,2.5,taker,full,0.02123945258404203,0.005882266378090639,0.005170229253666506,1.1369721729258242,-0.003909534741604048,0.0004922910705508597,0.0,0.017078839984874916,-0.0009001464966371664,0.06976744186046512,0.0,0.0,0.038686566666666665,0.0050450620451560155,3.162689942977286,0.0229365104647829,43
ranked_carry_lb12_k3_th5_reb6_keep2.5,ranked_carry,12,3,5.0,6,2.5,optimistic_limit,train,0.028218286865500986,0.013992492291199587,0.006115776466577132,2.2751345999884767,-0.0027409800176608767,0.0011689386212726156,0.0,0.020957542271674345,0.0,0.20833333333333334,0.0,0.0,0.038686566666666665,0.005045062045156017,5.659237302627828,0.04104201105854187,24
ranked_carry_lb12_k3_th5_reb6_keep2.5,ranked_carry,12,3,5.0,6,2.5,optimistic_limit,test,0.0,0.0,0.0,,0.0,0.0,0.0,0.0,0.0,0.0,0.0,0.0,0.0,0.0,0.0,0.0,19
ranked_carry_lb12_k3_th5_reb6_keep2.5,ranked_carry,12,3,5.0,6,2.5,optimistic_limit,full,0.028218286865500986,0.007795792783216404,0.004572482991341966,1.7006122864920872,-0.0027409800176608767,0.0006524308583847157,0.0,0.020957542271674345,0.0,0.11627906976744186,0.0,0.0,0.038686566666666665,0.0050450620451560155,3.162689942977286,0.0229365104647829,43
ranked_carry_lb12_k5_th0_reb1_keep0,ranked_carry,12,5,0.0,1,0.0,taker,train,-0.2558894621598843,-0.13721442947028972,0.02549634448832002,-5.775844586619033,-0.2560677569808324,-0.01219689434498604,-0.01577687697551783,0.00929954070618133,-0.02598722818212884,0.125,0.0,0.0,0.24586443633333335,0.008756401189305636,137.2032149575329,0.9949267514108191,24
ranked_carry_lb12_k5_th0_reb1_keep0,ranked_carry,12,5,0.0,1,0.0,taker,test,-0.36594276796951597,-0.25039933702193107,0.0245192061624572,-11.742191490251745,-0.3661893115594802,-0.02364386075146654,-0.021888437140812345,-0.007219794915791944,-0.052382984282222655,0.0,0.0,0.0,0.071424663,0.009175474584556281,169.44771808203353,0.9971114962449451,19
ranked_carry_lb12_k5_th0_reb1_keep0,ranked_carry,12,5,0.0,1,0.0,taker,full,-0.5281913320523755,-0.1891120810125746,0.025080685028547246,-8.345402387517646,-0.5283022004564515,-0.017254856245523933,-0.01825937401355804,0.00929954070618133,-0.052382984282222655,0.06976744186046512,0.0,0.0,0.3172890993333334,0.017931875773861915,151.42773406390367,0.9958905418750598,43
ranked_carry_lb12_k5_th0_reb1_keep0,ranked_carry,12,5,0.0,1,0.0,optimistic_limit,train,-0.12241343582504471,-0.06312390445312943,0.02294178120297985,-2.830686673469034,-0.12630726079095334,-0.005390312852034516,-0.008421032192619748,0.018552831921703428,-0.01701411131702546,0.20833333333333334,0.0,0.0,0.24586443633333335,0.008756401189305636,137.2032149575329,0.9949267514108191,24
ranked_carry_lb12_k5_th0_reb1_keep0,ranked_carry,12,5,0.0,1,0.0,optimistic_limit,test,-0.25528778936813057,-0.170106864925889,0.020772100085679777,-8.965900526721741,-0.25571695758792656,-0.015366551112137373,-0.014538174681562266,-0.002439610610732501,-0.0363861328401468,0.0,0.0,0.0,0.071424663,0.009175474584556281,169.44771808203353,0.9971114962449451,19
ranked_carry_lb12_k5_th0_reb1_keep0,ranked_carry,12,5,0.0,1,0.0,optimistic_limit,full,-0.3464505697724449,-0.11192132944958932,0.02202007763844505,-5.3792620636662996,-0.3466041447006658,-0.009798418129754382,-0.010748353871617544,0.018552831921703428,-0.0363861328401468,0.11627906976744186,0.0,0.0,0.3172890993333334,0.017931875773861915,151.42773406390367,0.9958905418750598,43
ranked_carry_lb12_k5_th0_reb3_keep0,ranked_carry,12,5,0.0,3,0.0,taker,train,-0.12067433398528593,-0.06219728338844388,0.024634223197954823,-2.5944445290131104,-0.12427335663762373,-0.005310140123052119,-0.008701646060728208,0.018949037419939474,-0.01519032311941737,0.20833333333333334,0.0,0.0,0.24324911283333334,0.0076921634859264485,94.60913184746055,0.9944707290657242,24
ranked_carry_lb12_k5_th0_reb3_keep0,ranked_carry,12,5,0.0,3,0.0,taker,test,-0.26386032579944496,-0.17616281612775941,0.0238896205044553,-8.099531230566365,-0.2641692596609423,-0.015967272635946807,-0.014526509032320112,-0.006633103045204036,-0.04072813961183552,0.0,0.0,0.0,0.06962617483333333,0.004759785838819176,120.27498555748122,0.9982668977469671,19
ranked_carry_lb12_k5_th0_reb3_keep0,ranked_carry,12,5,0.0,3,0.0,taker,full,-0.35269349070374234,-0.11429686129489092,0.024317891137289577,-4.9789232630221285,-0.3527996502268006,-0.010019105652005587,-0.010446029651756672,0.018949037419939474,-0.04072813961183552,0.11627906976744186,0.0,0.0,0.31287528766666667,0.012451949324745616,105.931509031251,0.9961453919913351,43
ranked_carry_lb12_k5_th0_reb3_keep0,ranked_carry,12,5,0.0,3,0.0,optimistic_limit,train,-0.0147085879762614,-0.00737189562583862,0.02248160471558402,-0.3178886286970179,-0.05380381301926307,-0.0005860307356721633,-0.003532187620347793,0.02508734678731739,-0.008979005473573887,0.3333333333333333,0.0,0.0,0.24324911283333334,0.0076921634859264485,94.60913184746055,0.9944707290657242,24
ranked_carry_lb12_k5_th0_reb3_keep0,ranked_carry,12,5,0.0,3,0.0,optimistic_limit,test,-0.174803786892768,-0.1144449247105771,0.020494333706057365,-5.9201600680418816,-0.17516499181139455,-0.010046484453349974,-0.00896301644142461,-0.0020891464563730366,-0.028427522720987697,0.0,0.0,0.0,0.06962617483333333,0.004759785838819176,120.27498555748122,0.9982668977469671,19
ranked_carry_lb12_k5_th0_reb3_keep0,ranked_carry,12,5,0.0,3,0.0,optimistic_limit,full,-0.18694125799093297,-0.05611617201242447,0.021635594400499256,-2.658489866634441,-0.20032630260687445,-0.004766231215576312,-0.006157884480585185,0.02508734678731739,-0.028427522720987697,0.18604651162790697,0.0,0.0,0.31287528766666667,0.012451949324745616,105.931509031251,0.9961453919913351,43
ranked_carry_lb12_k5_th0_reb6_keep0,ranked_carry,12,5,0.0,6,0.0,taker,train,-0.04539241257436588,-0.022930028121797563,0.024289922354732763,-0.9428633503951044,-0.06343989194954791,-0.001903500258408783,-0.004367659200847918,0.02320199334389339,-0.011973563137302579,0.25,0.0,0.0,0.24032708100000003,0.006541966163303626,73.08738528187881,0.9944707290657242,24
ranked_carry_lb12_k5_th0_reb6_keep0,ranked_carry,12,5,0.0,6,0.0,taker,test,-0.18063079491369105,-0.11840575151627308,0.022502447663450997,-5.589131791501063,-0.18244952290191374,-0.010415047267887364,-0.009517224044028882,-0.0015986322419279109,-0.027166173090276025,0.0,0.0,0.0,0.067287188,0.00416085668279031,85.48295782784518,0.9965337954939342,19
ranked_carry_lb12_k5_th0_reb6_keep0,ranked_carry,12,5,0.0,6,0.0,taker,full,-0.21782393992170024,-0.06626107098511791,0.023524101296973646,-2.902615753648177,-0.2193389879208616,-0.005664416378876063,-0.00727847428769357,0.02320199334389339,-0.027166173090276025,0.13953488372093023,0.0,0.0,0.30761426900000005,0.010702822846093935,78.55563696600937,0.995380841642509,43
ranked_carry_lb12_k5_th0_reb6_keep0,ranked_carry,12,5,0.0,6,0.0,optimistic_limit,train,0.042330767683684156,0.0209182692341241,0.0222709674760129,0.9407024467828683,-0.037932500717647755,0.0017583963837811782,-0.0007129853509668105,0.028131802724417065,-0.006934622485994413,0.4583333333333333,0.0,0.0,0.24032708100000003,0.006541966163303626,73.08738528187881,0.9944707290657242,24
ranked_carry_lb12_k5_th0_reb6_keep0,ranked_carry,12,5,0.0,6,0.0,optimistic_limit,test,-0.11133884928137894,-0.07194989762795823,0.019484834701146644,-3.8224276504276795,-0.11373713263681018,-0.006183655590309679,-0.005654095342722099,0.0015243160162898839,-0.0191409027180377,0.05263157894736842,0.0,0.0,0.067287188,0.00416085668279031,85.48295782784518,0.9965337954939342,19
ranked_carry_lb12_k5_th0_reb6_keep0,ranked_carry,12,5,0.0,6,0.0,optimistic_limit,full,-0.07372114056079904,-0.02114373635388822,0.021093053966181885,-1.0026070605665678,-0.117506987330118,-0.0017508823954682706,-0.002979470883524571,0.028131802724417065,-0.0191409027180377,0.27906976744186046,0.0,0.0,0.30761426900000005,0.010702822846093935,78.55563696600937,0.995380841642509,43
ranked_carry_lb12_k5_th0.5_reb1_keep0.25,ranked_carry,12,5,0.5,1,0.25,taker,train,-0.2356883298774941,-0.1255967455722089,0.02655586530646876,-5.040697040063588,-0.23587146505089007,-0.01109863917987917,-0.012283750956375294,0.00929954070618133,-0.026218749439049782,0.125,0.0,0.0,0.24691071683333335,0.010684347447821603,131.24437097417777,0.9817021034030667,24
ranked_carry_lb12_k5_th0.5_reb1_keep0.25,ranked_carry,12,5,0.5,1,0.25,taker,test,-0.3275292519754238,-0.2219827294220068,0.03045377697473692,-8.226862115928856,-0.32782530845197355,-0.02063566855037759,-0.020870380497717944,-0.006941218692620765,-0.03513938070570177,0.0,0.0,0.0,0.06869657283333333,0.006779179967407158,149.1418255343732,0.8382437897169266,19
ranked_carry_lb12_k5_th0.5_reb1_keep0.25,ranked_carry,12,5,0.5,1,0.25,taker,full,-0.48602275946880846,-0.16950743667552792,0.02834786482529884,-6.537793007766689,-0.48616996808535895,-0.015312675413355216,-0.016774146605733176,0.00929954070618133,-0.03513938070570177,0.06976744186046512,0.0,0.0,0.3156072896666667,0.017463527415228754,139.1397534325125,0.9184161065273486,43
ranked_carry_lb12_k5_th0.5_reb1_keep0.25,ranked_carry,12,5,0.5,1,0.25,optimistic_limit,train,-0.10501035558614702,-0.053892271819533266,0.023890052938892382,-2.3069621990001754,-0.10898139749119673,-0.004579872815864264,-0.006597729752236325,0.018552831921703428,-0.016477903471465938,0.20833333333333334,0.0,0.0,0.24691071683333335,0.010684347447821603,131.24437097417777,0.9817021034030667,24
ranked_carry_lb12_k5_th0.5_reb1_keep0.25,ranked_carry,12,5,0.5,1,0.25,optimistic_limit,test,-0.2252064699486671,-0.14905593551184215,0.026585845495182687,-6.0578825220724495,-0.2256928036735112,-0.013323144955698477,-0.01320024631275385,-0.0024091260556443617,-0.024411176450372496,0.0,0.0,0.0,0.06869657283333333,0.006779179967407158,149.1418255343732,0.8382437897169266,19
ranked_carry_lb12_k5_th0.5_reb1_keep0.25,ranked_carry,12,5,0.5,1,0.25,optimistic_limit,full,-0.30656781404520483,-0.09711916293077516,0.025120861841885934,-4.054344194936279,-0.3067664204906192,-0.008443179110209614,-0.009544576580126196,0.018552831921703428,-0.024411176450372496,0.11627906976744186,0.0,0.0,0.3156072896666667,0.017463527415228754,139.1397534325125,0.9184161065273486,43
ranked_carry_lb12_k5_th0.5_reb3_keep0.25,ranked_carry,12,5,0.5,3,0.25,taker,train,-0.12486343688942236,-0.0644308651699198,0.026288322040184154,-2.52030160682448,-0.1284453138165439,-0.005503055595589186,-0.007669929694053945,0.018949037419939474,-0.01962391313885614,0.20833333333333334,0.0,0.0,0.2435537653333334,0.008296611563082076,96.00729635752153,0.9807900587128769,24
ranked_carry_lb12_k5_th0.5_reb3_keep0.25,ranked_carry,12,5,0.5,3,0.25,taker,test,-0.25969732892885056,-0.1732187061030721,0.02837427653349578,-6.689518620236721,-0.2600324482288713,-0.01568144541780331,-0.014951839170959769,-0.006517058870783021,-0.030731181149329156,0.0,0.0,0.0,0.06614277333333332,0.0034010213346433458,116.90121317157714,0.8249566724436742,19
ranked_carry_lb12_k5_th0.5_reb3_keep0.25,ranked_carry,12,5,0.5,3,0.25,taker,full,-0.3521340647772082,-0.11408331870565891,0.027235684795123328,-4.433909815120379,-0.3522617084234767,-0.01000048365656752,-0.010611576990504412,0.018949037419939474,-0.030731181149329156,0.11627906976744186,0.0,0.0,0.3096965386666667,0.011697632897725413,105.22455480870313,0.9120448536204645,43
ranked_carry_lb12_k5_th0.5_reb3_keep0.25,ranked_carry,12,5,0.5,3,0.25,optimistic_limit,train,-0.01773256093788733,-0.008894314161373762,0.023837738895106642,-0.3628751242785984,-0.05032323764822422,-0.000710902602472784,-0.0032178134964155336,0.02508734678731739,-0.0124845625488742,0.3333333333333333,0.0,0.0,0.2435537653333334,0.008296611563082076,96.00729635752153,0.9807900587128769,24
ranked_carry_lb12_k5_th0.5_reb3_keep0.25,ranked_carry,12,5,0.5,3,0.25,optimistic_limit,test,-0.17276033054068962,-0.11305834968290462,0.024725687573559838,-4.839886573329795,-0.17314973769673958,-0.009920821639840205,-0.009370325389603362,-0.001972503221144062,-0.0217589244567864,0.0,0.0,0.0,0.06614277333333332,0.0034010213346433458,116.90121317157714,0.8249566724436742,19
ranked_carry_lb12_k5_th0.5_reb3_keep0.25,ranked_carry,12,5,0.5,3,0.25,optimistic_limit,full,-0.18742940838961353,-0.056274348977277566,0.02424023135377993,-2.3772808274131583,-0.2021779216873879,-0.004780401712007226,-0.005681468595894579,0.02508734678731739,-0.0217589244567864,0.18604651162790697,0.0,0.0,0.3096965386666667,0.011697632897725413,105.22455480870313,0.9120448536204645,43
ranked_carry_lb12_k5_th0.5_reb6_keep0.25,ranked_carry,12,5,0.5,6,0.25,taker,train,-0.06749017908518873,-0.03429028515110988,0.02631066897678774,-1.312997114641133,-0.07445235878216638,-0.002865856105874804,-0.0036299989067399285,0.02320199334389339,-0.019035099545956724,0.2916666666666667,0.0,0.0,0.2399844781666667,0.006166487736941878,78.72997776891069,0.9807900587128769,24
ranked_carry_lb12_k5_th0.5_reb6_keep0.25,ranked_carry,12,5,0.5,6,0.25,taker,test,-0.1855217069706806,-0.12173827556702399,0.02564632483033638,-5.048699819557853,-0.18731257640178578,-0.010727829555355724,-0.0111076341604891,-0.0015407334594073063,-0.02179723312970394,0.0,0.0,0.0,0.06428231150000001,0.002098591801049465,85.73599075678801,0.8093587521663779,19
ranked_carry_lb12_k5_th0.5_reb6_keep0.25,ranked_carry,12,5,0.5,6,0.25,taker,full,-0.24049099282823327,-0.07389247241276453,0.026024149411208,-2.936729252608714,-0.24097174576179814,-0.006339751350994281,-0.007585947718720787,0.02320199334389339,-0.02179723312970394,0.16279069767441862,0.0,0.0,0.3042667896666667,0.008265079537991335,81.82064923067121,0.9051639004810296,43
ranked_carry_lb12_k5_th0.5_reb6_keep0.25,ranked_carry,12,5,0.5,6,0.25,optimistic_limit,train,0.02515896333261547,0.012484847966438783,0.023863123321484204,0.531873134943709,-0.04357199832612679,0.0010724714554366844,-0.0001994675100905896,0.028131802724417065,-0.012703457167896892,0.5,0.0,0.0,0.2399844781666667,0.006166487736941878,78.72997776891069,0.9807900587128769,24
ranked_carry_lb12_k5_th0.5_reb6_keep0.25,ranked_carry,12,5,0.5,6,0.25,optimistic_limit,test,-0.11640585051875041,-0.07530077975280647,0.022241589950313594,-3.5086970519420215,-0.11877202295194311,-0.006483733908663081,-0.006780736957172184,0.0015820983914576203,-0.015109708568751712,0.10526315789473684,0.0,0.0,0.06428231150000001,0.002098591801049465,85.73599075678801,0.8093587521663779,19
ranked_carry_lb12_k5_th0.5_reb6_keep0.25,ranked_carry,12,5,0.5,6,0.25,optimistic_limit,full,-0.09417553771103127,-0.02722438933927518,0.023166427107186437,-1.1798751350514707,-0.12921043477501515,-0.0022663169612585606,-0.003854736465656483,0.028131802724417065,-0.015109708568751712,0.32558139534883723,0.0,0.0,0.3042667896666667,0.008265079537991335,81.82064923067121,0.9051639004810296,43
ranked_carry_lb12_k5_th1_reb1_keep0.5,ranked_carry,12,5,1.0,1,0.5,taker,train,-0.0824440737249611,-0.042054574538654355,0.025817748160519752,-1.6512442112044472,-0.08591806841667882,-0.003565286287265194,-0.003572358162394651,0.00929954070618133,-0.012843066701531014,0.16666666666666666,0.0,0.0,0.23033650550000004,0.010555414996996143,81.45972752664879,0.8043094111611468,24
ranked_carry_lb12_k5_th1_reb1_keep0.5,ranked_carry,12,5,1.0,1,0.5,taker,test,-0.04282789193230263,-0.027309594487528788,0.015379147677673103,-1.7927575283853225,-0.04453224250077048,-0.002296648080417343,0.0,0.0009928400144592064,-0.009794616104538356,0.05263157894736842,0.0,0.0,0.02434691933333334,0.004334775378114136,22.85730791450029,0.2086221837088388,19
ranked_carry_lb12_k5_th1_reb1_keep0.5,ranked_carry,12,5,1.0,1,0.5,taker,full,-0.12174105977731398,-0.03557764741558933,0.021836657309227646,-1.648036673811831,-0.12202074689471543,-0.0030047252191231204,-0.002738977879218285,0.00929954070618133,-0.012843066701531014,0.11627906976744186,0.0,0.0,0.25468342483333334,0.014890190375110269,55.60753082093594,0.5415246408206174,43
ranked_carry_lb12_k5_th1_reb1_keep0.5,ranked_carry,12,5,1.0,1,0.5,optimistic_limit,train,0.012008687805475038,0.005978553255996832,0.023834998665233184,0.2619857213881527,-0.029250711369793514,0.0005117020360625677,-0.0010544649508010262,0.018552831921703428,-0.004508877106563003,0.3333333333333333,0.0,0.0,0.23033650550000004,0.010555414996996143,81.45972752664879,0.8043094111611468,24
ranked_carry_lb12_k5_th1_reb1_keep0.5,ranked_carry,12,5,1.0,1,0.5,optimistic_limit,test,-0.021818214240927558,-0.013857694423930367,0.013991794274874146,-0.9903446090170996,-0.026391446013888875,-0.001158442003605691,0.0,0.0032194517411456847,-0.006018943051372183,0.05263157894736842,0.0,0.0,0.02434691933333334,0.004334775378114136,22.85730791450029,0.2086221837088388,19
ranked_carry_lb12_k5_th1_reb1_keep0.5,ranked_carry,12,5,1.0,1,0.5,optimistic_limit,full,-0.010071534558753314,-0.002820834356305535,0.02009607715293764,-0.13052764310886059,-0.034959423427392,-0.00022626858611643033,-0.0009587797236735307,0.018552831921703428,-0.006018943051372183,0.20930232558139536,0.0,0.0,0.25468342483333334,0.014890190375110269,55.60753082093594,0.5415246408206174,43
ranked_carry_lb12_k5_th1_reb3_keep0.5,ranked_carry,12,5,1.0,3,0.5,taker,train,-0.01470199608665923,-0.007368579497647465,0.025575367203260164,-0.2764035228196731,-0.04059254067413709,-0.0005977397034442981,-0.002100548407962699,0.018949037419939474,-0.008783884812996856,0.3333333333333333,0.0,0.0,0.22857686550000003,0.009332997502824205,62.93404776834065,0.8070455452317163,24
ranked_carry_lb12_k5_th1_reb3_keep0.5,ranked_carry,12,5,1.0,3,0.5,taker,test,-0.0282925510974813,-0.017991610986126116,0.012077525096101271,-1.4971980648509873,-0.03031232646921267,-0.0015067040289218699,0.0,0.001536595247186856,-0.006460733442105737,0.05263157894736842,0.0,0.0,0.02252147366666667,0.0016933974686879128,16.700173310225303,0.19591276718659734,19
ranked_carry_lb12_k5_th1_reb3_keep0.5,ranked_carry,12,5,1.0,3,0.5,taker,full,-0.042578590208621314,-0.012068974964343893,0.020733701918597434,-0.5752760040945032,-0.046004211654787075,-0.0009993751030739227,-0.0011253342893529084,0.018949037419939474,-0.008783884812996856,0.20930232558139536,0.0,0.0,0.2510983391666667,0.011026394971512116,42.53817973304451,0.5374470389602115,43
ranked_carry_lb12_k5_th1_reb3_keep0.5,ranked_carry,12,5,1.0,3,0.5,optimistic_limit,train,0.06279264298728338,0.030877193918352086,0.023729618402901602,1.2933755000823648,-0.022746573527602676,0.0025615300489506923,0.00012843884500790548,0.02508734678731739,-0.004126671750977695,0.5416666666666666,0.0,0.0,0.22857686550000003,0.009332997502824205,62.93404776834065,0.8070455452317163,24
ranked_carry_lb12_k5_th1_reb3_keep0.5,ranked_carry,12,5,1.0,3,0.5,optimistic_limit,test,-0.012755661342046754,-0.008088024972350727,0.010821885491723067,-0.7450035598790267,-0.01675816758455395,-0.0006741122209307987,0.0,0.003523322326704603,-0.0036472043079051053,0.05263157894736842,0.0,0.0,0.02252147366666667,0.0016933974686879128,16.700173310225303,0.19591276718659734,19
ranked_carry_lb12_k5_th1_reb3_keep0.5,ranked_carry,12,5,1.0,3,0.5,optimistic_limit,full,0.049236019956520716,0.013502655878661063,0.019141166830079225,0.7102653025647947,-0.022746573527602676,0.0011318276506309638,0.0,0.02508734678731739,-0.004126671750977695,0.32558139534883723,0.0,0.0,0.2510983391666667,0.011026394971512116,42.53817973304451,0.5374470389602115,43
ranked_carry_lb12_k5_th1_reb6_keep0.5,ranked_carry,12,5,1.0,6,0.5,taker,train,0.03856421989637848,0.019074432214773784,0.025356132084636978,0.7578430354035406,-0.02702172226982491,0.0015983162222759316,1.989720213041446e-05,0.02320199334389339,-0.006501682485295035,0.5,0.0,0.0,0.2265060361666667,0.007643019594523031,48.85253377415493,0.8111497463375705,24
ranked_carry_lb12_k5_th1_reb6_keep0.5,ranked_carry,12,5,1.0,6,0.5,taker,test,-0.018387205173365673,-0.011671043550465554,0.011265635314358601,-1.036443507916365,-0.021345218404430488,-0.0009746537440633176,0.0,0.0024756994539794075,-0.004844204240062822,0.05263157894736842,0.0,0.0,0.024535592000000005,0.0010064236848289845,13.916811091854418,0.21324378971692662,19
ranked_carry_lb12_k5_th1_reb6_keep0.5,ranked_carry,12,5,1.0,6,0.5,taker,full,0.019467926499424415,0.005395032111487064,0.02037914517283842,0.2742032562295652,-0.02702172226982491,0.000461422516219054,0.0,0.02320199334389339,-0.006501682485295035,0.3023255813953488,0.0,0.0,0.2510416281666667,0.008649443279352017,33.44079513236278,0.5473861934949508,43
ranked_carry_lb12_k5_th1_reb6_keep0.5,ranked_carry,12,5,1.0,6,0.5,optimistic_limit,train,0.10144161406536334,0.049429415410644495,0.023712082795264013,2.0465299817230607,-0.016911448547923258,0.004056850916939608,0.002915143850946489,0.028131802724417065,-0.002941422765532664,0.6666666666666666,0.0,0.0,0.2265060361666667,0.007643019594523031,48.85253377415493,0.8111497463375705,24
ranked_carry_lb12_k5_th1_reb6_keep0.5,ranked_carry,12,5,1.0,6,0.5,optimistic_limit,test,-0.005324501681511329,-0.0033714882780095934,0.010106441972906331,-0.32910770555299235,-0.010047396375392315,-0.0002797278257237015,0.0,0.004223045627159916,-0.0036472043079051053,0.15789473684210525,0.0,0.0,0.024535592000000005,0.0010064236848289845,13.916811091854418,0.21324378971692662,19
ranked_carry_lb12_k5_th1_reb6_keep0.5,ranked_carry,12,5,1.0,6,0.5,optimistic_limit,full,0.09557698633918132,0.02580020779588721,0.018956469654376716,1.3532321952712474,-0.016911448547923258,0.0021406882166930294,0.0,0.028131802724417065,-0.0036472043079051053,0.4418604651162791,0.0,0.0,0.2510416281666667,0.008649443279352017,33.44079513236278,0.5473861934949508,43
ranked_carry_lb12_k5_th2_reb1_keep1,ranked_carry,12,5,2.0,1,1.0,taker,train,0.0324275639591165,0.016063171388937425,0.01299083427735231,1.2331728132180308,-0.011166584148386338,0.0013362082429985895,0.0,0.01373370161725962,-0.0017883780409088113,0.2916666666666667,0.0,0.0,0.13897242266666668,0.008442859466259762,28.795530981018068,0.3114632616998233,24
ranked_carry_lb12_k5_th2_reb1_keep1,ranked_carry,12,5,2.0,1,1.0,taker,test,0.0,0.0,0.0,,0.0,0.0,0.0,0.0,0.0,0.0,0.0,0.0,0.0,0.0,0.0,0.0,19
ranked_carry_lb12_k5_th2_reb1_keep1,ranked_carry,12,5,2.0,1,1.0,taker,full,0.0324275639591165,0.008945411539495796,0.009711751646469393,0.9218539666274734,-0.011166584148386338,0.0007457906472550268,0.0,0.01373370161725962,-0.0017883780409088113,0.16279069767441862,0.0,0.0,0.13897242266666668,0.00844285946625976,16.092510592207955,0.17406262941607467,43
ranked_carry_lb12_k5_th2_reb1_keep1,ranked_carry,12,5,2.0,1,1.0,optimistic_limit,train,0.06881220334625149,0.0337886413660371,0.011562836716985285,2.8796793603035518,-0.007441919486487092,0.0027892655706519506,0.0,0.02155464953248587,-0.0005878201580854503,0.4166666666666667,0.0,0.0,0.13897242266666668,0.008442859466259762,28.795530981018068,0.3114632616998233,24
ranked_carry_lb12_k5_th2_reb1_keep1,ranked_carry,12,5,2.0,1,1.0,optimistic_limit,test,0.0,0.0,0.0,,0.0,0.0,0.0,0.0,0.0,0.0,0.0,0.0,0.0,0.0,0.0,0.0,19
ranked_carry_lb12_k5_th2_reb1_keep1,ranked_carry,12,5,2.0,1,1.0,optimistic_limit,full,0.06881220334625149,0.01874443904218248,0.008645676005588146,2.1523271426659942,-0.007441919486487092,0.0015567993882708562,0.0,0.02155464953248587,-0.0005878201580854503,0.23255813953488372,0.0,0.0,0.13897242266666668,0.00844285946625976,16.092510592207955,0.17406262941607467,43
ranked_carry_lb12_k5_th2_reb3_keep1,ranked_carry,12,5,2.0,3,1.0,taker,train,0.06413537104888567,0.03152733770176108,0.012364067246462506,2.5167339742050494,-0.009005470859326126,0.0026074293634029966,0.0,0.02296266258581614,-0.0020283911979745994,0.4166666666666667,0.0,0.0,0.13526790300000002,0.008781266595031704,20.406543920652112,0.30918314997434876,24
ranked_carry_lb12_k5_th2_reb3_keep1,ranked_carry,12,5,2.0,3,1.0,taker,test,0.0,0.0,0.0,,0.0,0.0,0.0,0.0,0.0,0.0,0.0,0.0,0.0,0.0,0.0,0.0,19
ranked_carry_lb12_k5_th2_reb3_keep1,ranked_carry,12,5,2.0,3,1.0,taker,full,0.06413537104888567,0.017498488503941756,0.009244310212396424,1.881147596593477,-0.009005470859326126,0.0014553094121319051,0.0,0.02296266258581614,-0.0020283911979745994,0.23255813953488372,0.0,0.0,0.13526790300000002,0.008781266595031707,11.404287853206334,0.17278837883469783,43
ranked_carry_lb12_k5_th2_reb3_keep1,ranked_carry,12,5,2.0,3,1.0,optimistic_limit,train,0.09058172425971356,0.044249850179056915,0.011144898131236787,3.8906586619565093,-0.0055996493456551555,0.0036400547289025253,0.0,0.027890215330960588,-0.0008283213955249114,0.4166666666666667,0.0,0.0,0.13526790300000002,0.008781266595031704,20.406543920652112,0.30918314997434876,24
ranked_carry_lb12_k5_th2_reb3_keep1,ranked_carry,12,5,2.0,3,1.0,optimistic_limit,test,0.0,0.0,0.0,,0.0,0.0,0.0,0.0,0.0,0.0,0.0,0.0,0.0,0.0,0.0,0.0,19
ranked_carry_lb12_k5_th2_reb3_keep1,ranked_carry,12,5,2.0,3,1.0,optimistic_limit,full,0.09058172425971356,0.0244928568486229,0.008334613702523957,2.9074514446661857,-0.0055996493456551555,0.002031658453340944,0.0,0.027890215330960588,-0.0008283213955249114,0.23255813953488372,0.0,0.0,0.13526790300000002,0.008781266595031707,11.404287853206334,0.17278837883469783,43
ranked_carry_lb12_k5_th2_reb6_keep1,ranked_carry,12,5,2.0,6,1.0,taker,train,0.07934002286908792,0.03886090836935341,0.011851795649903865,3.222732245083393,-0.007797435522309826,0.0032056663883477297,0.0,0.02798582056105192,-0.0020283911979745994,0.4166666666666667,0.0,0.0,0.13301978833333336,0.0066708237792359815,15.779285184974064,0.30644701590377926,24
ranked_carry_lb12_k5_th2_reb6_keep1,ranked_carry,12,5,2.0,6,1.0,taker,test,0.0,0.0,0.0,,0.0,0.0,0.0,0.0,0.0,0.0,0.0,0.0,0.0,0.0,0.0,0.0,19
ranked_carry_lb12_k5_th2_reb6_keep1,ranked_carry,12,5,2.0,6,1.0,taker,full,0.07934002286908792,0.02153483064212347,0.008862201113146714,2.408604482167399,-0.007797435522309826,0.0017892091469847793,0.0,0.02798582056105192,-0.0020283911979745994,0.23255813953488372,0.0,0.0,0.13301978833333336,0.006670823779235984,8.818323723360198,0.17125927813704564,43
ranked_carry_lb12_k5_th2_reb6_keep1,ranked_carry,12,5,2.0,6,1.0,optimistic_limit,train,0.10002533112539069,0.048755381295070954,0.010816249443405002,4.406586161262224,-0.004811542545093972,0.004005236387534417,0.0,0.03145002784999229,-0.0008283213955249114,0.4166666666666667,0.0,0.0,0.13301978833333336,0.0066708237792359815,15.779285184974064,0.30644701590377926,24
ranked_carry_lb12_k5_th2_reb6_keep1,ranked_carry,12,5,2.0,6,1.0,optimistic_limit,test,0.0,0.0,0.0,,0.0,0.0,0.0,0.0,0.0,0.0,0.0,0.0,0.0,0.0,0.0,0.0,19
ranked_carry_lb12_k5_th2_reb6_keep1,ranked_carry,12,5,2.0,6,1.0,optimistic_limit,full,0.10002533112539069,0.026960808034805828,0.008089707900035992,3.292644417592839,-0.004811542545093972,0.002235480774437814,0.0,0.03145002784999229,-0.0008283213955249114,0.23255813953488372,0.0,0.0,0.13301978833333336,0.006670823779235984,8.818323723360198,0.17125927813704564,43
ranked_carry_lb12_k5_th5_reb1_keep2.5,ranked_carry,12,5,5.0,1,2.5,taker,train,0.006871379845771797,0.0034253037396845265,0.007416090470257803,0.46479608593800276,-0.008367836062266765,0.0002868203411534089,0.0,0.007616090364444217,-0.002991768888066404,0.125,0.0,0.0,0.038681102000000016,0.0050218879103112145,9.18793820897224,0.04286610043892151,24
ranked_carry_lb12_k5_th5_reb1_keep2.5,ranked_carry,12,5,5.0,1,2.5,taker,test,0.0,0.0,0.0,,0.0,0.0,0.0,0.0,0.0,0.0,0.0,0.0,0.0,0.0,0.0,0.0,19
ranked_carry_lb12_k5_th5_reb1_keep2.5,ranked_carry,12,5,5.0,1,2.5,taker,full,0.006871379845771797,0.0019128023398993221,0.0055439751791542275,0.3474680817035989,-0.008367836062266765,0.0001600857718065538,0.0,0.007616090364444217,-0.002991768888066404,0.06976744186046512,0.0,0.0,0.038681101999999995,0.0050218879103112145,5.134720142716065,0.02395591092988436,43
ranked_carry_lb12_k5_th5_reb1_keep2.5,ranked_carry,12,5,5.0,1,2.5,optimistic_limit,train,0.018064651818341382,0.008980057055390622,0.006284414100512333,1.4257069323599882,-0.005702570045308719,0.0007502842858411416,0.0,0.013970828866979978,-0.001392775089804732,0.16666666666666666,0.0,0.0,0.038681102000000016,0.0050218879103112145,9.18793820897224,0.04286610043892151,24
ranked_carry_lb12_k5_th5_reb1_keep2.5,ranked_carry,12,5,5.0,1,2.5,optimistic_limit,test,0.0,0.0,0.0,,0.0,0.0,0.0,0.0,0.0,0.0,0.0,0.0,0.0,0.0,0.0,0.0,19
ranked_carry_lb12_k5_th5_reb1_keep2.5,ranked_carry,12,5,5.0,1,2.5,optimistic_limit,full,0.018064651818341382,0.00500864697026393,0.004698193693926463,1.0657684276865187,-0.005702570045308719,0.00041876332232993954,0.0,0.013970828866979978,-0.001392775089804732,0.09302325581395349,0.0,0.0,0.038681101999999995,0.0050218879103112145,5.134720142716065,0.02395591092988436,43
ranked_carry_lb12_k5_th5_reb3_keep2.5,ranked_carry,12,5,5.0,3,2.5,taker,train,0.018247846834560155,0.009070714100522848,0.006968583098048121,1.2992777077987632,-0.006603161172372585,0.0007578790970571939,0.0,0.014099422280560603,-0.0009001464966371664,0.125,0.0,0.0,0.037888142,0.004243879593623585,5.992133614547113,0.04104201105854187,24
ranked_carry_lb12_k5_th5_reb3_keep2.5,ranked_carry,12,5,5.0,3,2.5,taker,test,0.0,0.0,0.0,,0.0,0.0,0.0,0.0,0.0,0.0,0.0,0.0,0.0,0.0,0.0,0.0,19
ranked_carry_lb12_k5_th5_reb3_keep2.5,ranked_carry,12,5,5.0,3,2.5,taker,full,0.018247846834560155,0.005059110646040699,0.0052096295126559675,0.9712663522880318,-0.006603161172372585,0.0004230022867295966,0.0,0.014099422280560603,-0.0009001464966371664,0.06976744186046512,0.0,0.0,0.037888142,0.004243879593623584,3.348730527858303,0.0229365104647829,43
ranked_carry_lb12_k5_th5_reb3_keep2.5,ranked_carry,12,5,5.0,3,2.5,optimistic_limit,train,0.025618049065092796,0.012711230377593363,0.0060448924696775985,2.0925773132305334,-0.004450159069563475,0.0010613604434052126,0.0,0.018375666002856672,0.0,0.20833333333333334,0.0,0.0,0.037888142,0.004243879593623585,5.992133614547113,0.04104201105854187,24
ranked_carry_lb12_k5_th5_reb3_keep2.5,ranked_carry,12,5,5.0,3,2.5,optimistic_limit,test,0.0,0.0,0.0,,0.0,0.0,0.0,0.0,0.0,0.0,0.0,0.0,0.0,0.0,0.0,0.0,19
ranked_carry_lb12_k5_th5_reb3_keep2.5,ranked_carry,12,5,5.0,3,2.5,optimistic_limit,full,0.025618049065092796,0.007083931242542363,0.004519395587164638,1.5641861912511745,-0.004450159069563475,0.0005923872242261652,0.0,0.018375666002856672,0.0,0.11627906976744186,0.0,0.0,0.037888142,0.004243879593623584,3.348730527858303,0.0229365104647829,43
ranked_carry_lb12_k5_th5_reb6_keep2.5,ranked_carry,12,5,5.0,6,2.5,taker,train,0.02390837352108144,0.01186790483778788,0.006508551116439043,1.815954202733874,-0.004183028136475309,0.000992773482072264,0.0,0.019736887520922286,-0.0009001464966371664,0.125,0.0,0.0,0.037956130000000005,0.004913363734075945,4.793706891637691,0.04104201105854187,24
ranked_carry_lb12_k5_th5_reb6_keep2.5,ranked_carry,12,5,5.0,6,2.5,taker,test,0.0,0.0,0.0,,0.0,0.0,0.0,0.0,0.0,0.0,0.0,0.0,0.0,0.0,0.0,0.0,19
ranked_carry_lb12_k5_th5_reb6_keep2.5,ranked_carry,12,5,5.0,6,2.5,taker,full,0.02390837352108144,0.006615167728079241,0.0048659122853823384,1.3574493948504405,-0.004183028136475309,0.0005541061295287055,0.0,0.019736887520922286,-0.0009001464966371664,0.06976744186046512,0.0,0.0,0.03795613,0.004913363734075945,2.6789844222866424,0.0229365104647829,43
ranked_carry_lb12_k5_th5_reb6_keep2.5,ranked_carry,12,5,5.0,6,2.5,optimistic_limit,train,0.0298321002382973,0.014786879855032575,0.005800300830287678,2.533567709428528,-0.0032240732559947194,0.0012357060154073174,0.0,0.022559959730907186,0.0,0.20833333333333334,0.0,0.0,0.037956130000000005,0.004913363734075945,4.793706891637691,0.04104201105854187,24
ranked_carry_lb12_k5_th5_reb6_keep2.5,ranked_carry,12,5,5.0,6,2.5,optimistic_limit,test,0.0,0.0,0.0,,0.0,0.0,0.0,0.0,0.0,0.0,0.0,0.0,0.0,0.0,0.0,0.0,19
ranked_carry_lb12_k5_th5_reb6_keep2.5,ranked_carry,12,5,5.0,6,2.5,optimistic_limit,full,0.0298321002382973,0.00823695054564011,0.004336752128772712,1.8937260181581346,-0.0032240732559947194,0.0006896963806924562,0.0,0.022559959730907186,0.0,0.11627906976744186,0.0,0.0,0.03795613,0.004913363734075945,2.6789844222866424,0.0229365104647829,43
