time,prediction,position,return,stress_return
2025-01-01 00:00:00+00:00,-0.00018000824,0.0,0.0,0.0
2025-01-01 01:00:00+00:00,-0.00035592512,0.0,-0.0,-0.0
2025-01-01 02:00:00+00:00,-0.00035592512,0.0,0.0,0.0
2025-01-01 03:00:00+00:00,-0.00035592512,0.0,-0.0,-0.0
2025-01-01 04:00:00+00:00,-0.00035592512,0.0,-0.0,-0.0
2025-01-01 05:00:00+00:00,-0.00035592512,0.0,0.0,0.0
2025-01-01 06:00:00+00:00,-0.00035592512,0.0,-0.0,-0.0
2025-01-01 07:00:00+00:00,-0.00035592512,0.0,-0.0,-0.0
2025-01-01 08:00:00+00:00,0.0003132626,0.0,-0.0,-0.0
2025-01-01 09:00:00+00:00,-0.0003373867,0.0,-0.0,-0.0
2025-01-01 10:00:00+00:00,-0.00012437812,0.0,-0.0,-0.0
2025-01-01 11:00:00+00:00,-0.00019638939,0.0,0.0,0.0
2025-01-01 12:00:00+00:00,-0.00019638939,0.0,0.0,0.0
2025-01-01 13:00:00+00:00,-0.00019638939,0.0,0.0,0.0
2025-01-01 14:00:00+00:00,-0.0003373867,0.0,0.0,0.0
2025-01-01 15:00:00+00:00,-0.00019638939,0.0,0.0,0.0
2025-01-01 16:00:00+00:00,-0.00019638939,0.0,-0.0,-0.0
2025-01-01 17:00:00+00:00,-0.00029669277,0.0,0.0,0.0
2025-01-01 18:00:00+00:00,-0.00035592512,0.0,0.0,0.0
2025-01-01 19:00:00+00:00,-0.00035592512,0.0,0.0,0.0
2025-01-01 20:00:00+00:00,-0.00035592512,0.0,0.0,0.0
2025-01-01 21:00:00+00:00,-0.00035592512,0.0,0.0,0.0
2025-01-01 22:00:00+00:00,-0.00035592512,0.0,-0.0,-0.0
2025-01-01 23:00:00+00:00,-0.00035592512,0.0,-0.0,-0.0
2025-01-02 00:00:00+00:00,-0.0007566658,0.0,0.0,0.0
2025-01-02 01:00:00+00:00,-0.0007566658,0.0,-0.0,-0.0
2025-01-02 02:00:00+00:00,-0.00061566854,0.0,0.0,0.0
2025-01-02 03:00:00+00:00,-0.00061566854,0.0,-0.0,-0.0
2025-01-02 04:00:00+00:00,-0.0005926393,0.0,0.0,0.0
2025-01-02 05:00:00+00:00,-0.0005153187,0.0,-0.0,-0.0
2025-01-02 06:00:00+00:00,-0.0005153187,0.0,-0.0,-0.0
2025-01-02 07:00:00+00:00,-0.0005153187,0.0,0.0,0.0
2025-01-02 08:00:00+00:00,-0.00061976875,0.0,0.0,0.0
2025-01-02 09:00:00+00:00,-0.00045845396,0.0,0.0,0.0
2025-01-02 10:00:00+00:00,-0.00045845396,0.0,-0.0,-0.0
2025-01-02 11:00:00+00:00,-0.00031745678,0.0,0.0,0.0
2025-01-02 12:00:00+00:00,-0.00031745678,0.0,0.0,0.0
2025-01-02 13:00:00+00:00,-0.00061976875,0.0,-0.0,-0.0
2025-01-02 14:00:00+00:00,-0.00044385184,0.0,0.0,0.0
2025-01-02 15:00:00+00:00,-0.00061976875,0.0,-0.0,-0.0
2025-01-02 16:00:00+00:00,-0.0005926393,0.0,0.0,0.0
2025-01-02 17:00:00+00:00,-0.00061976875,0.0,-0.0,-0.0
2025-01-02 18:00:00+00:00,-0.00061976875,0.0,0.0,0.0
2025-01-02 19:00:00+00:00,-0.00061976875,0.0,0.0,0.0
2025-01-02 20:00:00+00:00,-0.00061976875,0.0,-0.0,-0.0
2025-01-02 21:00:00+00:00,-0.00047877172,0.0,-0.0,-0.0
2025-01-02 22:00:00+00:00,-0.00047877172,0.0,-0.0,-0.0
2025-01-02 23:00:00+00:00,-0.00047877172,0.0,0.0,0.0
2025-01-03 00:00:00+00:00,-0.00036327413,0.0,-0.0,-0.0
2025-01-03 01:00:00+00:00,-0.00036327413,0.0,0.0,0.0
2025-01-03 02:00:00+00:00,-0.00036327413,0.0,-0.0,-0.0
2025-01-03 03:00:00+00:00,-0.00036327413,0.0,0.0,0.0
2025-01-03 04:00:00+00:00,-0.00036327413,0.0,-0.0,-0.0
2025-01-03 05:00:00+00:00,-0.00036327413,0.0,-0.0,-0.0
2025-01-03 06:00:00+00:00,-0.00036327413,0.0,-0.0,-0.0
2025-01-03 07:00:00+00:00,-0.0005042711,0.0,-0.0,-0.0
2025-01-03 08:00:00+00:00,0.000106307816,0.0,-0.0,-0.0
2025-01-03 09:00:00+00:00,-0.00022731806,0.0,0.0,0.0
2025-01-03 10:00:00+00:00,-0.00022731806,0.0,-0.0,-0.0
2025-01-03 11:00:00+00:00,-0.00022731806,0.0,0.0,0.0
2025-01-03 12:00:00+00:00,-0.00026386502,0.0,-0.0,-0.0
2025-01-03 13:00:00+00:00,-0.00041419687,0.0,-0.0,-0.0
2025-01-03 14:00:00+00:00,-0.00047847038,0.0,0.0,0.0
2025-01-03 15:00:00+00:00,-0.00039805856,0.0,0.0,0.0
2025-01-03 16:00:00+00:00,-0.00023005092,0.0,0.0,0.0
2025-01-03 17:00:00+00:00,-0.00023005092,0.0,0.0,0.0
2025-01-03 18:00:00+00:00,-0.00010151797,0.0,0.0,0.0
2025-01-03 19:00:00+00:00,0.0002355145,0.0,0.0,0.0
2025-01-03 20:00:00+00:00,-0.00010151797,0.0,-0.0,-0.0
2025-01-03 21:00:00+00:00,-4.1413587e-05,0.0,-0.0,-0.0
2025-01-03 22:00:00+00:00,-4.1413587e-05,0.0,0.0,0.0
2025-01-03 23:00:00+00:00,-0.0001699465,0.0,-0.0,-0.0
2025-01-04 00:00:00+00:00,-3.8369617e-05,0.0,-0.0,-0.0
2025-01-04 01:00:00+00:00,-3.8369617e-05,0.0,0.0,0.0
2025-01-04 02:00:00+00:00,-3.8369617e-05,0.0,0.0,0.0
2025-01-04 03:00:00+00:00,-3.8369617e-05,0.0,-0.0,-0.0
2025-01-04 04:00:00+00:00,-0.00011940163,0.0,-0.0,-0.0
2025-01-04 05:00:00+00:00,-0.00011940163,0.0,0.0,0.0
2025-01-04 06:00:00+00:00,-0.00011940163,0.0,0.0,0.0
2025-01-04 07:00:00+00:00,-0.00011940163,0.0,0.0,0.0
2025-01-04 08:00:00+00:00,-0.00011940163,0.0,-0.0,-0.0
2025-01-04 09:00:00+00:00,-0.00017950602,0.0,-0.0,-0.0
2025-01-04 10:00:00+00:00,-0.00011940163,0.0,0.0,0.0
2025-01-04 11:00:00+00:00,-0.00011940163,0.0,0.0,0.0
2025-01-04 12:00:00+00:00,-0.00011940163,0.0,0.0,0.0
2025-01-04 13:00:00+00:00,-0.00011940163,0.0,0.0,0.0
2025-01-04 14:00:00+00:00,-0.00011940163,0.0,0.0,0.0
2025-01-04 15:00:00+00:00,-0.0001820013,0.0,-0.0,-0.0
2025-01-04 16:00:00+00:00,0.00018585991,0.0,0.0,0.0
2025-01-04 17:00:00+00:00,0.00018585991,0.0,0.0,0.0
2025-01-04 18:00:00+00:00,0.00020943963,0.0,-0.0,-0.0
2025-01-04 19:00:00+00:00,0.00018585991,0.0,0.0,0.0
2025-01-04 20:00:00+00:00,1.3100601e-05,0.0,0.0,0.0
2025-01-04 21:00:00+00:00,4.7408612e-05,0.0,-0.0,-0.0
2025-01-04 22:00:00+00:00,4.7408612e-05,0.0,0.0,0.0
2025-01-04 23:00:00+00:00,0.00012413226,0.0,-0.0,-0.0
2025-01-05 00:00:00+00:00,4.7408612e-05,0.0,0.0,0.0
2025-01-05 01:00:00+00:00,4.7408612e-05,0.0,-0.0,-0.0
2025-01-05 02:00:00+00:00,0.00018585991,0.0,0.0,0.0
2025-01-05 03:00:00+00:00,0.0002668919,0.0,-0.0,-0.0
2025-01-05 04:00:00+00:00,0.00013093586,0.0,0.0,0.0
2025-01-05 05:00:00+00:00,0.000109136294,0.0,-0.0,-0.0
2025-01-05 06:00:00+00:00,0.00013093586,0.0,0.0,0.0
2025-01-05 07:00:00+00:00,0.00012413226,0.0,-0.0,-0.0
2025-01-05 08:00:00+00:00,-4.6127265e-05,0.0,-0.0,-0.0
2025-01-05 09:00:00+00:00,-1.0429304e-05,0.0,-0.0,-0.0
2025-01-05 10:00:00+00:00,1.39771355e-05,0.0,0.0,0.0
2025-01-05 11:00:00+00:00,0.00030431774,0.0,-0.0,-0.0
2025-01-05 12:00:00+00:00,1.39771355e-05,0.0,0.0,0.0
2025-01-05 13:00:00+00:00,8.598836e-05,0.0,-0.0,-0.0
2025-01-05 14:00:00+00:00,-4.6127265e-05,0.0,0.0,0.0
2025-01-05 15:00:00+00:00,-0.0001648363,0.0,0.0,0.0
2025-01-05 16:00:00+00:00,-0.00029217853,0.0,0.0,0.0
2025-01-05 17:00:00+00:00,-0.00018114687,0.0,-0.0,-0.0
2025-01-05 18:00:00+00:00,-0.00018114687,0.0,0.0,0.0
2025-01-05 19:00:00+00:00,-0.00018114687,0.0,0.0,0.0
2025-01-05 20:00:00+00:00,-0.00024125127,0.0,0.0,0.0
2025-01-05 21:00:00+00:00,-0.00017683847,0.0,0.0,0.0
2025-01-05 22:00:00+00:00,-0.00021114653,0.0,0.0,0.0
2025-01-05 23:00:00+00:00,-0.00017683847,0.0,-0.0,-0.0
2025-01-06 00:00:00+00:00,-0.00010011485,0.0,-0.0,-0.0
2025-01-06 01:00:00+00:00,-0.00029617536,0.0,0.0,0.0
2025-01-06 02:00:00+00:00,-0.00022256722,0.0,0.0,0.0
2025-01-06 03:00:00+00:00,-0.0001624628,0.0,0.0,0.0
2025-01-06 04:00:00+00:00,-0.0001860202,0.0,0.0,0.0
2025-01-06 05:00:00+00:00,-5.7487316e-05,0.0,0.0,0.0
2025-01-06 06:00:00+00:00,-0.0001860202,0.0,-0.0,-0.0
2025-01-06 07:00:00+00:00,-0.00012591579,0.0,-0.0,-0.0
2025-01-06 08:00:00+00:00,-0.0001860202,0.0,-0.0,-0.0
2025-01-06 09:00:00+00:00,-0.00012591579,0.0,-0.0,-0.0
2025-01-06 10:00:00+00:00,-0.00020694779,0.0,-0.0,-0.0
2025-01-06 11:00:00+00:00,-0.0001860202,0.0,0.0,0.0
2025-01-06 12:00:00+00:00,-0.0001860202,0.0,-0.0,-0.0
2025-01-06 13:00:00+00:00,-0.0001860202,0.0,0.0,0.0
2025-01-06 14:00:00+00:00,0.0011185354,0.0,0.0,0.0
2025-01-06 15:00:00+00:00,0.0018204702,0.0,0.0,0.0
2025-01-06 16:00:00+00:00,0.0013212147,0.0,0.0,0.0
2025-01-06 17:00:00+00:00,0.0012352631,0.0,-0.0,-0.0
2025-01-06 18:00:00+00:00,0.0012352631,0.0,-0.0,-0.0
2025-01-06 19:00:00+00:00,0.0013762602,0.0,0.0,0.0
2025-01-06 20:00:00+00:00,0.0016679018,0.0,0.0,0.0
2025-01-06 21:00:00+00:00,0.0011066089,0.0,-0.0,-0.0
2025-01-06 22:00:00+00:00,0.0015392478,0.0,0.0,0.0
2025-01-06 23:00:00+00:00,0.0020242757,0.0,0.0,0.0
2025-01-07 00:00:00+00:00,0.000779818,0.0,-0.0,-0.0
2025-01-07 01:00:00+00:00,0.00048817642,0.0,-0.0,-0.0
2025-01-07 02:00:00+00:00,0.00048817642,0.0,-0.0,-0.0
2025-01-07 03:00:00+00:00,0.00040714443,0.0,0.0,0.0
2025-01-07 04:00:00+00:00,0.00040714443,0.0,-0.0,-0.0
2025-01-07 05:00:00+00:00,0.00040714443,0.0,0.0,0.0
2025-01-07 06:00:00+00:00,0.00040714443,0.0,0.0,0.0
2025-01-07 07:00:00+00:00,0.00040714443,0.0,-0.0,-0.0
2025-01-07 08:00:00+00:00,0.0003903312,0.0,0.0,0.0
2025-01-07 09:00:00+00:00,0.00024931645,0.0,-0.0,-0.0
2025-01-07 10:00:00+00:00,-5.2332372e-05,0.0,-0.0,-0.0
2025-01-07 11:00:00+00:00,-0.00014875001,0.0,-0.0,-0.0
2025-01-07 12:00:00+00:00,-0.00063945854,0.0,-0.0,-0.0
2025-01-07 13:00:00+00:00,-0.0005793541,0.0,-0.0,-0.0
2025-01-07 14:00:00+00:00,-5.471321e-05,0.0,-0.0,-0.0
2025-01-07 15:00:00+00:00,-0.00040840157,0.0,-0.0,-0.0
2025-01-07 16:00:00+00:00,-7.903694e-05,0.0,-0.0,-0.0
2025-01-07 17:00:00+00:00,-0.00016975001,0.0,-0.0,-0.0
2025-01-07 18:00:00+00:00,0.00014315783,0.0,-0.0,-0.0
2025-01-07 19:00:00+00:00,6.128224e-05,0.0,-0.0,-0.0
2025-01-07 20:00:00+00:00,-0.00012384365,0.0,0.0,0.0
2025-01-07 21:00:00+00:00,0.00024374323,0.0,-0.0,-0.0
2025-01-07 22:00:00+00:00,-8.641444e-05,0.0,0.0,0.0
2025-01-07 23:00:00+00:00,0.0003040706,0.0,-0.0,-0.0
2025-01-08 00:00:00+00:00,0.000656447,0.0,0.0,0.0
2025-01-08 01:00:00+00:00,0.00061620126,0.0,-0.0,-0.0
2025-01-08 02:00:00+00:00,0.00025278208,0.0,-0.0,-0.0
2025-01-08 03:00:00+00:00,0.0008526353,0.0,-0.0,-0.0
2025-01-08 04:00:00+00:00,0.00099613,0.0,-0.0,-0.0
2025-01-08 05:00:00+00:00,0.0008860119,0.0,0.0,0.0
2025-01-08 06:00:00+00:00,0.00059376744,0.0,-0.0,-0.0
2025-01-08 07:00:00+00:00,0.0008876642,0.0,0.0,0.0
2025-01-08 08:00:00+00:00,0.0008259076,0.0,0.0,0.0
2025-01-08 09:00:00+00:00,0.0010585351,0.0,-0.0,-0.0
2025-01-08 10:00:00+00:00,0.00044837093,0.0,0.0,0.0
2025-01-08 11:00:00+00:00,0.00042645878,0.0,-0.0,-0.0
2025-01-08 12:00:00+00:00,0.0010311588,0.0,-0.0,-0.0
2025-01-08 13:00:00+00:00,0.0003882666,0.0,0.0,0.0
2025-01-08 14:00:00+00:00,0.0003882666,0.0,-0.0,-0.0
2025-01-08 15:00:00+00:00,5.7486464e-05,0.0,0.0,0.0
2025-01-08 16:00:00+00:00,0.0003636664,0.0,-0.0,-0.0
2025-01-08 17:00:00+00:00,-0.00020542096,0.0,-0.0,-0.0
2025-01-08 18:00:00+00:00,-7.397441e-05,0.0,0.0,0.0
2025-01-08 19:00:00+00:00,-7.397441e-05,0.0,0.0,0.0
2025-01-08 20:00:00+00:00,-0.00017039207,0.0,-0.0,-0.0
2025-01-08 21:00:00+00:00,-7.397441e-05,0.0,0.0,0.0
2025-01-08 22:00:00+00:00,-8.589861e-05,0.0,0.0,0.0
2025-01-08 23:00:00+00:00,6.702289e-05,0.0,-0.0,-0.0
2025-01-09 00:00:00+00:00,-0.00019272072,0.0,0.0,0.0
2025-01-09 01:00:00+00:00,-0.00019272072,0.0,-0.0,-0.0
2025-01-09 02:00:00+00:00,-0.00033371794,0.0,-0.0,-0.0
2025-01-09 03:00:00+00:00,-0.00019272072,0.0,-0.0,-0.0
2025-01-09 04:00:00+00:00,-0.00019272072,0.0,0.0,0.0
2025-01-09 05:00:00+00:00,-0.00011168871,0.0,0.0,0.0
2025-01-09 06:00:00+00:00,-0.00019272072,0.0,-0.0,-0.0
2025-01-09 07:00:00+00:00,-0.0010378421,0.0,-0.0,-0.0
2025-01-09 08:00:00+00:00,-0.00061625225,0.0,-0.0,-0.0
2025-01-09 09:00:00+00:00,-0.00019272072,0.0,0.0,0.0
2025-01-09 10:00:00+00:00,-0.00019272072,0.0,-0.0,-0.0
2025-01-09 11:00:00+00:00,-0.00031131413,0.0,-0.0,-0.0
2025-01-09 12:00:00+00:00,-0.00031131413,0.0,-0.0,-0.0
2025-01-09 13:00:00+00:00,-0.0012561661,0.0,-0.0,-0.0
2025-01-09 14:00:00+00:00,-0.0012543737,0.0,0.0,0.0
2025-01-09 15:00:00+00:00,-0.0015632054,0.0,0.0,0.0
2025-01-09 16:00:00+00:00,-0.0012005037,0.0,0.0,0.0
2025-01-09 17:00:00+00:00,-0.0015704277,0.0,-0.0,-0.0
2025-01-09 18:00:00+00:00,-0.0016356461,0.0,0.0,0.0
2025-01-09 19:00:00+00:00,-0.00029852754,0.0,-0.0,-0.0
2025-01-09 20:00:00+00:00,-0.0014321067,0.0,-0.0,-0.0
2025-01-09 21:00:00+00:00,-0.0014321067,0.0,0.0,0.0
2025-01-09 22:00:00+00:00,-0.0014321067,0.0,0.0,0.0
2025-01-09 23:00:00+00:00,-0.0013720024,0.0,0.0,0.0
2025-01-10 00:00:00+00:00,-0.0012619119,0.0,0.0,0.0
2025-01-10 01:00:00+00:00,-0.0012619119,0.0,0.0,0.0
2025-01-10 02:00:00+00:00,-0.0012619119,0.0,0.0,0.0
2025-01-10 03:00:00+00:00,-0.0012854916,0.0,0.0,0.0
2025-01-10 04:00:00+00:00,-0.0012619119,0.0,0.0,0.0
2025-01-10 05:00:00+00:00,-0.0012619119,0.0,0.0,0.0
2025-01-10 06:00:00+00:00,-0.0013622154,0.0,0.0,0.0
2025-01-10 07:00:00+00:00,-0.00043396075,0.0,0.0,0.0
2025-01-10 08:00:00+00:00,-0.00037385637,0.0,0.0,0.0
2025-01-10 09:00:00+00:00,-0.00037385637,0.0,0.0,0.0
2025-01-10 10:00:00+00:00,-0.00013845199,0.0,0.0,0.0
2025-01-10 11:00:00+00:00,0.0002555282,0.0,-0.0,-0.0
2025-01-10 12:00:00+00:00,-0.00011700599,0.0,-0.0,-0.0
2025-01-10 13:00:00+00:00,-0.0011249878,0.0,-0.0,-0.0
2025-01-10 14:00:00+00:00,-0.0006311946,0.0,0.0,0.0
2025-01-10 15:00:00+00:00,0.00010101886,0.0,-0.0,-0.0
2025-01-10 16:00:00+00:00,0.00010101886,0.0,-0.0,-0.0
2025-01-10 17:00:00+00:00,4.3553173e-05,0.0,0.0,0.0
2025-01-10 18:00:00+00:00,-0.00014058598,0.0,-0.0,-0.0
2025-01-10 19:00:00+00:00,-5.8516885e-05,0.0,0.0,0.0
2025-01-10 20:00:00+00:00,-5.8516885e-05,0.0,-0.0,-0.0
2025-01-10 21:00:00+00:00,1.5874896e-06,0.0,-0.0,-0.0
2025-01-10 22:00:00+00:00,1.5874896e-06,0.0,0.0,0.0
2025-01-10 23:00:00+00:00,1.5874896e-06,0.0,-0.0,-0.0
2025-01-11 00:00:00+00:00,4.5618177e-05,0.0,-0.0,-0.0
2025-01-11 01:00:00+00:00,4.5618177e-05,0.0,-0.0,-0.0
2025-01-11 02:00:00+00:00,4.5618177e-05,0.0,-0.0,-0.0
2025-01-11 03:00:00+00:00,4.5618177e-05,0.0,-0.0,-0.0
2025-01-11 04:00:00+00:00,0.00010485061,0.0,-0.0,-0.0
2025-01-11 05:00:00+00:00,4.5618177e-05,0.0,0.0,0.0
2025-01-11 06:00:00+00:00,0.00018157424,0.0,-0.0,-0.0
2025-01-11 07:00:00+00:00,0.00018157424,0.0,0.0,0.0
2025-01-11 08:00:00+00:00,5.8677007e-05,0.0,-0.0,-0.0
2025-01-11 09:00:00+00:00,5.8677007e-05,0.0,0.0,0.0
2025-01-11 10:00:00+00:00,5.8677007e-05,0.0,0.0,0.0
2025-01-11 11:00:00+00:00,5.8677007e-05,0.0,0.0,0.0
2025-01-11 12:00:00+00:00,5.8677007e-05,0.0,-0.0,-0.0
2025-01-11 13:00:00+00:00,-0.000100858735,0.0,-0.0,-0.0
2025-01-11 14:00:00+00:00,-0.000100858735,0.0,0.0,0.0
2025-01-11 15:00:00+00:00,-0.000100858735,0.0,-0.0,-0.0
2025-01-11 16:00:00+00:00,4.5618177e-05,0.0,0.0,0.0
2025-01-11 17:00:00+00:00,0.00020515396,0.0,-0.0,-0.0
2025-01-11 18:00:00+00:00,0.00020515396,0.0,0.0,0.0
2025-01-11 19:00:00+00:00,0.00020515396,0.0,-0.0,-0.0
2025-01-11 20:00:00+00:00,0.00018157424,0.0,0.0,0.0
2025-01-11 21:00:00+00:00,4.5618177e-05,0.0,0.0,0.0
2025-01-11 22:00:00+00:00,0.00018157424,0.0,-0.0,-0.0
2025-01-11 23:00:00+00:00,0.00018157424,0.0,0.0,0.0
2025-01-12 00:00:00+00:00,0.00018157424,0.0,-0.0,-0.0
2025-01-12 01:00:00+00:00,0.00010485061,0.0,0.0,0.0
2025-01-12 02:00:00+00:00,0.00010485061,0.0,0.0,0.0
2025-01-12 03:00:00+00:00,4.5618177e-05,0.0,0.0,0.0
2025-01-12 04:00:00+00:00,4.5618177e-05,0.0,-0.0,-0.0
2025-01-12 05:00:00+00:00,0.00010485061,0.0,-0.0,-0.0
2025-01-12 06:00:00+00:00,0.00010485061,0.0,-0.0,-0.0
2025-01-12 07:00:00+00:00,-1.6619573e-05,0.0,-0.0,-0.0
2025-01-12 08:00:00+00:00,-1.6619573e-05,0.0,-0.0,-0.0
2025-01-12 09:00:00+00:00,2.4248464e-05,0.0,-0.0,-0.0
2025-01-12 10:00:00+00:00,8.368376e-05,0.0,0.0,0.0
2025-01-12 11:00:00+00:00,6.0104056e-05,0.0,0.0,0.0
2025-01-12 12:00:00+00:00,6.0104056e-05,0.0,0.0,0.0
2025-01-12 13:00:00+00:00,5.9227506e-05,0.0,0.0,0.0
2025-01-12 14:00:00+00:00,5.6988578e-05,0.0,0.0,0.0
2025-01-12 15:00:00+00:00,-7.5852004e-05,0.0,0.0,0.0
2025-01-12 16:00:00+00:00,-0.00012646476,0.0,-0.0,-0.0
2025-01-12 17:00:00+00:00,-1.6309647e-05,0.0,0.0,0.0
2025-01-12 18:00:00+00:00,-5.2856598e-05,0.0,-0.0,-0.0
2025-01-12 19:00:00+00:00,-1.6309647e-05,0.0,-0.0,-0.0
2025-01-12 20:00:00+00:00,4.292277e-05,0.0,0.0,0.0
2025-01-12 21:00:00+00:00,0.00014322612,0.0,-0.0,-0.0
2025-01-12 22:00:00+00:00,-6.9221685e-05,0.0,-0.0,-0.0
2025-01-12 23:00:00+00:00,8.309941e-05,0.0,0.0,0.0
2025-01-13 00:00:00+00:00,-0.00014514875,0.0,0.0,0.0
2025-01-13 01:00:00+00:00,-0.00014939107,0.0,-0.0,-0.0
2025-01-13 02:00:00+00:00,-0.00012289756,0.0,-0.0,-0.0
2025-01-13 03:00:00+00:00,-8.63729e-05,0.0,0.0,0.0
2025-01-13 04:00:00+00:00,-8.63729e-05,0.0,0.0,0.0
2025-01-13 05:00:00+00:00,-8.63729e-05,0.0,-0.0,-0.0
2025-01-13 06:00:00+00:00,-5.0886327e-05,0.0,-0.0,-0.0
2025-01-13 07:00:00+00:00,9.218088e-06,0.0,-0.0,-0.0
2025-01-13 08:00:00+00:00,0.00037451598,0.0,-0.0,-0.0
2025-01-13 09:00:00+00:00,0.00023102124,0.0,-0.0,-0.0
2025-01-13 10:00:00+00:00,0.00015461454,0.0,-0.0,-0.0
2025-01-13 11:00:00+00:00,0.00027534462,0.0,-0.0,-0.0
2025-01-13 12:00:00+00:00,-0.00021797733,0.0,-0.0,-0.0
2025-01-13 13:00:00+00:00,-0.00028150415,0.0,0.0,0.0
2025-01-13 14:00:00+00:00,-9.576809e-05,0.0,0.0,0.0
2025-01-13 15:00:00+00:00,-0.00012289756,0.0,0.0,0.0
2025-01-13 16:00:00+00:00,-7.766281e-05,0.0,-0.0,-0.0
2025-01-13 17:00:00+00:00,0.00019742546,0.0,0.0,0.0
2025-01-13 18:00:00+00:00,2.1508484e-05,0.0,0.0,0.0
2025-01-13 19:00:00+00:00,2.1508484e-05,0.0,0.0,0.0
2025-01-13 20:00:00+00:00,-0.00011063887,0.0,0.0,0.0
2025-01-13 21:00:00+00:00,-0.0001342186,0.0,0.0,0.0
2025-01-13 22:00:00+00:00,0.00019543877,0.0,0.0,0.0
2025-01-13 23:00:00+00:00,0.00033139487,0.0,0.0,0.0
2025-01-14 00:00:00+00:00,0.00024488414,0.0,-0.0,-0.0
2025-01-14 01:00:00+00:00,0.0002446251,0.0,0.0,0.0
2025-01-14 02:00:00+00:00,0.0002446251,0.0,0.0,0.0
2025-01-14 03:00:00+00:00,0.0002446251,0.0,-0.0,-0.0
2025-01-14 04:00:00+00:00,0.0003033374,0.0,0.0,0.0
2025-01-14 05:00:00+00:00,0.0002446251,0.0,-0.0,-0.0
2025-01-14 06:00:00+00:00,0.0002446251,0.0,0.0,0.0
2025-01-14 07:00:00+00:00,0.0002446251,0.0,-0.0,-0.0
2025-01-14 08:00:00+00:00,-0.00012063835,0.0,0.0,0.0
2025-01-14 09:00:00+00:00,0.00081989146,0.0,0.0,0.0
2025-01-14 10:00:00+00:00,-0.00011122084,0.0,-0.0,-0.0
2025-01-14 11:00:00+00:00,-8.7663415e-05,0.0,-0.0,-0.0
2025-01-14 12:00:00+00:00,-0.00014776777,0.0,-0.0,-0.0
2025-01-14 13:00:00+00:00,-0.00014776777,0.0,0.0,0.0
2025-01-14 14:00:00+00:00,-0.00014776777,0.0,-0.0,-0.0
2025-01-14 15:00:00+00:00,-0.00014776777,0.0,0.0,0.0
2025-01-14 16:00:00+00:00,-0.0008944181,0.0,-0.0,-0.0
2025-01-14 17:00:00+00:00,-0.0006819541,0.0,0.0,0.0
2025-01-14 18:00:00+00:00,-0.000716874,0.0,0.0,0.0
2025-01-14 19:00:00+00:00,-0.000716874,0.0,-0.0,-0.0
2025-01-14 20:00:00+00:00,-0.00079627836,0.0,-0.0,-0.0
2025-01-14 21:00:00+00:00,-0.000753421,0.0,-0.0,-0.0
2025-01-14 22:00:00+00:00,-0.000753421,0.0,0.0,0.0
2025-01-14 23:00:00+00:00,-0.000753421,0.0,-0.0,-0.0
2025-01-15 00:00:00+00:00,-0.00050116127,0.0,0.0,0.0
2025-01-15 01:00:00+00:00,-0.0005612656,0.0,0.0,0.0
2025-01-15 02:00:00+00:00,-0.00050116127,0.0,-0.0,-0.0
2025-01-15 03:00:00+00:00,-0.00050116127,0.0,0.0,0.0
2025-01-15 04:00:00+00:00,-0.0005612656,0.0,-0.0,-0.0
2025-01-15 05:00:00+00:00,-0.00050116127,0.0,-0.0,-0.0
2025-01-15 06:00:00+00:00,-0.00050116127,0.0,0.0,0.0
2025-01-15 07:00:00+00:00,-0.00050116127,0.0,0.0,0.0
2025-01-15 08:00:00+00:00,-4.7091316e-06,0.0,-0.0,-0.0
2025-01-15 09:00:00+00:00,0.00013124692,0.0,-0.0,-0.0
2025-01-15 10:00:00+00:00,5.4523283e-05,0.0,0.0,0.0
2025-01-15 11:00:00+00:00,5.4523283e-05,0.0,-0.0,-0.0
2025-01-15 12:00:00+00:00,-4.7091316e-06,0.0,0.0,0.0
2025-01-15 13:00:00+00:00,0.0005138897,0.0,0.0,0.0
2025-01-15 14:00:00+00:00,0.00033804585,0.0,0.0,0.0
2025-01-15 15:00:00+00:00,0.000176731,0.0,-0.0,-0.0
2025-01-15 16:00:00+00:00,0.00022000266,0.0,0.0,0.0
2025-01-15 17:00:00+00:00,0.00016459642,0.0,-0.0,-0.0
2025-01-15 18:00:00+00:00,0.00070352806,0.0,0.0,0.0
2025-01-15 19:00:00+00:00,0.00046750664,0.0,0.0,0.0
2025-01-15 20:00:00+00:00,0.00046750664,0.0,-0.0,-0.0
2025-01-15 21:00:00+00:00,0.0009602499,0.0,0.0,0.0
2025-01-15 22:00:00+00:00,0.0008387796,0.0,0.0,0.0
2025-01-15 23:00:00+00:00,0.0011486941,0.0,0.0,0.0
2025-01-16 00:00:00+00:00,0.00064040197,0.0,-0.0,-0.0
2025-01-16 01:00:00+00:00,0.00014639733,0.0,0.0,0.0
2025-01-16 02:00:00+00:00,0.00014639733,0.0,-0.0,-0.0
2025-01-16 03:00:00+00:00,-3.974104e-05,0.0,-0.0,-0.0
2025-01-16 04:00:00+00:00,0.00014639733,0.0,0.0,0.0
2025-01-16 05:00:00+00:00,-9.514716e-05,0.0,-0.0,-0.0
2025-01-16 06:00:00+00:00,0.00014639733,0.0,0.0,0.0
2025-01-16 07:00:00+00:00,0.00014639733,0.0,0.0,0.0
2025-01-16 08:00:00+00:00,-8.774597e-06,0.0,-0.0,-0.0
2025-01-16 09:00:00+00:00,-8.774597e-06,0.0,0.0,0.0
2025-01-16 10:00:00+00:00,-1.05191075e-05,0.0,0.0,0.0
2025-01-16 11:00:00+00:00,-5.3376494e-05,0.0,-0.0,-0.0
2025-01-16 12:00:00+00:00,-5.3376494e-05,0.0,0.0,0.0
2025-01-16 13:00:00+00:00,-1.13910455e-05,0.0,-0.0,-0.0
2025-01-16 14:00:00+00:00,0.00049640576,0.0,-0.0,-0.0
2025-01-16 15:00:00+00:00,0.0005617172,0.0,0.0,0.0
2025-01-16 16:00:00+00:00,-7.062346e-05,0.0,0.0,0.0
2025-01-16 17:00:00+00:00,-7.062346e-05,0.0,0.0,0.0
2025-01-16 18:00:00+00:00,4.8713344e-05,0.0,-0.0,-0.0
2025-01-16 19:00:00+00:00,0.00038690178,0.0,0.0,0.0
2025-01-16 20:00:00+00:00,0.00030015103,0.0,-0.0,-0.0
2025-01-16 21:00:00+00:00,0.000115823226,0.0,-0.0,-0.0
2025-01-16 22:00:00+00:00,0.00011056223,0.0,-0.0,-0.0
2025-01-16 23:00:00+00:00,0.00021086552,0.0,0.0,0.0
2025-01-17 00:00:00+00:00,1.3069914e-06,0.0,0.0,0.0
2025-01-17 01:00:00+00:00,0.0013605027,0.0,0.0,0.0
2025-01-17 02:00:00+00:00,0.0008116,0.0,-0.0,-0.0
2025-01-17 03:00:00+00:00,0.00043906542,0.0,-0.0,-0.0
2025-01-17 04:00:00+00:00,0.00043906542,0.0,0.0,0.0
2025-01-17 05:00:00+00:00,0.00043906542,0.0,-0.0,-0.0
2025-01-17 06:00:00+00:00,0.00043906542,0.0,0.0,0.0
2025-01-17 07:00:00+00:00,0.00043906542,0.0,0.0,0.0
2025-01-17 08:00:00+00:00,0.0009830926,0.0,0.0,0.0
2025-01-17 09:00:00+00:00,0.00089459703,0.0,-0.0,-0.0
2025-01-17 10:00:00+00:00,0.0011211609,0.0,0.0,0.0
2025-01-17 11:00:00+00:00,0.00089459703,0.0,-0.0,-0.0
2025-01-17 12:00:00+00:00,0.0012173216,0.0,0.0,0.0
2025-01-17 13:00:00+00:00,0.0011885423,0.0,-0.0,-0.0
2025-01-17 14:00:00+00:00,0.0013118321,0.0,0.0,0.0
2025-01-17 15:00:00+00:00,0.0019561122,0.0,0.0,0.0
2025-01-17 16:00:00+00:00,0.0024116428,0.0,0.0,0.0
2025-01-17 17:00:00+00:00,0.0015635194,0.0,-0.0,-0.0
2025-01-17 18:00:00+00:00,0.0016462092,0.0,0.0,0.0
2025-01-17 19:00:00+00:00,0.0024116428,0.0,0.0,0.0
2025-01-17 20:00:00+00:00,0.0013998846,0.0,-0.0,-0.0
2025-01-17 21:00:00+00:00,0.0013998846,0.0,-0.0,-0.0
2025-01-17 22:00:00+00:00,0.0014044285,0.0,-0.0,-0.0
2025-01-17 23:00:00+00:00,0.0014044285,0.0,-0.0,-0.0
2025-01-18 00:00:00+00:00,0.0015040197,0.0,0.0,0.0
2025-01-18 01:00:00+00:00,0.0015658686,0.0,-0.0,-0.0
2025-01-18 02:00:00+00:00,0.0015040197,0.0,0.0,0.0
2025-01-18 03:00:00+00:00,0.0014502037,0.0,-0.0,-0.0
2025-01-18 04:00:00+00:00,0.0014502037,0.0,0.0,0.0
2025-01-18 05:00:00+00:00,0.001067375,0.0,-0.0,-0.0
2025-01-18 06:00:00+00:00,0.0014502037,0.0,0.0,0.0
2025-01-18 07:00:00+00:00,0.0010375379,0.0,-0.0,-0.0
2025-01-18 08:00:00+00:00,0.0013540433,0.0,0.0,0.0
2025-01-18 09:00:00+00:00,0.0011274794,0.0,-0.0,-0.0
2025-01-18 10:00:00+00:00,0.0011274794,0.0,0.0,0.0
2025-01-18 11:00:00+00:00,0.0015103081,0.0,0.0,0.0
2025-01-18 12:00:00+00:00,0.0015103081,0.0,-0.0,-0.0
2025-01-18 13:00:00+00:00,0.0014114233,0.0,0.0,0.0
2025-01-18 14:00:00+00:00,0.0013287335,0.0,-0.0,-0.0
2025-01-18 15:00:00+00:00,0.001384294,0.0,0.0,0.0
2025-01-18 16:00:00+00:00,0.0007736492,0.0,-0.0,-0.0
2025-01-18 17:00:00+00:00,0.0011959162,0.0,0.0,0.0
2025-01-18 18:00:00+00:00,0.0012750564,0.0,0.0,0.0
2025-01-18 19:00:00+00:00,0.0012750564,0.0,0.0,0.0
2025-01-18 20:00:00+00:00,0.0012194959,0.0,-0.0,-0.0
2025-01-18 21:00:00+00:00,0.0012194959,0.0,-0.0,-0.0
2025-01-18 22:00:00+00:00,0.0011959162,0.0,0.0,0.0
2025-01-18 23:00:00+00:00,0.0011155205,0.0,0.0,0.0
2025-01-19 00:00:00+00:00,0.0011689279,0.0,-0.0,-0.0
2025-01-19 01:00:00+00:00,0.001124185,0.0,0.0,0.0
2025-01-19 02:00:00+00:00,0.0009239556,0.0,0.0,0.0
2025-01-19 03:00:00+00:00,0.0010649525,0.0,0.0,0.0
2025-01-19 04:00:00+00:00,0.0010649525,0.0,0.0,0.0
2025-01-19 05:00:00+00:00,0.0010649525,0.0,0.0,0.0
2025-01-19 06:00:00+00:00,0.0010649525,0.0,0.0,0.0
2025-01-19 07:00:00+00:00,0.0010649525,0.0,-0.0,-0.0
2025-01-19 08:00:00+00:00,0.0009239556,0.0,-0.0,-0.0
2025-01-19 09:00:00+00:00,0.0013366737,0.0,0.0,0.0
2025-01-19 10:00:00+00:00,0.0009239556,0.0,-0.0,-0.0
2025-01-19 11:00:00+00:00,0.0009239556,0.0,-0.0,-0.0
2025-01-19 12:00:00+00:00,0.0010649525,0.0,0.0,0.0
2025-01-19 13:00:00+00:00,0.0010649525,0.0,0.0,0.0
2025-01-19 14:00:00+00:00,0.0007406365,0.0,0.0,0.0
2025-01-19 15:00:00+00:00,0.0008024854,0.0,-0.0,-0.0
2025-01-19 16:00:00+00:00,0.0009434823,0.0,0.0,0.0
2025-01-19 17:00:00+00:00,0.0009434823,0.0,0.0,0.0
2025-01-19 18:00:00+00:00,0.0009434823,0.0,-0.0,-0.0
2025-01-19 19:00:00+00:00,0.0008296148,0.0,0.0,0.0
2025-01-19 20:00:00+00:00,0.0008024854,0.0,0.0,0.0
2025-01-19 21:00:00+00:00,-0.00015557838,0.0,-0.0,-0.0
2025-01-19 22:00:00+00:00,-0.00030742053,0.0,-0.0,-0.0
2025-01-19 23:00:00+00:00,-0.0021422312,0.0,-0.0,-0.0
2025-01-20 00:00:00+00:00,-0.0022648545,0.0,-0.0,-0.0
2025-01-20 01:00:00+00:00,-0.0007895754,0.0,0.0,0.0
2025-01-20 02:00:00+00:00,-0.00042595784,0.0,0.0,0.0
2025-01-20 03:00:00+00:00,-0.0009328895,0.0,-0.0,-0.0
2025-01-20 04:00:00+00:00,0.00023747566,0.0,0.0,0.0
2025-01-20 05:00:00+00:00,-1.0315117e-05,0.0,0.0,0.0
2025-01-20 06:00:00+00:00,0.0037690804,0.0,0.0,0.0
2025-01-20 07:00:00+00:00,0.003516228,0.0,-0.0,-0.0
2025-01-20 08:00:00+00:00,0.0036120706,0.0,0.0,0.0
2025-01-20 09:00:00+00:00,0.004967376,0.0,-0.0,-0.0
2025-01-20 10:00:00+00:00,0.0049345945,1.0,-0.002339397480750604,-0.002739397480750604
2025-01-20 11:00:00+00:00,0.005366649,1.0,0.002544616441666925,0.002544616441666925
2025-01-20 12:00:00+00:00,0.005696728,1.0,-0.012107973306855646,-0.012107973306855646
2025-01-20 13:00:00+00:00,0.005483638,1.0,0.00974974896359826,0.00974974896359826
2025-01-20 14:00:00+00:00,0.005768355,1.0,-0.0007490782356197601,-0.0007490782356197601
2025-01-20 15:00:00+00:00,0.0056104986,1.0,-0.02696293962573615,-0.02696293962573615
2025-01-20 16:00:00+00:00,0.007230069,1.0,0.015865343823892698,0.015865343823892698
2025-01-20 17:00:00+00:00,0.0065016495,1.0,-0.035092027760176725,-0.035092027760176725
2025-01-20 18:00:00+00:00,0.005850586,1.0,0.00938009391751038,0.00938009391751038
2025-01-20 19:00:00+00:00,0.005687915,1.0,-0.002240465031229877,-0.002240465031229877
2025-01-20 20:00:00+00:00,0.0049206098,1.0,-0.0003993278945002565,-0.0003993278945002565
2025-01-20 21:00:00+00:00,0.0033548446,1.0,-0.010101049088705571,-0.010101049088705571
2025-01-20 22:00:00+00:00,0.004094305,0.0,-0.0008,-0.0012000000000000001
2025-01-20 23:00:00+00:00,0.00017912367,0.0,-0.0,-0.0
2025-01-21 00:00:00+00:00,0.0011432013,0.0,-0.0,-0.0
2025-01-21 01:00:00+00:00,3.1250456e-05,0.0,0.0,0.0
2025-01-21 02:00:00+00:00,0.0022816479,0.0,0.0,0.0
2025-01-21 03:00:00+00:00,0.001687711,0.0,0.0,0.0
2025-01-21 04:00:00+00:00,0.0025570854,0.0,-0.0,-0.0
2025-01-21 05:00:00+00:00,0.004158873,0.0,-0.0,-0.0
2025-01-21 06:00:00+00:00,0.002717423,0.0,0.0,0.0
2025-01-21 07:00:00+00:00,0.0023047049,0.0,-0.0,-0.0
2025-01-21 08:00:00+00:00,0.0015843335,0.0,0.0,0.0
2025-01-21 09:00:00+00:00,0.0018896596,0.0,0.0,0.0
2025-01-21 10:00:00+00:00,0.0016700438,0.0,0.0,0.0
2025-01-21 11:00:00+00:00,0.0011997636,0.0,0.0,0.0
2025-01-21 12:00:00+00:00,0.0015569809,0.0,0.0,0.0
2025-01-21 13:00:00+00:00,0.001475369,0.0,-0.0,-0.0
2025-01-21 14:00:00+00:00,0.001689905,0.0,-0.0,-0.0
2025-01-21 15:00:00+00:00,0.0014950309,0.0,0.0,0.0
2025-01-21 16:00:00+00:00,0.00096200884,0.0,0.0,0.0
2025-01-21 17:00:00+00:00,0.00097283407,0.0,0.0,0.0
2025-01-21 18:00:00+00:00,0.00082045887,0.0,0.0,0.0
2025-01-21 19:00:00+00:00,0.0014089801,0.0,0.0,0.0
2025-01-21 20:00:00+00:00,0.0017736639,0.0,-0.0,-0.0
2025-01-21 21:00:00+00:00,0.0012216588,0.0,0.0,0.0
2025-01-21 22:00:00+00:00,5.8507056e-05,0.0,-0.0,-0.0
2025-01-21 23:00:00+00:00,0.00030968036,0.0,0.0,0.0
2025-01-22 00:00:00+00:00,0.00012321444,0.0,-0.0,-0.0
2025-01-22 01:00:00+00:00,0.00012321444,0.0,-0.0,-0.0
2025-01-22 02:00:00+00:00,-0.00029451042,0.0,-0.0,-0.0
2025-01-22 03:00:00+00:00,-0.00036189143,0.0,0.0,0.0
2025-01-22 04:00:00+00:00,-0.00036189143,0.0,-0.0,-0.0
2025-01-22 05:00:00+00:00,-0.00041289677,0.0,0.0,0.0
2025-01-22 06:00:00+00:00,-0.00036189143,0.0,-0.0,-0.0
2025-01-22 07:00:00+00:00,-0.00036189143,0.0,-0.0,-0.0
2025-01-22 08:00:00+00:00,-0.00036189143,0.0,0.0,0.0
2025-01-22 09:00:00+00:00,-0.00036189143,0.0,-0.0,-0.0
2025-01-22 10:00:00+00:00,-0.00036189143,0.0,0.0,0.0
2025-01-22 11:00:00+00:00,-0.00036189143,0.0,-0.0,-0.0
2025-01-22 12:00:00+00:00,-0.00048027773,0.0,0.0,0.0
2025-01-22 13:00:00+00:00,-0.0005012929,0.0,-0.0,-0.0
2025-01-22 14:00:00+00:00,-0.0005028887,0.0,0.0,0.0
2025-01-22 15:00:00+00:00,-0.00037164506,0.0,-0.0,-0.0
2025-01-22 16:00:00+00:00,-0.00011697543,0.0,-0.0,-0.0
2025-01-22 17:00:00+00:00,-8.653304e-05,0.0,0.0,0.0
2025-01-22 18:00:00+00:00,8.345708e-05,0.0,-0.0,-0.0
2025-01-22 19:00:00+00:00,-0.00017778999,0.0,0.0,0.0
2025-01-22 20:00:00+00:00,-8.653304e-05,0.0,-0.0,-0.0
2025-01-22 21:00:00+00:00,-0.00020491942,0.0,-0.0,-0.0
2025-01-22 22:00:00+00:00,-8.653304e-05,0.0,-0.0,-0.0
2025-01-22 23:00:00+00:00,2.2025122e-05,0.0,-0.0,-0.0
2025-01-23 00:00:00+00:00,0.00025049032,0.0,-0.0,-0.0
2025-01-23 01:00:00+00:00,0.0003489045,0.0,-0.0,-0.0
2025-01-23 02:00:00+00:00,-0.0002280111,0.0,-0.0,-0.0
2025-01-23 03:00:00+00:00,0.0003489045,0.0,-0.0,-0.0
2025-01-23 04:00:00+00:00,0.00012959313,0.0,-0.0,-0.0
2025-01-23 05:00:00+00:00,-0.00029570857,0.0,0.0,0.0
2025-01-23 06:00:00+00:00,-0.00039212624,0.0,-0.0,-0.0
2025-01-23 07:00:00+00:00,-0.00041409492,0.0,0.0,0.0
2025-01-23 08:00:00+00:00,-0.00018162063,0.0,-0.0,-0.0
2025-01-23 09:00:00+00:00,0.00023537852,0.0,-0.0,-0.0
2025-01-23 10:00:00+00:00,6.285527e-05,0.0,0.0,0.0
2025-01-23 11:00:00+00:00,-0.00044679662,0.0,0.0,0.0
2025-01-23 12:00:00+00:00,0.00021394336,0.0,-0.0,-0.0
2025-01-23 13:00:00+00:00,-0.00044706982,0.0,0.0,0.0
2025-01-23 14:00:00+00:00,-0.0006003409,0.0,0.0,0.0
2025-01-23 15:00:00+00:00,-0.000351842,0.0,0.0,0.0
2025-01-23 16:00:00+00:00,-0.00020109666,0.0,-0.0,-0.0
2025-01-23 17:00:00+00:00,-8.1644655e-05,0.0,0.0,0.0
2025-01-23 18:00:00+00:00,-0.00012807403,0.0,-0.0,-0.0
2025-01-23 19:00:00+00:00,-0.00074541185,0.0,-0.0,-0.0
2025-01-23 20:00:00+00:00,0.0009432323,0.0,-0.0,-0.0
2025-01-23 21:00:00+00:00,0.000917234,0.0,-0.0,-0.0
2025-01-23 22:00:00+00:00,0.0010381865,0.0,0.0,0.0
2025-01-23 23:00:00+00:00,0.0005951637,0.0,-0.0,-0.0
2025-01-24 00:00:00+00:00,0.0010189652,0.0,-0.0,-0.0
2025-01-24 01:00:00+00:00,0.00082591467,0.0,-0.0,-0.0
2025-01-24 02:00:00+00:00,0.0009528772,0.0,-0.0,-0.0
2025-01-24 03:00:00+00:00,0.0009503033,0.0,0.0,0.0
2025-01-24 04:00:00+00:00,0.0008088822,0.0,0.0,0.0
2025-01-24 05:00:00+00:00,0.0004606314,0.0,0.0,0.0
2025-01-24 06:00:00+00:00,0.0008182997,0.0,-0.0,-0.0
2025-01-24 07:00:00+00:00,0.0012503535,0.0,0.0,0.0
2025-01-24 08:00:00+00:00,0.001122441,0.0,0.0,0.0
2025-01-24 09:00:00+00:00,0.0012503535,0.0,-0.0,-0.0
2025-01-24 10:00:00+00:00,0.0007017184,0.0,0.0,0.0
2025-01-24 11:00:00+00:00,0.0007464965,0.0,0.0,0.0
2025-01-24 12:00:00+00:00,0.00062811014,0.0,0.0,0.0
2025-01-24 13:00:00+00:00,0.00079445937,0.0,-0.0,-0.0
2025-01-24 14:00:00+00:00,-0.00016906332,0.0,0.0,0.0
2025-01-24 15:00:00+00:00,-0.00021911407,0.0,0.0,0.0
2025-01-24 16:00:00+00:00,-5.9837334e-05,0.0,-0.0,-0.0
2025-01-24 17:00:00+00:00,-0.0001541781,0.0,0.0,0.0
2025-01-24 18:00:00+00:00,-0.00024141186,0.0,-0.0,-0.0
2025-01-24 19:00:00+00:00,-0.00018130752,0.0,-0.0,-0.0
2025-01-24 20:00:00+00:00,-0.00012302559,0.0,-0.0,-0.0
2025-01-24 21:00:00+00:00,-6.29212e-05,0.0,0.0,0.0
2025-01-24 22:00:00+00:00,-6.29212e-05,0.0,-0.0,-0.0
2025-01-24 23:00:00+00:00,0.000107068896,0.0,0.0,0.0
2025-01-25 00:00:00+00:00,-1.8205877e-05,0.0,-0.0,-0.0
2025-01-25 01:00:00+00:00,-0.00018819599,0.0,0.0,0.0
2025-01-25 02:00:00+00:00,-0.00018819599,0.0,-0.0,-0.0
2025-01-25 03:00:00+00:00,-0.00030658243,0.0,0.0,0.0
2025-01-25 04:00:00+00:00,0.00023810053,0.0,-0.0,-0.0
2025-01-25 05:00:00+00:00,0.0005427485,0.0,-0.0,-0.0
2025-01-25 06:00:00+00:00,0.0006535151,0.0,-0.0,-0.0
2025-01-25 07:00:00+00:00,0.00048099176,0.0,0.0,0.0
2025-01-25 08:00:00+00:00,0.00048099176,0.0,-0.0,-0.0
2025-01-25 09:00:00+00:00,0.00048099176,0.0,0.0,0.0
2025-01-25 10:00:00+00:00,-7.503538e-05,0.0,0.0,0.0
2025-01-25 11:00:00+00:00,-0.00014704661,0.0,0.0,0.0
2025-01-25 12:00:00+00:00,-0.00014704661,0.0,0.0,0.0
2025-01-25 13:00:00+00:00,-0.00017062633,0.0,-0.0,-0.0
2025-01-25 14:00:00+00:00,-2.866025e-05,0.0,-0.0,-0.0
2025-01-25 15:00:00+00:00,-0.00014704661,0.0,0.0,0.0
2025-01-25 16:00:00+00:00,-2.866025e-05,0.0,-0.0,-0.0
2025-01-25 17:00:00+00:00,-0.00014704661,0.0,0.0,0.0
2025-01-25 18:00:00+00:00,-2.866025e-05,0.0,0.0,0.0
2025-01-25 19:00:00+00:00,-0.00014704661,0.0,0.0,0.0
2025-01-25 20:00:00+00:00,-0.00012896358,0.0,-0.0,-0.0
2025-01-25 21:00:00+00:00,-0.00017062633,0.0,0.0,0.0
2025-01-25 22:00:00+00:00,-0.00012896358,0.0,-0.0,-0.0
2025-01-25 23:00:00+00:00,-5.2239968e-05,0.0,-0.0,-0.0
2025-01-26 00:00:00+00:00,-0.00021650968,0.0,-0.0,-0.0
2025-01-26 01:00:00+00:00,-0.00013978599,0.0,0.0,0.0
2025-01-26 02:00:00+00:00,-0.0001429015,0.0,0.0,0.0
2025-01-26 03:00:00+00:00,-0.00014801731,0.0,0.0,0.0
2025-01-26 04:00:00+00:00,-0.0002839734,0.0,0.0,0.0
2025-01-26 05:00:00+00:00,-0.0002839734,0.0,-0.0,-0.0
2025-01-26 06:00:00+00:00,-0.00016558691,0.0,-0.0,-0.0
2025-01-26 07:00:00+00:00,-0.00020213384,0.0,-0.0,-0.0
2025-01-26 08:00:00+00:00,-0.00016558691,0.0,0.0,0.0
2025-01-26 09:00:00+00:00,-0.00010635455,0.0,-0.0,-0.0
2025-01-26 10:00:00+00:00,-0.00010635455,0.0,0.0,0.0
2025-01-26 11:00:00+00:00,-0.00010635455,0.0,0.0,0.0
2025-01-26 12:00:00+00:00,-0.00022474094,0.0,0.0,0.0
2025-01-26 13:00:00+00:00,-0.00022474094,0.0,0.0,0.0
2025-01-26 14:00:00+00:00,-0.00039412855,0.0,-0.0,-0.0
2025-01-26 15:00:00+00:00,-0.00021650968,0.0,0.0,0.0
2025-01-26 16:00:00+00:00,-0.00021650968,0.0,-0.0,-0.0
2025-01-26 17:00:00+00:00,-0.00021650968,0.0,0.0,0.0
2025-01-26 18:00:00+00:00,-0.0003348961,0.0,0.0,0.0
2025-01-26 19:00:00+00:00,-0.0003348961,0.0,-0.0,-0.0
2025-01-26 20:00:00+00:00,-0.00013978599,0.0,-0.0,-0.0
2025-01-26 21:00:00+00:00,-0.00024359905,0.0,-0.0,-0.0
2025-01-26 22:00:00+00:00,0.00024549267,0.0,-0.0,-0.0
2025-01-26 23:00:00+00:00,0.00048596226,0.0,-0.0,-0.0
2025-01-27 00:00:00+00:00,8.782708e-05,0.0,-0.0,-0.0
2025-01-27 01:00:00+00:00,1.8492956e-05,0.0,-0.0,-0.0
2025-01-27 02:00:00+00:00,1.8492956e-05,0.0,-0.0,-0.0
2025-01-27 03:00:00+00:00,-0.0004782513,0.0,0.0,0.0
2025-01-27 04:00:00+00:00,4.1956086e-05,0.0,-0.0,-0.0
2025-01-27 05:00:00+00:00,-0.00032976695,0.0,-0.0,-0.0
2025-01-27 06:00:00+00:00,-0.0024798722,0.0,-0.0,-0.0
2025-01-27 07:00:00+00:00,-0.0033294344,0.0,0.0,0.0
2025-01-27 08:00:00+00:00,-0.003012748,0.0,-0.0,-0.0
2025-01-27 09:00:00+00:00,-0.000798388,0.0,0.0,0.0
2025-01-27 10:00:00+00:00,-0.0018342033,0.0,-0.0,-0.0
2025-01-27 11:00:00+00:00,-0.00022683348,0.0,0.0,0.0
2025-01-27 12:00:00+00:00,0.00021426115,0.0,0.0,0.0
2025-01-27 13:00:00+00:00,-0.00012289756,0.0,-0.0,-0.0
2025-01-27 14:00:00+00:00,-0.00023477973,0.0,0.0,0.0
2025-01-27 15:00:00+00:00,-0.00041424338,0.0,-0.0,-0.0
2025-01-27 16:00:00+00:00,-0.00023170689,0.0,-0.0,-0.0
2025-01-27 17:00:00+00:00,-0.0013100213,0.0,-0.0,-0.0
2025-01-27 18:00:00+00:00,-0.0011159353,0.0,0.0,0.0
2025-01-27 19:00:00+00:00,-0.00015475196,0.0,0.0,0.0
2025-01-27 20:00:00+00:00,0.00039833252,0.0,0.0,0.0
2025-01-27 21:00:00+00:00,0.00019088137,0.0,-0.0,-0.0
2025-01-27 22:00:00+00:00,0.0009133799,0.0,0.0,0.0
2025-01-27 23:00:00+00:00,0.0005783149,0.0,0.0,0.0
2025-01-28 00:00:00+00:00,-0.0003461413,0.0,-0.0,-0.0
2025-01-28 01:00:00+00:00,-0.00038638696,0.0,-0.0,-0.0
2025-01-28 02:00:00+00:00,-0.0001693524,0.0,0.0,0.0
2025-01-28 03:00:00+00:00,-0.0003897381,0.0,0.0,0.0
2025-01-28 04:00:00+00:00,4.3121645e-08,0.0,0.0,0.0
2025-01-28 05:00:00+00:00,4.2900538e-05,0.0,0.0,0.0
2025-01-28 06:00:00+00:00,4.2900538e-05,0.0,-0.0,-0.0
2025-01-28 07:00:00+00:00,4.2900538e-05,0.0,0.0,0.0
2025-01-28 08:00:00+00:00,-0.0003897381,0.0,0.0,0.0
2025-01-28 09:00:00+00:00,-0.0003897381,0.0,0.0,0.0
2025-01-28 10:00:00+00:00,-0.00023046127,0.0,-0.0,-0.0
2025-01-28 11:00:00+00:00,-0.00023046127,0.0,0.0,0.0
2025-01-28 12:00:00+00:00,6.0884453e-05,0.0,-0.0,-0.0
2025-01-28 13:00:00+00:00,6.0884453e-05,0.0,-0.0,-0.0
2025-01-28 14:00:00+00:00,7.800702e-07,0.0,0.0,0.0
2025-01-28 15:00:00+00:00,7.800702e-07,0.0,0.0,0.0
2025-01-28 16:00:00+00:00,-0.0003150025,0.0,-0.0,-0.0
2025-01-28 17:00:00+00:00,-0.0003150025,0.0,0.0,0.0
2025-01-28 18:00:00+00:00,-0.0003150025,0.0,-0.0,-0.0
2025-01-28 19:00:00+00:00,-0.00025489807,0.0,0.0,0.0
2025-01-28 20:00:00+00:00,-0.00018524648,0.0,-0.0,-0.0
2025-01-28 21:00:00+00:00,0.0003630669,0.0,-0.0,-0.0
2025-01-28 22:00:00+00:00,0.00025479222,0.0,0.0,0.0
2025-01-28 23:00:00+00:00,-7.424214e-05,0.0,0.0,0.0
2025-01-29 00:00:00+00:00,0.00011789102,0.0,0.0,0.0
2025-01-29 01:00:00+00:00,8.228501e-05,0.0,0.0,0.0
2025-01-29 02:00:00+00:00,0.00020018309,0.0,-0.0,-0.0
2025-01-29 03:00:00+00:00,0.0002418208,0.0,0.0,0.0
2025-01-29 04:00:00+00:00,0.0002418208,0.0,-0.0,-0.0
2025-01-29 05:00:00+00:00,0.0002418208,0.0,0.0,0.0
2025-01-29 06:00:00+00:00,0.00014151739,0.0,0.0,0.0
2025-01-29 07:00:00+00:00,0.00021824108,0.0,-0.0,-0.0
2025-01-29 08:00:00+00:00,-0.00019371598,0.0,-0.0,-0.0
2025-01-29 09:00:00+00:00,-0.00017013626,0.0,-0.0,-0.0
2025-01-29 10:00:00+00:00,-0.00019371598,0.0,0.0,0.0
2025-01-29 11:00:00+00:00,-0.00019371598,0.0,0.0,0.0
2025-01-29 12:00:00+00:00,-0.00019371598,0.0,-0.0,-0.0
2025-01-29 13:00:00+00:00,-0.00031113342,0.0,-0.0,-0.0
2025-01-29 14:00:00+00:00,-0.00031113342,0.0,0.0,0.0
2025-01-29 15:00:00+00:00,-0.00017013626,0.0,-0.0,-0.0
2025-01-29 16:00:00+00:00,-0.00019371598,0.0,0.0,0.0
2025-01-29 17:00:00+00:00,-0.00019371598,0.0,0.0,0.0
2025-01-29 18:00:00+00:00,-0.00047066924,0.0,0.0,0.0
2025-01-29 19:00:00+00:00,-0.00044353976,0.0,0.0,0.0
2025-01-29 20:00:00+00:00,-0.00047066924,0.0,0.0,0.0
2025-01-29 21:00:00+00:00,-0.00047066924,0.0,-0.0,-0.0
2025-01-29 22:00:00+00:00,-0.00032967198,0.0,-0.0,-0.0
2025-01-29 23:00:00+00:00,-0.00032967198,0.0,0.0,0.0
2025-01-30 00:00:00+00:00,-0.0005388474,0.0,0.0,0.0
2025-01-30 01:00:00+00:00,-0.00050230045,0.0,0.0,0.0
2025-01-30 02:00:00+00:00,-0.00050230045,0.0,0.0,0.0
2025-01-30 03:00:00+00:00,3.1548567e-05,0.0,0.0,0.0
2025-01-30 04:00:00+00:00,9.1652924e-05,0.0,0.0,0.0
2025-01-30 05:00:00+00:00,9.1652924e-05,0.0,-0.0,-0.0
2025-01-30 06:00:00+00:00,-0.00062377064,0.0,-0.0,-0.0
2025-01-30 07:00:00+00:00,-0.00062377064,0.0,-0.0,-0.0
2025-01-30 08:00:00+00:00,-0.00062377064,0.0,-0.0,-0.0
2025-01-30 09:00:00+00:00,-0.00062377064,0.0,0.0,0.0
2025-01-30 10:00:00+00:00,-0.00062377064,0.0,-0.0,-0.0
2025-01-30 11:00:00+00:00,-0.00062377064,0.0,-0.0,-0.0
2025-01-30 12:00:00+00:00,-0.00062377064,0.0,-0.0,-0.0
2025-01-30 13:00:00+00:00,-0.00062377064,0.0,-0.0,-0.0
2025-01-30 14:00:00+00:00,-0.0006567455,0.0,0.0,0.0
2025-01-30 15:00:00+00:00,-0.00068387506,0.0,-0.0,-0.0
2025-01-30 16:00:00+00:00,-0.00062377064,0.0,0.0,0.0
2025-01-30 17:00:00+00:00,-0.00068387506,0.0,-0.0,-0.0
2025-01-30 18:00:00+00:00,-0.00062377064,0.0,0.0,0.0
2025-01-30 19:00:00+00:00,-0.00062377064,0.0,0.0,0.0
2025-01-30 20:00:00+00:00,-0.00068387506,0.0,-0.0,-0.0
2025-01-30 21:00:00+00:00,-0.00062377064,0.0,0.0,0.0
2025-01-30 22:00:00+00:00,-0.00062377064,0.0,0.0,0.0
2025-01-30 23:00:00+00:00,-0.00062377064,0.0,-0.0,-0.0
2025-01-31 00:00:00+00:00,-5.5854503e-05,0.0,0.0,0.0
2025-01-31 01:00:00+00:00,-5.5854503e-05,0.0,-0.0,-0.0
2025-01-31 02:00:00+00:00,0.00072572974,0.0,-0.0,-0.0
2025-01-31 03:00:00+00:00,-6.657822e-05,0.0,-0.0,-0.0
2025-01-31 04:00:00+00:00,0.0006406724,0.0,-0.0,-0.0
2025-01-31 05:00:00+00:00,6.553738e-05,0.0,0.0,0.0
2025-01-31 06:00:00+00:00,-6.473846e-06,0.0,0.0,0.0
2025-01-31 07:00:00+00:00,0.00028386674,0.0,-0.0,-0.0
2025-01-31 08:00:00+00:00,0.0006757014,0.0,-0.0,-0.0
2025-01-31 09:00:00+00:00,6.553738e-05,0.0,0.0,0.0
2025-01-31 10:00:00+00:00,6.553738e-05,0.0,0.0,0.0
2025-01-31 11:00:00+00:00,6.7134315e-05,0.0,0.0,0.0
2025-01-31 12:00:00+00:00,4.3554588e-05,0.0,-0.0,-0.0
2025-01-31 13:00:00+00:00,4.3554588e-05,0.0,-0.0,-0.0
2025-01-31 14:00:00+00:00,-6.657822e-05,0.0,-0.0,-0.0
2025-01-31 15:00:00+00:00,4.7126632e-05,0.0,0.0,0.0
2025-01-31 16:00:00+00:00,4.357689e-05,0.0,-0.0,-0.0
2025-01-31 17:00:00+00:00,6.7134315e-05,0.0,-0.0,-0.0
2025-01-31 18:00:00+00:00,0.00027906615,0.0,-0.0,-0.0
2025-01-31 19:00:00+00:00,0.00011349766,0.0,-0.0,-0.0
2025-01-31 20:00:00+00:00,0.00011349766,0.0,-0.0,-0.0
2025-01-31 21:00:00+00:00,-0.00019133466,0.0,0.0,0.0
2025-01-31 22:00:00+00:00,-0.00010682387,0.0,0.0,0.0
2025-01-31 23:00:00+00:00,-4.8111564e-05,0.0,0.0,0.0
2025-02-01 00:00:00+00:00,-0.00017487325,0.0,0.0,0.0
2025-02-01 01:00:00+00:00,-0.000120759185,0.0,0.0,0.0
2025-02-01 02:00:00+00:00,-0.00017487325,0.0,-0.0,-0.0
2025-02-01 03:00:00+00:00,-0.0005321412,0.0,-0.0,-0.0
2025-02-01 04:00:00+00:00,-0.0006018189,0.0,0.0,0.0
2025-02-01 05:00:00+00:00,-0.00017487325,0.0,0.0,0.0
2025-02-01 06:00:00+00:00,-0.00043439644,0.0,-0.0,-0.0
2025-02-01 07:00:00+00:00,-0.0006018189,0.0,-0.0,-0.0
2025-02-01 08:00:00+00:00,0.00012139574,0.0,-0.0,-0.0
2025-02-01 09:00:00+00:00,0.00061681704,0.0,-0.0,-0.0
2025-02-01 10:00:00+00:00,0.00065295683,0.0,-0.0,-0.0
2025-02-01 11:00:00+00:00,0.00017323291,0.0,0.0,0.0
2025-02-01 12:00:00+00:00,7.289575e-05,0.0,0.0,0.0
2025-02-01 13:00:00+00:00,0.00022173287,0.0,-0.0,-0.0
2025-02-01 14:00:00+00:00,0.0005882135,0.0,-0.0,-0.0
2025-02-01 15:00:00+00:00,0.00017323291,0.0,0.0,0.0
2025-02-01 16:00:00+00:00,0.00023788543,0.0,-0.0,-0.0
2025-02-01 17:00:00+00:00,0.00023788543,0.0,0.0,0.0
2025-02-01 18:00:00+00:00,0.00014761343,0.0,-0.0,-0.0
2025-02-01 19:00:00+00:00,0.00011140059,0.0,-0.0,-0.0
2025-02-01 20:00:00+00:00,9.670794e-05,0.0,-0.0,-0.0
2025-02-01 21:00:00+00:00,4.364438e-05,0.0,-0.0,-0.0
2025-02-01 22:00:00+00:00,0.00015165533,0.0,-0.0,-0.0
2025-02-01 23:00:00+00:00,-0.00014672174,0.0,-0.0,-0.0
2025-02-02 00:00:00+00:00,4.364438e-05,0.0,0.0,0.0
2025-02-02 01:00:00+00:00,0.00014761343,0.0,0.0,0.0
2025-02-02 02:00:00+00:00,0.00060967234,0.0,-0.0,-0.0
2025-02-02 03:00:00+00:00,0.00019437274,0.0,-0.0,-0.0
2025-02-02 04:00:00+00:00,7.2239627e-06,0.0,0.0,0.0
2025-02-02 05:00:00+00:00,0.0006333452,0.0,0.0,0.0
2025-02-02 06:00:00+00:00,0.00023090451,0.0,0.0,0.0
2025-02-02 07:00:00+00:00,0.00023090451,0.0,-0.0,-0.0
2025-02-02 08:00:00+00:00,0.00023090451,0.0,0.0,0.0
2025-02-02 09:00:00+00:00,0.00023090451,0.0,-0.0,-0.0
2025-02-02 10:00:00+00:00,0.00027940457,0.0,-0.0,-0.0
2025-02-02 11:00:00+00:00,-0.0006841428,0.0,-0.0,-0.0
2025-02-02 12:00:00+00:00,3.9403363e-05,0.0,-0.0,-0.0
2025-02-02 13:00:00+00:00,0.0001947648,0.0,0.0,0.0
2025-02-02 14:00:00+00:00,-0.00070180855,0.0,0.0,0.0
2025-02-02 15:00:00+00:00,-0.00066566875,0.0,0.0,0.0
2025-02-02 16:00:00+00:00,0.00033022233,0.0,0.0,0.0
2025-02-02 17:00:00+00:00,-0.0005999068,0.0,-0.0,-0.0
2025-02-02 18:00:00+00:00,-0.0002805372,0.0,-0.0,-0.0
2025-02-02 19:00:00+00:00,-0.0004949344,0.0,0.0,0.0
2025-02-02 20:00:00+00:00,-0.0007072995,0.0,-0.0,-0.0
2025-02-02 21:00:00+00:00,-0.0005856395,0.0,-0.0,-0.0
2025-02-02 22:00:00+00:00,-0.00057797873,0.0,0.0,0.0
2025-02-02 23:00:00+00:00,-0.0007434393,0.0,-0.0,-0.0
2025-02-03 00:00:00+00:00,-0.0011468828,0.0,-0.0,-0.0
2025-02-03 01:00:00+00:00,-0.0013247293,0.0,-0.0,-0.0
2025-02-03 02:00:00+00:00,-0.00037654745,0.0,0.0,0.0
2025-02-03 03:00:00+00:00,0.00045319705,0.0,0.0,0.0
2025-02-03 04:00:00+00:00,0.0011548182,0.0,-0.0,-0.0
2025-02-03 05:00:00+00:00,0.0027199755,0.0,0.0,0.0
2025-02-03 06:00:00+00:00,0.0029334833,0.0,-0.0,-0.0
2025-02-03 07:00:00+00:00,0.0014155172,0.0,0.0,0.0
2025-02-03 08:00:00+00:00,0.0014523416,0.0,0.0,0.0
2025-02-03 09:00:00+00:00,0.0014523416,0.0,-0.0,-0.0
2025-02-03 10:00:00+00:00,0.002048055,0.0,0.0,0.0
2025-02-03 11:00:00+00:00,0.0022289099,0.0,-0.0,-0.0
2025-02-03 12:00:00+00:00,0.0022289099,0.0,-0.0,-0.0
2025-02-03 13:00:00+00:00,0.0019537923,0.0,-0.0,-0.0
2025-02-03 14:00:00+00:00,0.0017904866,0.0,0.0,0.0
2025-02-03 15:00:00+00:00,0.0011556702,0.0,0.0,0.0
2025-02-03 16:00:00+00:00,0.0010553661,0.0,-0.0,-0.0
2025-02-03 17:00:00+00:00,0.0020248964,0.0,0.0,0.0
2025-02-03 18:00:00+00:00,0.0020153038,0.0,0.0,0.0
2025-02-03 19:00:00+00:00,0.0025133195,0.0,0.0,0.0
2025-02-03 20:00:00+00:00,0.001964682,0.0,-0.0,-0.0
2025-02-03 21:00:00+00:00,0.0020733054,0.0,0.0,0.0
2025-02-03 22:00:00+00:00,0.0027432663,0.0,-0.0,-0.0
2025-02-03 23:00:00+00:00,0.0024726733,0.0,-0.0,-0.0
2025-02-04 00:00:00+00:00,0.0019819792,0.0,-0.0,-0.0
2025-02-04 01:00:00+00:00,0.0014022342,0.0,0.0,0.0
2025-02-04 02:00:00+00:00,-8.501164e-05,0.0,-0.0,-0.0
2025-02-04 03:00:00+00:00,-0.00032287848,0.0,-0.0,-0.0
2025-02-04 04:00:00+00:00,-0.00027391216,0.0,-0.0,-0.0
2025-02-04 05:00:00+00:00,-0.0001760697,0.0,-0.0,-0.0
2025-02-04 06:00:00+00:00,-0.00027391216,0.0,0.0,0.0
2025-02-04 07:00:00+00:00,-0.00024386926,0.0,-0.0,-0.0
2025-02-04 08:00:00+00:00,-0.00018751764,0.0,-0.0,-0.0
2025-02-04 09:00:00+00:00,-0.00018759076,0.0,0.0,0.0
2025-02-04 10:00:00+00:00,-0.00024836624,0.0,0.0,0.0
2025-02-04 11:00:00+00:00,-0.00021763357,0.0,0.0,0.0
2025-02-04 12:00:00+00:00,-0.0003072989,0.0,0.0,0.0
2025-02-04 13:00:00+00:00,-0.00036583422,0.0,-0.0,-0.0
2025-02-04 14:00:00+00:00,-0.00014912678,0.0,0.0,0.0
2025-02-04 15:00:00+00:00,-7.707291e-05,0.0,-0.0,-0.0
2025-02-04 16:00:00+00:00,-4.093319e-05,0.0,-0.0,-0.0
2025-02-04 17:00:00+00:00,0.00011361049,0.0,0.0,0.0
2025-02-04 18:00:00+00:00,0.00011795997,0.0,0.0,0.0
2025-02-04 19:00:00+00:00,0.00017209227,0.0,-0.0,-0.0
2025-02-04 20:00:00+00:00,0.00017209227,0.0,-0.0,-0.0
2025-02-04 21:00:00+00:00,0.0005890634,0.0,-0.0,-0.0
2025-02-04 22:00:00+00:00,0.00012980864,0.0,0.0,0.0
2025-02-04 23:00:00+00:00,-8.255648e-05,0.0,0.0,0.0
2025-02-05 00:00:00+00:00,-3.54715e-05,0.0,0.0,0.0
2025-02-05 01:00:00+00:00,8.383915e-05,0.0,-0.0,-0.0
2025-02-05 02:00:00+00:00,-1.30759145e-05,0.0,0.0,0.0
2025-02-05 03:00:00+00:00,0.00022865644,0.0,0.0,0.0
2025-02-05 04:00:00+00:00,0.00035569473,0.0,0.0,0.0
2025-02-05 05:00:00+00:00,0.0002654228,0.0,0.0,0.0
2025-02-05 06:00:00+00:00,0.00035569473,0.0,-0.0,-0.0
2025-02-05 07:00:00+00:00,0.00035061862,0.0,0.0,0.0
2025-02-05 08:00:00+00:00,0.00035061862,0.0,-0.0,-0.0
2025-02-05 09:00:00+00:00,0.00035061862,0.0,-0.0,-0.0
2025-02-05 10:00:00+00:00,0.00035061862,0.0,0.0,0.0
2025-02-05 11:00:00+00:00,0.00035061862,0.0,0.0,0.0
2025-02-05 12:00:00+00:00,0.00040467788,0.0,-0.0,-0.0
2025-02-05 13:00:00+00:00,0.0002920833,0.0,0.0,0.0
2025-02-05 14:00:00+00:00,0.00034621567,0.0,-0.0,-0.0
2025-02-05 15:00:00+00:00,0.00025594368,0.0,-0.0,-0.0
2025-02-05 16:00:00+00:00,0.00023730268,0.0,-0.0,-0.0
2025-02-05 17:00:00+00:00,0.0003637144,0.0,-0.0,-0.0
2025-02-05 18:00:00+00:00,0.00014616647,0.0,-0.0,-0.0
2025-02-05 19:00:00+00:00,0.00080236804,0.0,0.0,0.0
2025-02-05 20:00:00+00:00,0.0003637144,0.0,-0.0,-0.0
2025-02-05 21:00:00+00:00,0.00018387078,0.0,-0.0,-0.0
2025-02-05 22:00:00+00:00,0.000688423,0.0,-0.0,-0.0
2025-02-05 23:00:00+00:00,0.00027344236,0.0,0.0,0.0
2025-02-06 00:00:00+00:00,0.00011136977,0.0,0.0,0.0
2025-02-06 01:00:00+00:00,2.535916e-05,0.0,0.0,0.0
2025-02-06 02:00:00+00:00,2.535916e-05,0.0,0.0,0.0
2025-02-06 03:00:00+00:00,2.535916e-05,0.0,-0.0,-0.0
2025-02-06 04:00:00+00:00,2.535916e-05,0.0,0.0,0.0
2025-02-06 05:00:00+00:00,1.0593387e-05,0.0,0.0,0.0
2025-02-06 06:00:00+00:00,-6.4212574e-05,0.0,0.0,0.0
2025-02-06 07:00:00+00:00,-6.4212574e-05,0.0,-0.0,-0.0
2025-02-06 08:00:00+00:00,-8.285355e-05,0.0,0.0,0.0
2025-02-06 09:00:00+00:00,-0.00012737213,0.0,0.0,0.0
2025-02-06 10:00:00+00:00,-0.00012737213,0.0,0.0,0.0
2025-02-06 11:00:00+00:00,-0.00011899326,0.0,-0.0,-0.0
2025-02-06 12:00:00+00:00,-4.125145e-05,0.0,-0.0,-0.0
2025-02-06 13:00:00+00:00,-8.538228e-05,0.0,0.0,0.0
2025-02-06 14:00:00+00:00,-5.2267e-05,0.0,-0.0,-0.0
2025-02-06 15:00:00+00:00,3.8958522e-05,0.0,-0.0,-0.0
2025-02-06 16:00:00+00:00,-3.3536784e-05,0.0,-0.0,-0.0
2025-02-06 17:00:00+00:00,5.759951e-05,0.0,0.0,0.0
2025-02-06 18:00:00+00:00,-6.3033476e-05,0.0,-0.0,-0.0
2025-02-06 19:00:00+00:00,0.0005360511,0.0,-0.0,-0.0
2025-02-06 20:00:00+00:00,0.0005987622,0.0,0.0,0.0
2025-02-06 21:00:00+00:00,0.00014534293,0.0,-0.0,-0.0
2025-02-06 22:00:00+00:00,7.0536975e-05,0.0,0.0,0.0
2025-02-06 23:00:00+00:00,0.0001557592,0.0,-0.0,-0.0
2025-02-07 00:00:00+00:00,0.00014534293,0.0,-0.0,-0.0
2025-02-07 01:00:00+00:00,0.00055079255,0.0,0.0,0.0
2025-02-07 02:00:00+00:00,0.00011213909,0.0,0.0,0.0
2025-02-07 03:00:00+00:00,0.00012654356,0.0,-0.0,-0.0
2025-02-07 04:00:00+00:00,8.456754e-05,0.0,-0.0,-0.0
2025-02-07 05:00:00+00:00,9.933331e-05,0.0,-0.0,-0.0
2025-02-07 06:00:00+00:00,0.00018960537,0.0,-0.0,-0.0
2025-02-07 07:00:00+00:00,0.00018960537,0.0,-0.0,-0.0
2025-02-07 08:00:00+00:00,4.3054883e-05,0.0,0.0,0.0
2025-02-07 09:00:00+00:00,0.00013332689,0.0,0.0,0.0
2025-02-07 10:00:00+00:00,0.00013332689,0.0,-0.0,-0.0
2025-02-07 11:00:00+00:00,4.3054883e-05,0.0,0.0,0.0
2025-02-07 12:00:00+00:00,4.3054883e-05,0.0,0.0,0.0
2025-02-07 13:00:00+00:00,0.00012220044,0.0,0.0,0.0
2025-02-07 14:00:00+00:00,0.0004501335,0.0,0.0,0.0
2025-02-07 15:00:00+00:00,0.00023026626,0.0,-0.0,-0.0
2025-02-07 16:00:00+00:00,-0.00021021954,0.0,-0.0,-0.0
2025-02-07 17:00:00+00:00,-0.000173283,0.0,-0.0,-0.0
2025-02-07 18:00:00+00:00,-0.00021029264,0.0,0.0,0.0
2025-02-07 19:00:00+00:00,-0.00012717515,0.0,-0.0,-0.0
2025-02-07 20:00:00+00:00,0.0007468842,0.0,-0.0,-0.0
2025-02-07 21:00:00+00:00,0.0004218226,0.0,0.0,0.0
2025-02-07 22:00:00+00:00,0.00041479262,0.0,0.0,0.0
2025-02-07 23:00:00+00:00,3.8705402e-05,0.0,0.0,0.0
2025-02-08 00:00:00+00:00,8.816602e-05,0.0,0.0,0.0
2025-02-08 01:00:00+00:00,0.00013613563,0.0,-0.0,-0.0
2025-02-08 02:00:00+00:00,0.00010547618,0.0,0.0,0.0
2025-02-08 03:00:00+00:00,0.00013613563,0.0,-0.0,-0.0
2025-02-08 04:00:00+00:00,0.00013613563,0.0,-0.0,-0.0
2025-02-08 05:00:00+00:00,0.00013613563,0.0,-0.0,-0.0
2025-02-08 06:00:00+00:00,0.00055111625,0.0,-0.0,-0.0
2025-02-08 07:00:00+00:00,0.00013613563,0.0,0.0,0.0
2025-02-08 08:00:00+00:00,0.00069038896,0.0,-0.0,-0.0
2025-02-08 09:00:00+00:00,0.00011749466,0.0,0.0,0.0
2025-02-08 10:00:00+00:00,0.00048923254,0.0,-0.0,-0.0
2025-02-08 11:00:00+00:00,0.00025626668,0.0,0.0,0.0
2025-02-08 12:00:00+00:00,0.0005795045,0.0,-0.0,-0.0
2025-02-08 13:00:00+00:00,0.00020776673,0.0,0.0,0.0
2025-02-08 14:00:00+00:00,0.00020776673,0.0,-0.0,-0.0
2025-02-08 15:00:00+00:00,0.00058653444,0.0,-0.0,-0.0
2025-02-08 16:00:00+00:00,0.0006057507,0.0,0.0,0.0
2025-02-08 17:00:00+00:00,0.0005154788,0.0,0.0,0.0
2025-02-08 18:00:00+00:00,0.0005154788,0.0,0.0,0.0
2025-02-08 19:00:00+00:00,0.00033983652,0.0,0.0,0.0
2025-02-08 20:00:00+00:00,2.0340865e-05,0.0,-0.0,-0.0
2025-02-08 21:00:00+00:00,2.792297e-05,0.0,0.0,0.0
2025-02-08 22:00:00+00:00,2.792297e-05,0.0,-0.0,-0.0
2025-02-08 23:00:00+00:00,0.0003502528,0.0,-0.0,-0.0
2025-02-09 00:00:00+00:00,0.00010272885,0.0,0.0,0.0
2025-02-09 01:00:00+00:00,-8.2898405e-06,0.0,0.0,0.0
2025-02-09 02:00:00+00:00,0.00011314515,0.0,-0.0,-0.0
2025-02-09 03:00:00+00:00,-0.00010862703,0.0,0.0,0.0
2025-02-09 04:00:00+00:00,-0.00011693287,0.0,-0.0,-0.0
2025-02-09 05:00:00+00:00,-1.65957e-05,0.0,-0.0,-0.0
2025-02-09 06:00:00+00:00,-1.65957e-05,0.0,-0.0,-0.0
2025-02-09 07:00:00+00:00,-1.65957e-05,0.0,0.0,0.0
2025-02-09 08:00:00+00:00,2.0452785e-06,0.0,0.0,0.0
2025-02-09 09:00:00+00:00,2.0452785e-06,0.0,-0.0,-0.0
2025-02-09 10:00:00+00:00,-3.416753e-05,0.0,-0.0,-0.0
2025-02-09 11:00:00+00:00,-8.998603e-05,0.0,-0.0,-0.0
2025-02-09 12:00:00+00:00,-5.3773212e-05,0.0,-0.0,-0.0
2025-02-09 13:00:00+00:00,-8.148554e-05,0.0,-0.0,-0.0
2025-02-09 14:00:00+00:00,6.635769e-05,0.0,0.0,0.0
2025-02-09 15:00:00+00:00,1.0351137e-05,0.0,0.0,0.0
2025-02-09 16:00:00+00:00,-0.000110051675,0.0,-0.0,-0.0
2025-02-09 17:00:00+00:00,-7.1458555e-05,0.0,-0.0,-0.0
2025-02-09 18:00:00+00:00,-3.524574e-05,0.0,0.0,0.0
2025-02-09 19:00:00+00:00,-2.0479974e-05,0.0,-0.0,-0.0
2025-02-09 20:00:00+00:00,-7.1458555e-05,0.0,0.0,0.0
2025-02-09 21:00:00+00:00,-0.00014775597,0.0,-0.0,-0.0
2025-02-09 22:00:00+00:00,0.00019188519,0.0,0.0,0.0
2025-02-09 23:00:00+00:00,0.00037761132,0.0,0.0,0.0
2025-02-10 00:00:00+00:00,-7.381829e-05,0.0,0.0,0.0
2025-02-10 01:00:00+00:00,-2.5935717e-05,0.0,-0.0,-0.0
2025-02-10 02:00:00+00:00,-0.000116280884,0.0,0.0,0.0
2025-02-10 03:00:00+00:00,0.0001322971,0.0,0.0,0.0
2025-02-10 04:00:00+00:00,-0.00013962742,0.0,0.0,0.0
2025-02-10 05:00:00+00:00,-0.00012055729,0.0,0.0,0.0
2025-02-10 06:00:00+00:00,-0.00012803772,0.0,0.0,0.0
2025-02-10 07:00:00+00:00,-0.0001696398,0.0,0.0,0.0
2025-02-10 08:00:00+00:00,-0.00020577952,0.0,0.0,0.0
2025-02-10 09:00:00+00:00,-0.00021415847,0.0,-0.0,-0.0
2025-02-10 10:00:00+00:00,-0.00021415847,0.0,0.0,0.0
2025-02-10 11:00:00+00:00,-0.00021415847,0.0,-0.0,-0.0
2025-02-10 12:00:00+00:00,-0.00021415847,0.0,-0.0,-0.0
2025-02-10 13:00:00+00:00,-4.882828e-06,0.0,0.0,0.0
2025-02-10 14:00:00+00:00,-0.00025029818,0.0,-0.0,-0.0
2025-02-10 15:00:00+00:00,-0.000112454116,0.0,-0.0,-0.0
2025-02-10 16:00:00+00:00,-0.00013259282,0.0,0.0,0.0
2025-02-10 17:00:00+00:00,-6.4836604e-05,0.0,0.0,0.0
2025-02-10 18:00:00+00:00,-6.4836604e-05,0.0,0.0,0.0
2025-02-10 19:00:00+00:00,-3.225565e-05,0.0,-0.0,-0.0
2025-02-10 20:00:00+00:00,-0.0001234812,0.0,-0.0,-0.0
2025-02-10 21:00:00+00:00,-0.0001676175,0.0,0.0,0.0
2025-02-10 22:00:00+00:00,-0.0001234812,0.0,0.0,0.0
2025-02-10 23:00:00+00:00,-5.572496e-05,0.0,0.0,0.0
2025-02-11 00:00:00+00:00,-2.209564e-05,0.0,0.0,0.0
2025-02-11 01:00:00+00:00,-6.1778854e-05,0.0,0.0,0.0
2025-02-11 02:00:00+00:00,-6.1778854e-05,0.0,-0.0,-0.0
2025-02-11 03:00:00+00:00,-1.7642536e-05,0.0,-0.0,-0.0
2025-02-11 04:00:00+00:00,-0.00011797969,0.0,0.0,0.0
2025-02-11 05:00:00+00:00,0.000103219354,0.0,0.0,0.0
2025-02-11 06:00:00+00:00,0.0003154721,0.0,0.0,0.0
2025-02-11 07:00:00+00:00,-0.00029328084,0.0,-0.0,-0.0
2025-02-11 08:00:00+00:00,-0.00021181045,0.0,-0.0,-0.0
2025-02-11 09:00:00+00:00,-0.00024876217,0.0,-0.0,-0.0
2025-02-11 10:00:00+00:00,-3.185897e-05,0.0,-0.0,-0.0
2025-02-11 11:00:00+00:00,-7.346106e-05,0.0,0.0,0.0
2025-02-11 12:00:00+00:00,-0.00010960073,0.0,-0.0,-0.0
2025-02-11 13:00:00+00:00,-0.000108688444,0.0,-0.0,-0.0
2025-02-11 14:00:00+00:00,8.9011606e-05,0.0,0.0,0.0
2025-02-11 15:00:00+00:00,-0.00010255107,0.0,0.0,0.0
2025-02-11 16:00:00+00:00,0.0006089956,0.0,0.0,0.0
2025-02-11 17:00:00+00:00,0.00036729663,0.0,-0.0,-0.0
2025-02-11 18:00:00+00:00,0.00024993575,0.0,-0.0,-0.0
2025-02-11 19:00:00+00:00,0.00047378088,0.0,-0.0,-0.0
2025-02-11 20:00:00+00:00,-6.104288e-05,0.0,0.0,0.0
2025-02-11 21:00:00+00:00,4.767247e-05,0.0,0.0,0.0
2025-02-11 22:00:00+00:00,0.00018620362,0.0,-0.0,-0.0
2025-02-11 23:00:00+00:00,0.0001861304,0.0,0.0,0.0
2025-02-12 00:00:00+00:00,0.00034161287,0.0,0.0,0.0
2025-02-12 01:00:00+00:00,0.00034161287,0.0,0.0,0.0
2025-02-12 02:00:00+00:00,0.00034161287,0.0,-0.0,-0.0
2025-02-12 03:00:00+00:00,0.00044202313,0.0,-0.0,-0.0
2025-02-12 04:00:00+00:00,0.00044195002,0.0,0.0,0.0
2025-02-12 05:00:00+00:00,0.00034161287,0.0,0.0,0.0
2025-02-12 06:00:00+00:00,0.00034161287,0.0,-0.0,-0.0
2025-02-12 07:00:00+00:00,0.00034161287,0.0,0.0,0.0
2025-02-12 08:00:00+00:00,0.00034161287,0.0,0.0,0.0
2025-02-12 09:00:00+00:00,0.00034161287,0.0,-0.0,-0.0
2025-02-12 10:00:00+00:00,0.00034161287,0.0,-0.0,-0.0
2025-02-12 11:00:00+00:00,0.00034161287,0.0,0.0,0.0
2025-02-12 12:00:00+00:00,0.00034161287,0.0,-0.0,-0.0
2025-02-12 13:00:00+00:00,0.00040581034,0.0,-0.0,-0.0
2025-02-12 14:00:00+00:00,0.0006543151,0.0,0.0,0.0
2025-02-12 15:00:00+00:00,0.00021520116,0.0,0.0,0.0
2025-02-12 16:00:00+00:00,0.00030752533,0.0,0.0,0.0
2025-02-12 17:00:00+00:00,-9.901852e-05,0.0,0.0,0.0
2025-02-12 18:00:00+00:00,-7.792965e-06,0.0,-0.0,-0.0
2025-02-12 19:00:00+00:00,-0.00014315483,0.0,0.0,0.0
2025-02-12 20:00:00+00:00,-7.792965e-06,0.0,-0.0,-0.0
2025-02-12 21:00:00+00:00,-0.00015242594,0.0,0.0,0.0
2025-02-12 22:00:00+00:00,-0.00023351399,0.0,0.0,0.0
2025-02-12 23:00:00+00:00,6.920759e-07,0.0,0.0,0.0
2025-02-13 00:00:00+00:00,-0.00042044235,0.0,-0.0,-0.0
2025-02-13 01:00:00+00:00,0.0002054665,0.0,0.0,0.0
2025-02-13 02:00:00+00:00,-0.00037421953,0.0,-0.0,-0.0
2025-02-13 03:00:00+00:00,-0.00028299398,0.0,0.0,0.0
2025-02-13 04:00:00+00:00,-0.00023885758,0.0,-0.0,-0.0
2025-02-13 05:00:00+00:00,-0.00019129952,0.0,-0.0,-0.0
2025-02-13 06:00:00+00:00,-0.0001413916,0.0,-0.0,-0.0
2025-02-13 07:00:00+00:00,-6.163179e-05,0.0,0.0,0.0
2025-02-13 08:00:00+00:00,-0.00023869066,0.0,-0.0,-0.0
2025-02-13 09:00:00+00:00,-9.0847454e-05,0.0,0.0,0.0
2025-02-13 10:00:00+00:00,-4.9147493e-06,0.0,-0.0,-0.0
2025-02-13 11:00:00+00:00,2.836222e-05,0.0,-0.0,-0.0
2025-02-13 12:00:00+00:00,2.828911e-05,0.0,-0.0,-0.0
2025-02-13 13:00:00+00:00,-0.00012717515,0.0,0.0,0.0
2025-02-13 14:00:00+00:00,-0.0001413916,0.0,-0.0,-0.0
2025-02-13 15:00:00+00:00,-0.0001413916,0.0,0.0,0.0
2025-02-13 16:00:00+00:00,0.00062602264,0.0,-0.0,-0.0
2025-02-13 17:00:00+00:00,8.9268186e-05,0.0,0.0,0.0
2025-02-13 18:00:00+00:00,-4.848876e-05,0.0,0.0,0.0
2025-02-13 19:00:00+00:00,4.1856387e-05,0.0,-0.0,-0.0
2025-02-13 20:00:00+00:00,0.0003901648,0.0,0.0,0.0
2025-02-13 21:00:00+00:00,-4.8415666e-05,0.0,0.0,0.0
2025-02-13 22:00:00+00:00,4.17833e-05,0.0,-0.0,-0.0
2025-02-13 23:00:00+00:00,-4.848876e-05,0.0,0.0,0.0
2025-02-14 00:00:00+00:00,-4.848876e-05,0.0,0.0,0.0
2025-02-14 01:00:00+00:00,8.9268186e-05,0.0,-0.0,-0.0
2025-02-14 02:00:00+00:00,-1.0038389e-06,0.0,-0.0,-0.0
2025-02-14 03:00:00+00:00,-4.848876e-05,0.0,0.0,0.0
2025-02-14 04:00:00+00:00,-6.3254556e-05,0.0,-0.0,-0.0
2025-02-14 05:00:00+00:00,-5.2838262e-05,0.0,-0.0,-0.0
2025-02-14 06:00:00+00:00,-0.0001825791,0.0,0.0,0.0
2025-02-14 07:00:00+00:00,-0.0001825791,0.0,0.0,0.0
2025-02-14 08:00:00+00:00,-0.0001825791,0.0,-0.0,-0.0
2025-02-14 09:00:00+00:00,-0.0001825791,0.0,0.0,0.0
2025-02-14 10:00:00+00:00,-0.0001825791,0.0,-0.0,-0.0
2025-02-14 11:00:00+00:00,-6.733794e-05,0.0,-0.0,-0.0
2025-02-14 12:00:00+00:00,-6.733794e-05,0.0,-0.0,-0.0
2025-02-14 13:00:00+00:00,7.6153716e-05,0.0,0.0,0.0
2025-02-14 14:00:00+00:00,0.0001225994,0.0,0.0,0.0
2025-02-14 15:00:00+00:00,3.929028e-05,0.0,-0.0,-0.0
2025-02-14 16:00:00+00:00,0.00048350164,0.0,0.0,0.0
2025-02-14 17:00:00+00:00,0.0006139959,0.0,0.0,0.0
2025-02-14 18:00:00+00:00,0.00042495475,0.0,-0.0,-0.0
2025-02-14 19:00:00+00:00,0.00042495475,0.0,-0.0,-0.0
2025-02-14 20:00:00+00:00,-0.0003138141,0.0,-0.0,-0.0
2025-02-14 21:00:00+00:00,-0.0003138141,0.0,0.0,0.0
2025-02-14 22:00:00+00:00,-0.00027695062,0.0,-0.0,-0.0
2025-02-14 23:00:00+00:00,2.8069966e-05,0.0,0.0,0.0
2025-02-15 00:00:00+00:00,-9.297861e-05,0.0,-0.0,-0.0
2025-02-15 01:00:00+00:00,0.00052514696,0.0,0.0,0.0
2025-02-15 02:00:00+00:00,0.00056209863,0.0,0.0,0.0
2025-02-15 03:00:00+00:00,0.0006066173,0.0,-0.0,-0.0
2025-02-15 04:00:00+00:00,3.7841673e-05,0.0,-0.0,-0.0
2025-02-15 05:00:00+00:00,0.00038772376,0.0,0.0,0.0
2025-02-15 06:00:00+00:00,8.23603e-05,0.0,-0.0,-0.0
2025-02-15 07:00:00+00:00,-0.00017628768,0.0,-0.0,-0.0
2025-02-15 08:00:00+00:00,0.00043224255,0.0,0.0,0.0
2025-02-15 09:00:00+00:00,0.00043224255,0.0,0.0,0.0
2025-02-15 10:00:00+00:00,0.00056966563,0.0,0.0,0.0
2025-02-15 11:00:00+00:00,0.00047877454,0.0,-0.0,-0.0
2025-02-15 12:00:00+00:00,0.00044183788,0.0,0.0,0.0
2025-02-15 13:00:00+00:00,0.00047878962,0.0,-0.0,-0.0
2025-02-15 14:00:00+00:00,0.0004863566,0.0,-0.0,-0.0
2025-02-15 15:00:00+00:00,0.0004863566,0.0,0.0,0.0
2025-02-15 16:00:00+00:00,0.00050704845,0.0,-0.0,-0.0
2025-02-15 17:00:00+00:00,4.509536e-06,0.0,-0.0,-0.0
2025-02-15 18:00:00+00:00,0.0005218143,0.0,0.0,0.0
2025-02-15 19:00:00+00:00,0.0005218143,0.0,-0.0,-0.0
2025-02-15 20:00:00+00:00,0.00043224255,0.0,0.0,0.0
2025-02-15 21:00:00+00:00,0.00052795873,0.0,0.0,0.0
2025-02-15 22:00:00+00:00,0.00043224255,0.0,-0.0,-0.0
2025-02-15 23:00:00+00:00,0.00054236315,0.0,0.0,0.0
2025-02-16 00:00:00+00:00,0.00054236315,0.0,0.0,0.0
2025-02-16 01:00:00+00:00,0.00056116254,0.0,0.0,0.0
2025-02-16 02:00:00+00:00,0.00050704845,0.0,-0.0,-0.0
2025-02-16 03:00:00+00:00,0.00050704845,0.0,0.0,0.0
2025-02-16 04:00:00+00:00,0.00051746477,0.0,-0.0,-0.0
2025-02-16 05:00:00+00:00,0.00057157886,0.0,0.0,0.0
2025-02-16 06:00:00+00:00,0.00051746477,0.0,-0.0,-0.0
2025-02-16 07:00:00+00:00,0.0004038579,0.0,-0.0,-0.0
2025-02-16 08:00:00+00:00,0.00048336695,0.0,-0.0,-0.0
2025-02-16 09:00:00+00:00,-0.000101481746,0.0,0.0,0.0
2025-02-16 10:00:00+00:00,-8.6715976e-05,0.0,-0.0,-0.0
2025-02-16 11:00:00+00:00,-0.000101481746,0.0,0.0,0.0
2025-02-16 12:00:00+00:00,0.00032826446,0.0,-0.0,-0.0
2025-02-16 13:00:00+00:00,0.00021464867,0.0,-0.0,-0.0
2025-02-16 14:00:00+00:00,-8.664283e-05,0.0,0.0,0.0
2025-02-16 15:00:00+00:00,-8.6715976e-05,0.0,-0.0,-0.0
2025-02-16 16:00:00+00:00,-8.6715976e-05,0.0,0.0,0.0
2025-02-16 17:00:00+00:00,-8.6715976e-05,0.0,-0.0,-0.0
2025-02-16 18:00:00+00:00,4.509536e-06,0.0,-0.0,-0.0
2025-02-16 19:00:00+00:00,-8.6715976e-05,0.0,0.0,0.0
2025-02-16 20:00:00+00:00,4.509536e-06,0.0,-0.0,-0.0
2025-02-16 21:00:00+00:00,4.509536e-06,0.0,0.0,0.0
2025-02-16 22:00:00+00:00,4.509536e-06,0.0,-0.0,-0.0
2025-02-16 23:00:00+00:00,0.00016791733,0.0,-0.0,-0.0
2025-02-17 00:00:00+00:00,0.0001557758,0.0,0.0,0.0
2025-02-17 01:00:00+00:00,2.648703e-05,0.0,0.0,0.0
2025-02-17 02:00:00+00:00,0.00011391671,0.0,-0.0,-0.0
2025-02-17 03:00:00+00:00,0.00020427587,0.0,-0.0,-0.0
2025-02-17 04:00:00+00:00,0.0009502123,0.0,-0.0,-0.0
2025-02-17 05:00:00+00:00,0.00015584893,0.0,0.0,0.0
2025-02-17 06:00:00+00:00,0.00011684618,0.0,0.0,0.0
2025-02-17 07:00:00+00:00,0.00016433113,0.0,-0.0,-0.0
2025-02-17 08:00:00+00:00,0.00010805267,0.0,0.0,0.0
2025-02-17 09:00:00+00:00,0.00010805267,0.0,0.0,0.0
2025-02-17 10:00:00+00:00,0.00010805267,0.0,-0.0,-0.0
2025-02-17 11:00:00+00:00,0.0001469823,0.0,-0.0,-0.0
2025-02-17 12:00:00+00:00,0.00017580893,0.0,0.0,0.0
2025-02-17 13:00:00+00:00,0.00017580893,0.0,-0.0,-0.0
2025-02-17 14:00:00+00:00,0.0001291842,0.0,0.0,0.0
2025-02-17 15:00:00+00:00,0.00015680918,0.0,-0.0,-0.0
2025-02-17 16:00:00+00:00,0.000745444,0.0,-0.0,-0.0
2025-02-17 17:00:00+00:00,0.0006183143,0.0,0.0,0.0
2025-02-17 18:00:00+00:00,0.00085476093,0.0,-0.0,-0.0
2025-02-17 19:00:00+00:00,0.0002032607,0.0,0.0,0.0
2025-02-17 20:00:00+00:00,0.00016433113,0.0,0.0,0.0
2025-02-17 21:00:00+00:00,0.00023208738,0.0,0.0,0.0
2025-02-17 22:00:00+00:00,0.00016433113,0.0,-0.0,-0.0
2025-02-17 23:00:00+00:00,0.00014956539,0.0,-0.0,-0.0
2025-02-18 00:00:00+00:00,0.0001461351,0.0,-0.0,-0.0
2025-02-18 01:00:00+00:00,0.00044763042,0.0,0.0,0.0
2025-02-18 02:00:00+00:00,0.00013136926,0.0,-0.0,-0.0
2025-02-18 03:00:00+00:00,0.0002928508,0.0,0.0,0.0
2025-02-18 04:00:00+00:00,0.00019587895,0.0,-0.0,-0.0
2025-02-18 05:00:00+00:00,0.0002464721,0.0,-0.0,-0.0
2025-02-18 06:00:00+00:00,0.00045668447,0.0,-0.0,-0.0
2025-02-18 07:00:00+00:00,0.0002464721,0.0,0.0,0.0
2025-02-18 08:00:00+00:00,0.0006615259,0.0,-0.0,-0.0
2025-02-18 09:00:00+00:00,0.0001461351,0.0,0.0,0.0
2025-02-18 10:00:00+00:00,0.0001461351,0.0,-0.0,-0.0
2025-02-18 11:00:00+00:00,0.0002464721,0.0,-0.0,-0.0
2025-02-18 12:00:00+00:00,0.00028250768,0.0,0.0,0.0
2025-02-18 13:00:00+00:00,2.3897568e-05,0.0,0.0,0.0
2025-02-18 14:00:00+00:00,0.00018513777,0.0,-0.0,-0.0
2025-02-18 15:00:00+00:00,0.0001314424,0.0,0.0,0.0
2025-02-18 16:00:00+00:00,-0.00064913847,0.0,-0.0,-0.0
2025-02-18 17:00:00+00:00,-0.0007944265,0.0,-0.0,-0.0
2025-02-18 18:00:00+00:00,-0.0014755772,0.0,-0.0,-0.0
2025-02-18 19:00:00+00:00,-0.0014247741,0.0,0.0,0.0
2025-02-18 20:00:00+00:00,-0.0010915439,0.0,0.0,0.0
2025-02-18 21:00:00+00:00,-0.0010568206,0.0,0.0,0.0
2025-02-18 22:00:00+00:00,-0.0011459257,0.0,0.0,0.0
2025-02-18 23:00:00+00:00,-0.0011606911,0.0,0.0,0.0
2025-02-19 00:00:00+00:00,-0.0009864954,0.0,-0.0,-0.0
2025-02-19 01:00:00+00:00,-0.0009718024,0.0,0.0,0.0
2025-02-19 02:00:00+00:00,-0.0009865683,0.0,0.0,0.0
2025-02-19 03:00:00+00:00,-0.0010621618,0.0,-0.0,-0.0
2025-02-19 04:00:00+00:00,-0.00088849326,0.0,-0.0,-0.0
2025-02-19 05:00:00+00:00,-0.000903186,0.0,0.0,0.0
2025-02-19 06:00:00+00:00,-0.00093646283,0.0,0.0,0.0
2025-02-19 07:00:00+00:00,-0.00093646283,0.0,0.0,0.0
2025-02-19 08:00:00+00:00,-0.00093959615,0.0,-0.0,-0.0
2025-02-19 09:00:00+00:00,-0.0008979941,0.0,0.0,0.0
2025-02-19 10:00:00+00:00,-0.0010298823,0.0,0.0,0.0
2025-02-19 11:00:00+00:00,-0.001074474,0.0,0.0,0.0
2025-02-19 12:00:00+00:00,-0.0008543741,0.0,-0.0,-0.0
2025-02-19 13:00:00+00:00,-0.00097394874,0.0,0.0,0.0
2025-02-19 14:00:00+00:00,-0.0009812303,0.0,-0.0,-0.0
2025-02-19 15:00:00+00:00,-0.0010228325,0.0,0.0,0.0
2025-02-19 16:00:00+00:00,9.28268e-05,0.0,0.0,0.0
2025-02-19 17:00:00+00:00,0.00022851773,0.0,0.0,0.0
2025-02-19 18:00:00+00:00,0.00012158877,0.0,-0.0,-0.0
2025-02-19 19:00:00+00:00,0.00022851773,0.0,0.0,0.0
2025-02-19 20:00:00+00:00,0.00022851773,0.0,-0.0,-0.0
2025-02-19 21:00:00+00:00,0.0001892719,0.0,0.0,0.0
2025-02-19 22:00:00+00:00,0.0001892719,0.0,0.0,0.0
2025-02-19 23:00:00+00:00,0.00018934502,0.0,0.0,0.0
2025-02-20 00:00:00+00:00,0.00042563648,0.0,0.0,0.0
2025-02-20 01:00:00+00:00,0.00037152236,0.0,-0.0,-0.0
2025-02-20 02:00:00+00:00,0.0003104684,0.0,0.0,0.0
2025-02-20 03:00:00+00:00,0.0003103953,0.0,-0.0,-0.0
2025-02-20 04:00:00+00:00,0.00026625895,0.0,0.0,0.0
2025-02-20 05:00:00+00:00,0.0003103953,0.0,-0.0,-0.0
2025-02-20 06:00:00+00:00,0.0003103953,0.0,-0.0,-0.0
2025-02-20 07:00:00+00:00,0.0003103953,0.0,-0.0,-0.0
2025-02-20 08:00:00+00:00,0.00036667372,0.0,0.0,0.0
2025-02-20 09:00:00+00:00,0.00036667372,0.0,0.0,0.0
2025-02-20 10:00:00+00:00,0.00036667372,0.0,0.0,0.0
2025-02-20 11:00:00+00:00,0.00036667372,0.0,-0.0,-0.0
2025-02-20 12:00:00+00:00,0.0003622206,0.0,0.0,0.0
2025-02-20 13:00:00+00:00,0.00036667372,0.0,0.0,0.0
2025-02-20 14:00:00+00:00,0.00028343775,0.0,-0.0,-0.0
2025-02-20 15:00:00+00:00,0.00028343775,0.0,-0.0,-0.0
2025-02-20 16:00:00+00:00,0.0005319426,0.0,0.0,0.0
2025-02-20 17:00:00+00:00,0.00040369856,0.0,0.0,0.0
2025-02-20 18:00:00+00:00,0.0004900564,0.0,0.0,0.0
2025-02-20 19:00:00+00:00,0.0004900564,0.0,0.0,0.0
2025-02-20 20:00:00+00:00,0.0005828956,0.0,0.0,0.0
2025-02-20 21:00:00+00:00,0.00036674683,0.0,-0.0,-0.0
2025-02-20 22:00:00+00:00,0.00036667372,0.0,0.0,0.0
2025-02-20 23:00:00+00:00,0.00040362545,0.0,0.0,0.0
2025-02-21 00:00:00+00:00,0.0005252963,0.0,-0.0,-0.0
2025-02-21 01:00:00+00:00,0.00048834464,0.0,0.0,0.0
2025-02-21 02:00:00+00:00,0.00048834464,0.0,-0.0,-0.0
2025-02-21 03:00:00+00:00,0.00048834464,0.0,0.0,0.0
2025-02-21 04:00:00+00:00,0.00048834464,0.0,0.0,0.0
2025-02-21 05:00:00+00:00,0.0004419873,0.0,0.0,0.0
2025-02-21 06:00:00+00:00,0.0004419873,0.0,0.0,0.0
2025-02-21 07:00:00+00:00,0.0004419873,0.0,-0.0,-0.0
2025-02-21 08:00:00+00:00,0.0004419873,0.0,0.0,0.0
2025-02-21 09:00:00+00:00,0.0004420604,0.0,0.0,0.0
2025-02-21 10:00:00+00:00,0.0005252963,0.0,0.0,0.0
2025-02-21 11:00:00+00:00,0.0004419873,0.0,0.0,0.0
2025-02-21 12:00:00+00:00,0.0007487028,0.0,0.0,0.0
2025-02-21 13:00:00+00:00,0.0014559955,0.0,0.0,0.0
2025-02-21 14:00:00+00:00,0.00052536937,0.0,-0.0,-0.0
2025-02-21 15:00:00+00:00,0.0004420604,0.0,-0.0,-0.0
2025-02-21 16:00:00+00:00,0.00046793814,0.0,0.0,0.0
2025-02-21 17:00:00+00:00,0.00057414995,0.0,-0.0,-0.0
2025-02-21 18:00:00+00:00,0.0002689658,0.0,-0.0,-0.0
2025-02-21 19:00:00+00:00,0.00013463262,0.0,-0.0,-0.0
2025-02-21 20:00:00+00:00,2.9996505e-05,0.0,-0.0,-0.0
2025-02-21 21:00:00+00:00,-0.00013695768,0.0,0.0,0.0
2025-02-21 22:00:00+00:00,-0.00014327742,0.0,0.0,0.0
2025-02-21 23:00:00+00:00,0.00018914306,0.0,0.0,0.0
2025-02-22 00:00:00+00:00,-2.0077881e-05,0.0,0.0,0.0
2025-02-22 01:00:00+00:00,0.00021838002,0.0,0.0,0.0
2025-02-22 02:00:00+00:00,0.00024903944,0.0,0.0,0.0
2025-02-22 03:00:00+00:00,0.00024903944,0.0,-0.0,-0.0
2025-02-22 04:00:00+00:00,0.00015781398,0.0,0.0,0.0
2025-02-22 05:00:00+00:00,0.00015781398,0.0,0.0,0.0
2025-02-22 06:00:00+00:00,0.00024903944,0.0,-0.0,-0.0
2025-02-22 07:00:00+00:00,0.00033234843,0.0,-0.0,-0.0
2025-02-22 08:00:00+00:00,0.00027606994,0.0,-0.0,-0.0
2025-02-22 09:00:00+00:00,0.00027606994,0.0,0.0,0.0
2025-02-22 10:00:00+00:00,0.00027606994,0.0,-0.0,-0.0
2025-02-22 11:00:00+00:00,0.00019276103,0.0,0.0,0.0
2025-02-22 12:00:00+00:00,0.00070308876,0.0,0.0,0.0
2025-02-22 13:00:00+00:00,0.00019283414,0.0,-0.0,-0.0
2025-02-22 14:00:00+00:00,0.00019276103,0.0,-0.0,-0.0
2025-02-22 15:00:00+00:00,0.00019276103,0.0,0.0,0.0
2025-02-22 16:00:00+00:00,0.00019276103,0.0,-0.0,-0.0
2025-02-22 17:00:00+00:00,3.8590275e-05,0.0,0.0,0.0
2025-02-22 18:00:00+00:00,0.00013906563,0.0,-0.0,-0.0
2025-02-22 19:00:00+00:00,1.9741046e-05,0.0,0.0,0.0
2025-02-22 20:00:00+00:00,1.9741046e-05,0.0,-0.0,-0.0
2025-02-22 21:00:00+00:00,1.9741046e-05,0.0,0.0,0.0
2025-02-22 22:00:00+00:00,1.9741046e-05,0.0,-0.0,-0.0
2025-02-22 23:00:00+00:00,6.425971e-05,0.0,-0.0,-0.0
2025-02-23 00:00:00+00:00,0.00012053819,0.0,0.0,0.0
2025-02-23 01:00:00+00:00,0.00016214028,0.0,-0.0,-0.0
2025-02-23 02:00:00+00:00,0.00017654471,0.0,-0.0,-0.0
2025-02-23 03:00:00+00:00,0.00017654471,0.0,0.0,0.0
2025-02-23 04:00:00+00:00,0.0002057604,0.0,-0.0,-0.0
2025-02-23 05:00:00+00:00,0.0007682383,0.0,-0.0,-0.0
2025-02-23 06:00:00+00:00,0.0002057604,0.0,0.0,0.0
2025-02-23 07:00:00+00:00,4.68991e-05,0.0,0.0,0.0
2025-02-23 08:00:00+00:00,0.00017654471,0.0,-0.0,-0.0
2025-02-23 09:00:00+00:00,0.0001953441,0.0,-0.0,-0.0
2025-02-23 10:00:00+00:00,0.0002438441,0.0,-0.0,-0.0
2025-02-23 11:00:00+00:00,0.00095706125,0.0,-0.0,-0.0
2025-02-23 12:00:00+00:00,0.00048506533,0.0,-0.0,-0.0
2025-02-23 13:00:00+00:00,0.00021010988,0.0,0.0,0.0
2025-02-23 14:00:00+00:00,0.0005104795,0.0,-0.0,-0.0
2025-02-23 15:00:00+00:00,0.000495842,0.0,-0.0,-0.0
2025-02-23 16:00:00+00:00,0.0007961349,0.0,-0.0,-0.0
2025-02-23 17:00:00+00:00,0.00014242677,0.0,0.0,0.0
2025-02-23 18:00:00+00:00,0.00021010988,0.0,0.0,0.0
2025-02-23 19:00:00+00:00,0.00021010988,0.0,0.0,0.0
2025-02-23 20:00:00+00:00,0.00021010988,0.0,0.0,0.0
2025-02-23 21:00:00+00:00,0.00021010988,0.0,-0.0,-0.0
2025-02-23 22:00:00+00:00,0.00021010988,0.0,0.0,0.0
2025-02-23 23:00:00+00:00,8.017604e-05,0.0,0.0,0.0
2025-02-24 00:00:00+00:00,0.00018151425,0.0,0.0,0.0
2025-02-24 01:00:00+00:00,9.820518e-05,0.0,-0.0,-0.0
2025-02-24 02:00:00+00:00,9.820518e-05,0.0,-0.0,-0.0
2025-02-24 03:00:00+00:00,0.00014576326,0.0,-0.0,-0.0
2025-02-24 04:00:00+00:00,9.827831e-05,0.0,-0.0,-0.0
2025-02-24 05:00:00+00:00,9.820518e-05,0.0,0.0,0.0
2025-02-24 06:00:00+00:00,9.820518e-05,0.0,0.0,0.0
2025-02-24 07:00:00+00:00,9.820518e-05,0.0,0.0,0.0
2025-02-24 08:00:00+00:00,9.820518e-05,0.0,-0.0,-0.0
2025-02-24 09:00:00+00:00,9.827831e-05,0.0,0.0,0.0
2025-02-24 10:00:00+00:00,9.820518e-05,0.0,-0.0,-0.0
2025-02-24 11:00:00+00:00,8.3439445e-05,0.0,0.0,0.0
2025-02-24 12:00:00+00:00,0.00012541543,0.0,-0.0,-0.0
2025-02-24 13:00:00+00:00,0.00027429478,0.0,-0.0,-0.0
2025-02-24 14:00:00+00:00,0.00016205166,0.0,-0.0,-0.0
2025-02-24 15:00:00+00:00,-7.417266e-05,0.0,-0.0,-0.0
2025-02-24 16:00:00+00:00,2.5130315e-05,0.0,0.0,0.0
2025-02-24 17:00:00+00:00,0.00014576326,0.0,0.0,0.0
2025-02-24 18:00:00+00:00,-9.601841e-05,0.0,-0.0,-0.0
2025-02-24 19:00:00+00:00,-4.751841e-05,0.0,-0.0,-0.0
2025-02-24 20:00:00+00:00,-9.601841e-05,0.0,0.0,0.0
2025-02-24 21:00:00+00:00,4.3187806e-06,0.0,-0.0,-0.0
2025-02-24 22:00:00+00:00,0.00042237583,0.0,-0.0,-0.0
2025-02-24 23:00:00+00:00,0.0003085051,0.0,-0.0,-0.0
2025-02-25 00:00:00+00:00,-0.00024559928,0.0,0.0,0.0
2025-02-25 01:00:00+00:00,-0.00024559928,0.0,0.0,0.0
2025-02-25 02:00:00+00:00,0.0002469473,0.0,0.0,0.0
2025-02-25 03:00:00+00:00,0.00024687414,0.0,-0.0,-0.0
2025-02-25 04:00:00+00:00,6.546593e-05,0.0,-0.0,-0.0
2025-02-25 05:00:00+00:00,0.00021621479,0.0,0.0,0.0
2025-02-25 06:00:00+00:00,0.0006910262,0.0,-0.0,-0.0
2025-02-25 07:00:00+00:00,-0.0019446543,0.0,-0.0,-0.0
2025-02-25 08:00:00+00:00,-0.001632958,0.0,0.0,0.0
2025-02-25 09:00:00+00:00,-0.00047350486,0.0,-0.0,-0.0
2025-02-25 10:00:00+00:00,-0.0014189208,0.0,-0.0,-0.0
2025-02-25 11:00:00+00:00,3.2127805e-06,0.0,0.0,0.0
2025-02-25 12:00:00+00:00,-0.00024529212,0.0,0.0,0.0
2025-02-25 13:00:00+00:00,-0.00020814866,0.0,-0.0,-0.0
2025-02-25 14:00:00+00:00,0.00029300834,0.0,-0.0,-0.0
2025-02-25 15:00:00+00:00,-0.0013195322,0.0,0.0,0.0
2025-02-25 16:00:00+00:00,0.00067913695,0.0,0.0,0.0
2025-02-25 17:00:00+00:00,-0.00048737327,0.0,-0.0,-0.0
2025-02-25 18:00:00+00:00,0.0012486636,0.0,-0.0,-0.0
2025-02-25 19:00:00+00:00,0.0012751452,0.0,0.0,0.0
2025-02-25 20:00:00+00:00,0.00069037784,0.0,0.0,0.0
2025-02-25 21:00:00+00:00,0.0005392474,0.0,0.0,0.0
2025-02-25 22:00:00+00:00,0.000101969985,0.0,-0.0,-0.0
2025-02-25 23:00:00+00:00,-0.00013188498,0.0,-0.0,-0.0
2025-02-26 00:00:00+00:00,0.00046192994,0.0,-0.0,-0.0
2025-02-26 01:00:00+00:00,0.0007493848,0.0,0.0,0.0
2025-02-26 02:00:00+00:00,0.0005772941,0.0,0.0,0.0
2025-02-26 03:00:00+00:00,0.00093279,0.0,-0.0,-0.0
2025-02-26 04:00:00+00:00,0.0012264424,0.0,-0.0,-0.0
2025-02-26 05:00:00+00:00,0.0012264424,0.0,-0.0,-0.0
2025-02-26 06:00:00+00:00,0.00077306083,0.0,0.0,0.0
2025-02-26 07:00:00+00:00,-0.0006318986,0.0,-0.0,-0.0
2025-02-26 08:00:00+00:00,-0.0006318986,0.0,-0.0,-0.0
2025-02-26 09:00:00+00:00,-0.00075729436,0.0,0.0,0.0
2025-02-26 10:00:00+00:00,-0.0010058723,0.0,0.0,0.0
2025-02-26 11:00:00+00:00,-0.0005670412,0.0,-0.0,-0.0
2025-02-26 12:00:00+00:00,-0.0005129089,0.0,-0.0,-0.0
2025-02-26 13:00:00+00:00,-0.0006566401,0.0,-0.0,-0.0
2025-02-26 14:00:00+00:00,-0.0008364839,0.0,0.0,0.0
2025-02-26 15:00:00+00:00,-0.0007512879,0.0,-0.0,-0.0
2025-02-26 16:00:00+00:00,-0.0007179947,0.0,-0.0,-0.0
2025-02-26 17:00:00+00:00,-0.000846067,0.0,-0.0,-0.0
2025-02-26 18:00:00+00:00,-0.0021570134,0.0,-0.0,-0.0
2025-02-26 19:00:00+00:00,-0.0011989523,0.0,-0.0,-0.0
2025-02-26 20:00:00+00:00,0.0008901757,0.0,0.0,0.0
2025-02-26 21:00:00+00:00,0.0011312548,0.0,0.0,0.0
2025-02-26 22:00:00+00:00,-0.0012474771,0.0,-0.0,-0.0
2025-02-26 23:00:00+00:00,0.0011597589,0.0,-0.0,-0.0
2025-02-27 00:00:00+00:00,0.00092493254,0.0,0.0,0.0
2025-02-27 01:00:00+00:00,0.00041804163,0.0,0.0,0.0
2025-02-27 02:00:00+00:00,0.0010987585,0.0,-0.0,-0.0
2025-02-27 03:00:00+00:00,-0.00010454952,0.0,0.0,0.0
2025-02-27 04:00:00+00:00,-0.00024955065,0.0,-0.0,-0.0
2025-02-27 05:00:00+00:00,-0.00051040604,0.0,0.0,0.0
2025-02-27 06:00:00+00:00,-0.00017718712,0.0,0.0,0.0
2025-02-27 07:00:00+00:00,0.00013583153,0.0,0.0,0.0
2025-02-27 08:00:00+00:00,0.00057944213,0.0,0.0,0.0
2025-02-27 09:00:00+00:00,0.00057944213,0.0,0.0,0.0
2025-02-27 10:00:00+00:00,0.00061873806,0.0,0.0,0.0
2025-02-27 11:00:00+00:00,0.00052323914,0.0,-0.0,-0.0
2025-02-27 12:00:00+00:00,0.0007515328,0.0,-0.0,-0.0
2025-02-27 13:00:00+00:00,0.0004512216,0.0,-0.0,-0.0
2025-02-27 14:00:00+00:00,0.0005414937,0.0,-0.0,-0.0
2025-02-27 15:00:00+00:00,0.0005414937,0.0,0.0,0.0
2025-02-27 16:00:00+00:00,0.00083346607,0.0,-0.0,-0.0
2025-02-27 17:00:00+00:00,0.00024966634,0.0,0.0,0.0
2025-02-27 18:00:00+00:00,-0.0013275563,0.0,0.0,0.0
2025-02-27 19:00:00+00:00,-0.0010301222,0.0,-0.0,-0.0
2025-02-27 20:00:00+00:00,-0.0012508378,0.0,-0.0,-0.0
2025-02-27 21:00:00+00:00,-0.0010774523,0.0,0.0,0.0
2025-02-27 22:00:00+00:00,-0.0014008363,0.0,0.0,0.0
2025-02-27 23:00:00+00:00,-0.0014008363,0.0,-0.0,-0.0
2025-02-28 00:00:00+00:00,-0.0013112645,0.0,-0.0,-0.0
2025-02-28 01:00:00+00:00,-0.0038399368,0.0,-0.0,-0.0
2025-02-28 02:00:00+00:00,-0.0021078598,0.0,-0.0,-0.0
2025-02-28 03:00:00+00:00,-0.0036675239,0.0,-0.0,-0.0
2025-02-28 04:00:00+00:00,-0.0011189164,0.0,-0.0,-0.0
2025-02-28 05:00:00+00:00,-0.0024217446,0.0,-0.0,-0.0
2025-02-28 06:00:00+00:00,-0.0041832067,0.0,-0.0,-0.0
2025-02-28 07:00:00+00:00,0.0006489338,0.0,-0.0,-0.0
2025-02-28 08:00:00+00:00,-0.0008438027,0.0,-0.0,-0.0
2025-02-28 09:00:00+00:00,-0.0020524694,0.0,0.0,0.0
2025-02-28 10:00:00+00:00,-0.004535982,0.0,-0.0,-0.0
2025-02-28 11:00:00+00:00,-0.002279265,0.0,0.0,0.0
2025-02-28 12:00:00+00:00,-0.0017590143,0.0,0.0,0.0
2025-02-28 13:00:00+00:00,-0.0022597015,0.0,0.0,0.0
2025-02-28 14:00:00+00:00,-0.0007232778,0.0,0.0,0.0
2025-02-28 15:00:00+00:00,0.00076007075,0.0,0.0,0.0
2025-02-28 16:00:00+00:00,0.0021877335,0.0,0.0,0.0
2025-02-28 17:00:00+00:00,0.0020509742,0.0,-0.0,-0.0
2025-02-28 18:00:00+00:00,0.0030185166,0.0,0.0,0.0
2025-02-28 19:00:00+00:00,0.0030733799,0.0,0.0,0.0
2025-02-28 20:00:00+00:00,0.0023816284,0.0,-0.0,-0.0
2025-02-28 21:00:00+00:00,0.0029342356,0.0,0.0,0.0
2025-02-28 22:00:00+00:00,0.0028683082,0.0,-0.0,-0.0
2025-02-28 23:00:00+00:00,0.002254204,0.0,0.0,0.0
2025-03-01 00:00:00+00:00,0.0047659497,0.0,0.0,0.0
2025-03-01 01:00:00+00:00,0.0033778155,0.0,0.0,0.0
2025-03-01 02:00:00+00:00,0.00048130561,0.0,0.0,0.0
2025-03-01 03:00:00+00:00,0.0003619275,0.0,0.0,0.0
2025-03-01 04:00:00+00:00,0.0006898055,0.0,0.0,0.0
2025-03-01 05:00:00+00:00,0.0010542753,0.0,-0.0,-0.0
2025-03-01 06:00:00+00:00,0.0010513839,0.0,-0.0,-0.0
2025-03-01 07:00:00+00:00,0.0009798821,0.0,-0.0,-0.0
2025-03-01 08:00:00+00:00,-0.00026031787,0.0,0.0,0.0
2025-03-01 09:00:00+00:00,-0.00053397636,0.0,0.0,0.0
2025-03-01 10:00:00+00:00,-0.00032059627,0.0,-0.0,-0.0
2025-03-01 11:00:00+00:00,-0.00012242256,0.0,-0.0,-0.0
2025-03-01 12:00:00+00:00,-7.772001e-05,0.0,0.0,0.0
2025-03-01 13:00:00+00:00,-0.00017649808,0.0,-0.0,-0.0
2025-03-01 14:00:00+00:00,-2.7211569e-05,0.0,0.0,0.0
2025-03-01 15:00:00+00:00,6.5359425e-05,0.0,0.0,0.0
2025-03-01 16:00:00+00:00,-6.545543e-05,0.0,0.0,0.0
2025-03-01 17:00:00+00:00,-6.3956104e-05,0.0,-0.0,-0.0
2025-03-01 18:00:00+00:00,-2.0752872e-05,0.0,0.0,0.0
2025-03-01 19:00:00+00:00,-6.545543e-05,0.0,0.0,0.0
2025-03-01 20:00:00+00:00,-2.0752872e-05,0.0,0.0,0.0
2025-03-01 21:00:00+00:00,-7.8560835e-05,0.0,0.0,0.0
2025-03-01 22:00:00+00:00,-7.8560835e-05,0.0,0.0,0.0
2025-03-01 23:00:00+00:00,-3.3858287e-05,0.0,-0.0,-0.0
2025-03-02 00:00:00+00:00,0.00027524694,0.0,0.0,0.0
2025-03-02 01:00:00+00:00,0.00029093976,0.0,0.0,0.0
2025-03-02 02:00:00+00:00,0.0006193585,0.0,-0.0,-0.0
2025-03-02 03:00:00+00:00,0.00066406105,0.0,0.0,0.0
2025-03-02 04:00:00+00:00,0.0010253123,0.0,-0.0,-0.0
2025-03-02 05:00:00+00:00,0.0006350513,0.0,0.0,0.0
2025-03-02 06:00:00+00:00,0.00059034873,0.0,0.0,0.0
2025-03-02 07:00:00+00:00,0.0006350513,0.0,-0.0,-0.0
2025-03-02 08:00:00+00:00,-6.347862e-06,0.0,0.0,0.0
2025-03-02 09:00:00+00:00,-6.347862e-06,0.0,0.0,0.0
2025-03-02 10:00:00+00:00,3.8354683e-05,0.0,0.0,0.0
2025-03-02 11:00:00+00:00,-3.5357614e-05,0.0,0.0,0.0
2025-03-02 12:00:00+00:00,-3.5357614e-05,0.0,-0.0,-0.0
2025-03-02 13:00:00+00:00,-6.347862e-06,0.0,-0.0,-0.0
2025-03-02 14:00:00+00:00,-0.00016598124,0.0,-0.0,-0.0
2025-03-02 15:00:00+00:00,-0.0014543078,0.0,0.0,0.0
2025-03-02 16:00:00+00:00,0.0013077259,0.0,0.0,0.0
2025-03-02 17:00:00+00:00,0.0017204781,0.0,0.0,0.0
2025-03-02 18:00:00+00:00,0.0011005395,0.0,-0.0,-0.0
2025-03-02 19:00:00+00:00,0.0010984119,0.0,0.0,0.0
2025-03-02 20:00:00+00:00,0.0006420944,0.0,0.0,0.0
2025-03-02 21:00:00+00:00,0.002041376,0.0,-0.0,-0.0
2025-03-02 22:00:00+00:00,0.0019221888,0.0,-0.0,-0.0
2025-03-02 23:00:00+00:00,0.0013300452,0.0,0.0,0.0
2025-03-03 00:00:00+00:00,0.00079101167,0.0,0.0,0.0
2025-03-03 01:00:00+00:00,-0.0014602528,0.0,-0.0,-0.0
2025-03-03 02:00:00+00:00,-0.0026343681,0.0,0.0,0.0
2025-03-03 03:00:00+00:00,-0.0030345232,0.0,-0.0,-0.0
2025-03-03 04:00:00+00:00,-0.0026397388,0.0,0.0,0.0
2025-03-03 05:00:00+00:00,-0.0027568806,0.0,0.0,0.0
2025-03-03 06:00:00+00:00,-0.001419585,0.0,-0.0,-0.0
2025-03-03 07:00:00+00:00,-0.0023615637,0.0,0.0,0.0
2025-03-03 08:00:00+00:00,-0.001319153,0.0,-0.0,-0.0
2025-03-03 09:00:00+00:00,-4.903247e-06,0.0,0.0,0.0
2025-03-03 10:00:00+00:00,-0.0024642898,0.0,0.0,0.0
2025-03-03 11:00:00+00:00,-0.0021311676,0.0,0.0,0.0
2025-03-03 12:00:00+00:00,-0.0027461324,0.0,0.0,0.0
2025-03-03 13:00:00+00:00,-0.00053927844,0.0,0.0,0.0
2025-03-03 14:00:00+00:00,0.0019711785,0.0,-0.0,-0.0
2025-03-03 15:00:00+00:00,0.0015799014,0.0,0.0,0.0
2025-03-03 16:00:00+00:00,0.0047808643,0.0,0.0,0.0
2025-03-03 17:00:00+00:00,0.0023729273,0.0,0.0,0.0
2025-03-03 18:00:00+00:00,0.005612176,0.0,-0.0,-0.0
2025-03-03 19:00:00+00:00,0.00803141,1.0,-0.018525309371978913,-0.018925309371978914
2025-03-03 20:00:00+00:00,0.005084938,1.0,0.0056117916588742656,0.0056117916588742656
2025-03-03 21:00:00+00:00,0.004596456,1.0,-0.008221349937988287,-0.008221349937988287
2025-03-03 22:00:00+00:00,-0.0007636507,0.0,-0.0008,-0.0012000000000000001
2025-03-03 23:00:00+00:00,-0.00042967385,0.0,-0.0,-0.0
2025-03-04 00:00:00+00:00,0.0005627381,0.0,0.0,0.0
2025-03-04 01:00:00+00:00,0.0018754138,0.0,-0.0,-0.0
2025-03-04 02:00:00+00:00,0.00033969915,0.0,0.0,0.0
2025-03-04 03:00:00+00:00,-0.003459621,0.0,0.0,0.0
2025-03-04 04:00:00+00:00,-0.0012309512,0.0,-0.0,-0.0
2025-03-04 05:00:00+00:00,-0.0035433436,0.0,0.0,0.0
2025-03-04 06:00:00+00:00,0.00077621115,0.0,-0.0,-0.0
2025-03-04 07:00:00+00:00,0.0028846222,0.0,-0.0,-0.0
2025-03-04 08:00:00+00:00,0.0013771777,0.0,0.0,0.0
2025-03-04 09:00:00+00:00,0.001656347,0.0,-0.0,-0.0
2025-03-04 10:00:00+00:00,0.00030996086,0.0,0.0,0.0
2025-03-04 11:00:00+00:00,0.00030996086,0.0,-0.0,-0.0
2025-03-04 12:00:00+00:00,0.00030996086,0.0,-0.0,-0.0
2025-03-04 13:00:00+00:00,0.0113769,0.0,-0.0,-0.0
2025-03-04 14:00:00+00:00,0.0026397966,1.0,0.003726324436112228,0.003326324436112228
2025-03-04 15:00:00+00:00,0.0031401785,0.0,-0.0008,-0.0012000000000000001
2025-03-04 16:00:00+00:00,0.0026678522,0.0,0.0,0.0
2025-03-04 17:00:00+00:00,0.0022710848,0.0,0.0,0.0
2025-03-04 18:00:00+00:00,0.0014134655,0.0,0.0,0.0
2025-03-04 19:00:00+00:00,0.00081969996,0.0,0.0,0.0
2025-03-04 20:00:00+00:00,0.0016699741,0.0,-0.0,-0.0
2025-03-04 21:00:00+00:00,0.0012814214,0.0,0.0,0.0
2025-03-04 22:00:00+00:00,0.0017062527,0.0,-0.0,-0.0
2025-03-04 23:00:00+00:00,0.00088647916,0.0,-0.0,-0.0
2025-03-05 00:00:00+00:00,0.0014546787,0.0,-0.0,-0.0
2025-03-05 01:00:00+00:00,0.00048488227,0.0,0.0,0.0
2025-03-05 02:00:00+00:00,0.0004886126,0.0,-0.0,-0.0
2025-03-05 03:00:00+00:00,0.000723933,0.0,-0.0,-0.0
2025-03-05 04:00:00+00:00,0.0014041223,0.0,0.0,0.0
2025-03-05 05:00:00+00:00,0.0006277256,0.0,0.0,0.0
2025-03-05 06:00:00+00:00,0.00045013631,0.0,0.0,0.0
2025-03-05 07:00:00+00:00,0.0003331267,0.0,0.0,0.0
2025-03-05 08:00:00+00:00,0.0002503624,0.0,0.0,0.0
2025-03-05 09:00:00+00:00,-0.00045891225,0.0,0.0,0.0
2025-03-05 10:00:00+00:00,-0.0006151601,0.0,0.0,0.0
2025-03-05 11:00:00+00:00,-0.00092671334,0.0,-0.0,-0.0
2025-03-05 12:00:00+00:00,-0.00087386137,0.0,0.0,0.0
2025-03-05 13:00:00+00:00,0.00060335826,0.0,-0.0,-0.0
2025-03-05 14:00:00+00:00,-0.0008643683,0.0,-0.0,-0.0
2025-03-05 15:00:00+00:00,-0.00036398563,0.0,-0.0,-0.0
2025-03-05 16:00:00+00:00,0.00036810414,0.0,0.0,0.0
2025-03-05 17:00:00+00:00,0.0017456342,0.0,0.0,0.0
2025-03-05 18:00:00+00:00,0.0018346716,0.0,0.0,0.0
2025-03-05 19:00:00+00:00,0.00096067466,0.0,0.0,0.0
2025-03-05 20:00:00+00:00,0.000112991314,0.0,0.0,0.0
2025-03-05 21:00:00+00:00,9.828596e-05,0.0,-0.0,-0.0
2025-03-05 22:00:00+00:00,9.828596e-05,0.0,0.0,0.0
2025-03-05 23:00:00+00:00,9.828596e-05,0.0,0.0,0.0
2025-03-06 00:00:00+00:00,4.2161195e-05,0.0,-0.0,-0.0
2025-03-06 01:00:00+00:00,-0.0001484125,0.0,0.0,0.0
2025-03-06 02:00:00+00:00,-0.00014951699,0.0,0.0,0.0
2025-03-06 03:00:00+00:00,-0.00022182381,0.0,-0.0,-0.0
2025-03-06 04:00:00+00:00,-0.00033156417,0.0,0.0,0.0
2025-03-06 05:00:00+00:00,0.00024268797,0.0,0.0,0.0
2025-03-06 06:00:00+00:00,-0.00018922507,0.0,-0.0,-0.0
2025-03-06 07:00:00+00:00,4.7493562e-05,0.0,-0.0,-0.0
2025-03-06 08:00:00+00:00,-9.026413e-05,0.0,-0.0,-0.0
2025-03-06 09:00:00+00:00,-0.00019437457,0.0,-0.0,-0.0
2025-03-06 10:00:00+00:00,-0.00015117136,0.0,0.0,0.0
2025-03-06 11:00:00+00:00,-0.00013547856,0.0,0.0,0.0
2025-03-06 12:00:00+00:00,7.359808e-05,0.0,-0.0,-0.0
2025-03-06 13:00:00+00:00,-5.6423512e-05,0.0,-0.0,-0.0
2025-03-06 14:00:00+00:00,-6.437567e-06,0.0,0.0,0.0
2025-03-06 15:00:00+00:00,-0.000120520184,0.0,0.0,0.0
2025-03-06 16:00:00+00:00,-0.0006873872,0.0,-0.0,-0.0
2025-03-06 17:00:00+00:00,-0.0008572503,0.0,-0.0,-0.0
2025-03-06 18:00:00+00:00,0.0010868686,0.0,-0.0,-0.0
2025-03-06 19:00:00+00:00,-0.00047572967,0.0,0.0,0.0
2025-03-06 20:00:00+00:00,-0.00048157098,0.0,0.0,0.0
2025-03-06 21:00:00+00:00,-0.00024036363,0.0,0.0,0.0
2025-03-06 22:00:00+00:00,-0.00027635574,0.0,0.0,0.0
2025-03-06 23:00:00+00:00,-3.3889464e-05,0.0,-0.0,-0.0
2025-03-07 00:00:00+00:00,0.0032332027,0.0,0.0,0.0
2025-03-07 01:00:00+00:00,0.0006378924,0.0,0.0,0.0
2025-03-07 02:00:00+00:00,0.0018494951,0.0,-0.0,-0.0
2025-03-07 03:00:00+00:00,0.0011325853,0.0,-0.0,-0.0
2025-03-07 04:00:00+00:00,0.0022122832,0.0,0.0,0.0
2025-03-07 05:00:00+00:00,0.001977608,0.0,0.0,0.0
2025-03-07 06:00:00+00:00,0.0018526616,0.0,-0.0,-0.0
2025-03-07 07:00:00+00:00,0.0019888086,0.0,0.0,0.0
2025-03-07 08:00:00+00:00,0.002360892,0.0,0.0,0.0
2025-03-07 09:00:00+00:00,0.002217172,0.0,0.0,0.0
2025-03-07 10:00:00+00:00,0.002251009,0.0,0.0,0.0
2025-03-07 11:00:00+00:00,0.0023717575,0.0,-0.0,-0.0
2025-03-07 12:00:00+00:00,0.0026284978,0.0,0.0,0.0
2025-03-07 13:00:00+00:00,0.0025252237,0.0,0.0,0.0
2025-03-07 14:00:00+00:00,0.001086901,0.0,0.0,0.0
2025-03-07 15:00:00+00:00,0.0011426512,0.0,-0.0,-0.0
2025-03-07 16:00:00+00:00,0.0014698963,0.0,-0.0,-0.0
2025-03-07 17:00:00+00:00,0.0014523756,0.0,0.0,0.0
2025-03-07 18:00:00+00:00,0.00030124377,0.0,0.0,0.0
2025-03-07 19:00:00+00:00,0.0009891121,0.0,-0.0,-0.0
2025-03-07 20:00:00+00:00,0.0014493236,0.0,-0.0,-0.0
2025-03-07 21:00:00+00:00,0.000974559,0.0,-0.0,-0.0
2025-03-07 22:00:00+00:00,0.0010097274,0.0,0.0,0.0
2025-03-07 23:00:00+00:00,0.0011766294,0.0,0.0,0.0
2025-03-08 00:00:00+00:00,0.0016570592,0.0,-0.0,-0.0
2025-03-08 01:00:00+00:00,0.0023558238,0.0,-0.0,-0.0
2025-03-08 02:00:00+00:00,0.0022580824,0.0,0.0,0.0
2025-03-08 03:00:00+00:00,0.0013801205,0.0,-0.0,-0.0
2025-03-08 04:00:00+00:00,0.0016055391,0.0,0.0,0.0
2025-03-08 05:00:00+00:00,0.0015276745,0.0,-0.0,-0.0
2025-03-08 06:00:00+00:00,0.0014052987,0.0,0.0,0.0
2025-03-08 07:00:00+00:00,0.001582888,0.0,-0.0,-0.0
2025-03-08 08:00:00+00:00,0.001582888,0.0,-0.0,-0.0
2025-03-08 09:00:00+00:00,0.0013185225,0.0,-0.0,-0.0
2025-03-08 10:00:00+00:00,0.0012240185,0.0,0.0,0.0
2025-03-08 11:00:00+00:00,0.0012240185,0.0,-0.0,-0.0
2025-03-08 12:00:00+00:00,0.0011950089,0.0,0.0,0.0
2025-03-08 13:00:00+00:00,0.0007176369,0.0,0.0,0.0
2025-03-08 14:00:00+00:00,-0.00029454767,0.0,0.0,0.0
2025-03-08 15:00:00+00:00,-0.0008303787,0.0,0.0,0.0
2025-03-08 16:00:00+00:00,-0.00076655333,0.0,-0.0,-0.0
2025-03-08 17:00:00+00:00,-0.0007124778,0.0,-0.0,-0.0
2025-03-08 18:00:00+00:00,-0.0006677752,0.0,0.0,0.0
2025-03-08 19:00:00+00:00,-0.00074148754,0.0,0.0,0.0
2025-03-08 20:00:00+00:00,-0.00071430573,0.0,0.0,0.0
2025-03-08 21:00:00+00:00,-0.00082840706,0.0,-0.0,-0.0
2025-03-08 22:00:00+00:00,-0.0007590083,0.0,0.0,0.0
2025-03-08 23:00:00+00:00,-0.00068529596,0.0,-0.0,-0.0
2025-03-09 00:00:00+00:00,-0.0006401423,0.0,0.0,0.0
2025-03-09 01:00:00+00:00,-0.0006681495,0.0,-0.0,-0.0
2025-03-09 02:00:00+00:00,-0.00078314624,0.0,-0.0,-0.0
2025-03-09 03:00:00+00:00,-0.0008440437,0.0,0.0,0.0
2025-03-09 04:00:00+00:00,-0.0007829526,0.0,-0.0,-0.0
2025-03-09 05:00:00+00:00,-0.0012371409,0.0,-0.0,-0.0
2025-03-09 06:00:00+00:00,-0.0005815788,0.0,-0.0,-0.0
2025-03-09 07:00:00+00:00,-0.0008278488,0.0,0.0,0.0
2025-03-09 08:00:00+00:00,-0.0008037239,0.0,-0.0,-0.0
2025-03-09 09:00:00+00:00,-0.0011345921,0.0,-0.0,-0.0
2025-03-09 10:00:00+00:00,0.00076332624,0.0,-0.0,-0.0
2025-03-09 11:00:00+00:00,-0.0011561983,0.0,0.0,0.0
2025-03-09 12:00:00+00:00,-0.0005416861,0.0,-0.0,-0.0
2025-03-09 13:00:00+00:00,0.0021149742,0.0,-0.0,-0.0
2025-03-09 14:00:00+00:00,-0.00089733896,0.0,0.0,0.0
2025-03-09 15:00:00+00:00,9.381225e-05,0.0,-0.0,-0.0
2025-03-09 16:00:00+00:00,0.0021365436,0.0,-0.0,-0.0
2025-03-09 17:00:00+00:00,0.0018779056,0.0,-0.0,-0.0
2025-03-09 18:00:00+00:00,0.0010500255,0.0,0.0,0.0
2025-03-09 19:00:00+00:00,0.0008934398,0.0,-0.0,-0.0
2025-03-09 20:00:00+00:00,-0.00017360327,0.0,0.0,0.0
2025-03-09 21:00:00+00:00,0.0021193111,0.0,-0.0,-0.0
2025-03-09 22:00:00+00:00,0.0025050638,0.0,-0.0,-0.0
2025-03-09 23:00:00+00:00,0.0013211988,0.0,0.0,0.0
2025-03-10 00:00:00+00:00,0.0011552351,0.0,0.0,0.0
2025-03-10 01:00:00+00:00,-0.00045862465,0.0,0.0,0.0
2025-03-10 02:00:00+00:00,0.00066215335,0.0,0.0,0.0
2025-03-10 03:00:00+00:00,0.00078350224,0.0,-0.0,-0.0
2025-03-10 04:00:00+00:00,0.00028279322,0.0,0.0,0.0
2025-03-10 05:00:00+00:00,-0.00017261558,0.0,-0.0,-0.0
2025-03-10 06:00:00+00:00,-0.00049867097,0.0,0.0,0.0
2025-03-10 07:00:00+00:00,-0.00033757565,0.0,-0.0,-0.0
2025-03-10 08:00:00+00:00,-0.0005565684,0.0,-0.0,-0.0
2025-03-10 09:00:00+00:00,0.00028634947,0.0,0.0,0.0
2025-03-10 10:00:00+00:00,0.0003577241,0.0,-0.0,-0.0
2025-03-10 11:00:00+00:00,0.0017760345,0.0,0.0,0.0
2025-03-10 12:00:00+00:00,0.0016834369,0.0,-0.0,-0.0
2025-03-10 13:00:00+00:00,0.001397492,0.0,-0.0,-0.0
2025-03-10 14:00:00+00:00,0.005665678,0.0,-0.0,-0.0
2025-03-10 15:00:00+00:00,0.0045633884,1.0,0.0016557187550509064,0.0012557187550509062
2025-03-10 16:00:00+00:00,0.006639495,0.0,-0.0008,-0.0012000000000000001
2025-03-10 17:00:00+00:00,0.008962264,1.0,-0.007900414908339126,-0.008300414908339125
2025-03-10 18:00:00+00:00,0.009778719,1.0,-0.010198863817496684,-0.010198863817496684
2025-03-10 19:00:00+00:00,0.004255179,1.0,0.018247709695996095,0.018247709695996095
2025-03-10 20:00:00+00:00,0.004640817,0.0,-0.0008,-0.0012000000000000001
2025-03-10 21:00:00+00:00,0.0033152972,0.0,0.0,0.0
2025-03-10 22:00:00+00:00,0.0030644655,0.0,-0.0,-0.0
2025-03-10 23:00:00+00:00,0.0026424818,0.0,-0.0,-0.0
2025-03-11 00:00:00+00:00,0.0015547867,0.0,-0.0,-0.0
2025-03-11 01:00:00+00:00,0.004170931,0.0,0.0,0.0
2025-03-11 02:00:00+00:00,0.003616864,0.0,0.0,0.0
2025-03-11 03:00:00+00:00,0.0033560798,0.0,0.0,0.0
2025-03-11 04:00:00+00:00,0.004064575,0.0,0.0,0.0
2025-03-11 05:00:00+00:00,0.004064575,0.0,0.0,0.0
2025-03-11 06:00:00+00:00,0.0045409375,0.0,-0.0,-0.0
2025-03-11 07:00:00+00:00,0.0045038196,0.0,0.0,0.0
2025-03-11 08:00:00+00:00,0.0047211815,0.0,0.0,0.0
2025-03-11 09:00:00+00:00,0.004534115,0.0,0.0,0.0
2025-03-11 10:00:00+00:00,0.004429701,0.0,0.0,0.0
2025-03-11 11:00:00+00:00,0.004517322,0.0,-0.0,-0.0
2025-03-11 12:00:00+00:00,0.0051971953,0.0,-0.0,-0.0
2025-03-11 13:00:00+00:00,0.0040126825,1.0,-0.004955095657099817,-0.005355095657099816
2025-03-11 14:00:00+00:00,0.0037070643,0.0,-0.0008,-0.0012000000000000001
2025-03-11 15:00:00+00:00,0.0020713303,0.0,0.0,0.0
2025-03-11 16:00:00+00:00,0.0023957347,0.0,0.0,0.0
2025-03-11 17:00:00+00:00,0.0020902476,0.0,-0.0,-0.0
2025-03-11 18:00:00+00:00,0.0013970134,0.0,0.0,0.0
2025-03-11 19:00:00+00:00,0.0004579574,0.0,-0.0,-0.0
2025-03-11 20:00:00+00:00,0.0013855582,0.0,-0.0,-0.0
2025-03-11 21:00:00+00:00,0.0010006803,0.0,0.0,0.0
2025-03-11 22:00:00+00:00,0.0009716707,0.0,0.0,0.0
2025-03-11 23:00:00+00:00,0.0008546613,0.0,-0.0,-0.0
2025-03-12 00:00:00+00:00,0.00061830395,0.0,-0.0,-0.0
2025-03-12 01:00:00+00:00,-0.00047279036,0.0,0.0,0.0
2025-03-12 02:00:00+00:00,-5.842686e-05,0.0,-0.0,-0.0
2025-03-12 03:00:00+00:00,9.444157e-06,0.0,-0.0,-0.0
2025-03-12 04:00:00+00:00,-3.5258407e-05,0.0,-0.0,-0.0
2025-03-12 05:00:00+00:00,9.444157e-06,0.0,0.0,0.0
2025-03-12 06:00:00+00:00,5.2647378e-05,0.0,-0.0,-0.0
2025-03-12 07:00:00+00:00,3.0457366e-05,0.0,0.0,0.0
2025-03-12 08:00:00+00:00,-0.0002610699,0.0,0.0,0.0
2025-03-12 09:00:00+00:00,-0.0002551922,0.0,-0.0,-0.0
2025-03-12 10:00:00+00:00,-0.00024877375,0.0,-0.0,-0.0
2025-03-12 11:00:00+00:00,-0.0002040712,0.0,0.0,0.0
2025-03-12 12:00:00+00:00,-0.00013668094,0.0,0.0,0.0
2025-03-12 13:00:00+00:00,-2.3248424e-05,0.0,-0.0,-0.0
2025-03-12 14:00:00+00:00,-0.00026262386,0.0,-0.0,-0.0
2025-03-12 15:00:00+00:00,-0.0005761463,0.0,0.0,0.0
2025-03-12 16:00:00+00:00,-0.0003101829,0.0,0.0,0.0
2025-03-12 17:00:00+00:00,-0.00033919266,0.0,-0.0,-0.0
2025-03-12 18:00:00+00:00,-4.797441e-05,0.0,0.0,0.0
2025-03-12 19:00:00+00:00,-0.00012020598,0.0,0.0,0.0
2025-03-12 20:00:00+00:00,-0.00021603328,0.0,0.0,0.0
2025-03-12 21:00:00+00:00,-9.169839e-05,0.0,-0.0,-0.0
2025-03-12 22:00:00+00:00,-0.00015553921,0.0,0.0,0.0
2025-03-12 23:00:00+00:00,-0.00015553921,0.0,0.0,0.0
2025-03-13 00:00:00+00:00,-0.00032756696,0.0,-0.0,-0.0
2025-03-13 01:00:00+00:00,-0.00032756696,0.0,0.0,0.0
2025-03-13 02:00:00+00:00,-0.00018134211,0.0,-0.0,-0.0
2025-03-13 03:00:00+00:00,-0.00018134211,0.0,-0.0,-0.0
2025-03-13 04:00:00+00:00,-0.00015233237,0.0,-0.0,-0.0
2025-03-13 05:00:00+00:00,-0.0001970349,0.0,-0.0,-0.0
2025-03-13 06:00:00+00:00,-0.00024023808,0.0,0.0,0.0
2025-03-13 07:00:00+00:00,-0.0001970349,0.0,-0.0,-0.0
2025-03-13 08:00:00+00:00,-0.00014374377,0.0,-0.0,-0.0
2025-03-13 09:00:00+00:00,-0.0001727535,0.0,0.0,0.0
2025-03-13 10:00:00+00:00,-0.00012805096,0.0,-0.0,-0.0
2025-03-13 11:00:00+00:00,-9.27179e-05,0.0,-0.0,-0.0
2025-03-13 12:00:00+00:00,4.4745455e-05,0.0,-0.0,-0.0
2025-03-13 13:00:00+00:00,-0.00013582055,0.0,-0.0,-0.0
2025-03-13 14:00:00+00:00,-0.00016691223,0.0,0.0,0.0
2025-03-13 15:00:00+00:00,-6.6273395e-05,0.0,-0.0,-0.0
2025-03-13 16:00:00+00:00,4.791516e-05,0.0,-0.0,-0.0
2025-03-13 17:00:00+00:00,0.00013678592,0.0,-0.0,-0.0
2025-03-13 18:00:00+00:00,4.4745455e-05,0.0,0.0,0.0
2025-03-13 19:00:00+00:00,0.0006040969,0.0,-0.0,-0.0
2025-03-13 20:00:00+00:00,0.00022912196,0.0,0.0,0.0
2025-03-13 21:00:00+00:00,8.3606756e-05,0.0,0.0,0.0
2025-03-13 22:00:00+00:00,-2.1589869e-05,0.0,0.0,0.0
2025-03-13 23:00:00+00:00,8.3606756e-05,0.0,-0.0,-0.0
2025-03-14 00:00:00+00:00,3.8904185e-05,0.0,0.0,0.0
2025-03-14 01:00:00+00:00,0.000121580895,0.0,0.0,0.0
2025-03-14 02:00:00+00:00,6.1086896e-05,0.0,0.0,0.0
2025-03-14 03:00:00+00:00,0.00016628345,0.0,-0.0,-0.0
2025-03-14 04:00:00+00:00,0.00016628345,0.0,0.0,0.0
2025-03-14 05:00:00+00:00,0.00019529319,0.0,0.0,0.0
2025-03-14 06:00:00+00:00,0.00016628345,0.0,-0.0,-0.0
2025-03-14 07:00:00+00:00,0.000121580895,0.0,0.0,0.0
2025-03-14 08:00:00+00:00,-0.00016026775,0.0,0.0,0.0
2025-03-14 09:00:00+00:00,-8.6988606e-05,0.0,0.0,0.0
2025-03-14 10:00:00+00:00,-0.00020108979,0.0,0.0,0.0
2025-03-14 11:00:00+00:00,-0.00021728476,0.0,0.0,0.0
2025-03-14 12:00:00+00:00,-0.0002811256,0.0,0.0,0.0
2025-03-14 13:00:00+00:00,-0.00043439056,0.0,0.0,0.0
2025-03-14 14:00:00+00:00,-0.0003966244,0.0,-0.0,-0.0
2025-03-14 15:00:00+00:00,0.000970767,0.0,0.0,0.0
2025-03-14 16:00:00+00:00,0.00092415034,0.0,0.0,0.0
2025-03-14 17:00:00+00:00,-0.00031913005,0.0,-0.0,-0.0
2025-03-14 18:00:00+00:00,-0.00020112465,0.0,0.0,0.0
2025-03-14 19:00:00+00:00,-0.00031813426,0.0,-0.0,-0.0
2025-03-14 20:00:00+00:00,-0.0001373998,0.0,-0.0,-0.0
2025-03-14 21:00:00+00:00,-0.00013381967,0.0,0.0,0.0
2025-03-14 22:00:00+00:00,-6.952881e-05,0.0,0.0,0.0
2025-03-14 23:00:00+00:00,-6.952881e-05,0.0,-0.0,-0.0
2025-03-15 00:00:00+00:00,-1.1759639e-05,0.0,0.0,0.0
2025-03-15 01:00:00+00:00,-0.00010978288,0.0,0.0,0.0
2025-03-15 02:00:00+00:00,-0.00023961511,0.0,0.0,0.0
2025-03-15 03:00:00+00:00,-0.00023961511,0.0,-0.0,-0.0
2025-03-15 04:00:00+00:00,-0.00017403039,0.0,-0.0,-0.0
2025-03-15 05:00:00+00:00,-0.00014502066,0.0,-0.0,-0.0
2025-03-15 06:00:00+00:00,-1.7987619e-05,0.0,-0.0,-0.0
2025-03-15 07:00:00+00:00,-6.2690175e-05,0.0,-0.0,-0.0
2025-03-15 08:00:00+00:00,0.00043200873,0.0,0.0,0.0
2025-03-15 09:00:00+00:00,0.00034967813,0.0,0.0,0.0
2025-03-15 10:00:00+00:00,0.000402999,0.0,-0.0,-0.0
2025-03-15 11:00:00+00:00,0.00027596584,0.0,0.0,0.0
2025-03-15 12:00:00+00:00,0.00027596584,0.0,0.0,0.0
2025-03-15 13:00:00+00:00,0.00027596584,0.0,0.0,0.0
2025-03-15 14:00:00+00:00,0.00066306477,0.0,-0.0,-0.0
2025-03-15 15:00:00+00:00,0.00094198616,0.0,0.0,0.0
2025-03-15 16:00:00+00:00,0.0009262934,0.0,0.0,0.0
2025-03-15 17:00:00+00:00,0.00042521427,0.0,0.0,0.0
2025-03-15 18:00:00+00:00,0.00083689205,0.0,-0.0,-0.0
2025-03-15 19:00:00+00:00,0.0005360038,0.0,0.0,0.0
2025-03-15 20:00:00+00:00,0.0004907991,0.0,0.0,0.0
2025-03-15 21:00:00+00:00,0.0004907991,0.0,-0.0,-0.0
2025-03-15 22:00:00+00:00,0.000506994,0.0,-0.0,-0.0
2025-03-15 23:00:00+00:00,0.00034967813,0.0,-0.0,-0.0
2025-03-16 00:00:00+00:00,0.00029739656,0.0,-0.0,-0.0
2025-03-16 01:00:00+00:00,0.0001936446,0.0,-0.0,-0.0
2025-03-16 02:00:00+00:00,0.00030058698,0.0,0.0,0.0
2025-03-16 03:00:00+00:00,9.6651296e-05,0.0,0.0,0.0
2025-03-16 04:00:00+00:00,3.106651e-05,0.0,0.0,0.0
2025-03-16 05:00:00+00:00,5.957412e-05,0.0,-0.0,-0.0
2025-03-16 06:00:00+00:00,8.858387e-05,0.0,-0.0,-0.0
2025-03-16 07:00:00+00:00,-0.00012624949,0.0,0.0,0.0
2025-03-16 08:00:00+00:00,-0.00016740216,0.0,-0.0,-0.0
2025-03-16 09:00:00+00:00,-0.00013206898,0.0,-0.0,-0.0
2025-03-16 10:00:00+00:00,-0.000117475494,0.0,-0.0,-0.0
2025-03-16 11:00:00+00:00,0.00048294666,0.0,-0.0,-0.0
2025-03-16 12:00:00+00:00,-0.00020994061,0.0,0.0,0.0
2025-03-16 13:00:00+00:00,-0.00018373385,0.0,-0.0,-0.0
2025-03-16 14:00:00+00:00,-0.00018048439,0.0,0.0,0.0
2025-03-16 15:00:00+00:00,-0.00016296364,0.0,-0.0,-0.0
2025-03-16 16:00:00+00:00,-0.00029598316,0.0,0.0,0.0
2025-03-16 17:00:00+00:00,-0.00018048439,0.0,0.0,0.0
2025-03-16 18:00:00+00:00,-0.00018048439,0.0,-0.0,-0.0
2025-03-16 19:00:00+00:00,-0.00013395389,0.0,-0.0,-0.0
2025-03-16 20:00:00+00:00,-0.00013395389,0.0,0.0,0.0
2025-03-16 21:00:00+00:00,-8.9251356e-05,0.0,-0.0,-0.0
2025-03-16 22:00:00+00:00,0.00028462854,0.0,-0.0,-0.0
2025-03-16 23:00:00+00:00,-0.00013395389,0.0,0.0,0.0
2025-03-17 00:00:00+00:00,-0.000116963805,0.0,0.0,0.0
2025-03-17 01:00:00+00:00,-0.00019497857,0.0,0.0,0.0
2025-03-17 02:00:00+00:00,-8.978202e-05,0.0,-0.0,-0.0
2025-03-17 03:00:00+00:00,-0.00013448455,0.0,0.0,0.0
2025-03-17 04:00:00+00:00,-0.00013448455,0.0,-0.0,-0.0
2025-03-17 05:00:00+00:00,-8.795407e-05,0.0,-0.0,-0.0
2025-03-17 06:00:00+00:00,-8.795407e-05,0.0,0.0,0.0
2025-03-17 07:00:00+00:00,-0.00010547482,0.0,0.0,0.0
2025-03-17 08:00:00+00:00,-8.978202e-05,0.0,-0.0,-0.0
2025-03-17 09:00:00+00:00,-0.00013253928,0.0,0.0,0.0
2025-03-17 10:00:00+00:00,-6.270751e-05,0.0,-0.0,-0.0
2025-03-17 11:00:00+00:00,-0.00025727757,0.0,0.0,0.0
2025-03-17 12:00:00+00:00,-0.00025143632,0.0,-0.0,-0.0
2025-03-17 13:00:00+00:00,-0.00025143632,0.0,-0.0,-0.0
2025-03-17 14:00:00+00:00,-2.0519175e-05,0.0,-0.0,-0.0
2025-03-17 15:00:00+00:00,-0.000108481145,0.0,0.0,0.0
2025-03-17 16:00:00+00:00,-9.228622e-05,0.0,-0.0,-0.0
2025-03-17 17:00:00+00:00,-0.00023281596,0.0,0.0,0.0
2025-03-17 18:00:00+00:00,0.00046544836,0.0,0.0,0.0
2025-03-17 19:00:00+00:00,0.0003396998,0.0,-0.0,-0.0
2025-03-17 20:00:00+00:00,-0.0001201437,0.0,-0.0,-0.0
2025-03-17 21:00:00+00:00,-7.544115e-05,0.0,0.0,0.0
2025-03-17 22:00:00+00:00,-0.000118644384,0.0,-0.0,-0.0
2025-03-17 23:00:00+00:00,-0.0001044509,0.0,-0.0,-0.0
2025-03-18 00:00:00+00:00,-7.4165175e-05,0.0,-0.0,-0.0
2025-03-18 01:00:00+00:00,-0.00010927635,0.0,-0.0,-0.0
2025-03-18 02:00:00+00:00,-0.00010230282,0.0,0.0,0.0
2025-03-18 03:00:00+00:00,-4.3350574e-05,0.0,-0.0,-0.0
2025-03-18 04:00:00+00:00,-4.3350574e-05,0.0,-0.0,-0.0
2025-03-18 05:00:00+00:00,-4.1405354e-05,0.0,0.0,0.0
2025-03-18 06:00:00+00:00,-0.00010458758,0.0,-0.0,-0.0
2025-03-18 07:00:00+00:00,-9.552879e-05,0.0,0.0,0.0
2025-03-18 08:00:00+00:00,-0.00011511765,0.0,0.0,0.0
2025-03-18 09:00:00+00:00,-7.236031e-05,0.0,-0.0,-0.0
2025-03-18 10:00:00+00:00,-4.3350574e-05,0.0,-0.0,-0.0
2025-03-18 11:00:00+00:00,1.887274e-05,0.0,-0.0,-0.0
2025-03-18 12:00:00+00:00,0.0002484767,0.0,-0.0,-0.0
2025-03-18 13:00:00+00:00,0.00018089834,0.0,-0.0,-0.0
2025-03-18 14:00:00+00:00,-0.00014132854,0.0,0.0,0.0
2025-03-18 15:00:00+00:00,5.077254e-06,0.0,-0.0,-0.0
2025-03-18 16:00:00+00:00,-7.800802e-05,0.0,0.0,0.0
2025-03-18 17:00:00+00:00,0.00030720813,0.0,-0.0,-0.0
2025-03-18 18:00:00+00:00,-4.7186677e-05,0.0,0.0,0.0
2025-03-18 19:00:00+00:00,-4.7186677e-05,0.0,0.0,0.0
2025-03-18 20:00:00+00:00,-2.4841254e-06,0.0,-0.0,-0.0
2025-03-18 21:00:00+00:00,-2.4841254e-06,0.0,-0.0,-0.0
2025-03-18 22:00:00+00:00,-2.4841254e-06,0.0,0.0,0.0
2025-03-18 23:00:00+00:00,-5.483956e-05,0.0,0.0,0.0
2025-03-19 00:00:00+00:00,5.6855533e-06,0.0,0.0,0.0
2025-03-19 01:00:00+00:00,7.383247e-05,0.0,-0.0,-0.0
2025-03-19 02:00:00+00:00,0.00011088216,0.0,0.0,0.0
2025-03-19 03:00:00+00:00,9.713455e-05,0.0,0.0,0.0
2025-03-19 04:00:00+00:00,6.812481e-05,0.0,-0.0,-0.0
2025-03-19 05:00:00+00:00,7.2273215e-06,0.0,0.0,0.0
2025-03-19 06:00:00+00:00,-1.1910899e-05,0.0,-0.0,-0.0
2025-03-19 07:00:00+00:00,7.2273215e-06,0.0,-0.0,-0.0
2025-03-19 08:00:00+00:00,7.2273215e-06,0.0,0.0,0.0
2025-03-19 09:00:00+00:00,-5.661346e-05,0.0,0.0,0.0
2025-03-19 10:00:00+00:00,-5.661346e-05,0.0,-0.0,-0.0
2025-03-19 11:00:00+00:00,-7.978191e-05,0.0,0.0,0.0
2025-03-19 12:00:00+00:00,-5.661346e-05,0.0,-0.0,-0.0
2025-03-19 13:00:00+00:00,0.00048281127,0.0,0.0,0.0
2025-03-19 14:00:00+00:00,0.00041344017,0.0,0.0,0.0
2025-03-19 15:00:00+00:00,0.00054956565,0.0,0.0,0.0
2025-03-19 16:00:00+00:00,0.00041344017,0.0,-0.0,-0.0
2025-03-19 17:00:00+00:00,0.000511821,0.0,-0.0,-0.0
2025-03-19 18:00:00+00:00,0.0012578068,0.0,0.0,0.0
2025-03-19 19:00:00+00:00,0.00047193846,0.0,-0.0,-0.0
2025-03-19 20:00:00+00:00,0.00026605272,0.0,-0.0,-0.0
2025-03-19 21:00:00+00:00,0.00057273416,0.0,0.0,0.0
2025-03-19 22:00:00+00:00,0.0015284308,0.0,0.0,0.0
2025-03-19 23:00:00+00:00,0.0015621803,0.0,0.0,0.0
2025-03-20 00:00:00+00:00,0.00022389008,0.0,-0.0,-0.0
2025-03-20 01:00:00+00:00,0.00027042214,0.0,-0.0,-0.0
2025-03-20 02:00:00+00:00,0.00018352878,0.0,0.0,0.0
2025-03-20 03:00:00+00:00,0.00033829315,0.0,-0.0,-0.0
2025-03-20 04:00:00+00:00,0.00033829315,0.0,-0.0,-0.0
2025-03-20 05:00:00+00:00,0.00033829315,0.0,0.0,0.0
2025-03-20 06:00:00+00:00,0.00033829315,0.0,-0.0,-0.0
2025-03-20 07:00:00+00:00,0.0003092834,0.0,0.0,0.0
2025-03-20 08:00:00+00:00,0.0002414124,0.0,0.0,0.0
2025-03-20 09:00:00+00:00,0.0003092834,0.0,-0.0,-0.0
2025-03-20 10:00:00+00:00,0.00017809193,0.0,-0.0,-0.0
2025-03-20 11:00:00+00:00,0.00033829315,0.0,0.0,0.0
2025-03-20 12:00:00+00:00,0.00033829315,0.0,-0.0,-0.0
2025-03-20 13:00:00+00:00,0.00028461564,0.0,0.0,0.0
2025-03-20 14:00:00+00:00,0.00031078345,0.0,0.0,0.0
2025-03-20 15:00:00+00:00,0.00025946117,0.0,-0.0,-0.0
2025-03-20 16:00:00+00:00,-9.170944e-05,0.0,-0.0,-0.0
2025-03-20 17:00:00+00:00,-0.00018463387,0.0,0.0,0.0
2025-03-20 18:00:00+00:00,8.903034e-05,0.0,-0.0,-0.0
2025-03-20 19:00:00+00:00,0.00022762344,0.0,0.0,0.0
2025-03-20 20:00:00+00:00,0.0004334101,0.0,0.0,0.0
2025-03-20 21:00:00+00:00,0.00049280055,0.0,-0.0,-0.0
2025-03-20 22:00:00+00:00,0.00026949306,0.0,-0.0,-0.0
2025-03-20 23:00:00+00:00,0.00042016906,0.0,0.0,0.0
2025-03-21 00:00:00+00:00,0.00054686965,0.0,0.0,0.0
2025-03-21 01:00:00+00:00,0.00050216715,0.0,0.0,0.0
2025-03-21 02:00:00+00:00,0.00054686965,0.0,-0.0,-0.0
2025-03-21 03:00:00+00:00,0.0005758794,0.0,-0.0,-0.0
2025-03-21 04:00:00+00:00,0.0005758794,0.0,0.0,0.0
2025-03-21 05:00:00+00:00,0.0005758794,0.0,-0.0,-0.0
2025-03-21 06:00:00+00:00,0.00036366243,0.0,-0.0,-0.0
2025-03-21 07:00:00+00:00,0.00010773155,0.0,-0.0,-0.0
2025-03-21 08:00:00+00:00,-5.9317692e-05,0.0,0.0,0.0
2025-03-21 09:00:00+00:00,0.0003525719,0.0,0.0,0.0
2025-03-21 10:00:00+00:00,0.0003682647,0.0,0.0,0.0
2025-03-21 11:00:00+00:00,-4.3624885e-05,0.0,-0.0,-0.0
2025-03-21 12:00:00+00:00,0.00033609633,0.0,-0.0,-0.0
2025-03-21 13:00:00+00:00,-0.0001748164,0.0,0.0,0.0
2025-03-21 14:00:00+00:00,0.0004789986,0.0,0.0,0.0
2025-03-21 15:00:00+00:00,-8.067456e-05,0.0,-0.0,-0.0
2025-03-21 16:00:00+00:00,0.00016008005,0.0,0.0,0.0
2025-03-21 17:00:00+00:00,-0.00011959578,0.0,-0.0,-0.0
2025-03-21 18:00:00+00:00,0.00024708928,0.0,0.0,0.0
2025-03-21 19:00:00+00:00,-0.00011959578,0.0,-0.0,-0.0
2025-03-21 20:00:00+00:00,0.0005274137,0.0,0.0,0.0
2025-03-21 21:00:00+00:00,0.00042569387,0.0,0.0,0.0
2025-03-21 22:00:00+00:00,0.0003687553,0.0,-0.0,-0.0
2025-03-21 23:00:00+00:00,0.00033699648,0.0,-0.0,-0.0
2025-03-22 00:00:00+00:00,0.00048827002,0.0,0.0,0.0
2025-03-22 01:00:00+00:00,1.3519832e-06,0.0,-0.0,-0.0
2025-03-22 02:00:00+00:00,0.00046119548,0.0,0.0,0.0
2025-03-22 03:00:00+00:00,0.0005200792,0.0,0.0,0.0
2025-03-22 04:00:00+00:00,0.00056090165,0.0,0.0,0.0
2025-03-22 05:00:00+00:00,0.0005200792,0.0,-0.0,-0.0
2025-03-22 06:00:00+00:00,0.0005038843,0.0,-0.0,-0.0
2025-03-22 07:00:00+00:00,0.00046905334,0.0,-0.0,-0.0
2025-03-22 08:00:00+00:00,0.00053289405,0.0,0.0,0.0
2025-03-22 09:00:00+00:00,0.00045918173,0.0,0.0,0.0
2025-03-22 10:00:00+00:00,0.0005038843,0.0,0.0,0.0
2025-03-22 11:00:00+00:00,0.00045918173,0.0,-0.0,-0.0
2025-03-22 12:00:00+00:00,0.00046905334,0.0,0.0,0.0
2025-03-22 13:00:00+00:00,0.00038655035,0.0,-0.0,-0.0
2025-03-22 14:00:00+00:00,-8.6107895e-05,0.0,-0.0,-0.0
2025-03-22 15:00:00+00:00,0.00028000496,0.0,0.0,0.0
2025-03-22 16:00:00+00:00,0.00034384572,0.0,0.0,0.0
2025-03-22 17:00:00+00:00,0.00045918173,0.0,0.0,0.0
2025-03-22 18:00:00+00:00,0.00045918173,0.0,0.0,0.0
2025-03-22 19:00:00+00:00,0.0005038843,0.0,-0.0,-0.0
2025-03-22 20:00:00+00:00,0.00026868502,0.0,-0.0,-0.0
2025-03-22 21:00:00+00:00,-4.5285797e-05,0.0,0.0,0.0
2025-03-22 22:00:00+00:00,-4.1405354e-05,0.0,-0.0,-0.0
2025-03-22 23:00:00+00:00,-0.00019166576,0.0,-0.0,-0.0
2025-03-23 00:00:00+00:00,-0.00011511765,0.0,0.0,0.0
2025-03-23 01:00:00+00:00,0.0002805771,0.0,0.0,0.0
2025-03-23 02:00:00+00:00,0.00045918173,0.0,0.0,0.0
2025-03-23 03:00:00+00:00,0.0005200792,0.0,0.0,0.0
2025-03-23 04:00:00+00:00,0.00033103093,0.0,-0.0,-0.0
2025-03-23 05:00:00+00:00,0.0005200792,0.0,0.0,0.0
2025-03-23 06:00:00+00:00,0.0005200792,0.0,0.0,0.0
2025-03-23 07:00:00+00:00,0.0005038843,0.0,0.0,0.0
2025-03-23 08:00:00+00:00,0.00045918173,0.0,0.0,0.0
2025-03-23 09:00:00+00:00,0.00047537667,0.0,-0.0,-0.0
2025-03-23 10:00:00+00:00,0.00045918173,0.0,0.0,0.0
2025-03-23 11:00:00+00:00,0.0004277647,0.0,0.0,0.0
2025-03-23 12:00:00+00:00,0.00045093315,0.0,0.0,0.0
2025-03-23 13:00:00+00:00,0.0015115525,0.0,0.0,0.0
2025-03-23 14:00:00+00:00,0.00045093315,0.0,-0.0,-0.0
2025-03-23 15:00:00+00:00,0.0007431512,0.0,0.0,0.0
2025-03-23 16:00:00+00:00,0.0010333848,0.0,0.0,0.0
2025-03-23 17:00:00+00:00,0.0004277647,0.0,-0.0,-0.0
2025-03-23 18:00:00+00:00,0.00047994292,0.0,-0.0,-0.0
2025-03-23 19:00:00+00:00,0.00047994292,0.0,0.0,0.0
2025-03-23 20:00:00+00:00,0.00045093315,0.0,0.0,0.0
2025-03-23 21:00:00+00:00,0.00045093315,0.0,0.0,0.0
2025-03-23 22:00:00+00:00,0.00061367865,0.0,0.0,0.0
2025-03-23 23:00:00+00:00,0.001488384,0.0,0.0,0.0
2025-03-24 00:00:00+00:00,0.0016444493,0.0,-0.0,-0.0
2025-03-24 01:00:00+00:00,0.00047376458,0.0,-0.0,-0.0
2025-03-24 02:00:00+00:00,0.00048273956,0.0,0.0,0.0
2025-03-24 03:00:00+00:00,0.0014814578,0.0,0.0,0.0
2025-03-24 04:00:00+00:00,0.0016752019,0.0,0.0,0.0
2025-03-24 05:00:00+00:00,0.0016752019,0.0,0.0,0.0
2025-03-24 06:00:00+00:00,0.0016752019,0.0,0.0,0.0
2025-03-24 07:00:00+00:00,0.00093832664,0.0,-0.0,-0.0
2025-03-24 08:00:00+00:00,0.0016752019,0.0,0.0,0.0
2025-03-24 09:00:00+00:00,0.00088676554,0.0,-0.0,-0.0
2025-03-24 10:00:00+00:00,0.0017114229,0.0,0.0,0.0
2025-03-24 11:00:00+00:00,0.0017345914,0.0,-0.0,-0.0
2025-03-24 12:00:00+00:00,0.00057137926,0.0,-0.0,-0.0
2025-03-24 13:00:00+00:00,0.00078182976,0.0,0.0,0.0
2025-03-24 14:00:00+00:00,0.0009691893,0.0,0.0,0.0
2025-03-24 15:00:00+00:00,0.0017114229,0.0,0.0,0.0
2025-03-24 16:00:00+00:00,0.0006076003,0.0,0.0,0.0
2025-03-24 17:00:00+00:00,0.0012564241,0.0,0.0,0.0
2025-03-24 18:00:00+00:00,0.0011207619,0.0,-0.0,-0.0
2025-03-24 19:00:00+00:00,0.0006076003,0.0,-0.0,-0.0
2025-03-24 20:00:00+00:00,0.0003823753,0.0,-0.0,-0.0
2025-03-24 21:00:00+00:00,0.00088072265,0.0,0.0,0.0
2025-03-24 22:00:00+00:00,0.00031851276,0.0,-0.0,-0.0
2025-03-24 23:00:00+00:00,0.000361716,0.0,0.0,0.0
2025-03-25 00:00:00+00:00,0.00028481547,0.0,0.0,0.0
2025-03-25 01:00:00+00:00,0.00026164702,0.0,-0.0,-0.0
2025-03-25 02:00:00+00:00,0.00042587382,0.0,-0.0,-0.0
2025-03-25 03:00:00+00:00,0.00044467274,0.0,-0.0,-0.0
2025-03-25 04:00:00+00:00,0.0005364941,0.0,0.0,0.0
2025-03-25 05:00:00+00:00,0.0005059095,0.0,0.0,0.0
2025-03-25 06:00:00+00:00,0.0005909356,0.0,-0.0,-0.0
2025-03-25 07:00:00+00:00,0.0007215551,0.0,-0.0,-0.0
2025-03-25 08:00:00+00:00,0.0007988103,0.0,0.0,0.0
2025-03-25 09:00:00+00:00,0.00044346225,0.0,0.0,0.0
2025-03-25 10:00:00+00:00,0.000745884,0.0,-0.0,-0.0
2025-03-25 11:00:00+00:00,0.0005236478,0.0,0.0,0.0
2025-03-25 12:00:00+00:00,0.000576799,0.0,-0.0,-0.0
2025-03-25 13:00:00+00:00,0.0004146028,0.0,0.0,0.0
2025-03-25 14:00:00+00:00,0.00039840786,0.0,0.0,0.0
2025-03-25 15:00:00+00:00,0.00068185915,0.0,-0.0,-0.0
2025-03-25 16:00:00+00:00,0.00048282565,0.0,0.0,0.0
2025-03-25 17:00:00+00:00,0.0007108689,0.0,0.0,0.0
2025-03-25 18:00:00+00:00,0.0006577517,0.0,-0.0,-0.0
2025-03-25 19:00:00+00:00,0.00048282565,0.0,0.0,0.0
2025-03-25 20:00:00+00:00,0.000472472,0.0,-0.0,-0.0
2025-03-25 21:00:00+00:00,0.0005526575,0.0,-0.0,-0.0
2025-03-25 22:00:00+00:00,0.000472472,0.0,-0.0,-0.0
2025-03-25 23:00:00+00:00,0.0005118354,0.0,-0.0,-0.0
2025-03-26 00:00:00+00:00,0.0006341804,0.0,0.0,0.0
2025-03-26 01:00:00+00:00,0.00043503975,0.0,0.0,0.0
2025-03-26 02:00:00+00:00,0.00055218156,0.0,-0.0,-0.0
2025-03-26 03:00:00+00:00,0.0006051078,0.0,-0.0,-0.0
2025-03-26 04:00:00+00:00,0.00055218156,0.0,0.0,0.0
2025-03-26 05:00:00+00:00,0.00043503975,0.0,0.0,0.0
2025-03-26 06:00:00+00:00,0.00043503975,0.0,0.0,0.0
2025-03-26 07:00:00+00:00,0.00036866803,0.0,0.0,0.0
2025-03-26 08:00:00+00:00,0.00043503975,0.0,-0.0,-0.0
2025-03-26 09:00:00+00:00,0.00043503975,0.0,-0.0,-0.0
2025-03-26 10:00:00+00:00,0.00043503975,0.0,0.0,0.0
2025-03-26 11:00:00+00:00,0.00043503975,0.0,-0.0,-0.0
2025-03-26 12:00:00+00:00,0.00044088103,0.0,-0.0,-0.0
2025-03-26 13:00:00+00:00,0.00088144524,0.0,-0.0,-0.0
2025-03-26 14:00:00+00:00,0.00079404004,0.0,-0.0,-0.0
2025-03-26 15:00:00+00:00,0.00082347053,0.0,-0.0,-0.0
2025-03-26 16:00:00+00:00,0.0010719732,0.0,0.0,0.0
2025-03-26 17:00:00+00:00,0.0010765876,0.0,0.0,0.0
2025-03-26 18:00:00+00:00,0.001379294,0.0,-0.0,-0.0
2025-03-26 19:00:00+00:00,0.00083937217,0.0,0.0,0.0
2025-03-26 20:00:00+00:00,0.0008218514,0.0,0.0,0.0
2025-03-26 21:00:00+00:00,0.0009373502,0.0,-0.0,-0.0
2025-03-26 22:00:00+00:00,0.0009373502,0.0,-0.0,-0.0
2025-03-26 23:00:00+00:00,0.00096636,0.0,0.0,0.0
2025-03-27 00:00:00+00:00,0.00052492827,0.0,0.0,0.0
2025-03-27 01:00:00+00:00,0.00052686356,0.0,0.0,0.0
2025-03-27 02:00:00+00:00,0.00041498477,0.0,0.0,0.0
2025-03-27 03:00:00+00:00,0.00035114406,0.0,0.0,0.0
2025-03-27 04:00:00+00:00,0.000467911,0.0,-0.0,-0.0
2025-03-27 05:00:00+00:00,0.00051311566,0.0,-0.0,-0.0
2025-03-27 06:00:00+00:00,0.0005558733,0.0,0.0,0.0
2025-03-27 07:00:00+00:00,0.0005558733,0.0,0.0,0.0
2025-03-27 08:00:00+00:00,0.00052686356,0.0,0.0,0.0
2025-03-27 09:00:00+00:00,0.00052686356,0.0,-0.0,-0.0
2025-03-27 10:00:00+00:00,0.00057339406,0.0,-0.0,-0.0
2025-03-27 11:00:00+00:00,0.00055022544,0.0,-0.0,-0.0
2025-03-27 12:00:00+00:00,0.00055022544,0.0,-0.0,-0.0
2025-03-27 13:00:00+00:00,0.00010017496,0.0,-0.0,-0.0
2025-03-27 14:00:00+00:00,0.00028857155,0.0,0.0,0.0
2025-03-27 15:00:00+00:00,0.00035241226,0.0,-0.0,-0.0
2025-03-27 16:00:00+00:00,0.00038090185,0.0,0.0,0.0
2025-03-27 17:00:00+00:00,0.0004099116,0.0,0.0,0.0
2025-03-27 18:00:00+00:00,0.0004040703,0.0,0.0,0.0
2025-03-27 19:00:00+00:00,0.0004040703,0.0,-0.0,-0.0
2025-03-27 20:00:00+00:00,0.000467911,0.0,0.0,0.0
2025-03-27 21:00:00+00:00,0.0004040703,0.0,0.0,0.0
2025-03-27 22:00:00+00:00,0.0004040703,0.0,-0.0,-0.0
2025-03-27 23:00:00+00:00,0.00043308004,0.0,-0.0,-0.0
2025-03-28 00:00:00+00:00,0.00055098993,0.0,0.0,0.0
2025-03-28 01:00:00+00:00,0.0005671849,0.0,-0.0,-0.0
2025-03-28 02:00:00+00:00,0.0006099424,0.0,-0.0,-0.0
2025-03-28 03:00:00+00:00,0.0005867739,0.0,-0.0,-0.0
2025-03-28 04:00:00+00:00,0.0003313982,0.0,-0.0,-0.0
2025-03-28 05:00:00+00:00,0.00042372852,0.0,-0.0,-0.0
2025-03-28 06:00:00+00:00,0.0009354113,0.0,-0.0,-0.0
2025-03-28 07:00:00+00:00,0.00025258676,0.0,-0.0,-0.0
2025-03-28 08:00:00+00:00,0.00060626544,0.0,0.0,0.0
2025-03-28 09:00:00+00:00,0.00060626544,0.0,-0.0,-0.0
2025-03-28 10:00:00+00:00,0.000669231,0.0,-0.0,-0.0
2025-03-28 11:00:00+00:00,0.00030910413,0.0,0.0,0.0
2025-03-28 12:00:00+00:00,0.0002798831,0.0,-0.0,-0.0
2025-03-28 13:00:00+00:00,0.00025087336,0.0,-0.0,-0.0
2025-03-28 14:00:00+00:00,0.0006309763,0.0,-0.0,-0.0
2025-03-28 15:00:00+00:00,0.0006309763,0.0,-0.0,-0.0
2025-03-28 16:00:00+00:00,0.00030666232,0.0,-0.0,-0.0
2025-03-28 17:00:00+00:00,-0.000118658034,0.0,0.0,0.0
2025-03-28 18:00:00+00:00,-6.7448973e-06,0.0,-0.0,-0.0
2025-03-28 19:00:00+00:00,0.00033018572,0.0,-0.0,-0.0
2025-03-28 20:00:00+00:00,0.00035919543,0.0,0.0,0.0
2025-03-28 21:00:00+00:00,-2.5431193e-05,0.0,0.0,0.0
2025-03-28 22:00:00+00:00,6.2034334e-05,0.0,0.0,0.0
2025-03-28 23:00:00+00:00,6.2034334e-05,0.0,-0.0,-0.0
2025-03-29 00:00:00+00:00,9.5522206e-05,0.0,-0.0,-0.0
2025-03-29 01:00:00+00:00,0.00012453196,0.0,-0.0,-0.0
2025-03-29 02:00:00+00:00,0.0004266628,0.0,-0.0,-0.0
2025-03-29 03:00:00+00:00,0.00012453196,0.0,0.0,0.0
2025-03-29 04:00:00+00:00,0.00012453196,0.0,-0.0,-0.0
2025-03-29 05:00:00+00:00,9.5522206e-05,0.0,-0.0,-0.0
2025-03-29 06:00:00+00:00,0.0003147497,0.0,-0.0,-0.0
2025-03-29 07:00:00+00:00,0.0004266628,0.0,-0.0,-0.0
2025-03-29 08:00:00+00:00,-9.1873546e-05,0.0,0.0,0.0
2025-03-29 09:00:00+00:00,-0.00010738912,0.0,-0.0,-0.0
2025-03-29 10:00:00+00:00,0.00033281746,0.0,-0.0,-0.0
2025-03-29 11:00:00+00:00,-9.0313755e-05,0.0,-0.0,-0.0
2025-03-29 12:00:00+00:00,-0.0003574517,0.0,0.0,0.0
2025-03-29 13:00:00+00:00,-0.00010738912,0.0,0.0,0.0
2025-03-29 14:00:00+00:00,-0.00020069591,0.0,-0.0,-0.0
2025-03-29 15:00:00+00:00,-0.00017168614,0.0,-0.0,-0.0
2025-03-29 16:00:00+00:00,-0.00014687024,0.0,-0.0,-0.0
2025-03-29 17:00:00+00:00,-0.00027521417,0.0,0.0,0.0
2025-03-29 18:00:00+00:00,-0.0001597153,0.0,0.0,0.0
2025-03-29 19:00:00+00:00,-0.00011323042,0.0,0.0,0.0
2025-03-29 20:00:00+00:00,-0.00011323042,0.0,-0.0,-0.0
2025-03-29 21:00:00+00:00,-0.00011323042,0.0,0.0,0.0
2025-03-29 22:00:00+00:00,-8.4220665e-05,0.0,-0.0,-0.0
2025-03-29 23:00:00+00:00,-0.00011323042,0.0,0.0,0.0
2025-03-30 00:00:00+00:00,0.00010317507,0.0,0.0,0.0
2025-03-30 01:00:00+00:00,0.00010317507,0.0,0.0,0.0
2025-03-30 02:00:00+00:00,8.565432e-05,0.0,0.0,0.0
2025-03-30 03:00:00+00:00,0.00010317507,0.0,-0.0,-0.0
2025-03-30 04:00:00+00:00,0.00010317507,0.0,0.0,0.0
2025-03-30 05:00:00+00:00,0.00013218485,0.0,-0.0,-0.0
2025-03-30 06:00:00+00:00,8.565432e-05,0.0,0.0,0.0
2025-03-30 07:00:00+00:00,0.00011466406,0.0,-0.0,-0.0
2025-03-30 08:00:00+00:00,8.565432e-05,0.0,0.0,0.0
2025-03-30 09:00:00+00:00,4.289697e-05,0.0,0.0,0.0
2025-03-30 10:00:00+00:00,2.6702024e-05,0.0,-0.0,-0.0
2025-03-30 11:00:00+00:00,-8.128997e-06,0.0,-0.0,-0.0
2025-03-30 12:00:00+00:00,-8.128997e-06,0.0,-0.0,-0.0
2025-03-30 13:00:00+00:00,0.00018774203,0.0,-0.0,-0.0
2025-03-30 14:00:00+00:00,6.658389e-05,0.0,0.0,0.0
2025-03-30 15:00:00+00:00,0.00013087486,0.0,-0.0,-0.0
2025-03-30 16:00:00+00:00,-0.00012532776,0.0,-0.0,-0.0
2025-03-30 17:00:00+00:00,0.00019471557,0.0,0.0,0.0
2025-03-30 18:00:00+00:00,0.00010186508,0.0,0.0,0.0
2025-03-30 19:00:00+00:00,0.00018190076,0.0,-0.0,-0.0
2025-03-30 20:00:00+00:00,0.00016570582,0.0,0.0,0.0
2025-03-30 21:00:00+00:00,0.00025128658,0.0,-0.0,-0.0
2025-03-30 22:00:00+00:00,0.00013710803,0.0,0.0,0.0
2025-03-30 23:00:00+00:00,0.00021091051,0.0,-0.0,-0.0
2025-03-31 00:00:00+00:00,1.1901756e-05,0.0,-0.0,-0.0
2025-03-31 01:00:00+00:00,0.00011812581,0.0,0.0,0.0
2025-03-31 02:00:00+00:00,0.00028274924,0.0,-0.0,-0.0
2025-03-31 03:00:00+00:00,0.0003575644,0.0,-0.0,-0.0
2025-03-31 04:00:00+00:00,0.0003171884,0.0,0.0,0.0
2025-03-31 05:00:00+00:00,0.00027065788,0.0,0.0,0.0
2025-03-31 06:00:00+00:00,0.00028817865,0.0,-0.0,-0.0
2025-03-31 07:00:00+00:00,0.00028817865,0.0,-0.0,-0.0
2025-03-31 08:00:00+00:00,0.0003171884,0.0,-0.0,-0.0
2025-03-31 09:00:00+00:00,0.0005961512,0.0,-0.0,-0.0
2025-03-31 10:00:00+00:00,0.00026501014,0.0,0.0,0.0
2025-03-31 11:00:00+00:00,0.00028817865,0.0,0.0,0.0
2025-03-31 12:00:00+00:00,3.8654343e-05,0.0,0.0,0.0
2025-03-31 13:00:00+00:00,5.8326277e-05,0.0,-0.0,-0.0
2025-03-31 14:00:00+00:00,-8.220339e-05,0.0,0.0,0.0
2025-03-31 15:00:00+00:00,-2.170931e-05,0.0,-0.0,-0.0
2025-03-31 16:00:00+00:00,7.062101e-05,0.0,-0.0,-0.0
2025-03-31 17:00:00+00:00,0.00016347149,0.0,-0.0,-0.0
2025-03-31 18:00:00+00:00,9.9630764e-05,0.0,0.0,0.0
2025-03-31 19:00:00+00:00,0.00017966639,0.0,-0.0,-0.0
2025-03-31 20:00:00+00:00,0.00020283487,0.0,-0.0,-0.0
2025-03-31 21:00:00+00:00,0.00012279925,0.0,0.0,0.0
2025-03-31 22:00:00+00:00,0.00020283487,0.0,-0.0,-0.0
2025-03-31 23:00:00+00:00,0.00015763017,0.0,0.0,0.0
2025-04-01 00:00:00+00:00,0.00014315255,0.0,0.0,0.0
2025-04-01 01:00:00+00:00,0.00014315255,0.0,0.0,0.0
2025-04-01 02:00:00+00:00,0.00014315255,0.0,0.0,0.0
2025-04-01 03:00:00+00:00,0.00014315255,0.0,-0.0,-0.0
2025-04-01 04:00:00+00:00,0.00014315255,0.0,0.0,0.0
2025-04-01 05:00:00+00:00,0.00017157309,0.0,-0.0,-0.0
2025-04-01 06:00:00+00:00,0.00015397872,0.0,0.0,0.0
2025-04-01 07:00:00+00:00,0.00014315255,0.0,-0.0,-0.0
2025-04-01 08:00:00+00:00,0.000102993174,0.0,0.0,0.0
2025-04-01 09:00:00+00:00,0.00013490043,0.0,0.0,0.0
2025-04-01 10:00:00+00:00,0.000266073,0.0,-0.0,-0.0
2025-04-01 11:00:00+00:00,9.490565e-05,0.0,-0.0,-0.0
2025-04-01 12:00:00+00:00,0.00018239926,0.0,-0.0,-0.0
2025-04-01 13:00:00+00:00,0.00018239926,0.0,0.0,0.0
2025-04-01 14:00:00+00:00,0.000266073,0.0,0.0,0.0
2025-04-01 15:00:00+00:00,8.391487e-05,0.0,0.0,0.0
2025-04-01 16:00:00+00:00,0.00013836181,0.0,-0.0,-0.0
2025-04-01 17:00:00+00:00,0.00018934731,0.0,0.0,0.0
2025-04-01 18:00:00+00:00,0.00021776787,0.0,0.0,0.0
2025-04-01 19:00:00+00:00,0.0003402532,0.0,-0.0,-0.0
2025-04-01 20:00:00+00:00,0.00030752303,0.0,0.0,0.0
2025-04-01 21:00:00+00:00,0.00022202329,0.0,-0.0,-0.0
2025-04-01 22:00:00+00:00,0.00027864266,0.0,-0.0,-0.0
2025-04-01 23:00:00+00:00,0.0003178894,0.0,0.0,0.0
2025-04-02 00:00:00+00:00,0.00056781474,0.0,0.0,0.0
2025-04-02 01:00:00+00:00,0.0005502203,0.0,0.0,0.0
2025-04-02 02:00:00+00:00,0.0005786409,0.0,-0.0,-0.0
2025-04-02 03:00:00+00:00,0.00056781474,0.0,-0.0,-0.0
2025-04-02 04:00:00+00:00,0.00056781474,0.0,0.0,0.0
2025-04-02 05:00:00+00:00,0.00036901826,0.0,-0.0,-0.0
2025-04-02 06:00:00+00:00,0.0004431506,0.0,0.0,0.0
2025-04-02 07:00:00+00:00,0.0005786409,0.0,0.0,0.0
2025-04-02 08:00:00+00:00,0.0005502203,0.0,0.0,0.0
2025-04-02 09:00:00+00:00,0.0005502203,0.0,0.0,0.0
2025-04-02 10:00:00+00:00,0.0005502203,0.0,-0.0,-0.0
2025-04-02 11:00:00+00:00,0.0005786409,0.0,-0.0,-0.0
2025-04-02 12:00:00+00:00,0.0005502203,0.0,0.0,0.0
2025-04-02 13:00:00+00:00,0.0005502203,0.0,0.0,0.0
2025-04-02 14:00:00+00:00,0.0004992347,0.0,0.0,0.0
2025-04-02 15:00:00+00:00,0.0014648028,0.0,0.0,0.0
2025-04-02 16:00:00+00:00,0.0013112329,0.0,0.0,0.0
2025-04-02 17:00:00+00:00,0.0004995132,0.0,-0.0,-0.0
2025-04-02 18:00:00+00:00,0.00053735176,0.0,-0.0,-0.0
2025-04-02 19:00:00+00:00,0.00052793376,0.0,0.0,0.0
2025-04-02 20:00:00+00:00,0.00075741875,0.0,-0.0,-0.0
2025-04-02 21:00:00+00:00,0.0005689514,0.0,-0.0,-0.0
2025-04-02 22:00:00+00:00,0.00028127345,0.0,-0.0,-0.0
2025-04-02 23:00:00+00:00,0.00045563822,0.0,-0.0,-0.0
2025-04-03 00:00:00+00:00,-0.0007318216,0.0,0.0,0.0
2025-04-03 01:00:00+00:00,-0.0007188841,0.0,0.0,0.0
2025-04-03 02:00:00+00:00,-0.00055476074,0.0,0.0,0.0
2025-04-03 03:00:00+00:00,-0.00041591367,0.0,-0.0,-0.0
2025-04-03 04:00:00+00:00,-0.00038749314,0.0,0.0,0.0
2025-04-03 05:00:00+00:00,-0.00029999958,0.0,-0.0,-0.0
2025-04-03 06:00:00+00:00,-0.00029999958,0.0,-0.0,-0.0
2025-04-03 07:00:00+00:00,-0.00038749314,0.0,0.0,0.0
2025-04-03 08:00:00+00:00,-0.00041591367,0.0,0.0,0.0
2025-04-03 09:00:00+00:00,-0.00037429234,0.0,-0.0,-0.0
2025-04-03 10:00:00+00:00,-0.0003462398,0.0,-0.0,-0.0
2025-04-03 11:00:00+00:00,-0.00025837825,0.0,-0.0,-0.0
2025-04-03 12:00:00+00:00,0.0012875283,0.0,-0.0,-0.0
2025-04-03 13:00:00+00:00,0.00076730264,0.0,0.0,0.0
2025-04-03 14:00:00+00:00,0.0020752803,0.0,-0.0,-0.0
2025-04-03 15:00:00+00:00,0.0007510988,0.0,0.0,0.0
2025-04-03 16:00:00+00:00,0.0008917217,0.0,-0.0,-0.0
2025-04-03 17:00:00+00:00,0.0008633011,0.0,-0.0,-0.0
2025-04-03 18:00:00+00:00,0.0003794762,0.0,0.0,0.0
2025-04-03 19:00:00+00:00,0.00064179656,0.0,-0.0,-0.0
2025-04-03 20:00:00+00:00,-0.0005727335,0.0,0.0,0.0
2025-04-03 21:00:00+00:00,-0.00051379023,0.0,0.0,0.0
2025-04-03 22:00:00+00:00,-0.00015323395,0.0,0.0,0.0
2025-04-03 23:00:00+00:00,-0.00038332996,0.0,0.0,0.0
2025-04-04 00:00:00+00:00,-0.00024109552,0.0,-0.0,-0.0
2025-04-04 01:00:00+00:00,-0.00014556402,0.0,-0.0,-0.0
2025-04-04 02:00:00+00:00,-5.3718843e-05,0.0,0.0,0.0
2025-04-04 03:00:00+00:00,-6.5335444e-05,0.0,-0.0,-0.0
2025-04-04 04:00:00+00:00,-8.2139406e-05,0.0,-0.0,-0.0
2025-04-04 05:00:00+00:00,-9.375599e-05,0.0,0.0,0.0
2025-04-04 06:00:00+00:00,-9.375599e-05,0.0,-0.0,-0.0
2025-04-04 07:00:00+00:00,-6.8539966e-06,0.0,0.0,0.0
2025-04-04 08:00:00+00:00,-0.00029784214,0.0,0.0,0.0
2025-04-04 09:00:00+00:00,-0.00029784214,0.0,0.0,0.0
2025-04-04 10:00:00+00:00,-0.00070305367,0.0,-0.0,-0.0
2025-04-04 11:00:00+00:00,-0.00060392957,0.0,0.0,0.0
2025-04-04 12:00:00+00:00,-0.00016256585,0.0,0.0,0.0
2025-04-04 13:00:00+00:00,-0.0003223296,0.0,0.0,0.0
2025-04-04 14:00:00+00:00,-0.00029390902,0.0,-0.0,-0.0
2025-04-04 15:00:00+00:00,-0.0003223296,0.0,0.0,0.0
2025-04-04 16:00:00+00:00,-0.00029996588,0.0,0.0,0.0
2025-04-04 17:00:00+00:00,-0.00078568904,0.0,0.0,0.0
2025-04-04 18:00:00+00:00,-0.000494701,0.0,-0.0,-0.0
2025-04-04 19:00:00+00:00,-0.000400195,0.0,0.0,0.0
2025-04-04 20:00:00+00:00,-0.0003721836,0.0,0.0,0.0
2025-04-04 21:00:00+00:00,-0.00033469728,0.0,0.0,0.0
2025-04-04 22:00:00+00:00,-0.00033469728,0.0,-0.0,-0.0
2025-04-04 23:00:00+00:00,-0.0005315958,0.0,-0.0,-0.0
2025-04-05 00:00:00+00:00,-0.00018164927,0.0,-0.0,-0.0
2025-04-05 01:00:00+00:00,0.0002294065,0.0,0.0,0.0
2025-04-05 02:00:00+00:00,0.00020098595,0.0,-0.0,-0.0
2025-04-05 03:00:00+00:00,-0.00012217123,0.0,-0.0,-0.0
2025-04-05 04:00:00+00:00,-0.00012217123,0.0,0.0,0.0
2025-04-05 05:00:00+00:00,-0.00012217123,0.0,-0.0,-0.0
2025-04-05 06:00:00+00:00,-0.00012217123,0.0,-0.0,-0.0
2025-04-05 07:00:00+00:00,-6.820761e-05,0.0,0.0,0.0
2025-04-05 08:00:00+00:00,-0.00023429208,0.0,-0.0,-0.0
2025-04-05 09:00:00+00:00,-0.00026271265,0.0,0.0,0.0
2025-04-05 10:00:00+00:00,-0.00032829284,0.0,-0.0,-0.0
2025-04-05 11:00:00+00:00,-0.00029987225,0.0,-0.0,-0.0
2025-04-05 12:00:00+00:00,-0.0003877338,0.0,-0.0,-0.0
2025-04-05 13:00:00+00:00,-0.000520519,0.0,-0.0,-0.0
2025-04-05 14:00:00+00:00,-0.0004472118,0.0,0.0,0.0
2025-04-05 15:00:00+00:00,-0.00011735557,0.0,-0.0,-0.0
2025-04-05 16:00:00+00:00,-0.00022160406,0.0,0.0,0.0
2025-04-05 17:00:00+00:00,-5.606769e-05,0.0,0.0,0.0
2025-04-05 18:00:00+00:00,-0.00020998743,0.0,0.0,0.0
2025-04-05 19:00:00+00:00,-0.00020998743,0.0,-0.0,-0.0
2025-04-05 20:00:00+00:00,-0.00020998743,0.0,0.0,0.0
2025-04-05 21:00:00+00:00,-9.256775e-05,0.0,-0.0,-0.0
2025-04-05 22:00:00+00:00,-0.00021461965,0.0,0.0,0.0
2025-04-05 23:00:00+00:00,-0.00031409794,0.0,0.0,0.0
2025-04-06 00:00:00+00:00,-2.3658993e-06,0.0,-0.0,-0.0
2025-04-06 01:00:00+00:00,-2.3658993e-06,0.0,-0.0,-0.0
2025-04-06 02:00:00+00:00,2.605464e-05,0.0,-0.0,-0.0
2025-04-06 03:00:00+00:00,2.605464e-05,0.0,0.0,0.0
2025-04-06 04:00:00+00:00,8.549568e-05,0.0,0.0,0.0
2025-04-06 05:00:00+00:00,8.549568e-05,0.0,-0.0,-0.0
2025-04-06 06:00:00+00:00,2.605464e-05,0.0,-0.0,-0.0
2025-04-06 07:00:00+00:00,2.605464e-05,0.0,-0.0,-0.0
2025-04-06 08:00:00+00:00,-9.4527255e-05,0.0,0.0,0.0
2025-04-06 09:00:00+00:00,-8.689435e-05,0.0,0.0,0.0
2025-04-06 10:00:00+00:00,-8.291066e-05,0.0,-0.0,-0.0
2025-04-06 11:00:00+00:00,-9.4527255e-05,0.0,-0.0,-0.0
2025-04-06 12:00:00+00:00,-0.00022179815,0.0,-0.0,-0.0
2025-04-06 13:00:00+00:00,0.00044393516,0.0,-0.0,-0.0
2025-04-06 14:00:00+00:00,-9.4527255e-05,0.0,0.0,0.0
2025-04-06 15:00:00+00:00,-9.4527255e-05,0.0,-0.0,-0.0
2025-04-06 16:00:00+00:00,0.0006690039,0.0,0.0,0.0
2025-04-06 17:00:00+00:00,5.2398336e-05,0.0,-0.0,-0.0
2025-04-06 18:00:00+00:00,0.0006360288,0.0,-0.0,-0.0
2025-04-06 19:00:00+00:00,-0.0004588797,0.0,0.0,0.0
2025-04-06 20:00:00+00:00,0.0009036632,0.0,-0.0,-0.0
2025-04-06 21:00:00+00:00,0.0006023479,0.0,0.0,0.0
2025-04-06 22:00:00+00:00,-0.0005706911,0.0,-0.0,-0.0
2025-04-06 23:00:00+00:00,0.00022305934,0.0,0.0,0.0
2025-04-07 00:00:00+00:00,0.0007118436,0.0,-0.0,-0.0
2025-04-07 01:00:00+00:00,0.0017065208,0.0,0.0,0.0
2025-04-07 02:00:00+00:00,0.0010750922,0.0,-0.0,-0.0
2025-04-07 03:00:00+00:00,-0.0018488383,0.0,-0.0,-0.0
2025-04-07 04:00:00+00:00,-0.0036393185,0.0,-0.0,-0.0
2025-04-07 05:00:00+00:00,-2.8654213e-05,0.0,-0.0,-0.0
2025-04-07 06:00:00+00:00,0.0019323054,0.0,-0.0,-0.0
2025-04-07 07:00:00+00:00,-0.001275067,0.0,0.0,0.0
2025-04-07 08:00:00+00:00,0.0023740337,0.0,0.0,0.0
2025-04-07 09:00:00+00:00,0.0025354796,0.0,0.0,0.0
2025-04-07 10:00:00+00:00,0.0028038207,0.0,0.0,0.0
2025-04-07 11:00:00+00:00,0.002989964,0.0,-0.0,-0.0
2025-04-07 12:00:00+00:00,0.0028954726,0.0,0.0,0.0
2025-04-07 13:00:00+00:00,0.0036465204,0.0,0.0,0.0
2025-04-07 14:00:00+00:00,0.0049311207,0.0,0.0,0.0
2025-04-07 15:00:00+00:00,0.005072032,1.0,-0.007820324256448052,-0.008220324256448051
2025-04-07 16:00:00+00:00,0.004793597,1.0,-0.013432673008824109,-0.013432673008824109
2025-04-07 17:00:00+00:00,0.0029733032,0.0,-0.0008,-0.0012000000000000001
2025-04-07 18:00:00+00:00,0.0033379125,0.0,-0.0,-0.0
2025-04-07 19:00:00+00:00,0.0030395286,0.0,-0.0,-0.0
2025-04-07 20:00:00+00:00,0.0033580835,0.0,0.0,0.0
2025-04-07 21:00:00+00:00,0.002566314,0.0,0.0,0.0
2025-04-07 22:00:00+00:00,0.0025862483,0.0,0.0,0.0
2025-04-07 23:00:00+00:00,0.004163558,0.0,-0.0,-0.0
2025-04-08 00:00:00+00:00,0.004435591,0.0,-0.0,-0.0
2025-04-08 01:00:00+00:00,0.0039419825,0.0,0.0,0.0
2025-04-08 02:00:00+00:00,0.0041371747,0.0,-0.0,-0.0
2025-04-08 03:00:00+00:00,0.0040861894,0.0,-0.0,-0.0
2025-04-08 04:00:00+00:00,0.004550223,0.0,0.0,0.0
2025-04-08 05:00:00+00:00,0.0047964607,0.0,-0.0,-0.0
2025-04-08 06:00:00+00:00,0.0044779354,0.0,-0.0,-0.0
2025-04-08 07:00:00+00:00,0.0044122557,0.0,0.0,0.0
2025-04-08 08:00:00+00:00,0.004840801,0.0,-0.0,-0.0
2025-04-08 09:00:00+00:00,0.0026302726,1.0,-0.004035190787794218,-0.004435190787794217
2025-04-08 10:00:00+00:00,0.0034714725,0.0,-0.0008,-0.0012000000000000001
2025-04-08 11:00:00+00:00,0.0018504206,0.0,0.0,0.0
2025-04-08 12:00:00+00:00,0.0014498978,0.0,-0.0,-0.0
2025-04-08 13:00:00+00:00,0.00015500397,0.0,0.0,0.0
2025-04-08 14:00:00+00:00,0.0011017666,0.0,-0.0,-0.0
2025-04-08 15:00:00+00:00,0.0005340945,0.0,0.0,0.0
2025-04-08 16:00:00+00:00,-9.2791095e-05,0.0,-0.0,-0.0
2025-04-08 17:00:00+00:00,-0.00088367204,0.0,-0.0,-0.0
2025-04-08 18:00:00+00:00,-0.0013979346,0.0,-0.0,-0.0
2025-04-08 19:00:00+00:00,-0.0016944446,0.0,-0.0,-0.0
2025-04-08 20:00:00+00:00,-0.0019505408,0.0,0.0,0.0
2025-04-08 21:00:00+00:00,-0.0015584554,0.0,-0.0,-0.0
2025-04-08 22:00:00+00:00,-0.0017123617,0.0,-0.0,-0.0
2025-04-08 23:00:00+00:00,-0.0011950094,0.0,-0.0,-0.0
2025-04-09 00:00:00+00:00,-0.0022118862,0.0,0.0,0.0
2025-04-09 01:00:00+00:00,-0.0010026323,0.0,-0.0,-0.0
2025-04-09 02:00:00+00:00,-0.001915683,0.0,-0.0,-0.0
2025-04-09 03:00:00+00:00,-0.0013617121,0.0,-0.0,-0.0
2025-04-09 04:00:00+00:00,-0.0009670763,0.0,0.0,0.0
2025-04-09 05:00:00+00:00,-0.002126379,0.0,0.0,0.0
2025-04-09 06:00:00+00:00,-0.0022142404,0.0,0.0,0.0
2025-04-09 07:00:00+00:00,-0.0018764548,0.0,0.0,0.0
2025-04-09 08:00:00+00:00,-0.0017059791,0.0,0.0,0.0
2025-04-09 09:00:00+00:00,-0.0013884711,0.0,0.0,0.0
2025-04-09 10:00:00+00:00,-0.0012251807,0.0,-0.0,-0.0
2025-04-09 11:00:00+00:00,-0.0007818619,0.0,-0.0,-0.0
2025-04-09 12:00:00+00:00,-0.0017112995,0.0,0.0,0.0
2025-04-09 13:00:00+00:00,0.0009047565,0.0,0.0,0.0
2025-04-09 14:00:00+00:00,-0.0016288805,0.0,-0.0,-0.0
2025-04-09 15:00:00+00:00,-0.00086691335,0.0,0.0,0.0
2025-04-09 16:00:00+00:00,-0.00043791803,0.0,0.0,0.0
2025-04-09 17:00:00+00:00,0.0007374967,0.0,0.0,0.0
2025-04-09 18:00:00+00:00,0.00025853043,0.0,-0.0,-0.0
2025-04-09 19:00:00+00:00,0.00023911518,0.0,0.0,0.0
2025-04-09 20:00:00+00:00,0.0017276028,0.0,0.0,0.0
2025-04-09 21:00:00+00:00,0.0011602596,0.0,0.0,0.0
2025-04-09 22:00:00+00:00,0.00042457847,0.0,-0.0,-0.0
2025-04-09 23:00:00+00:00,0.0015052248,0.0,-0.0,-0.0
2025-04-10 00:00:00+00:00,0.0010684791,0.0,-0.0,-0.0
2025-04-10 01:00:00+00:00,0.00022176506,0.0,-0.0,-0.0
2025-04-10 02:00:00+00:00,-0.00015255385,0.0,-0.0,-0.0
2025-04-10 03:00:00+00:00,-0.00024041536,0.0,-0.0,-0.0
2025-04-10 04:00:00+00:00,-0.0002648345,0.0,0.0,0.0
2025-04-10 05:00:00+00:00,-0.00032537666,0.0,0.0,0.0
2025-04-10 06:00:00+00:00,-0.00047418402,0.0,0.0,0.0
2025-04-10 07:00:00+00:00,-0.00031403135,0.0,-0.0,-0.0
2025-04-10 08:00:00+00:00,-0.0004225466,0.0,-0.0,-0.0
2025-04-10 09:00:00+00:00,-0.00014296718,0.0,0.0,0.0
2025-04-10 10:00:00+00:00,-0.0002279462,0.0,-0.0,-0.0
2025-04-10 11:00:00+00:00,-0.0002279462,0.0,0.0,0.0
2025-04-10 12:00:00+00:00,-0.00023082874,0.0,-0.0,-0.0
2025-04-10 13:00:00+00:00,-0.00041265602,0.0,-0.0,-0.0
2025-04-10 14:00:00+00:00,-0.00052947045,0.0,0.0,0.0
2025-04-10 15:00:00+00:00,-0.0018862468,0.0,-0.0,-0.0
2025-04-10 16:00:00+00:00,-0.00062104716,0.0,0.0,0.0
2025-04-10 17:00:00+00:00,-0.00030222026,0.0,-0.0,-0.0
2025-04-10 18:00:00+00:00,-0.0003245139,0.0,0.0,0.0
2025-04-10 19:00:00+00:00,-0.0011061317,0.0,0.0,0.0
2025-04-10 20:00:00+00:00,-0.0009307765,0.0,0.0,0.0
2025-04-10 21:00:00+00:00,-3.2505137e-05,0.0,-0.0,-0.0
2025-04-10 22:00:00+00:00,-0.0005379596,0.0,-0.0,-0.0
2025-04-10 23:00:00+00:00,-0.0004983979,0.0,-0.0,-0.0
2025-04-11 00:00:00+00:00,-0.0006149745,0.0,-0.0,-0.0
2025-04-11 01:00:00+00:00,0.00053221715,0.0,0.0,0.0
2025-04-11 02:00:00+00:00,0.00014646008,0.0,-0.0,-0.0
2025-04-11 03:00:00+00:00,-0.00022611656,0.0,0.0,0.0
2025-04-11 04:00:00+00:00,-0.00026299263,0.0,0.0,0.0
2025-04-11 05:00:00+00:00,-7.976478e-05,0.0,-0.0,-0.0
2025-04-11 06:00:00+00:00,-0.00043875686,0.0,0.0,0.0
2025-04-11 07:00:00+00:00,-0.00039519972,0.0,0.0,0.0
2025-04-11 08:00:00+00:00,-0.00041535925,0.0,0.0,0.0
2025-04-11 09:00:00+00:00,-0.00076654606,0.0,0.0,0.0
2025-04-11 10:00:00+00:00,-0.00013223995,0.0,0.0,0.0
2025-04-11 11:00:00+00:00,-0.00022922312,0.0,-0.0,-0.0
2025-04-11 12:00:00+00:00,-0.00014424413,0.0,-0.0,-0.0
2025-04-11 13:00:00+00:00,-0.0007750387,0.0,0.0,0.0
2025-04-11 14:00:00+00:00,0.0003224275,0.0,-0.0,-0.0
2025-04-11 15:00:00+00:00,-0.00053613394,0.0,0.0,0.0
2025-04-11 16:00:00+00:00,-0.0009702396,0.0,0.0,0.0
2025-04-11 17:00:00+00:00,-0.0008288121,0.0,0.0,0.0
2025-04-11 18:00:00+00:00,-0.0013112894,0.0,-0.0,-0.0
2025-04-11 19:00:00+00:00,-0.0011351572,0.0,0.0,0.0
2025-04-11 20:00:00+00:00,-0.0010874632,0.0,-0.0,-0.0
2025-04-11 21:00:00+00:00,-0.0011065353,0.0,-0.0,-0.0
2025-04-11 22:00:00+00:00,-0.000658504,0.0,-0.0,-0.0
2025-04-11 23:00:00+00:00,-0.000658504,0.0,-0.0,-0.0
2025-04-12 00:00:00+00:00,-0.00068726746,0.0,-0.0,-0.0
2025-04-12 01:00:00+00:00,-0.00045482002,0.0,-0.0,-0.0
2025-04-12 02:00:00+00:00,-0.00045482002,0.0,-0.0,-0.0
2025-04-12 03:00:00+00:00,-0.00045482002,0.0,0.0,0.0
2025-04-12 04:00:00+00:00,-0.0006276606,0.0,0.0,0.0
2025-04-12 05:00:00+00:00,-0.00053979905,0.0,0.0,0.0
2025-04-12 06:00:00+00:00,-0.00053979905,0.0,0.0,0.0
2025-04-12 07:00:00+00:00,-0.0006276606,0.0,0.0,0.0
2025-04-12 08:00:00+00:00,-0.00030204366,0.0,-0.0,-0.0
2025-04-12 09:00:00+00:00,-0.00021418212,0.0,-0.0,-0.0
2025-04-12 10:00:00+00:00,-0.00012920317,0.0,-0.0,-0.0
2025-04-12 11:00:00+00:00,-0.00012920317,0.0,0.0,0.0
2025-04-12 12:00:00+00:00,-0.00030204366,0.0,0.0,0.0
2025-04-12 13:00:00+00:00,-0.00021222865,0.0,0.0,0.0
2025-04-12 14:00:00+00:00,-6.884328e-05,0.0,0.0,0.0
2025-04-12 15:00:00+00:00,0.00048197867,0.0,0.0,0.0
2025-04-12 16:00:00+00:00,-0.00033915802,0.0,-0.0,-0.0
2025-04-12 17:00:00+00:00,-6.634519e-06,0.0,0.0,0.0
2025-04-12 18:00:00+00:00,0.00033991205,0.0,0.0,0.0
2025-04-12 19:00:00+00:00,-4.9169324e-05,0.0,-0.0,-0.0
2025-04-12 20:00:00+00:00,0.00025205055,0.0,0.0,0.0
2025-04-12 21:00:00+00:00,8.6301356e-05,0.0,-0.0,-0.0
2025-04-12 22:00:00+00:00,0.00024002884,0.0,-0.0,-0.0
2025-04-12 23:00:00+00:00,5.8863247e-05,0.0,-0.0,-0.0
2025-04-13 00:00:00+00:00,-6.621255e-05,0.0,0.0,0.0
2025-04-13 01:00:00+00:00,-0.00024020995,0.0,-0.0,-0.0
2025-04-13 02:00:00+00:00,-0.00032518894,0.0,0.0,0.0
2025-04-13 03:00:00+00:00,-0.00024020995,0.0,0.0,0.0
2025-04-13 04:00:00+00:00,-0.00024020995,0.0,-0.0,-0.0
2025-04-13 05:00:00+00:00,-0.00024020995,0.0,-0.0,-0.0
2025-04-13 06:00:00+00:00,-0.00015234841,0.0,0.0,0.0
2025-04-13 07:00:00+00:00,-0.00015234841,0.0,-0.0,-0.0
2025-04-13 08:00:00+00:00,-0.00032518894,0.0,0.0,0.0
2025-04-13 09:00:00+00:00,-0.00032518894,0.0,0.0,0.0
2025-04-13 10:00:00+00:00,-0.00023732739,0.0,-0.0,-0.0
2025-04-13 11:00:00+00:00,-0.00024020995,0.0,-0.0,-0.0
2025-04-13 12:00:00+00:00,-0.00024020995,0.0,-0.0,-0.0
2025-04-13 13:00:00+00:00,0.00048653723,0.0,-0.0,-0.0
2025-04-13 14:00:00+00:00,-0.00012914585,0.0,0.0,0.0
2025-04-13 15:00:00+00:00,-0.00026696213,0.0,-0.0,-0.0
2025-04-13 16:00:00+00:00,-0.00044615593,0.0,0.0,0.0
2025-04-13 17:00:00+00:00,-0.00044615593,0.0,0.0,0.0
2025-04-13 18:00:00+00:00,-0.00029432678,0.0,-0.0,-0.0
2025-04-13 19:00:00+00:00,1.9511475e-05,0.0,-0.0,-0.0
2025-04-13 20:00:00+00:00,6.1132836e-05,0.0,-0.0,-0.0
2025-04-13 21:00:00+00:00,3.876904e-05,0.0,0.0,0.0
2025-04-13 22:00:00+00:00,0.00040112901,0.0,-0.0,-0.0
2025-04-13 23:00:00+00:00,-4.6209956e-05,0.0,0.0,0.0
2025-04-14 00:00:00+00:00,-0.00076101156,0.0,0.0,0.0
2025-04-14 01:00:00+00:00,-0.00065019407,0.0,-0.0,-0.0
2025-04-14 02:00:00+00:00,-0.0010168463,0.0,0.0,0.0
2025-04-14 03:00:00+00:00,-0.00058299693,0.0,-0.0,-0.0
2025-04-14 04:00:00+00:00,-0.0008418097,0.0,0.0,0.0
2025-04-14 05:00:00+00:00,-0.0005267349,0.0,-0.0,-0.0
2025-04-14 06:00:00+00:00,-0.00051722635,0.0,0.0,0.0
2025-04-14 07:00:00+00:00,-0.0004691198,0.0,-0.0,-0.0
2025-04-14 08:00:00+00:00,-0.0005626437,0.0,0.0,0.0
2025-04-14 09:00:00+00:00,-0.0005201089,0.0,-0.0,-0.0
2025-04-14 10:00:00+00:00,-0.0006571314,0.0,0.0,0.0
2025-04-14 11:00:00+00:00,-0.00057119,0.0,0.0,0.0
2025-04-14 12:00:00+00:00,-0.0007535391,0.0,0.0,0.0
2025-04-14 13:00:00+00:00,-0.000734294,0.0,-0.0,-0.0
2025-04-14 14:00:00+00:00,-0.000819273,0.0,0.0,0.0
2025-04-14 15:00:00+00:00,-0.0007304827,0.0,-0.0,-0.0
2025-04-14 16:00:00+00:00,-0.00012728461,0.0,0.0,0.0
2025-04-14 17:00:00+00:00,-0.00013393951,0.0,0.0,0.0
2025-04-14 18:00:00+00:00,-0.00012636834,0.0,0.0,0.0
2025-04-14 19:00:00+00:00,-0.00016881253,0.0,-0.0,-0.0
2025-04-14 20:00:00+00:00,-8.095102e-05,0.0,-0.0,-0.0
2025-04-14 21:00:00+00:00,-8.553283e-05,0.0,-0.0,-0.0
2025-04-14 22:00:00+00:00,-8.553283e-05,0.0,-0.0,-0.0
2025-04-14 23:00:00+00:00,-8.553283e-05,0.0,0.0,0.0
2025-04-15 00:00:00+00:00,-2.0315825e-05,0.0,0.0,0.0
2025-04-15 01:00:00+00:00,-8.75129e-05,0.0,0.0,0.0
2025-04-15 02:00:00+00:00,0.00012772594,0.0,0.0,0.0
2025-04-15 03:00:00+00:00,0.000110634806,0.0,0.0,0.0
2025-04-15 04:00:00+00:00,0.000110634806,0.0,0.0,0.0
2025-04-15 05:00:00+00:00,0.000110634806,0.0,0.0,0.0
2025-04-15 06:00:00+00:00,0.00017783183,0.0,-0.0,-0.0
2025-04-15 07:00:00+00:00,0.0002656932,0.0,0.0,0.0
2025-04-15 08:00:00+00:00,0.00017783183,0.0,0.0,0.0
2025-04-15 09:00:00+00:00,0.00017783183,0.0,0.0,0.0
2025-04-15 10:00:00+00:00,0.0002628107,0.0,-0.0,-0.0
2025-04-15 11:00:00+00:00,0.0001956138,0.0,-0.0,-0.0
2025-04-15 12:00:00+00:00,0.00030525491,0.0,0.0,0.0
2025-04-15 13:00:00+00:00,0.0001956138,0.0,-0.0,-0.0
2025-04-15 14:00:00+00:00,0.00031677433,0.0,-0.0,-0.0
2025-04-15 15:00:00+00:00,0.0002628107,0.0,-0.0,-0.0
2025-04-15 16:00:00+00:00,0.00025189223,0.0,-0.0,-0.0
2025-04-15 17:00:00+00:00,0.0009215392,0.0,-0.0,-0.0
2025-04-15 18:00:00+00:00,0.0009331558,0.0,-0.0,-0.0
2025-04-15 19:00:00+00:00,0.00082936714,0.0,-0.0,-0.0
2025-04-15 20:00:00+00:00,0.0006659048,0.0,0.0,0.0
2025-04-15 21:00:00+00:00,0.0002122423,0.0,0.0,0.0
2025-04-15 22:00:00+00:00,0.0008991755,0.0,-0.0,-0.0
2025-04-15 23:00:00+00:00,0.0009986537,0.0,-0.0,-0.0
2025-04-16 00:00:00+00:00,0.0011127467,0.0,-0.0,-0.0
2025-04-16 01:00:00+00:00,0.00064592616,0.0,0.0,0.0
2025-04-16 02:00:00+00:00,0.0008556543,0.0,0.0,0.0
2025-04-16 03:00:00+00:00,0.0012018954,0.0,-0.0,-0.0
2025-04-16 04:00:00+00:00,0.0009316252,0.0,-0.0,-0.0
2025-04-16 05:00:00+00:00,0.0013874095,0.0,-0.0,-0.0
2025-04-16 06:00:00+00:00,0.0009921673,0.0,0.0,0.0
2025-04-16 07:00:00+00:00,0.0012042209,0.0,-0.0,-0.0
2025-04-16 08:00:00+00:00,0.0008193268,0.0,0.0,0.0
2025-04-16 09:00:00+00:00,0.00082442974,0.0,-0.0,-0.0
2025-04-16 10:00:00+00:00,0.00090718834,0.0,0.0,0.0
2025-04-16 11:00:00+00:00,0.0008193268,0.0,0.0,0.0
2025-04-16 12:00:00+00:00,0.0008193268,0.0,-0.0,-0.0
2025-04-16 13:00:00+00:00,0.0006640461,0.0,-0.0,-0.0
2025-04-16 14:00:00+00:00,0.0005258292,0.0,0.0,0.0
2025-04-16 15:00:00+00:00,0.00047484357,0.0,0.0,0.0
2025-04-16 16:00:00+00:00,0.00044324363,0.0,0.0,0.0
2025-04-16 17:00:00+00:00,0.001021997,0.0,-0.0,-0.0
2025-04-16 18:00:00+00:00,0.0005659747,0.0,0.0,0.0
2025-04-16 19:00:00+00:00,0.0005120112,0.0,0.0,0.0
2025-04-16 20:00:00+00:00,0.000432605,0.0,-0.0,-0.0
2025-04-16 21:00:00+00:00,0.0005490884,0.0,0.0,0.0
2025-04-16 22:00:00+00:00,0.0005490884,0.0,-0.0,-0.0
2025-04-16 23:00:00+00:00,0.000577509,0.0,-0.0,-0.0
2025-04-17 00:00:00+00:00,0.00021220575,0.0,0.0,0.0
2025-04-17 01:00:00+00:00,0.00021220575,0.0,0.0,0.0
2025-04-17 02:00:00+00:00,0.00018378519,0.0,-0.0,-0.0
2025-04-17 03:00:00+00:00,0.0001243442,0.0,-0.0,-0.0
2025-04-17 04:00:00+00:00,0.00021220575,0.0,0.0,0.0
2025-04-17 05:00:00+00:00,9.592364e-05,0.0,0.0,0.0
2025-04-17 06:00:00+00:00,9.592364e-05,0.0,0.0,0.0
2025-04-17 07:00:00+00:00,9.592364e-05,0.0,-0.0,-0.0
2025-04-17 08:00:00+00:00,0.00013836786,0.0,-0.0,-0.0
2025-04-17 09:00:00+00:00,0.00021220575,0.0,0.0,0.0
2025-04-17 10:00:00+00:00,0.00021220575,0.0,-0.0,-0.0
2025-04-17 11:00:00+00:00,9.592364e-05,0.0,0.0,0.0
2025-04-17 12:00:00+00:00,9.592364e-05,0.0,0.0,0.0
2025-04-17 13:00:00+00:00,9.592364e-05,0.0,-0.0,-0.0
2025-04-17 14:00:00+00:00,0.00017830769,0.0,-0.0,-0.0
2025-04-17 15:00:00+00:00,0.00017830769,0.0,0.0,0.0
2025-04-17 16:00:00+00:00,0.0001722509,0.0,0.0,0.0
2025-04-17 17:00:00+00:00,6.730183e-05,0.0,0.0,0.0
2025-04-17 18:00:00+00:00,0.000118287426,0.0,-0.0,-0.0
2025-04-17 19:00:00+00:00,0.00014670796,0.0,-0.0,-0.0
2025-04-17 20:00:00+00:00,0.000118287426,0.0,0.0,0.0
2025-04-17 21:00:00+00:00,0.00018378519,0.0,-0.0,-0.0
2025-04-17 22:00:00+00:00,0.00021220575,0.0,-0.0,-0.0
2025-04-17 23:00:00+00:00,0.00021220575,0.0,0.0,0.0
2025-04-18 00:00:00+00:00,0.0003282023,0.0,-0.0,-0.0
2025-04-18 01:00:00+00:00,0.0002997817,0.0,0.0,0.0
2025-04-18 02:00:00+00:00,0.0003282023,0.0,-0.0,-0.0
2025-04-18 03:00:00+00:00,0.0002997817,0.0,-0.0,-0.0
2025-04-18 04:00:00+00:00,0.0003282023,0.0,-0.0,-0.0
2025-04-18 05:00:00+00:00,0.00028278495,0.0,0.0,0.0
2025-04-18 06:00:00+00:00,0.00038216574,0.0,-0.0,-0.0
2025-04-18 07:00:00+00:00,0.0002658836,0.0,-0.0,-0.0
2025-04-18 08:00:00+00:00,0.00024034074,0.0,-0.0,-0.0
2025-04-18 09:00:00+00:00,0.00038216574,0.0,-0.0,-0.0
2025-04-18 10:00:00+00:00,0.0003452934,0.0,-0.0,-0.0
2025-04-18 11:00:00+00:00,0.0003083278,0.0,0.0,0.0
2025-04-18 12:00:00+00:00,0.0002658836,0.0,-0.0,-0.0
2025-04-18 13:00:00+00:00,0.0002658836,0.0,-0.0,-0.0
2025-04-18 14:00:00+00:00,0.00029658424,0.0,0.0,0.0
2025-04-18 15:00:00+00:00,0.00101937,0.0,-0.0,-0.0
2025-04-18 16:00:00+00:00,0.00037291148,0.0,0.0,0.0
2025-04-18 17:00:00+00:00,0.00037981916,0.0,0.0,0.0
2025-04-18 18:00:00+00:00,0.000368993,0.0,0.0,0.0
2025-04-18 19:00:00+00:00,0.000368993,0.0,-0.0,-0.0
2025-04-18 20:00:00+00:00,0.0003974136,0.0,-0.0,-0.0
2025-04-18 21:00:00+00:00,0.0003466292,0.0,0.0,0.0
2025-04-18 22:00:00+00:00,0.00037106607,0.0,-0.0,-0.0
2025-04-18 23:00:00+00:00,0.00038587596,0.0,-0.0,-0.0
2025-04-19 00:00:00+00:00,0.00039944795,0.0,-0.0,-0.0
2025-04-19 01:00:00+00:00,0.00037102736,0.0,0.0,0.0
2025-04-19 02:00:00+00:00,0.00038185352,0.0,0.0,0.0
2025-04-19 03:00:00+00:00,0.00038185352,0.0,0.0,0.0
2025-04-19 04:00:00+00:00,0.00032789007,0.0,0.0,0.0
2025-04-19 05:00:00+00:00,0.00032789007,0.0,0.0,0.0
2025-04-19 06:00:00+00:00,0.00032789007,0.0,-0.0,-0.0
2025-04-19 07:00:00+00:00,0.00032789007,0.0,0.0,0.0
2025-04-19 08:00:00+00:00,0.00032789007,0.0,0.0,0.0
2025-04-19 09:00:00+00:00,0.00032789007,0.0,0.0,0.0
2025-04-19 10:00:00+00:00,0.00032789007,0.0,-0.0,-0.0
2025-04-19 11:00:00+00:00,0.0003454845,0.0,-0.0,-0.0
2025-04-19 12:00:00+00:00,0.00034150077,0.0,0.0,0.0
2025-04-19 13:00:00+00:00,0.00064634456,0.0,0.0,0.0
2025-04-19 14:00:00+00:00,0.00032789007,0.0,-0.0,-0.0
2025-04-19 15:00:00+00:00,0.00035631066,0.0,-0.0,-0.0
2025-04-19 16:00:00+00:00,0.00037867445,0.0,0.0,0.0
2025-04-19 17:00:00+00:00,0.00037867445,0.0,0.0,0.0
2025-04-19 18:00:00+00:00,0.00037867445,0.0,-0.0,-0.0
2025-04-19 19:00:00+00:00,0.0003394277,0.0,-0.0,-0.0
2025-04-19 20:00:00+00:00,0.0003678483,0.0,0.0,0.0
2025-04-19 21:00:00+00:00,0.0003170639,0.0,0.0,0.0
2025-04-19 22:00:00+00:00,0.0003170639,0.0,-0.0,-0.0
2025-04-19 23:00:00+00:00,0.0003454845,0.0,-0.0,-0.0
2025-04-20 00:00:00+00:00,0.00031220223,0.0,0.0,0.0
2025-04-20 01:00:00+00:00,0.00028378164,0.0,0.0,0.0
2025-04-20 02:00:00+00:00,0.00028378164,0.0,-0.0,-0.0
2025-04-20 03:00:00+00:00,0.00028378164,0.0,-0.0,-0.0
2025-04-20 04:00:00+00:00,0.00032929334,0.0,0.0,0.0
2025-04-20 05:00:00+00:00,0.00037699184,0.0,-0.0,-0.0
2025-04-20 06:00:00+00:00,0.00037699184,0.0,-0.0,-0.0
2025-04-20 07:00:00+00:00,0.0003028595,0.0,-0.0,-0.0
2025-04-20 08:00:00+00:00,0.0010845936,0.0,0.0,0.0
2025-04-20 09:00:00+00:00,0.0009768797,0.0,-0.0,-0.0
2025-04-20 10:00:00+00:00,0.0011313912,0.0,-0.0,-0.0
2025-04-20 11:00:00+00:00,0.0015345549,0.0,-0.0,-0.0
2025-04-20 12:00:00+00:00,0.00087385793,0.0,0.0,0.0
2025-04-20 13:00:00+00:00,0.00084543735,0.0,-0.0,-0.0
2025-04-20 14:00:00+00:00,0.0006000271,0.0,0.0,0.0
2025-04-20 15:00:00+00:00,0.00084543735,0.0,-0.0,-0.0
2025-04-20 16:00:00+00:00,0.00046285312,0.0,0.0,0.0
2025-04-20 17:00:00+00:00,0.00047646384,0.0,-0.0,-0.0
2025-04-20 18:00:00+00:00,0.00046285312,0.0,-0.0,-0.0
2025-04-20 19:00:00+00:00,0.00045202702,0.0,0.0,0.0
2025-04-20 20:00:00+00:00,0.00046285312,0.0,0.0,0.0
2025-04-20 21:00:00+00:00,0.00044048936,0.0,-0.0,-0.0
2025-04-20 22:00:00+00:00,0.00044048936,0.0,-0.0,-0.0
2025-04-20 23:00:00+00:00,0.00044048936,0.0,0.0,0.0
2025-04-21 00:00:00+00:00,0.0020622744,0.0,0.0,0.0
2025-04-21 01:00:00+00:00,0.0016744743,0.0,0.0,0.0
2025-04-21 02:00:00+00:00,0.0016744743,0.0,0.0,0.0
2025-04-21 03:00:00+00:00,0.0017254599,0.0,-0.0,-0.0
2025-04-21 04:00:00+00:00,0.0017254599,0.0,0.0,0.0
2025-04-21 05:00:00+00:00,0.0017254599,0.0,0.0,0.0
2025-04-21 06:00:00+00:00,0.0017254599,0.0,-0.0,-0.0
2025-04-21 07:00:00+00:00,0.0017254599,0.0,-0.0,-0.0
2025-04-21 08:00:00+00:00,0.0018115691,0.0,0.0,0.0
2025-04-21 09:00:00+00:00,0.0018223953,0.0,-0.0,-0.0
2025-04-21 10:00:00+00:00,0.0007926996,0.0,-0.0,-0.0
2025-04-21 11:00:00+00:00,0.00038701462,0.0,-0.0,-0.0
2025-04-21 12:00:00+00:00,0.00038701462,0.0,0.0,0.0
2025-04-21 13:00:00+00:00,0.00038701462,0.0,-0.0,-0.0
2025-04-21 14:00:00+00:00,0.0017747133,0.0,0.0,0.0
2025-04-21 15:00:00+00:00,0.0007604949,0.0,-0.0,-0.0
2025-04-21 16:00:00+00:00,0.00038095788,0.0,-0.0,-0.0
2025-04-21 17:00:00+00:00,0.0004093784,0.0,-0.0,-0.0
2025-04-21 18:00:00+00:00,0.0004093784,0.0,-0.0,-0.0
2025-04-21 19:00:00+00:00,0.00038095788,0.0,0.0,0.0
2025-04-21 20:00:00+00:00,0.00037013172,0.0,-0.0,-0.0
2025-04-21 21:00:00+00:00,0.00034776793,0.0,-0.0,-0.0
2025-04-21 22:00:00+00:00,0.00038701462,0.0,-0.0,-0.0
2025-04-21 23:00:00+00:00,0.0003585941,0.0,0.0,0.0
2025-04-22 00:00:00+00:00,0.00028946882,0.0,0.0,0.0
2025-04-22 01:00:00+00:00,0.00034724103,0.0,0.0,0.0
2025-04-22 02:00:00+00:00,0.00028946882,0.0,-0.0,-0.0
2025-04-22 03:00:00+00:00,0.00028946882,0.0,-0.0,-0.0
2025-04-22 04:00:00+00:00,0.00030706325,0.0,-0.0,-0.0
2025-04-22 05:00:00+00:00,0.00027864266,0.0,0.0,0.0
2025-04-22 06:00:00+00:00,0.00027864266,0.0,-0.0,-0.0
2025-04-22 07:00:00+00:00,0.00027864266,0.0,0.0,0.0
2025-04-22 08:00:00+00:00,0.00028946882,0.0,0.0,0.0
2025-04-22 09:00:00+00:00,0.00027864266,0.0,0.0,0.0
2025-04-22 10:00:00+00:00,0.00027864266,0.0,-0.0,-0.0
2025-04-22 11:00:00+00:00,0.00027864266,0.0,0.0,0.0
2025-04-22 12:00:00+00:00,0.0005047598,0.0,0.0,0.0
2025-04-22 13:00:00+00:00,0.0020241174,0.0,0.0,0.0
2025-04-22 14:00:00+00:00,0.0020802722,0.0,0.0,0.0
2025-04-22 15:00:00+00:00,0.0020802722,0.0,0.0,0.0
2025-04-22 16:00:00+00:00,0.0020005314,0.0,0.0,0.0
2025-04-22 17:00:00+00:00,0.0020677284,0.0,0.0,0.0
2025-04-22 18:00:00+00:00,0.0020677284,0.0,0.0,0.0
2025-04-22 19:00:00+00:00,0.0020677284,0.0,-0.0,-0.0
2025-04-22 20:00:00+00:00,0.0020853227,0.0,-0.0,-0.0
2025-04-22 21:00:00+00:00,0.0020111592,0.0,0.0,0.0
2025-04-22 22:00:00+00:00,0.0019976893,0.0,-0.0,-0.0
2025-04-22 23:00:00+00:00,0.0019976893,0.0,0.0,0.0
2025-04-23 00:00:00+00:00,0.0024146137,0.0,0.0,0.0
2025-04-23 01:00:00+00:00,0.0017317076,0.0,-0.0,-0.0
2025-04-23 02:00:00+00:00,0.0018217147,0.0,0.0,0.0
2025-04-23 03:00:00+00:00,0.0023753669,0.0,0.0,0.0
2025-04-23 04:00:00+00:00,0.0023753669,0.0,0.0,0.0
2025-04-23 05:00:00+00:00,0.0023753669,0.0,-0.0,-0.0
2025-04-23 06:00:00+00:00,0.0023753669,0.0,0.0,0.0
2025-04-23 07:00:00+00:00,0.002386193,0.0,0.0,0.0
2025-04-23 08:00:00+00:00,0.0021601745,0.0,0.0,0.0
2025-04-23 09:00:00+00:00,0.0015672749,0.0,-0.0,-0.0
2025-04-23 10:00:00+00:00,0.0016386049,0.0,-0.0,-0.0
2025-04-23 11:00:00+00:00,0.0016494308,0.0,-0.0,-0.0
2025-04-23 12:00:00+00:00,0.0017502641,0.0,0.0,0.0
2025-04-23 13:00:00+00:00,0.0017164119,0.0,-0.0,-0.0
2025-04-23 14:00:00+00:00,0.0016219243,0.0,-0.0,-0.0
2025-04-23 15:00:00+00:00,0.0016219243,0.0,0.0,0.0
2025-04-23 16:00:00+00:00,0.0016813789,0.0,0.0,0.0
2025-04-23 17:00:00+00:00,0.0017650403,0.0,0.0,0.0
2025-04-23 18:00:00+00:00,0.0017650403,0.0,-0.0,-0.0
2025-04-23 19:00:00+00:00,0.0018042871,0.0,-0.0,-0.0
2025-04-23 20:00:00+00:00,0.0017934609,0.0,0.0,0.0
2025-04-23 21:00:00+00:00,0.0016766096,0.0,-0.0,-0.0
2025-04-23 22:00:00+00:00,0.0017426766,0.0,0.0,0.0
2025-04-23 23:00:00+00:00,0.0017426766,0.0,-0.0,-0.0
2025-04-24 00:00:00+00:00,0.001405794,0.0,0.0,0.0
2025-04-24 01:00:00+00:00,0.001405794,0.0,0.0,0.0
2025-04-24 02:00:00+00:00,0.0011459293,0.0,-0.0,-0.0
2025-04-24 03:00:00+00:00,0.0014799088,0.0,-0.0,-0.0
2025-04-24 04:00:00+00:00,0.0015656578,0.0,0.0,0.0
2025-04-24 05:00:00+00:00,0.0014806993,0.0,-0.0,-0.0
2025-04-24 06:00:00+00:00,0.0014383867,0.0,-0.0,-0.0
2025-04-24 07:00:00+00:00,0.002470529,0.0,-0.0,-0.0
2025-04-24 08:00:00+00:00,0.002028108,0.0,-0.0,-0.0
2025-04-24 09:00:00+00:00,0.0018685793,0.0,0.0,0.0
2025-04-24 10:00:00+00:00,0.0015596934,0.0,0.0,0.0
2025-04-24 11:00:00+00:00,0.0013853972,0.0,0.0,0.0
2025-04-24 12:00:00+00:00,0.0013962233,0.0,0.0,0.0
2025-04-24 13:00:00+00:00,0.0012155807,0.0,0.0,0.0
2025-04-24 14:00:00+00:00,0.0012731958,0.0,0.0,0.0
2025-04-24 15:00:00+00:00,0.0012155807,0.0,0.0,0.0
2025-04-24 16:00:00+00:00,0.0011410092,0.0,0.0,0.0
2025-04-24 17:00:00+00:00,0.0013500723,0.0,-0.0,-0.0
2025-04-24 18:00:00+00:00,0.0011410092,0.0,0.0,0.0
2025-04-24 19:00:00+00:00,0.0011410092,0.0,0.0,0.0
2025-04-24 20:00:00+00:00,0.0011410092,0.0,-0.0,-0.0
2025-04-24 21:00:00+00:00,0.0011078193,0.0,-0.0,-0.0
2025-04-24 22:00:00+00:00,0.0011362399,0.0,0.0,0.0
2025-04-24 23:00:00+00:00,0.0010646819,0.0,0.0,0.0
2025-04-25 00:00:00+00:00,0.001275166,0.0,0.0,0.0
2025-04-25 01:00:00+00:00,0.0011977695,0.0,-0.0,-0.0
2025-04-25 02:00:00+00:00,0.0012630626,0.0,-0.0,-0.0
2025-04-25 03:00:00+00:00,0.0011982729,0.0,0.0,0.0
2025-04-25 04:00:00+00:00,0.0011982729,0.0,-0.0,-0.0
2025-04-25 05:00:00+00:00,0.0011698523,0.0,0.0,0.0
2025-04-25 06:00:00+00:00,0.0011698523,0.0,0.0,0.0
2025-04-25 07:00:00+00:00,0.001275166,0.0,0.0,0.0
2025-04-25 08:00:00+00:00,0.0011679939,0.0,-0.0,-0.0
2025-04-25 09:00:00+00:00,0.0012624814,0.0,0.0,0.0
2025-04-25 10:00:00+00:00,0.0013017282,0.0,-0.0,-0.0
2025-04-25 11:00:00+00:00,0.0014386848,0.0,0.0,0.0
2025-04-25 12:00:00+00:00,0.0012733076,0.0,-0.0,-0.0
2025-04-25 13:00:00+00:00,0.0012733076,0.0,-0.0,-0.0
2025-04-25 14:00:00+00:00,0.0017823487,0.0,0.0,0.0
2025-04-25 15:00:00+00:00,0.0014386848,0.0,-0.0,-0.0
2025-04-25 16:00:00+00:00,0.0013746363,0.0,0.0,0.0
2025-04-25 17:00:00+00:00,0.0013259504,0.0,-0.0,-0.0
2025-04-25 18:00:00+00:00,0.0013259504,0.0,0.0,0.0
2025-04-25 19:00:00+00:00,0.001462907,0.0,0.0,0.0
2025-04-25 20:00:00+00:00,0.0012867036,0.0,-0.0,-0.0
2025-04-25 21:00:00+00:00,0.0012927605,0.0,-0.0,-0.0
2025-04-25 22:00:00+00:00,0.0012927605,0.0,0.0,0.0
2025-04-25 23:00:00+00:00,0.0012927605,0.0,-0.0,-0.0
2025-04-26 00:00:00+00:00,0.0015237249,0.0,0.0,0.0
2025-04-26 01:00:00+00:00,0.0015128987,0.0,0.0,0.0
2025-04-26 02:00:00+00:00,0.0015128987,0.0,-0.0,-0.0
2025-04-26 03:00:00+00:00,0.0015413193,0.0,-0.0,-0.0
2025-04-26 04:00:00+00:00,0.0015413193,0.0,-0.0,-0.0
2025-04-26 05:00:00+00:00,0.0015521455,0.0,0.0,0.0
2025-04-26 06:00:00+00:00,0.0015413193,0.0,0.0,0.0
2025-04-26 07:00:00+00:00,0.0015128987,0.0,-0.0,-0.0
2025-04-26 08:00:00+00:00,0.0024558294,0.0,0.0,0.0
2025-04-26 09:00:00+00:00,0.0024558294,0.0,-0.0,-0.0
2025-04-26 10:00:00+00:00,0.0024450033,0.0,-0.0,-0.0
2025-04-26 11:00:00+00:00,0.0031516326,0.0,-0.0,-0.0
2025-04-26 12:00:00+00:00,0.0028540217,0.0,0.0,0.0
2025-04-26 13:00:00+00:00,0.0028824424,0.0,-0.0,-0.0
2025-04-26 14:00:00+00:00,0.0034279954,0.0,0.0,0.0
2025-04-26 15:00:00+00:00,0.0031175353,0.0,0.0,0.0
2025-04-26 16:00:00+00:00,0.0022555592,0.0,-0.0,-0.0
2025-04-26 17:00:00+00:00,0.0016214639,0.0,0.0,0.0
2025-04-26 18:00:00+00:00,0.0019784474,0.0,-0.0,-0.0
2025-04-26 19:00:00+00:00,0.0024901435,0.0,0.0,0.0
2025-04-26 20:00:00+00:00,0.0018189105,0.0,-0.0,-0.0
2025-04-26 21:00:00+00:00,0.0015991002,0.0,0.0,0.0
2025-04-26 22:00:00+00:00,0.0017044139,0.0,0.0,0.0
2025-04-26 23:00:00+00:00,0.0017044139,0.0,-0.0,-0.0
2025-04-27 00:00:00+00:00,0.0014802532,0.0,0.0,0.0
2025-04-27 01:00:00+00:00,0.0019170458,0.0,-0.0,-0.0
2025-04-27 02:00:00+00:00,0.0016776997,0.0,0.0,0.0
2025-04-27 03:00:00+00:00,0.0015066933,0.0,-0.0,-0.0
2025-04-27 04:00:00+00:00,0.0020933861,0.0,-0.0,-0.0
2025-04-27 05:00:00+00:00,0.001600747,0.0,-0.0,-0.0
2025-04-27 06:00:00+00:00,0.0017754773,0.0,0.0,0.0
2025-04-27 07:00:00+00:00,0.0015727605,0.0,0.0,0.0
2025-04-27 08:00:00+00:00,0.0012878352,0.0,0.0,0.0
2025-04-27 09:00:00+00:00,0.001277009,0.0,-0.0,-0.0
2025-04-27 10:00:00+00:00,0.0011859401,0.0,-0.0,-0.0
2025-04-27 11:00:00+00:00,0.00059203425,0.0,-0.0,-0.0
2025-04-27 12:00:00+00:00,0.0009936051,0.0,-0.0,-0.0
2025-04-27 13:00:00+00:00,0.0011967663,0.0,0.0,0.0
2025-04-27 14:00:00+00:00,0.0005636138,0.0,-0.0,-0.0
2025-04-27 15:00:00+00:00,0.0005636138,0.0,-0.0,-0.0
2025-04-27 16:00:00+00:00,0.0007392652,0.0,0.0,0.0
2025-04-27 17:00:00+00:00,0.0007108446,0.0,0.0,0.0
2025-04-27 18:00:00+00:00,0.0013071245,0.0,0.0,0.0
2025-04-27 19:00:00+00:00,0.0013873671,0.0,0.0,0.0
2025-04-27 20:00:00+00:00,0.0012962983,0.0,-0.0,-0.0
2025-04-27 21:00:00+00:00,0.0013216333,0.0,0.0,0.0
2025-04-27 22:00:00+00:00,0.00104981,0.0,-0.0,-0.0
2025-04-27 23:00:00+00:00,0.0010972157,0.0,-0.0,-0.0
2025-04-28 00:00:00+00:00,0.0011225755,0.0,-0.0,-0.0
2025-04-28 01:00:00+00:00,0.0013947915,0.0,-0.0,-0.0
2025-04-28 02:00:00+00:00,0.00047076843,0.0,0.0,0.0
2025-04-28 03:00:00+00:00,0.00050954515,0.0,0.0,0.0
2025-04-28 04:00:00+00:00,0.0005180181,0.0,0.0,0.0
2025-04-28 05:00:00+00:00,0.00041516233,0.0,0.0,0.0
2025-04-28 06:00:00+00:00,0.0010483151,0.0,0.0,0.0
2025-04-28 07:00:00+00:00,0.0009600443,0.0,0.0,0.0
2025-04-28 08:00:00+00:00,0.0010483151,0.0,0.0,0.0
2025-04-28 09:00:00+00:00,0.0010483151,0.0,0.0,0.0
2025-04-28 10:00:00+00:00,0.0011393838,0.0,0.0,0.0
2025-04-28 11:00:00+00:00,0.0014712213,0.0,0.0,0.0
2025-04-28 12:00:00+00:00,0.0014712213,0.0,0.0,0.0
2025-04-28 13:00:00+00:00,0.0006313071,0.0,-0.0,-0.0
2025-04-28 14:00:00+00:00,0.00034953773,0.0,0.0,0.0
2025-04-28 15:00:00+00:00,0.0003440428,0.0,-0.0,-0.0
2025-04-28 16:00:00+00:00,0.000558471,0.0,0.0,0.0
2025-04-28 17:00:00+00:00,0.000558471,0.0,0.0,0.0
2025-04-28 18:00:00+00:00,0.00051922427,0.0,0.0,0.0
2025-04-28 19:00:00+00:00,0.00038468206,0.0,0.0,0.0
2025-04-28 20:00:00+00:00,0.0003979935,0.0,-0.0,-0.0
2025-04-28 21:00:00+00:00,0.00037562972,0.0,0.0,0.0
2025-04-28 22:00:00+00:00,0.00040247766,0.0,0.0,0.0
2025-04-28 23:00:00+00:00,0.0010464566,0.0,0.0,0.0
2025-04-29 00:00:00+00:00,0.0009773312,0.0,0.0,0.0
2025-04-29 01:00:00+00:00,0.00027698147,0.0,-0.0,-0.0
2025-04-29 02:00:00+00:00,0.0002785542,0.0,-0.0,-0.0
2025-04-29 03:00:00+00:00,0.0002785542,0.0,0.0,0.0
2025-04-29 04:00:00+00:00,0.00021909579,0.0,-0.0,-0.0
2025-04-29 05:00:00+00:00,0.0003997848,0.0,-0.0,-0.0
2025-04-29 06:00:00+00:00,0.00038312408,0.0,0.0,0.0
2025-04-29 07:00:00+00:00,0.00026615532,0.0,0.0,0.0
2025-04-29 08:00:00+00:00,0.0003333525,0.0,0.0,0.0
2025-04-29 09:00:00+00:00,0.00026615532,0.0,-0.0,-0.0
2025-04-29 10:00:00+00:00,0.0003997848,0.0,-0.0,-0.0
2025-04-29 11:00:00+00:00,0.0004576706,0.0,0.0,0.0
2025-04-29 12:00:00+00:00,0.0003997848,0.0,-0.0,-0.0
2025-04-29 13:00:00+00:00,0.00019067524,0.0,-0.0,-0.0
2025-04-29 14:00:00+00:00,0.0002785542,0.0,0.0,0.0
2025-04-29 15:00:00+00:00,0.00019067524,0.0,-0.0,-0.0
2025-04-29 16:00:00+00:00,0.00021489745,0.0,0.0,0.0
2025-04-29 17:00:00+00:00,0.00030120378,0.0,0.0,0.0
2025-04-29 18:00:00+00:00,0.00030120378,0.0,0.0,0.0
2025-04-29 19:00:00+00:00,0.00029037762,0.0,-0.0,-0.0
2025-04-29 20:00:00+00:00,0.00024331795,0.0,-0.0,-0.0
2025-04-29 21:00:00+00:00,0.00023804532,0.0,-0.0,-0.0
2025-04-29 22:00:00+00:00,0.00020078546,0.0,-0.0,-0.0
2025-04-29 23:00:00+00:00,0.00027491772,0.0,0.0,0.0
2025-04-30 00:00:00+00:00,0.0006938186,0.0,0.0,0.0
2025-04-30 01:00:00+00:00,0.00065457186,0.0,-0.0,-0.0
2025-04-30 02:00:00+00:00,0.00065457186,0.0,0.0,0.0
2025-04-30 03:00:00+00:00,0.00048470887,0.0,0.0,0.0
2025-04-30 04:00:00+00:00,0.00048470887,0.0,0.0,0.0
2025-04-30 05:00:00+00:00,0.00047388268,0.0,-0.0,-0.0
2025-04-30 06:00:00+00:00,0.00068299245,0.0,-0.0,-0.0
2025-04-30 07:00:00+00:00,0.0006938186,0.0,-0.0,-0.0
2025-04-30 08:00:00+00:00,0.0006848509,0.0,0.0,0.0
2025-04-30 09:00:00+00:00,0.0006672566,0.0,0.0,0.0
2025-04-30 10:00:00+00:00,0.00061955786,0.0,-0.0,-0.0
2025-04-30 11:00:00+00:00,0.0006672566,0.0,0.0,0.0
2025-04-30 12:00:00+00:00,0.00069567707,0.0,-0.0,-0.0
2025-04-30 13:00:00+00:00,0.0021222143,0.0,-0.0,-0.0
2025-04-30 14:00:00+00:00,0.0008552146,0.0,0.0,0.0
2025-04-30 15:00:00+00:00,0.0008552146,0.0,0.0,0.0
2025-04-30 16:00:00+00:00,0.0010927096,0.0,0.0,0.0
2025-04-30 17:00:00+00:00,0.0010927096,0.0,0.0,0.0
2025-04-30 18:00:00+00:00,0.0010927096,0.0,-0.0,-0.0
2025-04-30 19:00:00+00:00,0.0010927096,0.0,0.0,0.0
2025-04-30 20:00:00+00:00,0.0006877619,0.0,0.0,0.0
2025-04-30 21:00:00+00:00,0.00065457186,0.0,-0.0,-0.0
2025-04-30 22:00:00+00:00,0.0006898349,0.0,-0.0,-0.0
2025-04-30 23:00:00+00:00,0.00068299245,0.0,0.0,0.0
2025-05-01 00:00:00+00:00,0.0001589623,0.0,0.0,0.0
2025-05-01 01:00:00+00:00,0.0001589623,0.0,0.0,0.0
2025-05-01 02:00:00+00:00,0.0001589623,0.0,0.0,0.0
2025-05-01 03:00:00+00:00,0.0001589623,0.0,-0.0,-0.0
2025-05-01 04:00:00+00:00,0.0001589623,0.0,0.0,0.0
2025-05-01 05:00:00+00:00,0.0001589623,0.0,0.0,0.0
2025-05-01 06:00:00+00:00,0.0001589623,0.0,-0.0,-0.0
2025-05-01 07:00:00+00:00,0.00013516573,0.0,0.0,0.0
2025-05-01 08:00:00+00:00,0.00013516573,0.0,0.0,0.0
2025-05-01 09:00:00+00:00,0.00013516573,0.0,0.0,0.0
2025-05-01 10:00:00+00:00,0.00033841768,0.0,0.0,0.0
2025-05-01 11:00:00+00:00,0.0003320389,0.0,0.0,0.0
2025-05-01 12:00:00+00:00,0.00057605404,0.0,0.0,0.0
2025-05-01 13:00:00+00:00,7.130264e-05,0.0,-0.0,-0.0
2025-05-01 14:00:00+00:00,0.00044525415,0.0,0.0,0.0
2025-05-01 15:00:00+00:00,0.0005446529,0.0,0.0,0.0
2025-05-01 16:00:00+00:00,0.0008718812,0.0,0.0,0.0
2025-05-01 17:00:00+00:00,0.0005456562,0.0,-0.0,-0.0
2025-05-01 18:00:00+00:00,0.0006778898,0.0,0.0,0.0
2025-05-01 19:00:00+00:00,0.00035149595,0.0,-0.0,-0.0
2025-05-01 20:00:00+00:00,0.00029427608,0.0,-0.0,-0.0
2025-05-01 21:00:00+00:00,0.00029427608,0.0,0.0,0.0
2025-05-01 22:00:00+00:00,0.00029427608,0.0,-0.0,-0.0
2025-05-01 23:00:00+00:00,0.00029427608,0.0,0.0,0.0
2025-05-02 00:00:00+00:00,0.0028946155,0.0,0.0,0.0
2025-05-02 01:00:00+00:00,0.002647552,0.0,-0.0,-0.0
2025-05-02 02:00:00+00:00,0.002647552,0.0,-0.0,-0.0
2025-05-02 03:00:00+00:00,0.002647552,0.0,0.0,0.0
2025-05-02 04:00:00+00:00,0.002647552,0.0,-0.0,-0.0
2025-05-02 05:00:00+00:00,0.0023428134,0.0,-0.0,-0.0
2025-05-02 06:00:00+00:00,0.0023428134,0.0,0.0,0.0
2025-05-02 07:00:00+00:00,0.0022192395,0.0,-0.0,-0.0
2025-05-02 08:00:00+00:00,0.005456547,0.0,0.0,0.0
2025-05-02 09:00:00+00:00,0.0053329715,1.0,-0.0011240796345458374,-0.0015240796345458375
2025-05-02 10:00:00+00:00,0.0053571477,1.0,0.003055414868373685,0.003055414868373685
2025-05-02 11:00:00+00:00,0.0049714404,1.0,0.00031803430020582724,0.00031803430020582724
2025-05-02 12:00:00+00:00,0.0041994327,1.0,0.00266733556505927,0.00266733556505927
2025-05-02 13:00:00+00:00,0.0038946907,0.0,-0.0008,-0.0012000000000000001
2025-05-02 14:00:00+00:00,0.0040158965,0.0,0.0,0.0
2025-05-02 15:00:00+00:00,0.004298831,0.0,-0.0,-0.0
2025-05-02 16:00:00+00:00,0.004120805,0.0,0.0,0.0
2025-05-02 17:00:00+00:00,0.004120805,0.0,0.0,0.0
2025-05-02 18:00:00+00:00,0.0053357403,0.0,-0.0,-0.0
2025-05-02 19:00:00+00:00,0.003692488,1.0,-0.0035603632024331137,-0.003960363202433113
2025-05-02 20:00:00+00:00,0.0052785208,0.0,-0.0008,-0.0012000000000000001
2025-05-02 21:00:00+00:00,0.005178742,1.0,-0.003860967711328466,-0.004260967711328466
2025-05-02 22:00:00+00:00,0.0051432066,1.0,-0.0006041420975316791,-0.0006041420975316791
2025-05-02 23:00:00+00:00,0.0051549454,1.0,0.00231451769840052,0.00231451769840052
2025-05-03 00:00:00+00:00,0.0044022785,1.0,-0.0017384442066606131,-0.0017384442066606131
2025-05-03 01:00:00+00:00,0.004256895,0.0,-0.0008,-0.0012000000000000001
2025-05-03 02:00:00+00:00,0.0046426025,0.0,0.0,0.0
2025-05-03 03:00:00+00:00,0.0049008923,0.0,-0.0,-0.0
2025-05-03 04:00:00+00:00,0.004593055,1.0,0.001051657612618185,0.0006516576126181848
2025-05-03 05:00:00+00:00,0.0047477437,0.0,-0.0008,-0.0012000000000000001
2025-05-03 06:00:00+00:00,0.004890318,0.0,-0.0,-0.0
2025-05-03 07:00:00+00:00,0.00376307,1.0,0.0008123025969514426,0.0004123025969514425
2025-05-03 08:00:00+00:00,0.0008117661,0.0,-0.0008,-0.0012000000000000001
2025-05-03 09:00:00+00:00,0.0008117661,0.0,-0.0,-0.0
2025-05-03 10:00:00+00:00,0.0012389324,0.0,-0.0,-0.0
2025-05-03 11:00:00+00:00,0.0013427782,0.0,0.0,0.0
2025-05-03 12:00:00+00:00,0.00065980793,0.0,0.0,0.0
2025-05-03 13:00:00+00:00,0.0006570782,0.0,0.0,0.0
2025-05-03 14:00:00+00:00,0.0008338626,0.0,0.0,0.0
2025-05-03 15:00:00+00:00,0.00065980793,0.0,0.0,0.0
2025-05-03 16:00:00+00:00,0.00046381605,0.0,0.0,0.0
2025-05-03 17:00:00+00:00,0.00046381605,0.0,-0.0,-0.0
2025-05-03 18:00:00+00:00,0.00046381605,0.0,-0.0,-0.0
2025-05-03 19:00:00+00:00,0.00046108637,0.0,0.0,0.0
2025-05-03 20:00:00+00:00,0.00046108637,0.0,-0.0,-0.0
2025-05-03 21:00:00+00:00,0.00046108637,0.0,-0.0,-0.0
2025-05-03 22:00:00+00:00,0.00046108637,0.0,-0.0,-0.0
2025-05-03 23:00:00+00:00,0.00080928096,0.0,-0.0,-0.0
2025-05-04 00:00:00+00:00,0.00044639013,0.0,0.0,0.0
2025-05-04 01:00:00+00:00,0.00046108637,0.0,0.0,0.0
2025-05-04 02:00:00+00:00,0.00046108637,0.0,-0.0,-0.0
2025-05-04 03:00:00+00:00,0.00039411327,0.0,-0.0,-0.0
2025-05-04 04:00:00+00:00,0.00039684295,0.0,0.0,0.0
2025-05-04 05:00:00+00:00,0.00046108637,0.0,0.0,0.0
2025-05-04 06:00:00+00:00,0.00046108637,0.0,-0.0,-0.0
2025-05-04 07:00:00+00:00,0.00046108637,0.0,-0.0,-0.0
2025-05-04 08:00:00+00:00,0.00039411327,0.0,-0.0,-0.0
2025-05-04 09:00:00+00:00,0.00080928096,0.0,-0.0,-0.0
2025-05-04 10:00:00+00:00,0.00055163953,0.0,-0.0,-0.0
2025-05-04 11:00:00+00:00,0.00030316887,0.0,0.0,0.0
2025-05-04 12:00:00+00:00,0.0002536217,0.0,0.0,0.0
2025-05-04 13:00:00+00:00,0.00030589855,0.0,-0.0,-0.0
2025-05-04 14:00:00+00:00,0.00048642364,0.0,0.0,0.0
2025-05-04 15:00:00+00:00,0.00048915326,0.0,-0.0,-0.0
2025-05-04 16:00:00+00:00,0.0009835933,0.0,-0.0,-0.0
2025-05-04 17:00:00+00:00,0.0006381286,0.0,0.0,0.0
2025-05-04 18:00:00+00:00,0.0006381286,0.0,-0.0,-0.0
2025-05-04 19:00:00+00:00,0.0006381286,0.0,0.0,0.0
2025-05-04 20:00:00+00:00,0.000635399,0.0,0.0,0.0
2025-05-04 21:00:00+00:00,0.000635399,0.0,-0.0,-0.0
2025-05-04 22:00:00+00:00,0.00057115545,0.0,-0.0,-0.0
2025-05-04 23:00:00+00:00,0.0006508298,0.0,-0.0,-0.0
2025-05-05 00:00:00+00:00,0.00052725594,0.0,0.0,0.0
2025-05-05 01:00:00+00:00,0.00026035332,0.0,-0.0,-0.0
2025-05-05 02:00:00+00:00,0.0005354815,0.0,0.0,0.0
2025-05-05 03:00:00+00:00,0.00046850814,0.0,-0.0,-0.0
2025-05-05 04:00:00+00:00,0.000675973,0.0,0.0,0.0
2025-05-05 05:00:00+00:00,0.000675973,0.0,0.0,0.0
2025-05-05 06:00:00+00:00,0.0005019185,0.0,0.0,0.0
2025-05-05 07:00:00+00:00,0.0005019185,0.0,-0.0,-0.0
2025-05-05 08:00:00+00:00,0.00036142694,0.0,-0.0,-0.0
2025-05-05 09:00:00+00:00,0.00036142694,0.0,0.0,0.0
2025-05-05 10:00:00+00:00,0.00052359106,0.0,-0.0,-0.0
2025-05-05 11:00:00+00:00,0.00060899986,0.0,-0.0,-0.0
2025-05-05 12:00:00+00:00,0.0005019185,0.0,0.0,0.0
2025-05-05 13:00:00+00:00,0.00036142694,0.0,-0.0,-0.0
2025-05-05 14:00:00+00:00,0.0006343371,0.0,-0.0,-0.0
2025-05-05 15:00:00+00:00,0.0006838843,0.0,-0.0,-0.0
2025-05-05 16:00:00+00:00,0.00052725594,0.0,0.0,0.0
2025-05-05 17:00:00+00:00,0.00052725594,0.0,0.0,0.0
2025-05-05 18:00:00+00:00,0.00066450424,0.0,0.0,0.0
2025-05-05 19:00:00+00:00,0.00036142694,0.0,-0.0,-0.0
2025-05-05 20:00:00+00:00,0.00070131023,0.0,-0.0,-0.0
2025-05-05 21:00:00+00:00,0.00036142694,0.0,0.0,0.0
2025-05-05 22:00:00+00:00,0.00035869723,0.0,0.0,0.0
2025-05-05 23:00:00+00:00,0.00033490066,0.0,-0.0,-0.0
2025-05-06 00:00:00+00:00,8.404074e-05,0.0,-0.0,-0.0
2025-05-06 01:00:00+00:00,6.024416e-05,0.0,-0.0,-0.0
2025-05-06 02:00:00+00:00,8.404074e-05,0.0,0.0,0.0
2025-05-06 03:00:00+00:00,6.024416e-05,0.0,0.0,0.0
2025-05-06 04:00:00+00:00,8.404074e-05,0.0,0.0,0.0
2025-05-06 05:00:00+00:00,8.404074e-05,0.0,-0.0,-0.0
2025-05-06 06:00:00+00:00,8.404074e-05,0.0,0.0,0.0
2025-05-06 07:00:00+00:00,8.404074e-05,0.0,-0.0,-0.0
2025-05-06 08:00:00+00:00,8.404074e-05,0.0,-0.0,-0.0
2025-05-06 09:00:00+00:00,8.404074e-05,0.0,-0.0,-0.0
2025-05-06 10:00:00+00:00,1.7067616e-05,0.0,-0.0,-0.0
2025-05-06 11:00:00+00:00,1.7067616e-05,0.0,-0.0,-0.0
2025-05-06 12:00:00+00:00,8.404074e-05,0.0,0.0,0.0
2025-05-06 13:00:00+00:00,-0.0001849116,0.0,-0.0,-0.0
2025-05-06 14:00:00+00:00,0.00022453218,0.0,0.0,0.0
2025-05-06 15:00:00+00:00,0.00020073561,0.0,0.0,0.0
2025-05-06 16:00:00+00:00,0.0003735073,0.0,-0.0,-0.0
2025-05-06 17:00:00+00:00,0.0003735073,0.0,0.0,0.0
2025-05-06 18:00:00+00:00,0.00034971078,0.0,0.0,0.0
2025-05-06 19:00:00+00:00,0.00027698325,0.0,-0.0,-0.0
2025-05-06 20:00:00+00:00,0.00034971078,0.0,-0.0,-0.0
2025-05-06 21:00:00+00:00,0.0003735073,0.0,0.0,0.0
2025-05-06 22:00:00+00:00,0.00036283105,0.0,0.0,0.0
2025-05-06 23:00:00+00:00,0.0010791827,0.0,0.0,0.0
2025-05-07 00:00:00+00:00,0.0019069341,0.0,0.0,0.0
2025-05-07 01:00:00+00:00,0.001764754,0.0,-0.0,-0.0
2025-05-07 02:00:00+00:00,0.00049420196,0.0,-0.0,-0.0
2025-05-07 03:00:00+00:00,0.00049420196,0.0,-0.0,-0.0
2025-05-07 04:00:00+00:00,0.0005669297,0.0,0.0,0.0
2025-05-07 05:00:00+00:00,0.0005669297,0.0,-0.0,-0.0
2025-05-07 06:00:00+00:00,0.0005669297,0.0,0.0,0.0
2025-05-07 07:00:00+00:00,0.0005669297,0.0,0.0,0.0
2025-05-07 08:00:00+00:00,0.0005669297,0.0,0.0,0.0
2025-05-07 09:00:00+00:00,0.0005669297,0.0,-0.0,-0.0
2025-05-07 10:00:00+00:00,0.0005669297,0.0,0.0,0.0
2025-05-07 11:00:00+00:00,0.0005669297,0.0,0.0,0.0
2025-05-07 12:00:00+00:00,0.0005669297,0.0,-0.0,-0.0
2025-05-07 13:00:00+00:00,0.00049968524,0.0,0.0,0.0
2025-05-07 14:00:00+00:00,0.0005669297,0.0,-0.0,-0.0
2025-05-07 15:00:00+00:00,0.0005669297,0.0,0.0,0.0
2025-05-07 16:00:00+00:00,0.0005669297,0.0,-0.0,-0.0
2025-05-07 17:00:00+00:00,0.0004999565,0.0,-0.0,-0.0
2025-05-07 18:00:00+00:00,0.0005669297,0.0,0.0,0.0
2025-05-07 19:00:00+00:00,0.0004999565,0.0,-0.0,-0.0
2025-05-07 20:00:00+00:00,0.0005669297,0.0,0.0,0.0
2025-05-07 21:00:00+00:00,0.0005669297,0.0,0.0,0.0
2025-05-07 22:00:00+00:00,0.0007132866,0.0,0.0,0.0
2025-05-07 23:00:00+00:00,0.00059072615,0.0,-0.0,-0.0
2025-05-08 00:00:00+00:00,0.00013516573,0.0,0.0,0.0
2025-05-08 01:00:00+00:00,6.2438165e-05,0.0,0.0,0.0
2025-05-08 02:00:00+00:00,0.0007300252,0.0,0.0,0.0
2025-05-08 03:00:00+00:00,0.0016227538,0.0,0.0,0.0
2025-05-08 04:00:00+00:00,0.00063956325,0.0,-0.0,-0.0
2025-05-08 05:00:00+00:00,0.00030368552,0.0,-0.0,-0.0
2025-05-08 06:00:00+00:00,0.00040241465,0.0,0.0,0.0
2025-05-08 07:00:00+00:00,0.0010016662,0.0,0.0,0.0
2025-05-08 08:00:00+00:00,0.0020394926,0.0,0.0,0.0
2025-05-08 09:00:00+00:00,0.0019748115,0.0,0.0,0.0
2025-05-08 10:00:00+00:00,0.0018001167,0.0,-0.0,-0.0
2025-05-08 11:00:00+00:00,0.00072821684,0.0,-0.0,-0.0
2025-05-08 12:00:00+00:00,0.0005368737,0.0,-0.0,-0.0
2025-05-08 13:00:00+00:00,0.0005368737,0.0,0.0,0.0
2025-05-08 14:00:00+00:00,0.0004030013,0.0,0.0,0.0
2025-05-08 15:00:00+00:00,0.0026514293,0.0,0.0,0.0
2025-05-08 16:00:00+00:00,0.00241926,0.0,0.0,0.0
2025-05-08 17:00:00+00:00,0.0021586022,0.0,-0.0,-0.0
2025-05-08 18:00:00+00:00,0.002006169,0.0,0.0,0.0
2025-05-08 19:00:00+00:00,0.0020283451,0.0,-0.0,-0.0
2025-05-08 20:00:00+00:00,0.003051133,0.0,0.0,0.0
2025-05-08 21:00:00+00:00,0.0027451837,0.0,0.0,0.0
2025-05-08 22:00:00+00:00,0.0024969154,0.0,0.0,0.0
2025-05-08 23:00:00+00:00,0.0024953417,0.0,0.0,0.0
2025-05-09 00:00:00+00:00,0.0024157024,0.0,-0.0,-0.0
2025-05-09 01:00:00+00:00,0.0025456115,0.0,0.0,0.0
2025-05-09 02:00:00+00:00,0.0013845547,0.0,-0.0,-0.0
2025-05-09 03:00:00+00:00,0.0015097555,0.0,-0.0,-0.0
2025-05-09 04:00:00+00:00,0.0014901293,0.0,0.0,0.0
2025-05-09 05:00:00+00:00,0.0014901293,0.0,0.0,0.0
2025-05-09 06:00:00+00:00,0.002336932,0.0,0.0,0.0
2025-05-09 07:00:00+00:00,0.0024157024,0.0,0.0,0.0
2025-05-09 08:00:00+00:00,0.0008954911,0.0,-0.0,-0.0
2025-05-09 09:00:00+00:00,0.0008954911,0.0,-0.0,-0.0
2025-05-09 10:00:00+00:00,0.00072884804,0.0,0.0,0.0
2025-05-09 11:00:00+00:00,0.0009360092,0.0,-0.0,-0.0
2025-05-09 12:00:00+00:00,0.0006563845,0.0,-0.0,-0.0
2025-05-09 13:00:00+00:00,0.00072884804,0.0,0.0,0.0
2025-05-09 14:00:00+00:00,0.00072884804,0.0,-0.0,-0.0
2025-05-09 15:00:00+00:00,0.0008230277,0.0,-0.0,-0.0
2025-05-09 16:00:00+00:00,0.0015245746,0.0,-0.0,-0.0
2025-05-09 17:00:00+00:00,0.001457121,0.0,0.0,0.0
2025-05-09 18:00:00+00:00,0.0013846578,0.0,-0.0,-0.0
2025-05-09 19:00:00+00:00,0.0015245746,0.0,0.0,0.0
2025-05-09 20:00:00+00:00,0.0013846578,0.0,-0.0,-0.0
2025-05-09 21:00:00+00:00,0.0014084544,0.0,-0.0,-0.0
2025-05-09 22:00:00+00:00,0.00141257,0.0,-0.0,-0.0
2025-05-09 23:00:00+00:00,0.0014084544,0.0,0.0,0.0
2025-05-10 00:00:00+00:00,0.0013382231,0.0,-0.0,-0.0
2025-05-10 01:00:00+00:00,0.0014781401,0.0,0.0,0.0
2025-05-10 02:00:00+00:00,0.0013144265,0.0,0.0,0.0
2025-05-10 03:00:00+00:00,0.0014502277,0.0,0.0,0.0
2025-05-10 04:00:00+00:00,0.0013144265,0.0,-0.0,-0.0
2025-05-10 05:00:00+00:00,0.0014502277,0.0,0.0,0.0
2025-05-10 06:00:00+00:00,0.0015226909,0.0,0.0,0.0
2025-05-10 07:00:00+00:00,0.0014740243,0.0,-0.0,-0.0
2025-05-10 08:00:00+00:00,0.0014502277,0.0,-0.0,-0.0
2025-05-10 09:00:00+00:00,0.0014502277,0.0,0.0,0.0
2025-05-10 10:00:00+00:00,0.0013382231,0.0,-0.0,-0.0
2025-05-10 11:00:00+00:00,0.0013144265,0.0,-0.0,-0.0
2025-05-10 12:00:00+00:00,0.0013144265,0.0,0.0,0.0
2025-05-10 13:00:00+00:00,0.0013382231,0.0,-0.0,-0.0
2025-05-10 14:00:00+00:00,0.0013144265,0.0,-0.0,-0.0
2025-05-10 15:00:00+00:00,0.001322124,0.0,-0.0,-0.0
2025-05-10 16:00:00+00:00,0.0012847127,0.0,0.0,0.0
2025-05-10 17:00:00+00:00,0.0012924102,0.0,-0.0,-0.0
2025-05-10 18:00:00+00:00,0.001432327,0.0,0.0,0.0
2025-05-10 19:00:00+00:00,0.001432327,0.0,-0.0,-0.0
2025-05-10 20:00:00+00:00,0.001432327,0.0,-0.0,-0.0
2025-05-10 21:00:00+00:00,0.0012847127,0.0,0.0,0.0
2025-05-10 22:00:00+00:00,0.0012847127,0.0,-0.0,-0.0
2025-05-10 23:00:00+00:00,0.0016365171,0.0,0.0,0.0
2025-05-11 00:00:00+00:00,0.0012058148,0.0,-0.0,-0.0
2025-05-11 01:00:00+00:00,0.0012058148,0.0,-0.0,-0.0
2025-05-11 02:00:00+00:00,0.0011897157,0.0,-0.0,-0.0
2025-05-11 03:00:00+00:00,0.0012058148,0.0,0.0,0.0
2025-05-11 04:00:00+00:00,0.0012058148,0.0,0.0,0.0
2025-05-11 05:00:00+00:00,0.0011897157,0.0,-0.0,-0.0
2025-05-11 06:00:00+00:00,0.0012135123,0.0,0.0,0.0
2025-05-11 07:00:00+00:00,0.0010285603,0.0,-0.0,-0.0
2025-05-11 08:00:00+00:00,0.0013414265,0.0,0.0,0.0
2025-05-11 09:00:00+00:00,0.001333729,0.0,0.0,0.0
2025-05-11 10:00:00+00:00,0.0014800859,0.0,0.0,0.0
2025-05-11 11:00:00+00:00,0.001333729,0.0,0.0,0.0
2025-05-11 12:00:00+00:00,0.001333729,0.0,-0.0,-0.0
2025-05-11 13:00:00+00:00,0.0011757206,0.0,-0.0,-0.0
2025-05-11 14:00:00+00:00,0.0013176299,0.0,0.0,0.0
2025-05-11 15:00:00+00:00,0.0012345068,0.0,-0.0,-0.0
2025-05-11 16:00:00+00:00,0.0010047634,0.0,-0.0,-0.0
2025-05-11 17:00:00+00:00,0.0010047634,0.0,0.0,0.0
2025-05-11 18:00:00+00:00,0.0012058148,0.0,0.0,0.0
2025-05-11 19:00:00+00:00,0.0011897157,0.0,-0.0,-0.0
2025-05-11 20:00:00+00:00,0.0010478067,0.0,-0.0,-0.0
2025-05-11 21:00:00+00:00,0.0010478067,0.0,0.0,0.0
2025-05-11 22:00:00+00:00,0.0011684763,0.0,-0.0,-0.0
2025-05-11 23:00:00+00:00,0.0011684763,0.0,0.0,0.0
2025-05-12 00:00:00+00:00,0.0012964057,0.0,0.0,0.0
2025-05-12 01:00:00+00:00,0.0011945766,0.0,-0.0,-0.0
2025-05-12 02:00:00+00:00,0.0011945766,0.0,-0.0,-0.0
2025-05-12 03:00:00+00:00,0.0011945766,0.0,0.0,0.0
2025-05-12 04:00:00+00:00,0.0011945766,0.0,-0.0,-0.0
2025-05-12 05:00:00+00:00,0.0011945766,0.0,-0.0,-0.0
2025-05-12 06:00:00+00:00,0.00117078,0.0,0.0,0.0
2025-05-12 07:00:00+00:00,0.00117078,0.0,0.0,0.0
2025-05-12 08:00:00+00:00,0.0010428657,0.0,0.0,0.0
2025-05-12 09:00:00+00:00,0.0010666623,0.0,-0.0,-0.0
2025-05-12 10:00:00+00:00,0.0010666623,0.0,0.0,0.0
2025-05-12 11:00:00+00:00,0.0019374271,0.0,-0.0,-0.0
2025-05-12 12:00:00+00:00,0.001131282,0.0,0.0,0.0
2025-05-12 13:00:00+00:00,0.0010428657,0.0,0.0,0.0
2025-05-12 14:00:00+00:00,0.00020854802,0.0,-0.0,-0.0
2025-05-12 15:00:00+00:00,0.0005266063,0.0,-0.0,-0.0
2025-05-12 16:00:00+00:00,9.835809e-05,0.0,0.0,0.0
2025-05-12 17:00:00+00:00,0.0008483014,0.0,-0.0,-0.0
2025-05-12 18:00:00+00:00,-0.00010304752,0.0,-0.0,-0.0
2025-05-12 19:00:00+00:00,9.835809e-05,0.0,0.0,0.0
2025-05-12 20:00:00+00:00,0.00016533112,0.0,0.0,0.0
2025-05-12 21:00:00+00:00,0.00016533112,0.0,-0.0,-0.0
2025-05-12 22:00:00+00:00,0.0003053093,0.0,0.0,0.0
2025-05-12 23:00:00+00:00,0.00016533112,0.0,-0.0,-0.0
2025-05-13 00:00:00+00:00,1.471026e-06,0.0,-0.0,-0.0
2025-05-13 01:00:00+00:00,1.471026e-06,0.0,0.0,0.0
2025-05-13 02:00:00+00:00,1.471026e-06,0.0,-0.0,-0.0
2025-05-13 03:00:00+00:00,-6.550212e-05,0.0,-0.0,-0.0
2025-05-13 04:00:00+00:00,1.471026e-06,0.0,0.0,0.0
2025-05-13 05:00:00+00:00,1.471026e-06,0.0,-0.0,-0.0
2025-05-13 06:00:00+00:00,1.471026e-06,0.0,0.0,0.0
2025-05-13 07:00:00+00:00,1.471026e-06,0.0,0.0,0.0
2025-05-13 08:00:00+00:00,1.471026e-06,0.0,0.0,0.0
2025-05-13 09:00:00+00:00,-3.5720845e-05,0.0,0.0,0.0
2025-05-13 10:00:00+00:00,3.7006674e-05,0.0,0.0,0.0
2025-05-13 11:00:00+00:00,0.00035860023,0.0,0.0,0.0
2025-05-13 12:00:00+00:00,3.4277e-05,0.0,-0.0,-0.0
2025-05-13 13:00:00+00:00,3.4277e-05,0.0,0.0,0.0
2025-05-13 14:00:00+00:00,-2.50552e-05,0.0,-0.0,-0.0
2025-05-13 15:00:00+00:00,1.0480416e-05,0.0,0.0,0.0
2025-05-13 16:00:00+00:00,-0.00011743418,0.0,0.0,0.0
2025-05-13 17:00:00+00:00,0.00045826926,0.0,0.0,0.0
2025-05-13 18:00:00+00:00,0.0003182911,0.0,0.0,0.0
2025-05-13 19:00:00+00:00,0.00059050275,0.0,0.0,0.0
2025-05-13 20:00:00+00:00,0.0003182911,0.0,-0.0,-0.0
2025-05-13 21:00:00+00:00,0.0001241307,0.0,-0.0,-0.0
2025-05-13 22:00:00+00:00,6.6910885e-05,0.0,-0.0,-0.0
2025-05-13 23:00:00+00:00,6.6910885e-05,0.0,-0.0,-0.0
2025-05-14 00:00:00+00:00,0.00014993628,0.0,-0.0,-0.0
2025-05-14 01:00:00+00:00,0.00011440076,0.0,-0.0,-0.0
2025-05-14 02:00:00+00:00,0.00011440076,0.0,-0.0,-0.0
2025-05-14 03:00:00+00:00,0.00011440076,0.0,-0.0,-0.0
2025-05-14 04:00:00+00:00,0.00011440076,0.0,0.0,0.0
2025-05-14 05:00:00+00:00,0.00014993628,0.0,0.0,0.0
2025-05-14 06:00:00+00:00,0.00011440076,0.0,-0.0,-0.0
2025-05-14 07:00:00+00:00,0.00011440076,0.0,-0.0,-0.0
2025-05-14 08:00:00+00:00,-9.703045e-05,0.0,-0.0,-0.0
2025-05-14 09:00:00+00:00,-6.2606396e-06,0.0,0.0,0.0
2025-05-14 10:00:00+00:00,-6.2606396e-06,0.0,0.0,0.0
2025-05-14 11:00:00+00:00,-6.2606396e-06,0.0,0.0,0.0
2025-05-14 12:00:00+00:00,-3.0057181e-05,0.0,0.0,0.0
2025-05-14 13:00:00+00:00,-6.2606396e-06,0.0,-0.0,-0.0
2025-05-14 14:00:00+00:00,-6.2606396e-06,0.0,-0.0,-0.0
2025-05-14 15:00:00+00:00,-6.2606396e-06,0.0,0.0,0.0
2025-05-14 16:00:00+00:00,0.0006001615,0.0,-0.0,-0.0
2025-05-14 17:00:00+00:00,0.0006028912,0.0,-0.0,-0.0
2025-05-14 18:00:00+00:00,0.0006028912,0.0,0.0,0.0
2025-05-14 19:00:00+00:00,0.0006028912,0.0,-0.0,-0.0
2025-05-14 20:00:00+00:00,0.0006028912,0.0,0.0,0.0
2025-05-14 21:00:00+00:00,0.0006001615,0.0,0.0,0.0
2025-05-14 22:00:00+00:00,0.0006001615,0.0,-0.0,-0.0
2025-05-14 23:00:00+00:00,0.0006001615,0.0,-0.0,-0.0
2025-05-15 00:00:00+00:00,0.00022658166,0.0,0.0,0.0
2025-05-15 01:00:00+00:00,0.00022658166,0.0,-0.0,-0.0
2025-05-15 02:00:00+00:00,0.00022658166,0.0,0.0,0.0
2025-05-15 03:00:00+00:00,0.00057477615,0.0,-0.0,-0.0
2025-05-15 04:00:00+00:00,0.00022931136,0.0,0.0,0.0
2025-05-15 05:00:00+00:00,0.0009824904,0.0,-0.0,-0.0
2025-05-15 06:00:00+00:00,0.00091611774,0.0,-0.0,-0.0
2025-05-15 07:00:00+00:00,0.0008376026,0.0,-0.0,-0.0
2025-05-15 08:00:00+00:00,0.00022931136,0.0,0.0,0.0
2025-05-15 09:00:00+00:00,0.00038593975,0.0,-0.0,-0.0
2025-05-15 10:00:00+00:00,0.00028654112,0.0,-0.0,-0.0
2025-05-15 11:00:00+00:00,0.000303967,0.0,0.0,0.0
2025-05-15 12:00:00+00:00,0.000303967,0.0,0.0,0.0
2025-05-15 13:00:00+00:00,0.000303967,0.0,-0.0,-0.0
2025-05-15 14:00:00+00:00,0.00012991279,0.0,-0.0,-0.0
2025-05-15 15:00:00+00:00,0.00022658166,0.0,0.0,0.0
2025-05-15 16:00:00+00:00,0.0002764146,0.0,0.0,0.0
2025-05-15 17:00:00+00:00,0.0002764146,0.0,0.0,0.0
2025-05-15 18:00:00+00:00,0.0003633688,0.0,-0.0,-0.0
2025-05-15 19:00:00+00:00,0.00022658166,0.0,0.0,0.0
2025-05-15 20:00:00+00:00,0.00022658166,0.0,0.0,0.0
2025-05-15 21:00:00+00:00,0.00022658166,0.0,-0.0,-0.0
2025-05-15 22:00:00+00:00,0.00022658166,0.0,0.0,0.0
2025-05-15 23:00:00+00:00,0.00022658166,0.0,0.0,0.0
2025-05-16 00:00:00+00:00,0.0004631359,0.0,-0.0,-0.0
2025-05-16 01:00:00+00:00,0.00043933938,0.0,0.0,0.0
2025-05-16 02:00:00+00:00,0.00043933938,0.0,0.0,0.0
2025-05-16 03:00:00+00:00,0.00043933938,0.0,-0.0,-0.0
2025-05-16 04:00:00+00:00,0.00043933938,0.0,-0.0,-0.0
2025-05-16 05:00:00+00:00,0.00043933938,0.0,-0.0,-0.0
2025-05-16 06:00:00+00:00,0.00043933938,0.0,0.0,0.0
2025-05-16 07:00:00+00:00,0.00043933938,0.0,-0.0,-0.0
2025-05-16 08:00:00+00:00,0.00043933938,0.0,-0.0,-0.0
2025-05-16 09:00:00+00:00,0.00043933938,0.0,0.0,0.0
2025-05-16 10:00:00+00:00,0.0003399407,0.0,-0.0,-0.0
2025-05-16 11:00:00+00:00,0.0003399407,0.0,-0.0,-0.0
2025-05-16 12:00:00+00:00,0.0003399407,0.0,-0.0,-0.0
2025-05-16 13:00:00+00:00,0.0003399407,0.0,0.0,0.0
2025-05-16 14:00:00+00:00,0.0003399407,0.0,-0.0,-0.0
2025-05-16 15:00:00+00:00,0.00043933938,0.0,0.0,0.0
2025-05-16 16:00:00+00:00,8.618564e-05,0.0,-0.0,-0.0
2025-05-16 17:00:00+00:00,8.618564e-05,0.0,-0.0,-0.0
2025-05-16 18:00:00+00:00,6.238906e-05,0.0,-0.0,-0.0
2025-05-16 19:00:00+00:00,6.238906e-05,0.0,0.0,0.0
2025-05-16 20:00:00+00:00,8.618564e-05,0.0,-0.0,-0.0
2025-05-16 21:00:00+00:00,6.238906e-05,0.0,-0.0,-0.0
2025-05-16 22:00:00+00:00,8.618564e-05,0.0,-0.0,-0.0
2025-05-16 23:00:00+00:00,8.618564e-05,0.0,-0.0,-0.0
2025-05-17 00:00:00+00:00,0.00012449911,0.0,-0.0,-0.0
2025-05-17 01:00:00+00:00,-4.6172136e-06,0.0,-0.0,-0.0
2025-05-17 02:00:00+00:00,0.00012722879,0.0,0.0,0.0
2025-05-17 03:00:00+00:00,0.00012449911,0.0,0.0,0.0
2025-05-17 04:00:00+00:00,0.00012449911,0.0,0.0,0.0
2025-05-17 05:00:00+00:00,0.00012449911,0.0,-0.0,-0.0
2025-05-17 06:00:00+00:00,0.00012449911,0.0,0.0,0.0
2025-05-17 07:00:00+00:00,0.00012449911,0.0,-0.0,-0.0
2025-05-17 08:00:00+00:00,0.00050144945,0.0,-0.0,-0.0
2025-05-17 09:00:00+00:00,0.00043720595,0.0,-0.0,-0.0
2025-05-17 10:00:00+00:00,0.00043720595,0.0,-0.0,-0.0
2025-05-17 11:00:00+00:00,0.00050144945,0.0,0.0,0.0
2025-05-17 12:00:00+00:00,0.00050144945,0.0,-0.0,-0.0
2025-05-17 13:00:00+00:00,0.00096934097,0.0,-0.0,-0.0
2025-05-17 14:00:00+00:00,0.00050144945,0.0,0.0,0.0
2025-05-17 15:00:00+00:00,0.00050417916,0.0,-0.0,-0.0
2025-05-17 16:00:00+00:00,0.00043112278,0.0,-0.0,-0.0
2025-05-17 17:00:00+00:00,0.0004283931,0.0,0.0,0.0
2025-05-17 18:00:00+00:00,0.0004283931,0.0,-0.0,-0.0
2025-05-17 19:00:00+00:00,0.00043112278,0.0,0.0,0.0
2025-05-17 20:00:00+00:00,0.0004283931,0.0,0.0,0.0
2025-05-17 21:00:00+00:00,0.0004283931,0.0,-0.0,-0.0
2025-05-17 22:00:00+00:00,0.0004283931,0.0,-0.0,-0.0
2025-05-17 23:00:00+00:00,0.0004283931,0.0,0.0,0.0
2025-05-18 00:00:00+00:00,0.00050144945,0.0,0.0,0.0
2025-05-18 01:00:00+00:00,0.0004776529,0.0,-0.0,-0.0
2025-05-18 02:00:00+00:00,0.00050144945,0.0,0.0,0.0
2025-05-18 03:00:00+00:00,0.00050144945,0.0,-0.0,-0.0
2025-05-18 04:00:00+00:00,0.00050144945,0.0,0.0,0.0
2025-05-18 05:00:00+00:00,0.00050144945,0.0,0.0,0.0
2025-05-18 06:00:00+00:00,0.00050144945,0.0,-0.0,-0.0
2025-05-18 07:00:00+00:00,0.0004776529,0.0,0.0,0.0
2025-05-18 08:00:00+00:00,0.0004776529,0.0,-0.0,-0.0
2025-05-18 09:00:00+00:00,0.0004776529,0.0,-0.0,-0.0
2025-05-18 10:00:00+00:00,0.0004776529,0.0,-0.0,-0.0
2025-05-18 11:00:00+00:00,0.0004776529,0.0,-0.0,-0.0
2025-05-18 12:00:00+00:00,0.0004776529,0.0,0.0,0.0
2025-05-18 13:00:00+00:00,0.00082148606,0.0,0.0,0.0
2025-05-18 14:00:00+00:00,0.0015058151,0.0,0.0,0.0
2025-05-18 15:00:00+00:00,0.0015058151,0.0,0.0,0.0
2025-05-18 16:00:00+00:00,0.0012332834,0.0,0.0,0.0
2025-05-18 17:00:00+00:00,0.00021149905,0.0,-0.0,-0.0
2025-05-18 18:00:00+00:00,0.00021149905,0.0,-0.0,-0.0
2025-05-18 19:00:00+00:00,0.00021149905,0.0,-0.0,-0.0
2025-05-18 20:00:00+00:00,0.00021149905,0.0,0.0,0.0
2025-05-18 21:00:00+00:00,0.00021149905,0.0,0.0,0.0
2025-05-18 22:00:00+00:00,0.0002274361,0.0,0.0,0.0
2025-05-18 23:00:00+00:00,0.0005803009,0.0,0.0,0.0
2025-05-19 00:00:00+00:00,0.00052363705,0.0,-0.0,-0.0
2025-05-19 01:00:00+00:00,0.00024960143,0.0,-0.0,-0.0
2025-05-19 02:00:00+00:00,0.00024960143,0.0,-0.0,-0.0
2025-05-19 03:00:00+00:00,0.00042640118,0.0,-0.0,-0.0
2025-05-19 04:00:00+00:00,0.00059754617,0.0,-0.0,-0.0
2025-05-19 05:00:00+00:00,0.00021857592,0.0,0.0,0.0
2025-05-19 06:00:00+00:00,0.0008552521,0.0,-0.0,-0.0
2025-05-19 07:00:00+00:00,0.00010473315,0.0,0.0,0.0
2025-05-19 08:00:00+00:00,0.00010473315,0.0,0.0,0.0
2025-05-19 09:00:00+00:00,0.00010473315,0.0,-0.0,-0.0
2025-05-19 10:00:00+00:00,0.00015171144,0.0,-0.0,-0.0
2025-05-19 11:00:00+00:00,0.00015171144,0.0,0.0,0.0
2025-05-19 12:00:00+00:00,0.00062159233,0.0,-0.0,-0.0
2025-05-19 13:00:00+00:00,0.00027612768,0.0,0.0,0.0
2025-05-19 14:00:00+00:00,0.00042248462,0.0,0.0,0.0
2025-05-19 15:00:00+00:00,0.0003470274,0.0,0.0,0.0
2025-05-19 16:00:00+00:00,0.00061318104,0.0,0.0,0.0
2025-05-19 17:00:00+00:00,0.0005830057,0.0,0.0,0.0
2025-05-19 18:00:00+00:00,0.0004668242,0.0,-0.0,-0.0
2025-05-19 19:00:00+00:00,0.00044302762,0.0,0.0,0.0
2025-05-19 20:00:00+00:00,0.00051575527,0.0,-0.0,-0.0
2025-05-19 21:00:00+00:00,0.00051575527,0.0,-0.0,-0.0
2025-05-19 22:00:00+00:00,0.0005395515,0.0,0.0,0.0
2025-05-19 23:00:00+00:00,0.0005422812,0.0,0.0,0.0
2025-05-20 00:00:00+00:00,-0.00013585167,0.0,0.0,0.0
2025-05-20 01:00:00+00:00,-0.0002307359,0.0,0.0,0.0
2025-05-20 02:00:00+00:00,-0.00013585167,0.0,-0.0,-0.0
2025-05-20 03:00:00+00:00,-0.00013585167,0.0,-0.0,-0.0
2025-05-20 04:00:00+00:00,-0.00013585167,0.0,0.0,0.0
2025-05-20 05:00:00+00:00,-0.00013585167,0.0,-0.0,-0.0
2025-05-20 06:00:00+00:00,-0.00013585167,0.0,-0.0,-0.0
2025-05-20 07:00:00+00:00,-0.00013585167,0.0,-0.0,-0.0
2025-05-20 08:00:00+00:00,-2.50552e-05,0.0,0.0,0.0
2025-05-20 09:00:00+00:00,-2.50552e-05,0.0,0.0,0.0
2025-05-20 10:00:00+00:00,-2.50552e-05,0.0,-0.0,-0.0
2025-05-20 11:00:00+00:00,-2.50552e-05,0.0,0.0,0.0
2025-05-20 12:00:00+00:00,-2.50552e-05,0.0,-0.0,-0.0
2025-05-20 13:00:00+00:00,-9.202835e-05,0.0,-0.0,-0.0
2025-05-20 14:00:00+00:00,-6.82318e-05,0.0,0.0,0.0
2025-05-20 15:00:00+00:00,-2.50552e-05,0.0,0.0,0.0
2025-05-20 16:00:00+00:00,-0.00011205515,0.0,-0.0,-0.0
2025-05-20 17:00:00+00:00,1.0505276e-05,0.0,0.0,0.0
2025-05-20 18:00:00+00:00,-0.00013585167,0.0,-0.0,-0.0
2025-05-20 19:00:00+00:00,-0.00044285442,0.0,0.0,0.0
2025-05-20 20:00:00+00:00,-0.0003188133,0.0,-0.0,-0.0
2025-05-20 21:00:00+00:00,-0.00027524258,0.0,-0.0,-0.0
2025-05-20 22:00:00+00:00,-0.0003543489,0.0,0.0,0.0
2025-05-20 23:00:00+00:00,-0.00028162135,0.0,0.0,0.0
2025-05-21 00:00:00+00:00,0.00029254248,0.0,-0.0,-0.0
2025-05-21 01:00:00+00:00,0.00036492094,0.0,-0.0,-0.0
2025-05-21 02:00:00+00:00,0.00034112443,0.0,0.0,0.0
2025-05-21 03:00:00+00:00,0.00029254248,0.0,-0.0,-0.0
2025-05-21 04:00:00+00:00,0.00032807814,0.0,0.0,0.0
2025-05-21 05:00:00+00:00,0.00051242334,0.0,0.0,0.0
2025-05-21 06:00:00+00:00,0.00051242334,0.0,0.0,0.0
2025-05-21 07:00:00+00:00,0.00042659996,0.0,-0.0,-0.0
2025-05-21 08:00:00+00:00,0.00040333896,0.0,-0.0,-0.0
2025-05-21 09:00:00+00:00,0.00040333896,0.0,-0.0,-0.0
2025-05-21 10:00:00+00:00,0.00040333896,0.0,0.0,0.0
2025-05-21 11:00:00+00:00,0.00040333896,0.0,0.0,0.0
2025-05-21 12:00:00+00:00,0.00045192096,0.0,0.0,0.0
2025-05-21 13:00:00+00:00,0.00040333896,0.0,0.0,0.0
2025-05-21 14:00:00+00:00,0.0015188517,0.0,0.0,0.0
2025-05-21 15:00:00+00:00,0.0013284377,0.0,-0.0,-0.0
2025-05-21 16:00:00+00:00,0.0015188517,0.0,0.0,0.0
2025-05-21 17:00:00+00:00,-0.00024165705,0.0,-0.0,-0.0
2025-05-21 18:00:00+00:00,-0.00011805971,0.0,0.0,0.0
2025-05-21 19:00:00+00:00,0.00035149997,0.0,0.0,0.0
2025-05-21 20:00:00+00:00,0.00030525224,0.0,-0.0,-0.0
2025-05-21 21:00:00+00:00,0.0005479946,0.0,0.0,0.0
2025-05-21 22:00:00+00:00,0.00071689254,0.0,0.0,0.0
2025-05-21 23:00:00+00:00,0.000824939,0.0,0.0,0.0
2025-05-22 00:00:00+00:00,0.00018520531,0.0,0.0,0.0
2025-05-22 01:00:00+00:00,0.00025155413,0.0,-0.0,-0.0
2025-05-22 02:00:00+00:00,0.00019492551,0.0,0.0,0.0
2025-05-22 03:00:00+00:00,0.0019105739,0.0,0.0,0.0
2025-05-22 04:00:00+00:00,0.00087969005,0.0,-0.0,-0.0
2025-05-22 05:00:00+00:00,0.00063827354,0.0,-0.0,-0.0
2025-05-22 06:00:00+00:00,0.0007458187,0.0,-0.0,-0.0
2025-05-22 07:00:00+00:00,0.00024899072,0.0,0.0,0.0
2025-05-22 08:00:00+00:00,-1.5665017e-05,0.0,-0.0,-0.0
2025-05-22 09:00:00+00:00,-0.0002259263,0.0,0.0,0.0
2025-05-22 10:00:00+00:00,-0.00032532486,0.0,-0.0,-0.0
2025-05-22 11:00:00+00:00,-0.00032532486,0.0,0.0,0.0
2025-05-22 12:00:00+00:00,-0.00030489237,0.0,0.0,0.0
2025-05-22 13:00:00+00:00,0.00016280221,0.0,-0.0,-0.0
2025-05-22 14:00:00+00:00,-0.00031536346,0.0,-0.0,-0.0
2025-05-22 15:00:00+00:00,-8.84154e-05,0.0,0.0,0.0
2025-05-22 16:00:00+00:00,-0.00038173556,0.0,-0.0,-0.0
2025-05-22 17:00:00+00:00,-0.00023239697,0.0,0.0,0.0
2025-05-22 18:00:00+00:00,-0.00018381498,0.0,0.0,0.0
2025-05-22 19:00:00+00:00,-0.0001651526,0.0,-0.0,-0.0
2025-05-22 20:00:00+00:00,-0.00013266958,0.0,-0.0,-0.0
2025-05-22 21:00:00+00:00,-0.00013266958,0.0,-0.0,-0.0
2025-05-22 22:00:00+00:00,-0.00013266958,0.0,0.0,0.0
2025-05-22 23:00:00+00:00,-0.00011657056,0.0,0.0,0.0
2025-05-23 00:00:00+00:00,0.00052365207,0.0,-0.0,-0.0
2025-05-23 01:00:00+00:00,0.0005075531,0.0,-0.0,-0.0
2025-05-23 02:00:00+00:00,0.0005075531,0.0,-0.0,-0.0
2025-05-23 03:00:00+00:00,0.0005313497,0.0,-0.0,-0.0
2025-05-23 04:00:00+00:00,0.0006226846,0.0,-0.0,-0.0
2025-05-23 05:00:00+00:00,0.0006712666,0.0,0.0,0.0
2025-05-23 06:00:00+00:00,0.0004538821,0.0,-0.0,-0.0
2025-05-23 07:00:00+00:00,0.00056943716,0.0,0.0,0.0
2025-05-23 08:00:00+00:00,0.00064413366,0.0,0.0,0.0
2025-05-23 09:00:00+00:00,0.0005955517,0.0,0.0,0.0
2025-05-23 10:00:00+00:00,0.0005199496,0.0,-0.0,-0.0
2025-05-23 11:00:00+00:00,-0.0003249175,0.0,-0.0,-0.0
2025-05-23 12:00:00+00:00,-0.0007340566,0.0,-0.0,-0.0
2025-05-23 13:00:00+00:00,-0.00040384426,0.0,0.0,0.0
2025-05-23 14:00:00+00:00,-0.00040384426,0.0,0.0,0.0
2025-05-23 15:00:00+00:00,-0.00035810398,0.0,-0.0,-0.0
2025-05-23 16:00:00+00:00,-0.00040833247,0.0,0.0,0.0
2025-05-23 17:00:00+00:00,-0.00037279684,0.0,0.0,0.0
2025-05-23 18:00:00+00:00,-0.00034088743,0.0,-0.0,-0.0
2025-05-23 19:00:00+00:00,-0.00046928207,0.0,-0.0,-0.0
2025-05-23 20:00:00+00:00,-0.0005362551,0.0,-0.0,-0.0
2025-05-23 21:00:00+00:00,-0.00051941886,0.0,0.0,0.0
2025-05-23 22:00:00+00:00,-0.0005654288,0.0,-0.0,-0.0
2025-05-23 23:00:00+00:00,-0.00068811345,0.0,-0.0,-0.0
2025-05-24 00:00:00+00:00,0.00013830922,0.0,0.0,0.0
2025-05-24 01:00:00+00:00,0.00021844983,0.0,0.0,0.0
2025-05-24 02:00:00+00:00,0.00031873732,0.0,0.0,0.0
2025-05-24 03:00:00+00:00,0.0002636599,0.0,0.0,0.0
2025-05-24 04:00:00+00:00,0.00025129225,0.0,0.0,0.0
2025-05-24 05:00:00+00:00,0.00025129225,0.0,-0.0,-0.0
2025-05-24 06:00:00+00:00,0.00020271025,0.0,-0.0,-0.0
2025-05-24 07:00:00+00:00,0.00027015532,0.0,-0.0,-0.0
2025-05-24 08:00:00+00:00,9.1913775e-05,0.0,0.0,0.0
2025-05-24 09:00:00+00:00,0.00020794073,0.0,-0.0,-0.0
2025-05-24 10:00:00+00:00,9.829253e-05,0.0,0.0,0.0
2025-05-24 11:00:00+00:00,4.033379e-05,0.0,0.0,0.0
2025-05-24 12:00:00+00:00,1.6537217e-05,0.0,-0.0,-0.0
2025-05-24 13:00:00+00:00,9.164545e-05,0.0,-0.0,-0.0
2025-05-24 14:00:00+00:00,5.985842e-06,0.0,0.0,0.0
2025-05-24 15:00:00+00:00,5.985842e-06,0.0,-0.0,-0.0
2025-05-24 16:00:00+00:00,5.985842e-06,0.0,0.0,0.0
2025-05-24 17:00:00+00:00,5.985842e-06,0.0,-0.0,-0.0
2025-05-24 18:00:00+00:00,5.4567845e-05,0.0,-0.0,-0.0
2025-05-24 19:00:00+00:00,5.4567845e-05,0.0,0.0,0.0
2025-05-24 20:00:00+00:00,3.077126e-05,0.0,-0.0,-0.0
2025-05-24 21:00:00+00:00,3.077126e-05,0.0,-0.0,-0.0
2025-05-24 22:00:00+00:00,-6.0987273e-05,0.0,-0.0,-0.0
2025-05-24 23:00:00+00:00,-0.0003678688,0.0,-0.0,-0.0
2025-05-25 00:00:00+00:00,0.00017916203,0.0,-0.0,-0.0
2025-05-25 01:00:00+00:00,-0.00011885573,0.0,0.0,0.0
2025-05-25 02:00:00+00:00,0.00016536433,0.0,0.0,0.0
2025-05-25 03:00:00+00:00,0.00016536433,0.0,0.0,0.0
2025-05-25 04:00:00+00:00,0.00016536433,0.0,0.0,0.0
2025-05-25 05:00:00+00:00,0.00016536433,0.0,-0.0,-0.0
2025-05-25 06:00:00+00:00,0.00016536433,0.0,-0.0,-0.0
2025-05-25 07:00:00+00:00,0.00011678237,0.0,-0.0,-0.0
2025-05-25 08:00:00+00:00,0.00035055657,0.0,-0.0,-0.0
2025-05-25 09:00:00+00:00,-6.188124e-05,0.0,0.0,0.0
2025-05-25 10:00:00+00:00,0.00039940688,0.0,-0.0,-0.0
2025-05-25 11:00:00+00:00,0.00016836231,0.0,0.0,0.0
2025-05-25 12:00:00+00:00,0.00011951204,0.0,0.0,0.0
2025-05-25 13:00:00+00:00,0.000168094,0.0,-0.0,-0.0
2025-05-25 14:00:00+00:00,0.00016836231,0.0,-0.0,-0.0
2025-05-25 15:00:00+00:00,0.000101389196,0.0,-0.0,-0.0
2025-05-25 16:00:00+00:00,0.00016836231,0.0,0.0,0.0
2025-05-25 17:00:00+00:00,0.00021694432,0.0,0.0,0.0
2025-05-25 18:00:00+00:00,0.00021694432,0.0,0.0,0.0
2025-05-25 19:00:00+00:00,0.000168094,0.0,0.0,0.0
2025-05-25 20:00:00+00:00,0.000168094,0.0,-0.0,-0.0
2025-05-25 21:00:00+00:00,0.000168094,0.0,-0.0,-0.0
2025-05-25 22:00:00+00:00,2.6636988e-05,0.0,0.0,0.0
2025-05-25 23:00:00+00:00,2.6636988e-05,0.0,-0.0,-0.0
2025-05-26 00:00:00+00:00,-4.605715e-05,0.0,0.0,0.0
2025-05-26 01:00:00+00:00,-5.24359e-05,0.0,0.0,0.0
2025-05-26 02:00:00+00:00,-5.24359e-05,0.0,-0.0,-0.0
2025-05-26 03:00:00+00:00,-5.24359e-05,0.0,0.0,0.0
2025-05-26 04:00:00+00:00,6.887364e-05,0.0,-0.0,-0.0
2025-05-26 05:00:00+00:00,6.887364e-05,0.0,0.0,0.0
2025-05-26 06:00:00+00:00,1.747488e-05,0.0,0.0,0.0
2025-05-26 07:00:00+00:00,0.00012304909,0.0,0.0,0.0
2025-05-26 08:00:00+00:00,0.00013108813,0.0,-0.0,-0.0
2025-05-26 09:00:00+00:00,0.00013108813,0.0,0.0,0.0
2025-05-26 10:00:00+00:00,0.00017967008,0.0,-0.0,-0.0
2025-05-26 11:00:00+00:00,0.00017967008,0.0,0.0,0.0
2025-05-26 12:00:00+00:00,0.00013108813,0.0,0.0,0.0
2025-05-26 13:00:00+00:00,0.00013108813,0.0,-0.0,-0.0
2025-05-26 14:00:00+00:00,0.00013108813,0.0,0.0,0.0
2025-05-26 15:00:00+00:00,0.00013108813,0.0,0.0,0.0
2025-05-26 16:00:00+00:00,-0.00033087636,0.0,-0.0,-0.0
2025-05-26 17:00:00+00:00,-0.00033087636,0.0,-0.0,-0.0
2025-05-26 18:00:00+00:00,-0.00033087636,0.0,-0.0,-0.0
2025-05-26 19:00:00+00:00,-0.00033087636,0.0,0.0,0.0
2025-05-26 20:00:00+00:00,-0.00033087636,0.0,0.0,0.0
2025-05-26 21:00:00+00:00,-0.00028229435,0.0,-0.0,-0.0
2025-05-26 22:00:00+00:00,-0.00030707978,0.0,-0.0,-0.0
2025-05-26 23:00:00+00:00,-0.00028229435,0.0,0.0,0.0
2025-05-27 00:00:00+00:00,-0.0005817361,0.0,-0.0,-0.0
2025-05-27 01:00:00+00:00,-0.00064597966,0.0,-0.0,-0.0
2025-05-27 02:00:00+00:00,-0.00076039974,0.0,-0.0,-0.0
2025-05-27 03:00:00+00:00,-0.0005817361,0.0,0.0,0.0
2025-05-27 04:00:00+00:00,-0.0005817361,0.0,0.0,0.0
2025-05-27 05:00:00+00:00,-0.0005817361,0.0,-0.0,-0.0
2025-05-27 06:00:00+00:00,-0.0005790065,0.0,-0.0,-0.0
2025-05-27 07:00:00+00:00,-0.0005817361,0.0,0.0,0.0
2025-05-27 08:00:00+00:00,-0.000726194,0.0,0.0,0.0
2025-05-27 09:00:00+00:00,-0.000726194,0.0,0.0,0.0
2025-05-27 10:00:00+00:00,-0.000677612,0.0,-0.0,-0.0
2025-05-27 11:00:00+00:00,-0.000677612,0.0,-0.0,-0.0
2025-05-27 12:00:00+00:00,-0.000677612,0.0,0.0,0.0
2025-05-27 13:00:00+00:00,-0.000726194,0.0,0.0,0.0
2025-05-27 14:00:00+00:00,-0.000726194,0.0,-0.0,-0.0
2025-05-27 15:00:00+00:00,-0.000726194,0.0,0.0,0.0
2025-05-27 16:00:00+00:00,-0.00014356854,0.0,0.0,0.0
2025-05-27 17:00:00+00:00,-0.00014356854,0.0,0.0,0.0
2025-05-27 18:00:00+00:00,-0.00014356854,0.0,-0.0,-0.0
2025-05-27 19:00:00+00:00,-0.00014356854,0.0,-0.0,-0.0
2025-05-27 20:00:00+00:00,-7.118993e-05,0.0,-0.0,-0.0
2025-05-27 21:00:00+00:00,-0.00018674516,0.0,-0.0,-0.0
2025-05-27 22:00:00+00:00,-0.00018674516,0.0,0.0,0.0
2025-05-27 23:00:00+00:00,-0.00013816314,0.0,-0.0,-0.0
2025-05-28 00:00:00+00:00,0.000720546,0.0,0.0,0.0
2025-05-28 01:00:00+00:00,0.0007021548,0.0,-0.0,-0.0
2025-05-28 02:00:00+00:00,0.0006297763,0.0,-0.0,-0.0
2025-05-28 03:00:00+00:00,0.000769128,0.0,0.0,0.0
2025-05-28 04:00:00+00:00,0.000769128,0.0,0.0,0.0
2025-05-28 05:00:00+00:00,0.000769128,0.0,-0.0,-0.0
2025-05-28 06:00:00+00:00,0.000769128,0.0,-0.0,-0.0
2025-05-28 07:00:00+00:00,0.000769128,0.0,0.0,0.0
2025-05-28 08:00:00+00:00,0.000720546,0.0,0.0,0.0
2025-05-28 09:00:00+00:00,0.0007232756,0.0,-0.0,-0.0
2025-05-28 10:00:00+00:00,0.000720546,0.0,0.0,0.0
2025-05-28 11:00:00+00:00,0.000769128,0.0,0.0,0.0
2025-05-28 12:00:00+00:00,0.000769128,0.0,0.0,0.0
2025-05-28 13:00:00+00:00,0.0013245728,0.0,-0.0,-0.0
2025-05-28 14:00:00+00:00,0.00096122996,0.0,-0.0,-0.0
2025-05-28 15:00:00+00:00,0.0011902597,0.0,-0.0,-0.0
2025-05-28 16:00:00+00:00,0.0008954402,0.0,0.0,0.0
2025-05-28 17:00:00+00:00,0.0010430997,0.0,0.0,0.0
2025-05-28 18:00:00+00:00,0.0009761265,0.0,-0.0,-0.0
2025-05-28 19:00:00+00:00,0.0015352375,0.0,-0.0,-0.0
2025-05-28 20:00:00+00:00,0.0010430997,0.0,0.0,0.0
2025-05-28 21:00:00+00:00,0.00086904527,0.0,0.0,0.0
2025-05-28 22:00:00+00:00,0.0010430997,0.0,-0.0,-0.0
2025-05-28 23:00:00+00:00,0.00086904527,0.0,0.0,0.0
2025-05-29 00:00:00+00:00,0.00022931136,0.0,0.0,0.0
2025-05-29 01:00:00+00:00,0.00022658166,0.0,-0.0,-0.0
2025-05-29 02:00:00+00:00,0.00022658166,0.0,0.0,0.0
2025-05-29 03:00:00+00:00,0.0002515392,0.0,-0.0,-0.0
2025-05-29 04:00:00+00:00,0.00025426885,0.0,-0.0,-0.0
2025-05-29 05:00:00+00:00,0.00025426885,0.0,0.0,0.0
2025-05-29 06:00:00+00:00,0.00022658166,0.0,0.0,0.0
2025-05-29 07:00:00+00:00,0.00025426885,0.0,-0.0,-0.0
2025-05-29 08:00:00+00:00,0.00019932527,0.0,0.0,0.0
2025-05-29 09:00:00+00:00,0.00019932527,0.0,0.0,0.0
2025-05-29 10:00:00+00:00,9.992671e-05,0.0,0.0,0.0
2025-05-29 11:00:00+00:00,9.992671e-05,0.0,0.0,0.0
2025-05-29 12:00:00+00:00,0.00012488433,0.0,-0.0,-0.0
2025-05-29 13:00:00+00:00,0.00012488433,0.0,-0.0,-0.0
2025-05-29 14:00:00+00:00,0.00012488433,0.0,0.0,0.0
2025-05-29 15:00:00+00:00,-4.4669272e-05,0.0,-0.0,-0.0
2025-05-29 16:00:00+00:00,-7.622801e-05,0.0,-0.0,-0.0
2025-05-29 17:00:00+00:00,3.962024e-05,0.0,-0.0,-0.0
2025-05-29 18:00:00+00:00,0.0007670656,0.0,-0.0,-0.0
2025-05-29 19:00:00+00:00,0.0005093806,0.0,-0.0,-0.0
2025-05-29 20:00:00+00:00,1.8744971e-05,0.0,0.0,0.0
2025-05-29 21:00:00+00:00,0.00019811827,0.0,0.0,0.0
2025-05-29 22:00:00+00:00,0.00060523715,0.0,-0.0,-0.0
2025-05-29 23:00:00+00:00,0.00011968981,0.0,-0.0,-0.0
2025-05-30 00:00:00+00:00,0.00025498503,0.0,-0.0,-0.0
2025-05-30 01:00:00+00:00,0.00029952766,0.0,0.0,0.0
2025-05-30 02:00:00+00:00,0.00029952766,0.0,0.0,0.0
2025-05-30 03:00:00+00:00,0.0004395058,0.0,0.0,0.0
2025-05-30 04:00:00+00:00,0.00021411889,0.0,0.0,0.0
2025-05-30 05:00:00+00:00,0.00029952766,0.0,-0.0,-0.0
2025-05-30 06:00:00+00:00,0.00029952766,0.0,-0.0,-0.0
2025-05-30 07:00:00+00:00,0.000315403,0.0,-0.0,-0.0
2025-05-30 08:00:00+00:00,0.00033330085,0.0,0.0,0.0
2025-05-30 09:00:00+00:00,0.00040027377,0.0,0.0,0.0
2025-05-30 10:00:00+00:00,0.00020012906,0.0,0.0,0.0
2025-05-30 11:00:00+00:00,0.00026757413,0.0,-0.0,-0.0
2025-05-30 12:00:00+00:00,0.000114323564,0.0,-0.0,-0.0
2025-05-30 13:00:00+00:00,0.00020012906,0.0,-0.0,-0.0
2025-05-30 14:00:00+00:00,0.00020012906,0.0,-0.0,-0.0
2025-05-30 15:00:00+00:00,0.00029952766,0.0,0.0,0.0
2025-05-30 16:00:00+00:00,0.0005071843,0.0,-0.0,-0.0
2025-05-30 17:00:00+00:00,0.00023255468,0.0,0.0,0.0
2025-05-30 18:00:00+00:00,0.0001254733,0.0,0.0,0.0
2025-05-30 19:00:00+00:00,0.0001254733,0.0,-0.0,-0.0
2025-05-30 20:00:00+00:00,0.00029952766,0.0,-0.0,-0.0
2025-05-30 21:00:00+00:00,0.00029952766,0.0,0.0,0.0
2025-05-30 22:00:00+00:00,0.0006449924,0.0,-0.0,-0.0
2025-05-30 23:00:00+00:00,0.00023255468,0.0,0.0,0.0
2025-05-31 00:00:00+00:00,-0.00021237759,0.0,-0.0,-0.0
2025-05-31 01:00:00+00:00,5.511837e-05,0.0,-0.0,-0.0
2025-05-31 02:00:00+00:00,0.0002835009,0.0,-0.0,-0.0
2025-05-31 03:00:00+00:00,-0.00014540434,0.0,0.0,0.0
2025-05-31 04:00:00+00:00,-0.00014540434,0.0,0.0,0.0
2025-05-31 05:00:00+00:00,-0.00014540434,0.0,-0.0,-0.0
2025-05-31 06:00:00+00:00,-0.00014540434,0.0,0.0,0.0
2025-05-31 07:00:00+00:00,-0.00014540434,0.0,-0.0,-0.0
2025-05-31 08:00:00+00:00,-0.00014540434,0.0,-0.0,-0.0
2025-05-31 09:00:00+00:00,-0.00014540434,0.0,-0.0,-0.0
2025-05-31 10:00:00+00:00,-6.2556035e-05,0.0,-0.0,-0.0
2025-05-31 11:00:00+00:00,-0.00011210322,0.0,0.0,0.0
2025-05-31 12:00:00+00:00,-0.00014540434,0.0,0.0,0.0
2025-05-31 13:00:00+00:00,-0.00014540434,0.0,0.0,0.0
2025-05-31 14:00:00+00:00,-8.155823e-06,0.0,0.0,0.0
2025-05-31 15:00:00+00:00,-0.00014540434,0.0,-0.0,-0.0
2025-05-31 16:00:00+00:00,-0.00017193059,0.0,-0.0,-0.0
2025-05-31 17:00:00+00:00,-0.00014813402,0.0,-0.0,-0.0
2025-05-31 18:00:00+00:00,-0.00014813402,0.0,0.0,0.0
2025-05-31 19:00:00+00:00,-0.00014813402,0.0,0.0,0.0
2025-05-31 20:00:00+00:00,-0.00014813402,0.0,0.0,0.0
2025-05-31 21:00:00+00:00,-0.00014813402,0.0,0.0,0.0
2025-05-31 22:00:00+00:00,-0.00017193059,0.0,-0.0,-0.0
2025-05-31 23:00:00+00:00,-0.00017193059,0.0,-0.0,-0.0
2025-06-01 00:00:00+00:00,0.00036500458,0.0,0.0,0.0
2025-06-01 01:00:00+00:00,0.00039900752,0.0,-0.0,-0.0
2025-06-01 02:00:00+00:00,0.00036500458,0.0,0.0,0.0
2025-06-01 03:00:00+00:00,0.00036500458,0.0,0.0,0.0
2025-06-01 04:00:00+00:00,0.00034648526,0.0,0.0,0.0
2025-06-01 05:00:00+00:00,0.00034648526,0.0,-0.0,-0.0
2025-06-01 06:00:00+00:00,0.00036500458,0.0,-0.0,-0.0
2025-06-01 07:00:00+00:00,0.00036500458,0.0,0.0,0.0
2025-06-01 08:00:00+00:00,6.961822e-05,0.0,0.0,0.0
2025-06-01 09:00:00+00:00,6.961822e-05,0.0,-0.0,-0.0
2025-06-01 10:00:00+00:00,6.961822e-05,0.0,-0.0,-0.0
2025-06-01 11:00:00+00:00,6.961822e-05,0.0,0.0,0.0
2025-06-01 12:00:00+00:00,5.109889e-05,0.0,-0.0,-0.0
2025-06-01 13:00:00+00:00,5.109889e-05,0.0,0.0,0.0
2025-06-01 14:00:00+00:00,5.109889e-05,0.0,0.0,0.0
2025-06-01 15:00:00+00:00,-9.024132e-05,0.0,0.0,0.0
2025-06-01 16:00:00+00:00,-9.024132e-05,0.0,0.0,0.0
2025-06-01 17:00:00+00:00,-9.024132e-05,0.0,0.0,0.0
2025-06-01 18:00:00+00:00,-9.024132e-05,0.0,-0.0,-0.0
2025-06-01 19:00:00+00:00,-9.024132e-05,0.0,0.0,0.0
2025-06-01 20:00:00+00:00,6.961822e-05,0.0,-0.0,-0.0
2025-06-01 21:00:00+00:00,-9.024132e-05,0.0,0.0,0.0
2025-06-01 22:00:00+00:00,5.109889e-05,0.0,0.0,0.0
2025-06-01 23:00:00+00:00,5.109889e-05,0.0,0.0,0.0
2025-06-02 00:00:00+00:00,6.961822e-05,0.0,0.0,0.0
2025-06-02 01:00:00+00:00,6.961822e-05,0.0,-0.0,-0.0
2025-06-02 02:00:00+00:00,0.000103621154,0.0,-0.0,-0.0
2025-06-02 03:00:00+00:00,0.000103621154,0.0,-0.0,-0.0
2025-06-02 04:00:00+00:00,0.000103621154,0.0,-0.0,-0.0
2025-06-02 05:00:00+00:00,6.961822e-05,0.0,0.0,0.0
2025-06-02 06:00:00+00:00,5.109889e-05,0.0,0.0,0.0
2025-06-02 07:00:00+00:00,5.109889e-05,0.0,0.0,0.0
2025-06-02 08:00:00+00:00,0.00034648526,0.0,-0.0,-0.0
2025-06-02 09:00:00+00:00,0.00039900752,0.0,-0.0,-0.0
2025-06-02 10:00:00+00:00,0.0002809189,0.0,-0.0,-0.0
2025-06-02 11:00:00+00:00,0.00022670503,0.0,-0.0,-0.0
2025-06-02 12:00:00+00:00,0.00024691602,0.0,0.0,0.0
2025-06-02 13:00:00+00:00,0.00048090183,0.0,-0.0,-0.0
2025-06-02 14:00:00+00:00,0.00034648526,0.0,0.0,0.0
2025-06-02 15:00:00+00:00,0.00034648526,0.0,0.0,0.0
2025-06-02 16:00:00+00:00,0.00014365272,0.0,-0.0,-0.0
2025-06-02 17:00:00+00:00,0.00014365272,0.0,0.0,0.0
2025-06-02 18:00:00+00:00,0.00040766437,0.0,-0.0,-0.0
2025-06-02 19:00:00+00:00,0.00038914505,0.0,0.0,0.0
2025-06-02 20:00:00+00:00,0.00038914505,0.0,0.0,0.0
2025-06-02 21:00:00+00:00,0.00038914505,0.0,0.0,0.0
2025-06-02 22:00:00+00:00,0.0009150776,0.0,0.0,0.0
2025-06-02 23:00:00+00:00,0.0009812712,0.0,0.0,0.0
2025-06-03 00:00:00+00:00,0.00019929369,0.0,0.0,0.0
2025-06-03 01:00:00+00:00,0.0011814123,0.0,0.0,0.0
2025-06-03 02:00:00+00:00,0.00017217011,0.0,-0.0,-0.0
2025-06-03 03:00:00+00:00,0.0001640821,0.0,-0.0,-0.0
2025-06-03 04:00:00+00:00,-5.739427e-05,0.0,-0.0,-0.0
2025-06-03 05:00:00+00:00,-0.00029297807,0.0,0.0,0.0
2025-06-03 06:00:00+00:00,-9.139719e-05,0.0,-0.0,-0.0
2025-06-03 07:00:00+00:00,-0.00010991651,0.0,-0.0,-0.0
2025-06-03 08:00:00+00:00,-9.139719e-05,0.0,-0.0,-0.0
2025-06-03 09:00:00+00:00,-0.00029297807,0.0,0.0,0.0
2025-06-03 10:00:00+00:00,-0.0003114974,0.0,0.0,0.0
2025-06-03 11:00:00+00:00,-0.0003114974,0.0,0.0,0.0
2025-06-03 12:00:00+00:00,-0.00010991651,0.0,0.0,0.0
2025-06-03 13:00:00+00:00,-0.00010991651,0.0,0.0,0.0
2025-06-03 14:00:00+00:00,0.0009072781,0.0,0.0,0.0
2025-06-03 15:00:00+00:00,0.0004021264,0.0,0.0,0.0
2025-06-03 16:00:00+00:00,0.00048969587,0.0,-0.0,-0.0
2025-06-03 17:00:00+00:00,0.0005422182,0.0,0.0,0.0
2025-06-03 18:00:00+00:00,0.0005422182,0.0,0.0,0.0
2025-06-03 19:00:00+00:00,0.00048969587,0.0,0.0,0.0
2025-06-03 20:00:00+00:00,0.0005082153,0.0,-0.0,-0.0
2025-06-03 21:00:00+00:00,0.00014543848,0.0,-0.0,-0.0
2025-06-03 22:00:00+00:00,0.0005422182,0.0,0.0,0.0
2025-06-03 23:00:00+00:00,0.000111435555,0.0,-0.0,-0.0
2025-06-04 00:00:00+00:00,0.0010233285,0.0,0.0,0.0
2025-06-04 01:00:00+00:00,0.0010540648,0.0,0.0,0.0
2025-06-04 02:00:00+00:00,0.0010233285,0.0,-0.0,-0.0
2025-06-04 03:00:00+00:00,0.0010233285,0.0,0.0,0.0
2025-06-04 04:00:00+00:00,0.0008203716,0.0,-0.0,-0.0
2025-06-04 05:00:00+00:00,0.0008203716,0.0,-0.0,-0.0
2025-06-04 06:00:00+00:00,0.0008203716,0.0,-0.0,-0.0
2025-06-04 07:00:00+00:00,0.0008203716,0.0,0.0,0.0
2025-06-04 08:00:00+00:00,0.0010233285,0.0,0.0,0.0
2025-06-04 09:00:00+00:00,0.0011986318,0.0,0.0,0.0
2025-06-04 10:00:00+00:00,0.0011986318,0.0,-0.0,-0.0
2025-06-04 11:00:00+00:00,0.0011999971,0.0,-0.0,-0.0
2025-06-04 12:00:00+00:00,0.0008829556,0.0,-0.0,-0.0
2025-06-04 13:00:00+00:00,0.0013936965,0.0,-0.0,-0.0
2025-06-04 14:00:00+00:00,0.00083108287,0.0,0.0,0.0
2025-06-04 15:00:00+00:00,0.0006727291,0.0,0.0,0.0
2025-06-04 16:00:00+00:00,0.0005866018,0.0,0.0,0.0
2025-06-04 17:00:00+00:00,0.00037734228,0.0,-0.0,-0.0
2025-06-04 18:00:00+00:00,0.0003958616,0.0,-0.0,-0.0
2025-06-04 19:00:00+00:00,0.00042986454,0.0,-0.0,-0.0
2025-06-04 20:00:00+00:00,0.00045311605,0.0,-0.0,-0.0
2025-06-04 21:00:00+00:00,0.00038364457,0.0,0.0,0.0
2025-06-04 22:00:00+00:00,0.0003958616,0.0,-0.0,-0.0
2025-06-04 23:00:00+00:00,0.0005064658,0.0,-0.0,-0.0
2025-06-05 00:00:00+00:00,6.878503e-05,0.0,0.0,0.0
2025-06-05 01:00:00+00:00,6.878503e-05,0.0,-0.0,-0.0
2025-06-05 02:00:00+00:00,6.878503e-05,0.0,0.0,0.0
2025-06-05 03:00:00+00:00,6.878503e-05,0.0,0.0,0.0
2025-06-05 04:00:00+00:00,-7.2555275e-05,0.0,0.0,0.0
2025-06-05 05:00:00+00:00,8.730436e-05,0.0,-0.0,-0.0
2025-06-05 06:00:00+00:00,0.00012130729,0.0,-0.0,-0.0
2025-06-05 07:00:00+00:00,0.00012130729,0.0,0.0,0.0
2025-06-05 08:00:00+00:00,6.878503e-05,0.0,0.0,0.0
2025-06-05 09:00:00+00:00,8.1002065e-05,0.0,0.0,0.0
2025-06-05 10:00:00+00:00,8.1002065e-05,0.0,-0.0,-0.0
2025-06-05 11:00:00+00:00,6.878503e-05,0.0,0.0,0.0
2025-06-05 12:00:00+00:00,0.00043574913,0.0,0.0,0.0
2025-06-05 13:00:00+00:00,0.0010152175,0.0,-0.0,-0.0
2025-06-05 14:00:00+00:00,0.0007191252,0.0,0.0,0.0
2025-06-05 15:00:00+00:00,-2.0033032e-05,0.0,-0.0,-0.0
2025-06-05 16:00:00+00:00,0.0015628277,0.0,-0.0,-0.0
2025-06-05 17:00:00+00:00,0.00052551867,0.0,-0.0,-0.0
2025-06-05 18:00:00+00:00,0.00066087185,0.0,-0.0,-0.0
2025-06-05 19:00:00+00:00,0.0013806354,0.0,-0.0,-0.0
2025-06-05 20:00:00+00:00,0.00058802543,0.0,-0.0,-0.0
2025-06-05 21:00:00+00:00,0.0004928723,0.0,0.0,0.0
2025-06-05 22:00:00+00:00,0.00035303785,0.0,-0.0,-0.0
2025-06-05 23:00:00+00:00,0.0006069406,0.0,0.0,0.0
2025-06-06 00:00:00+00:00,0.0003738755,0.0,0.0,0.0
2025-06-06 01:00:00+00:00,0.0003738755,0.0,-0.0,-0.0
2025-06-06 02:00:00+00:00,0.0002071213,0.0,0.0,0.0
2025-06-06 03:00:00+00:00,9.8104814e-05,0.0,0.0,0.0
2025-06-06 04:00:00+00:00,0.00012290973,0.0,0.0,0.0
2025-06-06 05:00:00+00:00,0.00012290973,0.0,0.0,0.0
2025-06-06 06:00:00+00:00,-1.8430572e-05,0.0,0.0,0.0
2025-06-06 07:00:00+00:00,-1.8430572e-05,0.0,-0.0,-0.0
2025-06-06 08:00:00+00:00,-7.3761934e-05,0.0,0.0,0.0
2025-06-06 09:00:00+00:00,-7.3761934e-05,0.0,0.0,0.0
2025-06-06 10:00:00+00:00,-9.856687e-05,0.0,0.0,0.0
2025-06-06 11:00:00+00:00,-9.856687e-05,0.0,0.0,0.0
2025-06-06 12:00:00+00:00,4.1267587e-05,0.0,-0.0,-0.0
2025-06-06 13:00:00+00:00,-0.00011078389,0.0,0.0,0.0
2025-06-06 14:00:00+00:00,-0.00014438153,0.0,0.0,0.0
2025-06-06 15:00:00+00:00,0.00037791795,0.0,0.0,0.0
2025-06-06 16:00:00+00:00,0.00022754827,0.0,0.0,0.0
2025-06-06 17:00:00+00:00,0.00049116096,0.0,0.0,0.0
2025-06-06 18:00:00+00:00,0.0003695779,0.0,-0.0,-0.0
2025-06-06 19:00:00+00:00,0.0003695779,0.0,-0.0,-0.0
2025-06-06 20:00:00+00:00,0.00025202578,0.0,0.0,0.0
2025-06-06 21:00:00+00:00,0.000335575,0.0,-0.0,-0.0
2025-06-06 22:00:00+00:00,0.00022754827,0.0,0.0,0.0
2025-06-06 23:00:00+00:00,0.0002460676,0.0,-0.0,-0.0
2025-06-07 00:00:00+00:00,0.00034847326,0.0,0.0,0.0
2025-06-07 01:00:00+00:00,0.00036699258,0.0,-0.0,-0.0
2025-06-07 02:00:00+00:00,0.00034847326,0.0,0.0,0.0
2025-06-07 03:00:00+00:00,0.0006120865,0.0,0.0,0.0
2025-06-07 04:00:00+00:00,0.00034847326,0.0,-0.0,-0.0
2025-06-07 05:00:00+00:00,0.0006120865,0.0,0.0,0.0
2025-06-07 06:00:00+00:00,0.00092873024,0.0,0.0,0.0
2025-06-07 07:00:00+00:00,0.0006120865,0.0,-0.0,-0.0
2025-06-07 08:00:00+00:00,0.00036699258,0.0,0.0,0.0
2025-06-07 09:00:00+00:00,0.0006646087,0.0,0.0,0.0
2025-06-07 10:00:00+00:00,0.00092873024,0.0,0.0,0.0
2025-06-07 11:00:00+00:00,0.00092873024,0.0,0.0,0.0
2025-06-07 12:00:00+00:00,0.00092873024,0.0,0.0,0.0
2025-06-07 13:00:00+00:00,0.00092873024,0.0,0.0,0.0
2025-06-07 14:00:00+00:00,0.00092873024,0.0,-0.0,-0.0
2025-06-07 15:00:00+00:00,0.00092873024,0.0,0.0,0.0
2025-06-07 16:00:00+00:00,0.00045375738,0.0,-0.0,-0.0
2025-06-07 17:00:00+00:00,0.00045375738,0.0,0.0,0.0
2025-06-07 18:00:00+00:00,0.00043523806,0.0,0.0,0.0
2025-06-07 19:00:00+00:00,0.00043523806,0.0,0.0,0.0
2025-06-07 20:00:00+00:00,0.00043523806,0.0,0.0,0.0
2025-06-07 21:00:00+00:00,0.00043523806,0.0,-0.0,-0.0
2025-06-07 22:00:00+00:00,0.00043523806,0.0,0.0,0.0
2025-06-07 23:00:00+00:00,0.00045375738,0.0,-0.0,-0.0
2025-06-08 00:00:00+00:00,0.00045375738,0.0,-0.0,-0.0
2025-06-08 01:00:00+00:00,0.00045375738,0.0,0.0,0.0
2025-06-08 02:00:00+00:00,0.00045375738,0.0,-0.0,-0.0
2025-06-08 03:00:00+00:00,0.00043523806,0.0,0.0,0.0
2025-06-08 04:00:00+00:00,0.00045375738,0.0,0.0,0.0
2025-06-08 05:00:00+00:00,0.00043523806,0.0,-0.0,-0.0
2025-06-08 06:00:00+00:00,0.00045375738,0.0,0.0,0.0
2025-06-08 07:00:00+00:00,0.00045375738,0.0,-0.0,-0.0
2025-06-08 08:00:00+00:00,0.0008044756,0.0,-0.0,-0.0
2025-06-08 09:00:00+00:00,0.00068638695,0.0,-0.0,-0.0
2025-06-08 10:00:00+00:00,0.0008044756,0.0,0.0,0.0
2025-06-08 11:00:00+00:00,0.00078595633,0.0,0.0,0.0
2025-06-08 12:00:00+00:00,0.00078595633,0.0,0.0,0.0
2025-06-08 13:00:00+00:00,0.00078595633,0.0,-0.0,-0.0
2025-06-08 14:00:00+00:00,0.00078595633,0.0,0.0,0.0
2025-06-08 15:00:00+00:00,0.00078595633,0.0,0.0,0.0
2025-06-08 16:00:00+00:00,0.0004905698,0.0,0.0,0.0
2025-06-08 17:00:00+00:00,0.0004905698,0.0,-0.0,-0.0
2025-06-08 18:00:00+00:00,0.0004905698,0.0,0.0,0.0
2025-06-08 19:00:00+00:00,0.0004905698,0.0,-0.0,-0.0
2025-06-08 20:00:00+00:00,0.0008972873,0.0,-0.0,-0.0
2025-06-08 21:00:00+00:00,0.0011736982,0.0,0.0,0.0
2025-06-08 22:00:00+00:00,0.0012262205,0.0,-0.0,-0.0
2025-06-08 23:00:00+00:00,0.0011922176,0.0,-0.0,-0.0
2025-06-09 00:00:00+00:00,0.0011708894,0.0,0.0,0.0
2025-06-09 01:00:00+00:00,0.0009663453,0.0,-0.0,-0.0
2025-06-09 02:00:00+00:00,0.0009663453,0.0,0.0,0.0
2025-06-09 03:00:00+00:00,0.0006669584,0.0,0.0,0.0
2025-06-09 04:00:00+00:00,0.0004964172,0.0,-0.0,-0.0
2025-06-09 05:00:00+00:00,0.00037832855,0.0,-0.0,-0.0
2025-06-09 06:00:00+00:00,0.0006484391,0.0,0.0,0.0
2025-06-09 07:00:00+00:00,0.0004778979,0.0,-0.0,-0.0
2025-06-09 08:00:00+00:00,0.0006484391,0.0,0.0,0.0
2025-06-09 09:00:00+00:00,0.0007882738,0.0,0.0,0.0
2025-06-09 10:00:00+00:00,0.0013119733,0.0,0.0,0.0
2025-06-09 11:00:00+00:00,0.0019602706,0.0,0.0,0.0
2025-06-09 12:00:00+00:00,0.0020613049,0.0,-0.0,-0.0
2025-06-09 13:00:00+00:00,0.0006917635,0.0,-0.0,-0.0
2025-06-09 14:00:00+00:00,0.0006917635,0.0,0.0,0.0
2025-06-09 15:00:00+00:00,0.0006669584,0.0,0.0,0.0
2025-06-09 16:00:00+00:00,0.0007037707,0.0,0.0,0.0
2025-06-09 17:00:00+00:00,0.001621904,0.0,0.0,0.0
2025-06-09 18:00:00+00:00,0.002091831,0.0,0.0,0.0
2025-06-09 19:00:00+00:00,0.0021166354,0.0,0.0,0.0
2025-06-09 20:00:00+00:00,0.002091831,0.0,0.0,0.0
2025-06-09 21:00:00+00:00,0.0023390541,0.0,0.0,0.0
2025-06-09 22:00:00+00:00,0.0015896829,0.0,0.0,0.0
2025-06-09 23:00:00+00:00,0.0014702076,0.0,0.0,0.0
2025-06-10 00:00:00+00:00,0.0010736649,0.0,-0.0,-0.0
2025-06-10 01:00:00+00:00,0.0010736649,0.0,-0.0,-0.0
2025-06-10 02:00:00+00:00,0.00047178948,0.0,-0.0,-0.0
2025-06-10 03:00:00+00:00,0.0003381965,0.0,-0.0,-0.0
2025-06-10 04:00:00+00:00,0.0003381965,0.0,-0.0,-0.0
2025-06-10 05:00:00+00:00,0.0003843774,0.0,-0.0,-0.0
2025-06-10 06:00:00+00:00,0.0005019299,0.0,0.0,0.0
2025-06-10 07:00:00+00:00,0.0005019299,0.0,-0.0,-0.0
2025-06-10 08:00:00+00:00,0.00029086455,0.0,-0.0,-0.0
2025-06-10 09:00:00+00:00,0.00027234523,0.0,0.0,0.0
2025-06-10 10:00:00+00:00,0.00027234523,0.0,-0.0,-0.0
2025-06-10 11:00:00+00:00,0.00027234523,0.0,0.0,0.0
2025-06-10 12:00:00+00:00,0.00027234523,0.0,0.0,0.0
2025-06-10 13:00:00+00:00,0.0004121799,0.0,-0.0,-0.0
2025-06-10 14:00:00+00:00,0.00040961144,0.0,-0.0,-0.0
2025-06-10 15:00:00+00:00,0.0005277004,0.0,0.0,0.0
2025-06-10 16:00:00+00:00,-0.00067595684,0.0,-0.0,-0.0
2025-06-10 17:00:00+00:00,-0.00072847906,0.0,-0.0,-0.0
2025-06-10 18:00:00+00:00,-0.00072847906,0.0,0.0,0.0
2025-06-10 19:00:00+00:00,-0.00072847906,0.0,0.0,0.0
2025-06-10 20:00:00+00:00,-0.00080470846,0.0,0.0,0.0
2025-06-10 21:00:00+00:00,-0.00072847906,0.0,-0.0,-0.0
2025-06-10 22:00:00+00:00,-0.00072847906,0.0,-0.0,-0.0
2025-06-10 23:00:00+00:00,-0.00070367416,0.0,0.0,0.0
2025-06-11 00:00:00+00:00,-0.0002612395,0.0,-0.0,-0.0
2025-06-11 01:00:00+00:00,-0.0002612395,0.0,-0.0,-0.0
2025-06-11 02:00:00+00:00,-0.00022723655,0.0,0.0,0.0
2025-06-11 03:00:00+00:00,-0.0002612395,0.0,0.0,0.0
2025-06-11 04:00:00+00:00,-0.0002612395,0.0,-0.0,-0.0
2025-06-11 05:00:00+00:00,-0.0002612395,0.0,-0.0,-0.0
2025-06-11 06:00:00+00:00,-0.0002612395,0.0,0.0,0.0
2025-06-11 07:00:00+00:00,-0.0002612395,0.0,-0.0,-0.0
2025-06-11 08:00:00+00:00,-0.00027975882,0.0,0.0,0.0
2025-06-11 09:00:00+00:00,-0.0002612395,0.0,-0.0,-0.0
2025-06-11 10:00:00+00:00,-0.0002612395,0.0,0.0,0.0
2025-06-11 11:00:00+00:00,-0.0002612395,0.0,-0.0,-0.0
2025-06-11 12:00:00+00:00,-0.00027975882,0.0,0.0,0.0
2025-06-11 13:00:00+00:00,-0.00027975882,0.0,-0.0,-0.0
2025-06-11 14:00:00+00:00,-0.00027975882,0.0,0.0,0.0
2025-06-11 15:00:00+00:00,-0.00027975882,0.0,-0.0,-0.0
2025-06-11 16:00:00+00:00,0.0009424185,0.0,-0.0,-0.0
2025-06-11 17:00:00+00:00,0.0008583328,0.0,-0.0,-0.0
2025-06-11 18:00:00+00:00,0.0008583328,0.0,-0.0,-0.0
2025-06-11 19:00:00+00:00,0.0008583328,0.0,-0.0,-0.0
2025-06-11 20:00:00+00:00,0.00095463556,0.0,0.0,0.0
2025-06-11 21:00:00+00:00,0.0013817215,0.0,-0.0,-0.0
2025-06-11 22:00:00+00:00,0.00075375184,0.0,-0.0,-0.0
2025-06-11 23:00:00+00:00,0.00095463556,0.0,0.0,0.0
2025-06-12 00:00:00+00:00,0.0003769217,0.0,0.0,0.0
2025-06-12 01:00:00+00:00,0.0003769217,0.0,-0.0,-0.0
2025-06-12 02:00:00+00:00,0.0002773523,0.0,-0.0,-0.0
2025-06-12 03:00:00+00:00,0.00081192865,0.0,-0.0,-0.0
2025-06-12 04:00:00+00:00,0.00015827084,0.0,-0.0,-0.0
2025-06-12 05:00:00+00:00,0.00018685189,0.0,-0.0,-0.0
2025-06-12 06:00:00+00:00,0.0003797805,0.0,0.0,0.0
2025-06-12 07:00:00+00:00,0.0006573394,0.0,-0.0,-0.0
2025-06-12 08:00:00+00:00,0.000619427,0.0,0.0,0.0
2025-06-12 09:00:00+00:00,0.0012667764,0.0,-0.0,-0.0
2025-06-12 10:00:00+00:00,0.00093849725,0.0,-0.0,-0.0
2025-06-12 11:00:00+00:00,0.0009725002,0.0,-0.0,-0.0
2025-06-12 12:00:00+00:00,0.0009725002,0.0,0.0,0.0
2025-06-12 13:00:00+00:00,0.00015202275,0.0,0.0,0.0
2025-06-12 14:00:00+00:00,0.00058798713,0.0,0.0,0.0
2025-06-12 15:00:00+00:00,0.0006165682,0.0,-0.0,-0.0
2025-06-12 16:00:00+00:00,0.00063049106,0.0,0.0,0.0
2025-06-12 17:00:00+00:00,0.00064307894,0.0,0.0,0.0
2025-06-12 18:00:00+00:00,0.00082205056,0.0,-0.0,-0.0
2025-06-12 19:00:00+00:00,0.0012987999,0.0,-0.0,-0.0
2025-06-12 20:00:00+00:00,0.001218792,0.0,-0.0,-0.0
2025-06-12 21:00:00+00:00,0.00090721477,0.0,-0.0,-0.0
2025-06-12 22:00:00+00:00,0.00071565545,0.0,0.0,0.0
2025-06-12 23:00:00+00:00,0.00064947666,0.0,-0.0,-0.0
2025-06-13 00:00:00+00:00,-0.00039159163,0.0,0.0,0.0
2025-06-13 01:00:00+00:00,-0.000957511,0.0,-0.0,-0.0
2025-06-13 02:00:00+00:00,-0.0014626626,0.0,-0.0,-0.0
2025-06-13 03:00:00+00:00,-0.00041017795,0.0,0.0,0.0
2025-06-13 04:00:00+00:00,1.2634453e-05,0.0,0.0,0.0
2025-06-13 05:00:00+00:00,-0.0006220691,0.0,-0.0,-0.0
2025-06-13 06:00:00+00:00,-0.00010693395,0.0,0.0,0.0
2025-06-13 07:00:00+00:00,-0.00019114545,0.0,0.0,0.0
2025-06-13 08:00:00+00:00,-0.00016226537,0.0,0.0,0.0
2025-06-13 09:00:00+00:00,-0.00024647696,0.0,0.0,0.0
2025-06-13 10:00:00+00:00,-0.00024647696,0.0,0.0,0.0
2025-06-13 11:00:00+00:00,-0.00024647696,0.0,0.0,0.0
2025-06-13 12:00:00+00:00,-0.00024647696,0.0,-0.0,-0.0
2025-06-13 13:00:00+00:00,-0.00022795763,0.0,-0.0,-0.0
2025-06-13 14:00:00+00:00,-0.00013845011,0.0,0.0,0.0
2025-06-13 15:00:00+00:00,-0.00024647696,0.0,0.0,0.0
2025-06-13 16:00:00+00:00,-0.00024647696,0.0,0.0,0.0
2025-06-13 17:00:00+00:00,-0.00016226537,0.0,-0.0,-0.0
2025-06-13 18:00:00+00:00,-0.00022795763,0.0,-0.0,-0.0
2025-06-13 19:00:00+00:00,-0.00019395463,0.0,-0.0,-0.0
2025-06-13 20:00:00+00:00,-0.000258694,0.0,0.0,0.0
2025-06-13 21:00:00+00:00,-0.000258694,0.0,0.0,0.0
2025-06-13 22:00:00+00:00,-0.000258694,0.0,0.0,0.0
2025-06-13 23:00:00+00:00,5.2289768e-05,0.0,0.0,0.0
2025-06-14 00:00:00+00:00,-0.00013705803,0.0,-0.0,-0.0
2025-06-14 01:00:00+00:00,-0.0001185387,0.0,-0.0,-0.0
2025-06-14 02:00:00+00:00,-8.4535786e-05,0.0,-0.0,-0.0
2025-06-14 03:00:00+00:00,-8.4535786e-05,0.0,-0.0,-0.0
2025-06-14 04:00:00+00:00,-0.0001185387,0.0,0.0,0.0
2025-06-14 05:00:00+00:00,-0.0001185387,0.0,-0.0,-0.0
2025-06-14 06:00:00+00:00,-2.9031253e-05,0.0,-0.0,-0.0
2025-06-14 07:00:00+00:00,-2.9031253e-05,0.0,-0.0,-0.0
2025-06-14 08:00:00+00:00,0.00015583605,0.0,0.0,0.0
2025-06-14 09:00:00+00:00,0.00012725484,0.0,-0.0,-0.0
2025-06-14 10:00:00+00:00,0.00024534357,0.0,0.0,0.0
2025-06-14 11:00:00+00:00,0.00022682425,0.0,0.0,0.0
2025-06-14 12:00:00+00:00,0.00022682425,0.0,-0.0,-0.0
2025-06-14 13:00:00+00:00,0.00022682425,0.0,-0.0,-0.0
2025-06-14 14:00:00+00:00,0.00024534357,0.0,-0.0,-0.0
2025-06-14 15:00:00+00:00,0.00015583592,0.0,-0.0,-0.0
2025-06-14 16:00:00+00:00,0.00043706378,0.0,-0.0,-0.0
2025-06-14 17:00:00+00:00,-0.00016813165,0.0,0.0,0.0
2025-06-14 18:00:00+00:00,-6.8562294e-05,0.0,0.0,0.0
2025-06-14 19:00:00+00:00,-1.0159728e-05,0.0,-0.0,-0.0
2025-06-14 20:00:00+00:00,-1.0159728e-05,0.0,0.0,0.0
2025-06-14 21:00:00+00:00,-6.8562294e-05,0.0,0.0,0.0
2025-06-14 22:00:00+00:00,-6.8562294e-05,0.0,0.0,0.0
2025-06-14 23:00:00+00:00,-6.8562294e-05,0.0,-0.0,-0.0
2025-06-15 00:00:00+00:00,-0.00010288195,0.0,0.0,0.0
2025-06-15 01:00:00+00:00,-0.00010288195,0.0,-0.0,-0.0
2025-06-15 02:00:00+00:00,-0.00010288195,0.0,0.0,0.0
2025-06-15 03:00:00+00:00,-8.436263e-05,0.0,0.0,0.0
2025-06-15 04:00:00+00:00,-0.00010288195,0.0,0.0,0.0
2025-06-15 05:00:00+00:00,0.00043523806,0.0,0.0,0.0
2025-06-15 06:00:00+00:00,-8.436263e-05,0.0,-0.0,-0.0
2025-06-15 07:00:00+00:00,-8.436263e-05,0.0,-0.0,-0.0
2025-06-15 08:00:00+00:00,-5.035971e-05,0.0,-0.0,-0.0
2025-06-15 09:00:00+00:00,-5.035971e-05,0.0,-0.0,-0.0
2025-06-15 10:00:00+00:00,-8.436263e-05,0.0,0.0,0.0
2025-06-15 11:00:00+00:00,-8.436263e-05,0.0,-0.0,-0.0
2025-06-15 12:00:00+00:00,-0.00010288195,0.0,0.0,0.0
2025-06-15 13:00:00+00:00,-0.00010288195,0.0,0.0,0.0
2025-06-15 14:00:00+00:00,-0.00010288195,0.0,0.0,0.0
2025-06-15 15:00:00+00:00,-0.00010288195,0.0,-0.0,-0.0
2025-06-15 16:00:00+00:00,-6.8562294e-05,0.0,-0.0,-0.0
2025-06-15 17:00:00+00:00,-6.8562294e-05,0.0,0.0,0.0
2025-06-15 18:00:00+00:00,-5.004298e-05,0.0,-0.0,-0.0
2025-06-15 19:00:00+00:00,8.359597e-06,0.0,-0.0,-0.0
2025-06-15 20:00:00+00:00,0.00029970065,0.0,-0.0,-0.0
2025-06-15 21:00:00+00:00,-7.572617e-05,0.0,0.0,0.0
2025-06-15 22:00:00+00:00,-5.004298e-05,0.0,0.0,0.0
2025-06-15 23:00:00+00:00,-6.8562294e-05,0.0,0.0,0.0
2025-06-16 00:00:00+00:00,7.181209e-05,0.0,-0.0,-0.0
2025-06-16 01:00:00+00:00,0.0004948691,0.0,0.0,0.0
2025-06-16 02:00:00+00:00,0.0004948691,0.0,-0.0,-0.0
2025-06-16 03:00:00+00:00,0.00081151334,0.0,0.0,0.0
2025-06-16 04:00:00+00:00,0.0009820545,0.0,0.0,0.0
2025-06-16 05:00:00+00:00,0.0009820545,0.0,0.0,0.0
2025-06-16 06:00:00+00:00,0.0010068594,0.0,0.0,0.0
2025-06-16 07:00:00+00:00,0.0011368607,0.0,0.0,0.0
2025-06-16 08:00:00+00:00,0.0019249927,0.0,0.0,0.0
2025-06-16 09:00:00+00:00,0.0009820545,0.0,-0.0,-0.0
2025-06-16 10:00:00+00:00,0.0010005739,0.0,-0.0,-0.0
2025-06-16 11:00:00+00:00,0.0010330686,0.0,0.0,0.0
2025-06-16 12:00:00+00:00,0.0010589763,0.0,-0.0,-0.0
2025-06-16 13:00:00+00:00,0.0009820545,0.0,0.0,0.0
2025-06-16 14:00:00+00:00,0.0012518902,0.0,0.0,0.0
2025-06-16 15:00:00+00:00,0.0011120557,0.0,-0.0,-0.0
2025-06-16 16:00:00+00:00,0.0011120557,0.0,0.0,0.0
2025-06-16 17:00:00+00:00,0.0011120557,0.0,-0.0,-0.0
2025-06-16 18:00:00+00:00,0.0019249927,0.0,0.0,0.0
2025-06-16 19:00:00+00:00,0.0027270047,0.0,0.0,0.0
2025-06-16 20:00:00+00:00,0.0019996918,0.0,0.0,0.0
2025-06-16 21:00:00+00:00,0.0019585902,0.0,-0.0,-0.0
2025-06-16 22:00:00+00:00,0.0008167801,0.0,-0.0,-0.0
2025-06-16 23:00:00+00:00,0.0007190365,0.0,-0.0,-0.0
2025-06-17 00:00:00+00:00,0.0009293347,0.0,0.0,0.0
2025-06-17 01:00:00+00:00,0.0006940483,0.0,-0.0,-0.0
2025-06-17 02:00:00+00:00,0.0006415261,0.0,0.0,0.0
2025-06-17 03:00:00+00:00,0.0006415261,0.0,0.0,0.0
2025-06-17 04:00:00+00:00,0.0006415261,0.0,-0.0,-0.0
2025-06-17 05:00:00+00:00,0.00066004536,0.0,-0.0,-0.0
2025-06-17 06:00:00+00:00,0.0006940483,0.0,-0.0,-0.0
2025-06-17 07:00:00+00:00,0.0006940483,0.0,-0.0,-0.0
2025-06-17 08:00:00+00:00,0.0005759596,0.0,-0.0,-0.0
2025-06-17 09:00:00+00:00,0.001256561,0.0,-0.0,-0.0
2025-06-17 10:00:00+00:00,0.0010399334,0.0,-0.0,-0.0
2025-06-17 11:00:00+00:00,0.0010516408,0.0,-0.0,-0.0
2025-06-17 12:00:00+00:00,0.0010516408,0.0,-0.0,-0.0
2025-06-17 13:00:00+00:00,0.0011725881,0.0,-0.0,-0.0
2025-06-17 14:00:00+00:00,0.0007063583,0.0,-0.0,-0.0
2025-06-17 15:00:00+00:00,0.00078262034,0.0,-0.0,-0.0
2025-06-17 16:00:00+00:00,0.0006936001,0.0,-0.0,-0.0
2025-06-17 17:00:00+00:00,0.00059836736,0.0,0.0,0.0
2025-06-17 18:00:00+00:00,0.0005468663,0.0,0.0,0.0
2025-06-17 19:00:00+00:00,0.0007325601,0.0,0.0,0.0
2025-06-17 20:00:00+00:00,0.0007325601,0.0,-0.0,-0.0
2025-06-17 21:00:00+00:00,0.0007325601,0.0,0.0,0.0
2025-06-17 22:00:00+00:00,0.0005965297,0.0,-0.0,-0.0
2025-06-17 23:00:00+00:00,0.00045979573,0.0,0.0,0.0
2025-06-18 00:00:00+00:00,0.00057062635,0.0,0.0,0.0
2025-06-18 01:00:00+00:00,0.00057062635,0.0,-0.0,-0.0
2025-06-18 02:00:00+00:00,0.00057062635,0.0,0.0,0.0
2025-06-18 03:00:00+00:00,0.00057062635,0.0,0.0,0.0
2025-06-18 04:00:00+00:00,0.0005954313,0.0,0.0,0.0
2025-06-18 05:00:00+00:00,0.00057062635,0.0,-0.0,-0.0
2025-06-18 06:00:00+00:00,0.00058914564,0.0,-0.0,-0.0
2025-06-18 07:00:00+00:00,0.0006231486,0.0,0.0,0.0
2025-06-18 08:00:00+00:00,0.0006231486,0.0,-0.0,-0.0
2025-06-18 09:00:00+00:00,0.00058914564,0.0,-0.0,-0.0
2025-06-18 10:00:00+00:00,0.0006260074,0.0,-0.0,-0.0
2025-06-18 11:00:00+00:00,0.00057692867,0.0,0.0,0.0
2025-06-18 12:00:00+00:00,0.00058914564,0.0,-0.0,-0.0
2025-06-18 13:00:00+00:00,0.00057062635,0.0,-0.0,-0.0
2025-06-18 14:00:00+00:00,0.00071676314,0.0,0.0,0.0
2025-06-18 15:00:00+00:00,0.0005584094,0.0,0.0,0.0
2025-06-18 16:00:00+00:00,0.0008723151,0.0,-0.0,-0.0
2025-06-18 17:00:00+00:00,0.0008723151,0.0,-0.0,-0.0
2025-06-18 18:00:00+00:00,0.0009882124,0.0,-0.0,-0.0
2025-06-18 19:00:00+00:00,0.00060858665,0.0,0.0,0.0
2025-06-18 20:00:00+00:00,0.001045355,0.0,0.0,0.0
2025-06-18 21:00:00+00:00,0.0009443207,0.0,0.0,0.0
2025-06-18 22:00:00+00:00,0.0009492475,0.0,-0.0,-0.0
2025-06-18 23:00:00+00:00,0.0009492475,0.0,0.0,0.0
2025-06-19 00:00:00+00:00,0.00038042967,0.0,0.0,0.0
2025-06-19 01:00:00+00:00,0.0003556248,0.0,-0.0,-0.0
2025-06-19 02:00:00+00:00,0.0003556248,0.0,0.0,0.0
2025-06-19 03:00:00+00:00,0.00033710548,0.0,0.0,0.0
2025-06-19 04:00:00+00:00,0.00033710548,0.0,-0.0,-0.0
2025-06-19 05:00:00+00:00,0.00033710548,0.0,-0.0,-0.0
2025-06-19 06:00:00+00:00,0.0003556248,0.0,-0.0,-0.0
2025-06-19 07:00:00+00:00,0.00038962773,0.0,-0.0,-0.0
2025-06-19 08:00:00+00:00,0.0003556248,0.0,0.0,0.0
2025-06-19 09:00:00+00:00,0.00019576533,0.0,0.0,0.0
2025-06-19 10:00:00+00:00,0.00014114477,0.0,-0.0,-0.0
2025-06-19 11:00:00+00:00,0.00019576533,0.0,-0.0,-0.0
2025-06-19 12:00:00+00:00,0.00021428465,0.0,-0.0,-0.0
2025-06-19 13:00:00+00:00,0.0002715391,0.0,-0.0,-0.0
2025-06-19 14:00:00+00:00,0.0002715391,0.0,-0.0,-0.0
2025-06-19 15:00:00+00:00,0.0002715391,0.0,-0.0,-0.0
2025-06-19 16:00:00+00:00,-9.647662e-05,0.0,-0.0,-0.0
2025-06-19 17:00:00+00:00,8.588778e-05,0.0,0.0,0.0
2025-06-19 18:00:00+00:00,3.1267205e-05,0.0,-0.0,-0.0
2025-06-19 19:00:00+00:00,-5.5452532e-05,0.0,-0.0,-0.0
2025-06-19 20:00:00+00:00,-3.693321e-05,0.0,0.0,0.0
2025-06-19 21:00:00+00:00,-3.693321e-05,0.0,0.0,0.0
2025-06-19 22:00:00+00:00,-5.5452532e-05,0.0,0.0,0.0
2025-06-19 23:00:00+00:00,-5.5452532e-05,0.0,0.0,0.0
2025-06-20 00:00:00+00:00,-0.00020336248,0.0,0.0,0.0
2025-06-20 01:00:00+00:00,-0.00020336248,0.0,0.0,0.0
2025-06-20 02:00:00+00:00,-0.00018484316,0.0,-0.0,-0.0
2025-06-20 03:00:00+00:00,-0.00018484316,0.0,-0.0,-0.0
2025-06-20 04:00:00+00:00,-6.1332845e-05,0.0,-0.0,-0.0
2025-06-20 05:00:00+00:00,-0.00018484316,0.0,0.0,0.0
2025-06-20 06:00:00+00:00,-0.00011385509,0.0,0.0,0.0
2025-06-20 07:00:00+00:00,0.00040844432,0.0,0.0,0.0
2025-06-20 08:00:00+00:00,0.0011372818,0.0,0.0,0.0
2025-06-20 09:00:00+00:00,0.0006321303,0.0,-0.0,-0.0
2025-06-20 10:00:00+00:00,0.0007331647,0.0,0.0,0.0
2025-06-20 11:00:00+00:00,0.0007331647,0.0,0.0,0.0
2025-06-20 12:00:00+00:00,0.0007331647,0.0,0.0,0.0
2025-06-20 13:00:00+00:00,0.00059687765,0.0,-0.0,-0.0
2025-06-20 14:00:00+00:00,0.0012138579,0.0,-0.0,-0.0
2025-06-20 15:00:00+00:00,0.00044766947,0.0,0.0,0.0
2025-06-20 16:00:00+00:00,4.987904e-05,0.0,-0.0,-0.0
2025-06-20 17:00:00+00:00,0.000840497,0.0,-0.0,-0.0
2025-06-20 18:00:00+00:00,0.00020867611,0.0,-0.0,-0.0
2025-06-20 19:00:00+00:00,0.00017467317,0.0,0.0,0.0
2025-06-20 20:00:00+00:00,0.00015326131,0.0,0.0,0.0
2025-06-20 21:00:00+00:00,-2.6381334e-05,0.0,-0.0,-0.0
2025-06-20 22:00:00+00:00,0.00032819662,0.0,-0.0,-0.0
2025-06-20 23:00:00+00:00,0.0003253378,0.0,0.0,0.0
2025-06-21 00:00:00+00:00,0.00021769767,0.0,-0.0,-0.0
2025-06-21 01:00:00+00:00,0.00019917835,0.0,0.0,0.0
2025-06-21 02:00:00+00:00,0.00019917835,0.0,-0.0,-0.0
2025-06-21 03:00:00+00:00,0.00019917835,0.0,-0.0,-0.0
2025-06-21 04:00:00+00:00,0.00021769767,0.0,-0.0,-0.0
2025-06-21 05:00:00+00:00,0.00021769767,0.0,0.0,0.0
2025-06-21 06:00:00+00:00,0.00019917835,0.0,0.0,0.0
2025-06-21 07:00:00+00:00,0.00019917835,0.0,-0.0,-0.0
2025-06-21 08:00:00+00:00,0.00031845542,0.0,0.0,0.0
2025-06-21 09:00:00+00:00,0.00031845542,0.0,0.0,0.0
2025-06-21 10:00:00+00:00,0.00031845542,0.0,-0.0,-0.0
2025-06-21 11:00:00+00:00,0.00031845542,0.0,0.0,0.0
2025-06-21 12:00:00+00:00,0.00033697474,0.0,-0.0,-0.0
2025-06-21 13:00:00+00:00,0.00033697474,0.0,-0.0,-0.0
2025-06-21 14:00:00+00:00,0.0003247577,0.0,-0.0,-0.0
2025-06-21 15:00:00+00:00,0.0003247577,0.0,0.0,0.0
2025-06-21 16:00:00+00:00,0.0003247577,0.0,-0.0,-0.0
2025-06-21 17:00:00+00:00,0.0001238741,0.0,-0.0,-0.0
2025-06-21 18:00:00+00:00,0.000112376205,0.0,-0.0,-0.0
2025-06-21 19:00:00+00:00,-0.00012512227,0.0,-0.0,-0.0
2025-06-21 20:00:00+00:00,0.00037097768,0.0,0.0,0.0
2025-06-21 21:00:00+00:00,0.0009213862,0.0,-0.0,-0.0
2025-06-21 22:00:00+00:00,0.00070673623,0.0,0.0,0.0
2025-06-21 23:00:00+00:00,0.0008437121,0.0,0.0,0.0
2025-06-22 00:00:00+00:00,0.0010432552,0.0,0.0,0.0
2025-06-22 01:00:00+00:00,0.0006513552,0.0,-0.0,-0.0
2025-06-22 02:00:00+00:00,0.0006513552,0.0,-0.0,-0.0
2025-06-22 03:00:00+00:00,0.00051231805,0.0,0.0,0.0
2025-06-22 04:00:00+00:00,0.0004475787,0.0,0.0,0.0
2025-06-22 05:00:00+00:00,0.0004475787,0.0,0.0,0.0
2025-06-22 06:00:00+00:00,0.0004475787,0.0,-0.0,-0.0
2025-06-22 07:00:00+00:00,0.00047831505,0.0,-0.0,-0.0
2025-06-22 08:00:00+00:00,6.2394e-05,0.0,0.0,0.0
2025-06-22 09:00:00+00:00,0.00023773723,0.0,-0.0,-0.0
2025-06-22 10:00:00+00:00,0.00018521497,0.0,0.0,0.0
2025-06-22 11:00:00+00:00,4.3874676e-05,0.0,0.0,0.0
2025-06-22 12:00:00+00:00,4.3874676e-05,0.0,0.0,0.0
2025-06-22 13:00:00+00:00,0.0015133385,0.0,-0.0,-0.0
2025-06-22 14:00:00+00:00,0.00056248886,0.0,-0.0,-0.0
2025-06-22 15:00:00+00:00,0.0014671882,0.0,-0.0,-0.0
2025-06-22 16:00:00+00:00,0.0006204193,0.0,0.0,0.0
2025-06-22 17:00:00+00:00,9.451558e-05,0.0,-0.0,-0.0
2025-06-22 18:00:00+00:00,7.599624e-05,0.0,-0.0,-0.0
2025-06-22 19:00:00+00:00,0.0007521123,0.0,-0.0,-0.0
2025-06-22 20:00:00+00:00,0.0007102419,0.0,0.0,0.0
2025-06-22 21:00:00+00:00,0.00028229624,0.0,-0.0,-0.0
2025-06-22 22:00:00+00:00,0.0002765783,0.0,0.0,0.0
2025-06-22 23:00:00+00:00,0.00032155635,0.0,-0.0,-0.0
2025-06-23 00:00:00+00:00,0.0005751256,0.0,0.0,0.0
2025-06-23 01:00:00+00:00,0.00067616015,0.0,0.0,0.0
2025-06-23 02:00:00+00:00,0.00067616015,0.0,0.0,0.0
2025-06-23 03:00:00+00:00,0.00067616015,0.0,-0.0,-0.0
2025-06-23 04:00:00+00:00,0.00045979573,0.0,0.0,0.0
2025-06-23 05:00:00+00:00,0.00045979573,0.0,0.0,0.0
2025-06-23 06:00:00+00:00,0.0004475787,0.0,0.0,0.0
2025-06-23 07:00:00+00:00,0.0004475787,0.0,-0.0,-0.0
2025-06-23 08:00:00+00:00,0.000109078006,0.0,0.0,0.0
2025-06-23 09:00:00+00:00,0.000115380295,0.0,-0.0,-0.0
2025-06-23 10:00:00+00:00,0.00016160026,0.0,-0.0,-0.0
2025-06-23 11:00:00+00:00,0.00016160026,0.0,-0.0,-0.0
2025-06-23 12:00:00+00:00,0.000109078006,0.0,0.0,0.0
2025-06-23 13:00:00+00:00,0.00023669517,0.0,0.0,0.0
2025-06-23 14:00:00+00:00,9.686096e-05,0.0,-0.0,-0.0
2025-06-23 15:00:00+00:00,0.000115380295,0.0,-0.0,-0.0
2025-06-23 16:00:00+00:00,0.0009727634,0.0,-0.0,-0.0
2025-06-23 17:00:00+00:00,0.0011547938,0.0,0.0,0.0
2025-06-23 18:00:00+00:00,-7.321525e-05,0.0,0.0,0.0
2025-06-23 19:00:00+00:00,-0.00047786956,0.0,0.0,0.0
2025-06-23 20:00:00+00:00,-0.00036504335,0.0,0.0,0.0
2025-06-23 21:00:00+00:00,-0.00026400885,0.0,-0.0,-0.0
2025-06-23 22:00:00+00:00,0.0027100632,0.0,0.0,0.0
2025-06-23 23:00:00+00:00,0.00029525155,0.0,-0.0,-0.0
2025-06-24 00:00:00+00:00,0.00017440059,0.0,-0.0,-0.0
2025-06-24 01:00:00+00:00,0.00029395425,0.0,0.0,0.0
2025-06-24 02:00:00+00:00,0.0003593121,0.0,-0.0,-0.0
2025-06-24 03:00:00+00:00,0.00023256193,0.0,0.0,0.0
2025-06-24 04:00:00+00:00,0.00022447653,0.0,-0.0,-0.0
2025-06-24 05:00:00+00:00,0.00011523085,0.0,0.0,0.0
2025-06-24 06:00:00+00:00,5.9070757e-05,0.0,0.0,0.0
2025-06-24 07:00:00+00:00,0.00028950642,0.0,-0.0,-0.0
2025-06-24 08:00:00+00:00,0.0006034124,0.0,0.0,0.0
2025-06-24 09:00:00+00:00,0.00063741533,0.0,0.0,0.0
2025-06-24 10:00:00+00:00,0.00035172922,0.0,0.0,0.0
2025-06-24 11:00:00+00:00,0.00035172922,0.0,-0.0,-0.0
2025-06-24 12:00:00+00:00,0.0004692815,0.0,0.0,0.0
2025-06-24 13:00:00+00:00,0.00048780083,0.0,-0.0,-0.0
2025-06-24 14:00:00+00:00,0.00035172922,0.0,0.0,0.0
2025-06-24 15:00:00+00:00,0.000637052,0.0,-0.0,-0.0
2025-06-24 16:00:00+00:00,-9.215926e-05,0.0,0.0,0.0
2025-06-24 17:00:00+00:00,0.0005305515,0.0,-0.0,-0.0
2025-06-24 18:00:00+00:00,0.0005305515,0.0,-0.0,-0.0
2025-06-24 19:00:00+00:00,0.0005830737,0.0,0.0,0.0
2025-06-24 20:00:00+00:00,0.0005305515,0.0,0.0,0.0
2025-06-24 21:00:00+00:00,0.00017389505,0.0,-0.0,-0.0
2025-06-24 22:00:00+00:00,0.00017389505,0.0,0.0,0.0
2025-06-24 23:00:00+00:00,0.00017389505,0.0,0.0,0.0
2025-06-25 00:00:00+00:00,0.00061329675,0.0,0.0,0.0
2025-06-25 01:00:00+00:00,0.0005873564,0.0,-0.0,-0.0
2025-06-25 02:00:00+00:00,0.0005873564,0.0,0.0,0.0
2025-06-25 03:00:00+00:00,0.0006058757,0.0,-0.0,-0.0
2025-06-25 04:00:00+00:00,0.0006058757,0.0,-0.0,-0.0
2025-06-25 05:00:00+00:00,0.0006058757,0.0,0.0,0.0
2025-06-25 06:00:00+00:00,0.0005873564,0.0,0.0,0.0
2025-06-25 07:00:00+00:00,0.0005873564,0.0,0.0,0.0
2025-06-25 08:00:00+00:00,0.0005873564,0.0,0.0,0.0
2025-06-25 09:00:00+00:00,0.0005873564,0.0,-0.0,-0.0
2025-06-25 10:00:00+00:00,0.0005411755,0.0,0.0,0.0
2025-06-25 11:00:00+00:00,0.0010410658,0.0,0.0,0.0
2025-06-25 12:00:00+00:00,0.0010410658,0.0,0.0,0.0
2025-06-25 13:00:00+00:00,0.001128629,0.0,0.0,0.0
2025-06-25 14:00:00+00:00,0.00014799689,0.0,-0.0,-0.0
2025-06-25 15:00:00+00:00,0.00021269706,0.0,-0.0,-0.0
2025-06-25 16:00:00+00:00,0.00024669993,0.0,0.0,0.0
2025-06-25 17:00:00+00:00,0.00021269706,0.0,0.0,0.0
2025-06-25 18:00:00+00:00,0.00019417774,0.0,0.0,0.0
2025-06-25 19:00:00+00:00,0.00019417774,0.0,0.0,0.0
2025-06-25 20:00:00+00:00,0.00019417774,0.0,0.0,0.0
2025-06-25 21:00:00+00:00,0.00019417774,0.0,-0.0,-0.0
2025-06-25 22:00:00+00:00,0.00024669993,0.0,-0.0,-0.0
2025-06-25 23:00:00+00:00,0.00024669993,0.0,0.0,0.0
2025-06-26 00:00:00+00:00,-0.0003476296,0.0,-0.0,-0.0
2025-06-26 01:00:00+00:00,-0.00036614892,0.0,0.0,0.0
2025-06-26 02:00:00+00:00,-0.00036614892,0.0,0.0,0.0
2025-06-26 03:00:00+00:00,-0.00036614892,0.0,-0.0,-0.0
2025-06-26 04:00:00+00:00,-0.00036614892,0.0,-0.0,-0.0
2025-06-26 05:00:00+00:00,-0.0002308622,0.0,-0.0,-0.0
2025-06-26 06:00:00+00:00,-0.0002308622,0.0,0.0,0.0
2025-06-26 07:00:00+00:00,-0.0002308622,0.0,0.0,0.0
2025-06-26 08:00:00+00:00,-0.00024938153,0.0,-0.0,-0.0
2025-06-26 09:00:00+00:00,-0.00019685923,0.0,-0.0,-0.0
2025-06-26 10:00:00+00:00,-0.00014223864,0.0,0.0,0.0
2025-06-26 11:00:00+00:00,-0.00017624158,0.0,-0.0,-0.0
2025-06-26 12:00:00+00:00,-0.00017485498,0.0,-0.0,-0.0
2025-06-26 13:00:00+00:00,-5.991613e-05,0.0,-0.0,-0.0
2025-06-26 14:00:00+00:00,-0.0001947609,0.0,0.0,0.0
2025-06-26 15:00:00+00:00,-0.0001947609,0.0,-0.0,-0.0
2025-06-26 16:00:00+00:00,-0.00031152836,0.0,-0.0,-0.0
2025-06-26 17:00:00+00:00,0.000100169455,0.0,-0.0,-0.0
2025-06-26 18:00:00+00:00,8.165013e-05,0.0,0.0,0.0
2025-06-26 19:00:00+00:00,8.165013e-05,0.0,0.0,0.0
2025-06-26 20:00:00+00:00,8.165013e-05,0.0,0.0,0.0
2025-06-26 21:00:00+00:00,0.000100169455,0.0,-0.0,-0.0
2025-06-26 22:00:00+00:00,2.1865326e-05,0.0,-0.0,-0.0
2025-06-26 23:00:00+00:00,-0.00018096731,0.0,-0.0,-0.0
2025-06-27 00:00:00+00:00,0.00042465402,0.0,-0.0,-0.0
2025-06-27 01:00:00+00:00,2.6551916e-05,0.0,0.0,0.0
2025-06-27 02:00:00+00:00,-0.00017628072,0.0,0.0,0.0
2025-06-27 03:00:00+00:00,-0.00017628072,0.0,0.0,0.0
2025-06-27 04:00:00+00:00,-0.00017628072,0.0,0.0,0.0
2025-06-27 05:00:00+00:00,-0.00017628072,0.0,-0.0,-0.0
2025-06-27 06:00:00+00:00,-0.0001577614,0.0,0.0,0.0
2025-06-27 07:00:00+00:00,-0.000111541434,0.0,-0.0,-0.0
2025-06-27 08:00:00+00:00,-0.0001577614,0.0,0.0,0.0
2025-06-27 09:00:00+00:00,-0.0001577614,0.0,0.0,0.0
2025-06-27 10:00:00+00:00,-0.00017628072,0.0,-0.0,-0.0
2025-06-27 11:00:00+00:00,-0.00017628072,0.0,-0.0,-0.0
2025-06-27 12:00:00+00:00,-0.0002758501,0.0,-0.0,-0.0
2025-06-27 13:00:00+00:00,-0.0001577614,0.0,0.0,0.0
2025-06-27 14:00:00+00:00,-3.1899683e-05,0.0,-0.0,-0.0
2025-06-27 15:00:00+00:00,-9.962915e-05,0.0,0.0,0.0
2025-06-27 16:00:00+00:00,0.0003164044,0.0,0.0,0.0
2025-06-27 17:00:00+00:00,-9.962915e-05,0.0,-0.0,-0.0
2025-06-27 18:00:00+00:00,0.00019838552,0.0,-0.0,-0.0
2025-06-27 19:00:00+00:00,0.00019838552,0.0,0.0,0.0
2025-06-27 20:00:00+00:00,0.0003164044,0.0,0.0,0.0
2025-06-27 21:00:00+00:00,0.0003164044,0.0,-0.0,-0.0
2025-06-27 22:00:00+00:00,0.0003164044,0.0,0.0,0.0
2025-06-27 23:00:00+00:00,0.00016438258,0.0,-0.0,-0.0
2025-06-28 00:00:00+00:00,0.00021216775,0.0,0.0,0.0
2025-06-28 01:00:00+00:00,0.00026255875,0.0,0.0,0.0
2025-06-28 02:00:00+00:00,0.00041458057,0.0,0.0,0.0
2025-06-28 03:00:00+00:00,0.00041458057,0.0,0.0,0.0
2025-06-28 04:00:00+00:00,0.00041458057,0.0,-0.0,-0.0
2025-06-28 05:00:00+00:00,0.00041458057,0.0,0.0,0.0
2025-06-28 06:00:00+00:00,0.00041458057,0.0,0.0,0.0
2025-06-28 07:00:00+00:00,0.00041458057,0.0,0.0,0.0
2025-06-28 08:00:00+00:00,0.0007099674,0.0,-0.0,-0.0
2025-06-28 09:00:00+00:00,0.0007284867,0.0,-0.0,-0.0
2025-06-28 10:00:00+00:00,0.0007284867,0.0,-0.0,-0.0
2025-06-28 11:00:00+00:00,0.0007099674,0.0,0.0,0.0
2025-06-28 12:00:00+00:00,0.0007099674,0.0,-0.0,-0.0
2025-06-28 13:00:00+00:00,0.0005579455,0.0,-0.0,-0.0
2025-06-28 14:00:00+00:00,0.0005579455,0.0,0.0,0.0
2025-06-28 15:00:00+00:00,0.0007099674,0.0,0.0,0.0
2025-06-28 16:00:00+00:00,0.0007099674,0.0,-0.0,-0.0
2025-06-28 17:00:00+00:00,0.0007099674,0.0,0.0,0.0
2025-06-28 18:00:00+00:00,0.0007284867,0.0,-0.0,-0.0
2025-06-28 19:00:00+00:00,0.0005579455,0.0,-0.0,-0.0
2025-06-28 20:00:00+00:00,0.0005947893,0.0,-0.0,-0.0
2025-06-28 21:00:00+00:00,0.0008286161,0.0,0.0,0.0
2025-06-28 22:00:00+00:00,0.0009991572,0.0,0.0,0.0
2025-06-28 23:00:00+00:00,0.0008286161,0.0,-0.0,-0.0
2025-06-29 00:00:00+00:00,0.0009991572,0.0,0.0,0.0
2025-06-29 01:00:00+00:00,0.0008471354,0.0,-0.0,-0.0
2025-06-29 02:00:00+00:00,0.0008286161,0.0,-0.0,-0.0
2025-06-29 03:00:00+00:00,0.0008471354,0.0,-0.0,-0.0
2025-06-29 04:00:00+00:00,0.0008471354,0.0,0.0,0.0
2025-06-29 05:00:00+00:00,0.0008286161,0.0,0.0,0.0
2025-06-29 06:00:00+00:00,0.0008286161,0.0,0.0,0.0
2025-06-29 07:00:00+00:00,0.0008286161,0.0,0.0,0.0
2025-06-29 08:00:00+00:00,0.0009991572,0.0,0.0,0.0
2025-06-29 09:00:00+00:00,0.0009991572,0.0,0.0,0.0
2025-06-29 10:00:00+00:00,0.0011291585,0.0,0.0,0.0
2025-06-29 11:00:00+00:00,0.0019420953,0.0,0.0,0.0
2025-06-29 12:00:00+00:00,0.0009991572,0.0,-0.0,-0.0
2025-06-29 13:00:00+00:00,0.0010176765,0.0,-0.0,-0.0
2025-06-29 14:00:00+00:00,0.0010516795,0.0,-0.0,-0.0
2025-06-29 15:00:00+00:00,0.0010516795,0.0,-0.0,-0.0
2025-06-29 16:00:00+00:00,0.00062756904,0.0,-0.0,-0.0
2025-06-29 17:00:00+00:00,0.0005935661,0.0,-0.0,-0.0
2025-06-29 18:00:00+00:00,0.0005935661,0.0,0.0,0.0
2025-06-29 19:00:00+00:00,0.0005935661,0.0,-0.0,-0.0
2025-06-29 20:00:00+00:00,0.0005935661,0.0,-0.0,-0.0
2025-06-29 21:00:00+00:00,0.0005935661,0.0,0.0,0.0
2025-06-29 22:00:00+00:00,0.000745588,0.0,0.0,0.0
2025-06-29 23:00:00+00:00,0.000745588,0.0,0.0,0.0
2025-06-30 00:00:00+00:00,0.0008755894,0.0,0.0,0.0
2025-06-30 01:00:00+00:00,0.000745588,0.0,-0.0,-0.0
2025-06-30 02:00:00+00:00,0.000745588,0.0,-0.0,-0.0
2025-06-30 03:00:00+00:00,0.0007641073,0.0,0.0,0.0
2025-06-30 04:00:00+00:00,0.0007641073,0.0,-0.0,-0.0
2025-06-30 05:00:00+00:00,0.0007641073,0.0,-0.0,-0.0
2025-06-30 06:00:00+00:00,0.0005094802,0.0,-0.0,-0.0
2025-06-30 07:00:00+00:00,0.00062756904,0.0,0.0,0.0
2025-06-30 08:00:00+00:00,0.0007205456,0.0,-0.0,-0.0
2025-06-30 09:00:00+00:00,0.00068654265,0.0,-0.0,-0.0
2025-06-30 10:00:00+00:00,0.00078611204,0.0,0.0,0.0
2025-06-30 11:00:00+00:00,0.00078611204,0.0,0.0,0.0
2025-06-30 12:00:00+00:00,0.00078611204,0.0,-0.0,-0.0
2025-06-30 13:00:00+00:00,0.00080463133,0.0,-0.0,-0.0
2025-06-30 14:00:00+00:00,0.0008228645,0.0,-0.0,-0.0
2025-06-30 15:00:00+00:00,0.00078611204,0.0,0.0,0.0
2025-06-30 16:00:00+00:00,0.0008286161,0.0,0.0,0.0
2025-06-30 17:00:00+00:00,0.0008286161,0.0,-0.0,-0.0
2025-06-30 18:00:00+00:00,0.0008471354,0.0,-0.0,-0.0
2025-06-30 19:00:00+00:00,0.0008286161,0.0,0.0,0.0
2025-06-30 20:00:00+00:00,0.0008286161,0.0,-0.0,-0.0
2025-06-30 21:00:00+00:00,0.0008471354,0.0,-0.0,-0.0
2025-06-30 22:00:00+00:00,0.00089335535,0.0,-0.0,-0.0
2025-06-30 23:00:00+00:00,0.00089335535,0.0,0.0,0.0
2025-07-01 00:00:00+00:00,0.0005841227,0.0,0.0,0.0
2025-07-01 01:00:00+00:00,0.00061292364,0.0,-0.0,-0.0
2025-07-01 02:00:00+00:00,0.00061292364,0.0,-0.0,-0.0
2025-07-01 03:00:00+00:00,0.0005841227,0.0,0.0,0.0
2025-07-01 04:00:00+00:00,0.0007234392,0.0,-0.0,-0.0
2025-07-01 05:00:00+00:00,0.0005841227,0.0,0.0,0.0
2025-07-01 06:00:00+00:00,0.00056324713,0.0,-0.0,-0.0
2025-07-01 07:00:00+00:00,0.00056324713,0.0,0.0,0.0
2025-07-01 08:00:00+00:00,0.00074850343,0.0,-0.0,-0.0
2025-07-01 09:00:00+00:00,0.001206661,0.0,-0.0,-0.0
2025-07-01 10:00:00+00:00,0.00065424916,0.0,-0.0,-0.0
2025-07-01 11:00:00+00:00,0.0005932031,0.0,0.0,0.0
2025-07-01 12:00:00+00:00,0.0007325196,0.0,-0.0,-0.0
2025-07-01 13:00:00+00:00,0.0005723275,0.0,0.0,0.0
2025-07-01 14:00:00+00:00,0.00096417137,0.0,-0.0,-0.0
2025-07-01 15:00:00+00:00,0.00052840495,0.0,0.0,0.0
2025-07-01 16:00:00+00:00,0.0005885327,0.0,0.0,0.0
2025-07-01 17:00:00+00:00,0.00044242907,0.0,0.0,0.0
2025-07-01 18:00:00+00:00,0.0005092549,0.0,-0.0,-0.0
2025-07-01 19:00:00+00:00,0.0002222626,0.0,-0.0,-0.0
2025-07-01 20:00:00+00:00,1.6576345e-05,0.0,0.0,0.0
2025-07-01 21:00:00+00:00,-0.00011425947,0.0,-0.0,-0.0
2025-07-01 22:00:00+00:00,-0.00011425947,0.0,-0.0,-0.0
2025-07-01 23:00:00+00:00,-0.00014306046,0.0,0.0,0.0
2025-07-02 00:00:00+00:00,0.0007308807,0.0,-0.0,-0.0
2025-07-02 01:00:00+00:00,0.00031074518,0.0,0.0,0.0
2025-07-02 02:00:00+00:00,0.00059925707,0.0,0.0,0.0
2025-07-02 03:00:00+00:00,0.00066405523,0.0,0.0,0.0
2025-07-02 04:00:00+00:00,0.00064317964,0.0,0.0,0.0
2025-07-02 05:00:00+00:00,0.00064317964,0.0,0.0,0.0
2025-07-02 06:00:00+00:00,0.00064317964,0.0,0.0,0.0
2025-07-02 07:00:00+00:00,0.00064317964,0.0,0.0,0.0
2025-07-02 08:00:00+00:00,0.0008362391,0.0,0.0,0.0
2025-07-02 09:00:00+00:00,0.000629912,0.0,-0.0,-0.0
2025-07-02 10:00:00+00:00,0.0004037946,0.0,0.0,0.0
2025-07-02 11:00:00+00:00,0.0005302871,0.0,-0.0,-0.0
2025-07-02 12:00:00+00:00,0.0005302871,0.0,-0.0,-0.0
2025-07-02 13:00:00+00:00,0.000601111,0.0,0.0,0.0
2025-07-02 14:00:00+00:00,0.0007847481,0.0,0.0,0.0
2025-07-02 15:00:00+00:00,0.00070512865,0.0,0.0,0.0
2025-07-02 16:00:00+00:00,0.0014735293,0.0,0.0,0.0
2025-07-02 17:00:00+00:00,0.00071082765,0.0,-0.0,-0.0
2025-07-02 18:00:00+00:00,0.0011150305,0.0,0.0,0.0
2025-07-02 19:00:00+00:00,0.0011150305,0.0,0.0,0.0
2025-07-02 20:00:00+00:00,0.0005176449,0.0,-0.0,-0.0
2025-07-02 21:00:00+00:00,0.000488844,0.0,0.0,0.0
2025-07-02 22:00:00+00:00,0.0006475816,0.0,-0.0,-0.0
2025-07-02 23:00:00+00:00,0.00061533647,0.0,-0.0,-0.0
2025-07-03 00:00:00+00:00,0.0002433937,0.0,0.0,0.0
2025-07-03 01:00:00+00:00,0.0002111486,0.0,0.0,0.0
2025-07-03 02:00:00+00:00,0.00023994951,0.0,-0.0,-0.0
2025-07-03 03:00:00+00:00,0.00023994951,0.0,-0.0,-0.0
2025-07-03 04:00:00+00:00,0.0002111486,0.0,0.0,0.0
2025-07-03 05:00:00+00:00,0.0002111486,0.0,0.0,0.0
2025-07-03 06:00:00+00:00,0.0002111486,0.0,0.0,0.0
2025-07-03 07:00:00+00:00,0.00023994951,0.0,-0.0,-0.0
2025-07-03 08:00:00+00:00,0.0002111486,0.0,0.0,0.0
2025-07-03 09:00:00+00:00,0.00054396817,0.0,0.0,0.0
2025-07-03 10:00:00+00:00,0.00023994951,0.0,-0.0,-0.0
2025-07-03 11:00:00+00:00,0.00023994951,0.0,-0.0,-0.0
2025-07-03 12:00:00+00:00,0.0006296691,0.0,-0.0,-0.0
2025-07-03 13:00:00+00:00,0.00056075107,0.0,0.0,0.0
2025-07-03 14:00:00+00:00,0.0005727691,0.0,-0.0,-0.0
2025-07-03 15:00:00+00:00,0.00028498998,0.0,-0.0,-0.0
2025-07-03 16:00:00+00:00,2.0026759e-05,0.0,0.0,0.0
2025-07-03 17:00:00+00:00,-3.687327e-05,0.0,0.0,0.0
2025-07-03 18:00:00+00:00,-3.687327e-05,0.0,0.0,0.0
2025-07-03 19:00:00+00:00,-3.687327e-05,0.0,0.0,0.0
2025-07-03 20:00:00+00:00,-3.687327e-05,0.0,0.0,0.0
2025-07-03 21:00:00+00:00,-8.072334e-06,0.0,-0.0,-0.0
2025-07-03 22:00:00+00:00,-8.072334e-06,0.0,-0.0,-0.0
2025-07-03 23:00:00+00:00,-8.072334e-06,0.0,-0.0,-0.0
2025-07-04 00:00:00+00:00,0.00020566922,0.0,-0.0,-0.0
2025-07-04 01:00:00+00:00,0.00017686827,0.0,0.0,0.0
2025-07-04 02:00:00+00:00,0.00020566922,0.0,-0.0,-0.0
2025-07-04 03:00:00+00:00,0.00017686827,0.0,0.0,0.0
2025-07-04 04:00:00+00:00,0.00023791433,0.0,-0.0,-0.0
2025-07-04 05:00:00+00:00,0.00017686827,0.0,0.0,0.0
2025-07-04 06:00:00+00:00,0.00017686827,0.0,0.0,0.0
2025-07-04 07:00:00+00:00,0.00059368217,0.0,-0.0,-0.0
2025-07-04 08:00:00+00:00,0.00013518549,0.0,0.0,0.0
2025-07-04 09:00:00+00:00,0.00015606108,0.0,0.0,0.0
2025-07-04 10:00:00+00:00,0.00018486203,0.0,-0.0,-0.0
2025-07-04 11:00:00+00:00,0.00013518549,0.0,-0.0,-0.0
2025-07-04 12:00:00+00:00,0.00024993505,0.0,-0.0,-0.0
2025-07-04 13:00:00+00:00,0.00031075694,0.0,-0.0,-0.0
2025-07-04 14:00:00+00:00,0.00013471062,0.0,-0.0,-0.0
2025-07-04 15:00:00+00:00,0.0002771376,0.0,-0.0,-0.0
2025-07-04 16:00:00+00:00,7.2597904e-05,0.0,0.0,0.0
2025-07-04 17:00:00+00:00,0.00049725675,0.0,0.0,0.0
2025-07-04 18:00:00+00:00,0.0004582759,0.0,-0.0,-0.0
2025-07-04 19:00:00+00:00,0.00019020165,0.0,-0.0,-0.0
2025-07-04 20:00:00+00:00,0.00049725675,0.0,0.0,0.0
2025-07-04 21:00:00+00:00,0.00049725675,0.0,0.0,0.0
2025-07-04 22:00:00+00:00,0.00049725675,0.0,0.0,0.0
2025-07-04 23:00:00+00:00,0.00052605785,0.0,-0.0,-0.0
2025-07-05 00:00:00+00:00,0.00061063014,0.0,0.0,0.0
2025-07-05 01:00:00+00:00,0.00063943106,0.0,-0.0,-0.0
2025-07-05 02:00:00+00:00,0.00061063014,0.0,0.0,0.0
2025-07-05 03:00:00+00:00,0.00061063014,0.0,0.0,0.0
2025-07-05 04:00:00+00:00,0.000585068,0.0,-0.0,-0.0
2025-07-05 05:00:00+00:00,0.000585068,0.0,0.0,0.0
2025-07-05 06:00:00+00:00,0.00058975443,0.0,0.0,0.0
2025-07-05 07:00:00+00:00,0.00061855535,0.0,-0.0,-0.0
2025-07-05 08:00:00+00:00,0.0004480609,0.0,-0.0,-0.0
2025-07-05 09:00:00+00:00,0.0004689365,0.0,0.0,0.0
2025-07-05 10:00:00+00:00,0.00034374962,0.0,0.0,0.0
2025-07-05 11:00:00+00:00,0.00034843603,0.0,0.0,0.0
2025-07-05 12:00:00+00:00,0.00034843603,0.0,0.0,0.0
2025-07-05 13:00:00+00:00,0.00034843603,0.0,-0.0,-0.0
2025-07-05 14:00:00+00:00,0.00034843603,0.0,0.0,0.0
2025-07-05 15:00:00+00:00,0.00037723695,0.0,-0.0,-0.0
2025-07-05 16:00:00+00:00,0.0008361677,0.0,0.0,0.0
2025-07-05 17:00:00+00:00,0.00072230934,0.0,-0.0,-0.0
2025-07-05 18:00:00+00:00,0.00075111026,0.0,-0.0,-0.0
2025-07-05 19:00:00+00:00,0.00072230934,0.0,0.0,0.0
2025-07-05 20:00:00+00:00,0.00075111026,0.0,-0.0,-0.0
2025-07-05 21:00:00+00:00,0.00072230934,0.0,-0.0,-0.0
2025-07-05 22:00:00+00:00,0.00072230934,0.0,0.0,0.0
2025-07-05 23:00:00+00:00,0.00072230934,0.0,0.0,0.0
2025-07-06 00:00:00+00:00,0.00072230934,0.0,0.0,0.0
2025-07-06 01:00:00+00:00,0.00072230934,0.0,-0.0,-0.0
2025-07-06 02:00:00+00:00,0.00075111026,0.0,-0.0,-0.0
2025-07-06 03:00:00+00:00,0.00072230934,0.0,-0.0,-0.0
2025-07-06 04:00:00+00:00,0.00075111026,0.0,-0.0,-0.0
2025-07-06 05:00:00+00:00,0.00072230934,0.0,0.0,0.0
2025-07-06 06:00:00+00:00,0.00072230934,0.0,0.0,0.0
2025-07-06 07:00:00+00:00,0.00075111026,0.0,-0.0,-0.0
2025-07-06 08:00:00+00:00,0.0008361677,0.0,-0.0,-0.0
2025-07-06 09:00:00+00:00,0.0012563033,0.0,-0.0,-0.0
2025-07-06 10:00:00+00:00,0.0008361677,0.0,0.0,0.0
2025-07-06 11:00:00+00:00,0.0008361677,0.0,0.0,0.0
2025-07-06 12:00:00+00:00,0.0008361677,0.0,0.0,0.0
2025-07-06 13:00:00+00:00,0.0014656886,0.0,0.0,0.0
2025-07-06 14:00:00+00:00,0.0012767841,0.0,0.0,0.0
2025-07-06 15:00:00+00:00,0.001132869,0.0,-0.0,-0.0
2025-07-06 16:00:00+00:00,0.0010199766,0.0,-0.0,-0.0
2025-07-06 17:00:00+00:00,0.0008773174,0.0,0.0,0.0
2025-07-06 18:00:00+00:00,0.00060941675,0.0,-0.0,-0.0
2025-07-06 19:00:00+00:00,0.00058061595,0.0,0.0,0.0
2025-07-06 20:00:00+00:00,0.00058061595,0.0,0.0,0.0
2025-07-06 21:00:00+00:00,0.0008258264,0.0,0.0,0.0
2025-07-06 22:00:00+00:00,0.0008258264,0.0,0.0,0.0
2025-07-06 23:00:00+00:00,0.0008258264,0.0,-0.0,-0.0
2025-07-07 00:00:00+00:00,0.0010237086,0.0,-0.0,-0.0
2025-07-07 01:00:00+00:00,0.0011372698,0.0,0.0,0.0
2025-07-07 02:00:00+00:00,0.0010857789,0.0,0.0,0.0
2025-07-07 03:00:00+00:00,0.0010857789,0.0,0.0,0.0
2025-07-07 04:00:00+00:00,0.0011660707,0.0,-0.0,-0.0
2025-07-07 05:00:00+00:00,0.0011372698,0.0,-0.0,-0.0
2025-07-07 06:00:00+00:00,0.00090161426,0.0,-0.0,-0.0
2025-07-07 07:00:00+00:00,0.0011372698,0.0,0.0,0.0
2025-07-07 08:00:00+00:00,0.0012799291,0.0,-0.0,-0.0
2025-07-07 09:00:00+00:00,0.0009832276,0.0,-0.0,-0.0
2025-07-07 10:00:00+00:00,0.0009832276,0.0,-0.0,-0.0
2025-07-07 11:00:00+00:00,0.0009544266,0.0,-0.0,-0.0
2025-07-07 12:00:00+00:00,0.001125988,0.0,-0.0,-0.0
2025-07-07 13:00:00+00:00,0.0009544266,0.0,0.0,0.0
2025-07-07 14:00:00+00:00,0.0009832276,0.0,-0.0,-0.0
2025-07-07 15:00:00+00:00,0.0009544266,0.0,0.0,0.0
2025-07-07 16:00:00+00:00,0.0014390365,0.0,-0.0,-0.0
2025-07-07 17:00:00+00:00,0.0008022854,0.0,-0.0,-0.0
2025-07-07 18:00:00+00:00,0.00087748375,0.0,0.0,0.0
2025-07-07 19:00:00+00:00,0.00087748375,0.0,0.0,0.0
2025-07-07 20:00:00+00:00,0.00090628467,0.0,-0.0,-0.0
2025-07-07 21:00:00+00:00,0.0008983592,0.0,0.0,0.0
2025-07-07 22:00:00+00:00,0.00092716014,0.0,-0.0,-0.0
2025-07-07 23:00:00+00:00,0.0008983592,0.0,0.0,0.0
2025-07-08 00:00:00+00:00,0.00056324713,0.0,0.0,0.0
2025-07-08 01:00:00+00:00,0.00076498504,0.0,-0.0,-0.0
2025-07-08 02:00:00+00:00,0.0005841227,0.0,0.0,0.0
2025-07-08 03:00:00+00:00,0.0005841227,0.0,0.0,0.0
2025-07-08 04:00:00+00:00,0.0005841227,0.0,0.0,0.0
2025-07-08 05:00:00+00:00,0.0005585607,0.0,0.0,0.0
2025-07-08 06:00:00+00:00,0.00056324713,0.0,0.0,0.0
2025-07-08 07:00:00+00:00,0.00056324713,0.0,0.0,0.0
2025-07-08 08:00:00+00:00,0.00060112844,0.0,-0.0,-0.0
2025-07-08 09:00:00+00:00,0.0005723275,0.0,0.0,0.0
2025-07-08 10:00:00+00:00,0.0007266671,0.0,0.0,0.0
2025-07-08 11:00:00+00:00,0.00075546803,0.0,-0.0,-0.0
2025-07-08 12:00:00+00:00,0.0008690291,0.0,0.0,0.0
2025-07-08 13:00:00+00:00,0.0008690291,0.0,0.0,0.0
2025-07-08 14:00:00+00:00,0.00060112844,0.0,-0.0,-0.0
2025-07-08 15:00:00+00:00,0.00063337357,0.0,-0.0,-0.0
2025-07-08 16:00:00+00:00,0.00060457265,0.0,0.0,0.0
2025-07-08 17:00:00+00:00,0.0007551707,0.0,0.0,0.0
2025-07-08 18:00:00+00:00,0.0007551707,0.0,0.0,0.0
2025-07-08 19:00:00+00:00,0.00048726986,0.0,-0.0,-0.0
2025-07-08 20:00:00+00:00,0.00048726986,0.0,-0.0,-0.0
2025-07-08 21:00:00+00:00,0.00061280874,0.0,0.0,0.0
2025-07-08 22:00:00+00:00,0.00061280874,0.0,0.0,0.0
2025-07-08 23:00:00+00:00,0.00061280874,0.0,0.0,0.0
2025-07-09 00:00:00+00:00,0.0009249209,0.0,0.0,0.0
2025-07-09 01:00:00+00:00,0.0007993822,0.0,-0.0,-0.0
2025-07-09 02:00:00+00:00,0.0007993822,0.0,-0.0,-0.0
2025-07-09 03:00:00+00:00,0.00083162735,0.0,-0.0,-0.0
2025-07-09 04:00:00+00:00,0.0007705813,0.0,0.0,0.0
2025-07-09 05:00:00+00:00,0.0007705813,0.0,0.0,0.0
2025-07-09 06:00:00+00:00,0.0007705813,0.0,0.0,0.0
2025-07-09 07:00:00+00:00,0.0007993822,0.0,-0.0,-0.0
2025-07-09 08:00:00+00:00,0.0009132406,0.0,-0.0,-0.0
2025-07-09 09:00:00+00:00,0.0008844397,0.0,0.0,0.0
2025-07-09 10:00:00+00:00,0.0008844397,0.0,0.0,0.0
2025-07-09 11:00:00+00:00,0.0011811412,0.0,0.0,0.0
2025-07-09 12:00:00+00:00,0.0011811412,0.0,0.0,0.0
2025-07-09 13:00:00+00:00,0.0015427617,0.0,-0.0,-0.0
2025-07-09 14:00:00+00:00,0.0012460602,0.0,-0.0,-0.0
2025-07-09 15:00:00+00:00,0.0010387792,0.0,0.0,0.0
2025-07-09 16:00:00+00:00,0.0011811412,0.0,0.0,0.0
2025-07-09 17:00:00+00:00,0.0010960838,0.0,-0.0,-0.0
2025-07-09 18:00:00+00:00,0.0010672829,0.0,0.0,0.0
2025-07-09 19:00:00+00:00,0.0026554929,0.0,0.0,0.0
2025-07-09 20:00:00+00:00,0.00084531464,0.0,-0.0,-0.0
2025-07-09 21:00:00+00:00,0.00042343387,0.0,0.0,0.0
2025-07-09 22:00:00+00:00,0.00061048905,0.0,0.0,0.0
2025-07-09 23:00:00+00:00,0.0007789269,0.0,-0.0,-0.0
2025-07-10 00:00:00+00:00,0.00021152674,0.0,-0.0,-0.0
2025-07-10 01:00:00+00:00,0.00039119236,0.0,0.0,0.0
2025-07-10 02:00:00+00:00,0.00039119236,0.0,0.0,0.0
2025-07-10 03:00:00+00:00,0.0005176847,0.0,-0.0,-0.0
2025-07-10 04:00:00+00:00,0.0004888838,0.0,0.0,0.0
2025-07-10 05:00:00+00:00,0.0004888838,0.0,-0.0,-0.0
2025-07-10 06:00:00+00:00,0.0004888838,0.0,0.0,0.0
2025-07-10 07:00:00+00:00,0.0004888838,0.0,0.0,0.0
2025-07-10 08:00:00+00:00,0.0002859,0.0,-0.0,-0.0
2025-07-10 09:00:00+00:00,0.0005176847,0.0,-0.0,-0.0
2025-07-10 10:00:00+00:00,0.0004888838,0.0,0.0,0.0
2025-07-10 11:00:00+00:00,0.0005176847,0.0,-0.0,-0.0
2025-07-10 12:00:00+00:00,0.0005176847,0.0,-0.0,-0.0
2025-07-10 13:00:00+00:00,0.0005176847,0.0,-0.0,-0.0
2025-07-10 14:00:00+00:00,0.0004888838,0.0,0.0,0.0
2025-07-10 15:00:00+00:00,0.0004888838,0.0,0.0,0.0
2025-07-10 16:00:00+00:00,0.0015059733,0.0,0.0,0.0
2025-07-10 17:00:00+00:00,0.0026899737,0.0,0.0,0.0
2025-07-10 18:00:00+00:00,0.0017128282,0.0,-0.0,-0.0
2025-07-10 19:00:00+00:00,0.0008515351,0.0,-0.0,-0.0
2025-07-10 20:00:00+00:00,0.00087256235,0.0,0.0,0.0
2025-07-10 21:00:00+00:00,0.003215772,0.0,0.0,0.0
2025-07-10 22:00:00+00:00,0.0020539754,0.0,-0.0,-0.0
2025-07-10 23:00:00+00:00,0.0020251744,0.0,-0.0,-0.0
2025-07-11 00:00:00+00:00,0.0019100208,0.0,-0.0,-0.0
2025-07-11 01:00:00+00:00,0.0019160693,0.0,0.0,0.0
2025-07-11 02:00:00+00:00,0.0022666145,0.0,0.0,0.0
2025-07-11 03:00:00+00:00,0.0027033745,0.0,0.0,0.0
2025-07-11 04:00:00+00:00,0.0026776954,0.0,0.0,0.0
2025-07-11 05:00:00+00:00,0.0032230034,0.0,0.0,0.0
2025-07-11 06:00:00+00:00,0.002669292,0.0,-0.0,-0.0
2025-07-11 07:00:00+00:00,0.0025395954,0.0,-0.0,-0.0
2025-07-11 08:00:00+00:00,0.0026404911,0.0,0.0,0.0
2025-07-11 09:00:00+00:00,0.0026404911,0.0,0.0,0.0
2025-07-11 10:00:00+00:00,0.0022607492,0.0,-0.0,-0.0
2025-07-11 11:00:00+00:00,0.0020517379,0.0,-0.0,-0.0
2025-07-11 12:00:00+00:00,0.002055182,0.0,0.0,0.0
2025-07-11 13:00:00+00:00,0.0021602495,0.0,0.0,0.0
2025-07-11 14:00:00+00:00,0.0016244674,0.0,-0.0,-0.0
2025-07-11 15:00:00+00:00,0.0016262728,0.0,-0.0,-0.0
2025-07-11 16:00:00+00:00,0.00046229135,0.0,0.0,0.0
2025-07-11 17:00:00+00:00,0.00043004626,0.0,0.0,0.0
2025-07-11 18:00:00+00:00,0.00043004626,0.0,0.0,0.0
2025-07-11 19:00:00+00:00,0.00033235483,0.0,0.0,0.0
2025-07-11 20:00:00+00:00,0.00045884724,0.0,-0.0,-0.0
2025-07-11 21:00:00+00:00,0.00036526812,0.0,-0.0,-0.0
2025-07-11 22:00:00+00:00,0.00021224625,0.0,0.0,0.0
2025-07-11 23:00:00+00:00,0.00024104716,0.0,-0.0,-0.0
2025-07-12 00:00:00+00:00,0.00038255475,0.0,-0.0,-0.0
2025-07-12 01:00:00+00:00,0.00035375383,0.0,0.0,0.0
2025-07-12 02:00:00+00:00,0.00038255475,0.0,-0.0,-0.0
2025-07-12 03:00:00+00:00,0.00035375383,0.0,0.0,0.0
2025-07-12 04:00:00+00:00,0.00038255475,0.0,-0.0,-0.0
2025-07-12 05:00:00+00:00,0.00035375383,0.0,0.0,0.0
2025-07-12 06:00:00+00:00,0.00035375383,0.0,0.0,0.0
2025-07-12 07:00:00+00:00,0.00038255475,0.0,-0.0,-0.0
2025-07-12 08:00:00+00:00,0.00035375383,0.0,0.0,0.0
2025-07-12 09:00:00+00:00,0.00035375383,0.0,0.0,0.0
2025-07-12 10:00:00+00:00,0.00038255475,0.0,-0.0,-0.0
2025-07-12 11:00:00+00:00,0.00025245894,0.0,-0.0,-0.0
2025-07-12 12:00:00+00:00,0.00019295442,0.0,-0.0,-0.0
2025-07-12 13:00:00+00:00,0.00016415345,0.0,-0.0,-0.0
2025-07-12 14:00:00+00:00,0.00016070931,0.0,-0.0,-0.0
2025-07-12 15:00:00+00:00,0.00016070931,0.0,-0.0,-0.0
2025-07-12 16:00:00+00:00,0.00013190834,0.0,0.0,0.0
2025-07-12 17:00:00+00:00,0.00013190834,0.0,0.0,0.0
2025-07-12 18:00:00+00:00,0.00013190834,0.0,0.0,0.0
2025-07-12 19:00:00+00:00,0.00013190834,0.0,0.0,0.0
2025-07-12 20:00:00+00:00,0.0006660728,0.0,-0.0,-0.0
2025-07-12 21:00:00+00:00,0.00013190834,0.0,0.0,0.0
2025-07-12 22:00:00+00:00,0.00016070931,0.0,-0.0,-0.0
2025-07-12 23:00:00+00:00,0.00013190834,0.0,0.0,0.0
2025-07-13 00:00:00+00:00,0.00016070931,0.0,-0.0,-0.0
2025-07-13 01:00:00+00:00,0.00013190834,0.0,0.0,0.0
2025-07-13 02:00:00+00:00,0.00013190834,0.0,0.0,0.0
2025-07-13 03:00:00+00:00,0.00013190834,0.0,0.0,0.0
2025-07-13 04:00:00+00:00,0.00013190834,0.0,0.0,0.0
2025-07-13 05:00:00+00:00,0.00016070931,0.0,-0.0,-0.0
2025-07-13 06:00:00+00:00,0.00013190834,0.0,0.0,0.0
2025-07-13 07:00:00+00:00,0.00013190834,0.0,0.0,0.0
2025-07-13 08:00:00+00:00,0.00016070931,0.0,-0.0,-0.0
2025-07-13 09:00:00+00:00,6.584068e-05,0.0,-0.0,-0.0
2025-07-13 10:00:00+00:00,3.7039772e-05,0.0,0.0,0.0
2025-07-13 11:00:00+00:00,0.00013190834,0.0,0.0,0.0
2025-07-13 12:00:00+00:00,0.00013190834,0.0,0.0,0.0
2025-07-13 13:00:00+00:00,0.00013190834,0.0,0.0,0.0
2025-07-13 14:00:00+00:00,0.00013190834,0.0,0.0,0.0
2025-07-13 15:00:00+00:00,0.00016070931,0.0,-0.0,-0.0
2025-07-13 16:00:00+00:00,0.00016070931,0.0,-0.0,-0.0
2025-07-13 17:00:00+00:00,0.00013190834,0.0,0.0,0.0
2025-07-13 18:00:00+00:00,0.00013190834,0.0,0.0,0.0
2025-07-13 19:00:00+00:00,0.00013190834,0.0,-0.0,-0.0
2025-07-13 20:00:00+00:00,0.00013190834,0.0,0.0,0.0
2025-07-13 21:00:00+00:00,0.00047549125,0.0,-0.0,-0.0
2025-07-13 22:00:00+00:00,0.00038062248,0.0,-0.0,-0.0
2025-07-13 23:00:00+00:00,0.00044669016,0.0,0.0,0.0
2025-07-14 00:00:00+00:00,0.00065196346,0.0,-0.0,-0.0
2025-07-14 01:00:00+00:00,0.00065196346,0.0,0.0,0.0
2025-07-14 02:00:00+00:00,0.00074371306,0.0,0.0,0.0
2025-07-14 03:00:00+00:00,0.0017927196,0.0,0.0,0.0
2025-07-14 04:00:00+00:00,0.0016384685,0.0,0.0,0.0
2025-07-14 05:00:00+00:00,0.0018881614,0.0,0.0,0.0
2025-07-14 06:00:00+00:00,0.0016672694,0.0,-0.0,-0.0
2025-07-14 07:00:00+00:00,0.0016384685,0.0,0.0,0.0
2025-07-14 08:00:00+00:00,0.0019512778,0.0,-0.0,-0.0
2025-07-14 09:00:00+00:00,0.00060816447,0.0,-0.0,-0.0
2025-07-14 10:00:00+00:00,0.000713412,0.0,-0.0,-0.0
2025-07-14 11:00:00+00:00,0.00083575846,0.0,-0.0,-0.0
2025-07-14 12:00:00+00:00,0.00065236597,0.0,0.0,0.0
2025-07-14 13:00:00+00:00,0.00077885843,0.0,-0.0,-0.0
2025-07-14 14:00:00+00:00,0.0007483873,0.0,-0.0,-0.0
2025-07-14 15:00:00+00:00,0.00115647,0.0,-0.0,-0.0
2025-07-14 16:00:00+00:00,0.0009295083,0.0,0.0,0.0
2025-07-14 17:00:00+00:00,0.0010967829,0.0,-0.0,-0.0
2025-07-14 18:00:00+00:00,0.0008612555,0.0,-0.0,-0.0
2025-07-14 19:00:00+00:00,0.0008442063,0.0,0.0,0.0
2025-07-14 20:00:00+00:00,0.00078085857,0.0,0.0,0.0
2025-07-14 21:00:00+00:00,0.000619349,0.0,-0.0,-0.0
2025-07-14 22:00:00+00:00,0.00068598986,0.0,0.0,0.0
2025-07-14 23:00:00+00:00,0.0006943803,0.0,-0.0,-0.0
2025-07-15 00:00:00+00:00,0.00071336166,0.0,-0.0,-0.0
2025-07-15 01:00:00+00:00,9.0698595e-05,0.0,-0.0,-0.0
2025-07-15 02:00:00+00:00,-0.00048013587,0.0,-0.0,-0.0
2025-07-15 03:00:00+00:00,-0.00050099427,0.0,-0.0,-0.0
2025-07-15 04:00:00+00:00,-0.0010129911,0.0,0.0,0.0
2025-07-15 05:00:00+00:00,-0.00086790405,0.0,-0.0,-0.0
2025-07-15 06:00:00+00:00,-0.00085303775,0.0,-0.0,-0.0
2025-07-15 07:00:00+00:00,-0.00051451765,0.0,-0.0,-0.0
2025-07-15 08:00:00+00:00,-0.00065266463,0.0,-0.0,-0.0
2025-07-15 09:00:00+00:00,-0.00092025526,0.0,-0.0,-0.0
2025-07-15 10:00:00+00:00,-0.00034776874,0.0,0.0,0.0
2025-07-15 11:00:00+00:00,-0.00057852914,0.0,0.0,0.0
2025-07-15 12:00:00+00:00,-0.0004622432,0.0,0.0,0.0
2025-07-15 13:00:00+00:00,-0.00046405484,0.0,0.0,0.0
2025-07-15 14:00:00+00:00,-9.0825444e-05,0.0,-0.0,-0.0
2025-07-15 15:00:00+00:00,-0.000696179,0.0,0.0,0.0
2025-07-15 16:00:00+00:00,-0.0008282949,0.0,0.0,0.0
2025-07-15 17:00:00+00:00,-0.00077398546,0.0,0.0,0.0
2025-07-15 18:00:00+00:00,-0.000856394,0.0,-0.0,-0.0
2025-07-15 19:00:00+00:00,-0.00051799056,0.0,-0.0,-0.0
2025-07-15 20:00:00+00:00,-0.00043660647,0.0,-0.0,-0.0
2025-07-15 21:00:00+00:00,-0.00049350644,0.0,0.0,0.0
2025-07-15 22:00:00+00:00,-0.00046782717,0.0,0.0,0.0
2025-07-15 23:00:00+00:00,-0.00043902625,0.0,-0.0,-0.0
2025-07-16 00:00:00+00:00,7.480435e-05,0.0,0.0,0.0
2025-07-16 01:00:00+00:00,8.272963e-05,0.0,-0.0,-0.0
2025-07-16 02:00:00+00:00,7.804326e-05,0.0,-0.0,-0.0
2025-07-16 03:00:00+00:00,8.617377e-05,0.0,0.0,0.0
2025-07-16 04:00:00+00:00,5.392866e-05,0.0,0.0,0.0
2025-07-16 05:00:00+00:00,-3.160166e-05,0.0,0.0,0.0
2025-07-16 06:00:00+00:00,5.392866e-05,0.0,0.0,0.0
2025-07-16 07:00:00+00:00,8.272963e-05,0.0,-0.0,-0.0
2025-07-16 08:00:00+00:00,-3.160166e-05,0.0,0.0,0.0
2025-07-16 09:00:00+00:00,6.725225e-05,0.0,0.0,0.0
2025-07-16 10:00:00+00:00,-2.8007044e-06,0.0,-0.0,-0.0
2025-07-16 11:00:00+00:00,5.392866e-05,0.0,0.0,0.0
2025-07-16 12:00:00+00:00,2.9444407e-05,0.0,-0.0,-0.0
2025-07-16 13:00:00+00:00,-3.160166e-05,0.0,0.0,0.0
2025-07-16 14:00:00+00:00,-0.00018098915,0.0,0.0,0.0
2025-07-16 15:00:00+00:00,-0.00018098915,0.0,0.0,0.0
2025-07-16 16:00:00+00:00,-0.0002482649,0.0,0.0,0.0
2025-07-16 17:00:00+00:00,-0.00015218818,0.0,-0.0,-0.0
2025-07-16 18:00:00+00:00,-8.213527e-05,0.0,0.0,0.0
2025-07-16 19:00:00+00:00,1.3979466e-05,0.0,-0.0,-0.0
2025-07-16 20:00:00+00:00,0.00039494297,0.0,0.0,0.0
2025-07-16 21:00:00+00:00,1.3979466e-05,0.0,-0.0,-0.0
2025-07-16 22:00:00+00:00,4.6224577e-05,0.0,-0.0,-0.0
2025-07-16 23:00:00+00:00,4.207852e-05,0.0,-0.0,-0.0
2025-07-17 00:00:00+00:00,-0.0006264381,0.0,0.0,0.0
2025-07-17 01:00:00+00:00,-0.0005976372,0.0,-0.0,-0.0
2025-07-17 02:00:00+00:00,-0.0006264381,0.0,0.0,0.0
2025-07-17 03:00:00+00:00,-0.0005653921,0.0,-0.0,-0.0
2025-07-17 04:00:00+00:00,-0.0006264381,0.0,0.0,0.0
2025-07-17 05:00:00+00:00,-0.0006264381,0.0,0.0,0.0
2025-07-17 06:00:00+00:00,-0.0005976372,0.0,-0.0,-0.0
2025-07-17 07:00:00+00:00,-0.0005976372,0.0,-0.0,-0.0
2025-07-17 08:00:00+00:00,-0.0006264381,0.0,0.0,0.0
2025-07-17 09:00:00+00:00,-0.0006264381,0.0,0.0,0.0
2025-07-17 10:00:00+00:00,-0.0005976372,0.0,-0.0,-0.0
2025-07-17 11:00:00+00:00,-0.0005976372,0.0,-0.0,-0.0
2025-07-17 12:00:00+00:00,-0.0005407372,0.0,-0.0,-0.0
2025-07-17 13:00:00+00:00,-0.0006264381,0.0,0.0,0.0
2025-07-17 14:00:00+00:00,-0.0006264381,0.0,0.0,0.0
2025-07-17 15:00:00+00:00,-0.0006264381,0.0,0.0,0.0
2025-07-17 16:00:00+00:00,-0.0005976372,0.0,-0.0,-0.0
2025-07-17 17:00:00+00:00,-0.0006264381,0.0,0.0,0.0
2025-07-17 18:00:00+00:00,-0.0006264381,0.0,0.0,0.0
2025-07-17 19:00:00+00:00,-0.0005976372,0.0,-0.0,-0.0
2025-07-17 20:00:00+00:00,-0.0006264381,0.0,0.0,0.0
2025-07-17 21:00:00+00:00,-0.00050224114,0.0,0.0,0.0
2025-07-17 22:00:00+00:00,-0.00047460277,0.0,-0.0,-0.0
2025-07-17 23:00:00+00:00,-0.00047460277,0.0,-0.0,-0.0
2025-07-18 00:00:00+00:00,-0.00028966213,0.0,0.0,0.0
2025-07-18 01:00:00+00:00,-0.00019080806,0.0,0.0,0.0
2025-07-18 02:00:00+00:00,-0.00026086115,0.0,-0.0,-0.0
2025-07-18 03:00:00+00:00,-0.00028966213,0.0,0.0,0.0
2025-07-18 04:00:00+00:00,-0.00028966213,0.0,0.0,0.0
2025-07-18 05:00:00+00:00,-0.00019080806,0.0,0.0,0.0
2025-07-18 06:00:00+00:00,-0.00026086115,0.0,-0.0,-0.0
2025-07-18 07:00:00+00:00,-0.00020396117,0.0,-0.0,-0.0
2025-07-18 08:00:00+00:00,-0.00020396117,0.0,-0.0,-0.0
2025-07-18 09:00:00+00:00,-0.00023276212,0.0,0.0,0.0
2025-07-18 10:00:00+00:00,-0.00028966213,0.0,0.0,0.0
2025-07-18 11:00:00+00:00,-0.00026086115,0.0,-0.0,-0.0
2025-07-18 12:00:00+00:00,-0.00028966213,0.0,0.0,0.0
2025-07-18 13:00:00+00:00,-0.00026086115,0.0,-0.0,-0.0
2025-07-18 14:00:00+00:00,-0.00020396117,0.0,-0.0,-0.0
2025-07-18 15:00:00+00:00,-0.00018308542,0.0,-0.0,-0.0
2025-07-18 16:00:00+00:00,-0.00017039319,0.0,-0.0,-0.0
2025-07-18 17:00:00+00:00,-0.00040640633,0.0,0.0,0.0
2025-07-18 18:00:00+00:00,9.65365e-05,0.0,-0.0,-0.0
2025-07-18 19:00:00+00:00,-0.00012558706,0.0,0.0,0.0
2025-07-18 20:00:00+00:00,-0.00051692204,0.0,0.0,0.0
2025-07-18 21:00:00+00:00,-0.00026878648,0.0,0.0,0.0
2025-07-18 22:00:00+00:00,-0.00026878648,0.0,0.0,0.0
2025-07-18 23:00:00+00:00,-0.00026878648,0.0,0.0,0.0
2025-07-19 00:00:00+00:00,-9.8477765e-05,0.0,-0.0,-0.0
2025-07-19 01:00:00+00:00,-0.00012727872,0.0,0.0,0.0
2025-07-19 02:00:00+00:00,-0.00024175314,0.0,0.0,0.0
2025-07-19 03:00:00+00:00,-0.00024175314,0.0,0.0,0.0
2025-07-19 04:00:00+00:00,-0.00021295219,0.0,-0.0,-0.0
2025-07-19 05:00:00+00:00,-0.00024175314,0.0,0.0,0.0
2025-07-19 06:00:00+00:00,-0.00024175314,0.0,-0.0,-0.0
2025-07-19 07:00:00+00:00,-0.00024175314,0.0,-0.0,-0.0
2025-07-19 08:00:00+00:00,-0.00023382789,0.0,-0.0,-0.0
2025-07-19 09:00:00+00:00,-0.00026262886,0.0,0.0,0.0
2025-07-19 10:00:00+00:00,-0.00026262886,0.0,0.0,0.0
2025-07-19 11:00:00+00:00,-0.00023851429,0.0,-0.0,-0.0
2025-07-19 12:00:00+00:00,-0.00021295219,0.0,-0.0,-0.0
2025-07-19 13:00:00+00:00,-0.00026262886,0.0,-0.0,-0.0
2025-07-19 14:00:00+00:00,-0.00020158278,0.0,-0.0,-0.0
2025-07-19 15:00:00+00:00,-0.00026262886,0.0,0.0,0.0
2025-07-19 16:00:00+00:00,-0.00023382789,0.0,-0.0,-0.0
2025-07-19 17:00:00+00:00,-0.00023382789,0.0,-0.0,-0.0
2025-07-19 18:00:00+00:00,-0.00026262886,0.0,0.0,0.0
2025-07-19 19:00:00+00:00,-0.00026262886,0.0,0.0,0.0
2025-07-19 20:00:00+00:00,-0.00023382789,0.0,-0.0,-0.0
2025-07-19 21:00:00+00:00,-0.00026262886,0.0,-0.0,-0.0
2025-07-19 22:00:00+00:00,-0.00026262886,0.0,0.0,0.0
2025-07-19 23:00:00+00:00,-0.00026262886,0.0,0.0,0.0
2025-07-20 00:00:00+00:00,-0.00026262886,0.0,0.0,0.0
2025-07-20 01:00:00+00:00,-0.00026262886,0.0,-0.0,-0.0
2025-07-20 02:00:00+00:00,-0.00026262886,0.0,0.0,0.0
2025-07-20 03:00:00+00:00,-0.00026262886,0.0,-0.0,-0.0
2025-07-20 04:00:00+00:00,-0.00026262886,0.0,-0.0,-0.0
2025-07-20 05:00:00+00:00,-0.00023382789,0.0,-0.0,-0.0
2025-07-20 06:00:00+00:00,-0.00026262886,0.0,-0.0,-0.0
2025-07-20 07:00:00+00:00,-0.00026262886,0.0,0.0,0.0
2025-07-20 08:00:00+00:00,-0.00026262886,0.0,0.0,0.0
2025-07-20 09:00:00+00:00,-0.00033345268,0.0,-0.0,-0.0
2025-07-20 10:00:00+00:00,-0.00036225366,0.0,-0.0,-0.0
2025-07-20 11:00:00+00:00,-0.00036225366,0.0,-0.0,-0.0
2025-07-20 12:00:00+00:00,-0.00036225366,0.0,0.0,0.0
2025-07-20 13:00:00+00:00,-0.00036225366,0.0,0.0,0.0
2025-07-20 14:00:00+00:00,-0.00036225366,0.0,0.0,0.0
2025-07-20 15:00:00+00:00,-0.00036225366,0.0,0.0,0.0
2025-07-20 16:00:00+00:00,-0.00033345268,0.0,-0.0,-0.0
2025-07-20 17:00:00+00:00,-0.00033345268,0.0,-0.0,-0.0
2025-07-20 18:00:00+00:00,-0.00036225366,0.0,0.0,0.0
2025-07-20 19:00:00+00:00,-0.00033345268,0.0,-0.0,-0.0
2025-07-20 20:00:00+00:00,-0.00010127313,0.0,-0.0,-0.0
2025-07-20 21:00:00+00:00,-0.00010127313,0.0,-0.0,-0.0
2025-07-20 22:00:00+00:00,-1.7537104e-05,0.0,-0.0,-0.0
2025-07-20 23:00:00+00:00,-0.000273263,0.0,-0.0,-0.0
2025-07-21 00:00:00+00:00,0.00015893497,0.0,0.0,0.0
2025-07-21 01:00:00+00:00,0.00015549085,0.0,-0.0,-0.0
2025-07-21 02:00:00+00:00,7.519894e-05,0.0,0.0,0.0
2025-07-21 03:00:00+00:00,7.519894e-05,0.0,0.0,0.0
2025-07-21 04:00:00+00:00,0.000103999926,0.0,-0.0,-0.0
2025-07-21 05:00:00+00:00,7.519894e-05,0.0,0.0,0.0
2025-07-21 06:00:00+00:00,0.00037190053,0.0,0.0,0.0
2025-07-21 07:00:00+00:00,0.00037190053,0.0,0.0,0.0
2025-07-21 08:00:00+00:00,0.00051456003,0.0,-0.0,-0.0
2025-07-21 09:00:00+00:00,0.00037219797,0.0,-0.0,-0.0
2025-07-21 10:00:00+00:00,0.00025010342,0.0,-0.0,-0.0
2025-07-21 11:00:00+00:00,0.00032624922,0.0,-0.0,-0.0
2025-07-21 12:00:00+00:00,0.00022130246,0.0,0.0,0.0
2025-07-21 13:00:00+00:00,0.00048575902,0.0,0.0,0.0
2025-07-21 14:00:00+00:00,0.00048575902,0.0,-0.0,-0.0
2025-07-21 15:00:00+00:00,0.00021785832,0.0,-0.0,-0.0
2025-07-21 16:00:00+00:00,0.00032624922,0.0,-0.0,-0.0
2025-07-21 17:00:00+00:00,0.00018358987,0.0,0.0,0.0
2025-07-21 18:00:00+00:00,0.00023326647,0.0,-0.0,-0.0
2025-07-21 19:00:00+00:00,0.00013994772,0.0,-0.0,-0.0
2025-07-21 20:00:00+00:00,0.00020446553,0.0,0.0,0.0
2025-07-21 21:00:00+00:00,0.00012668986,0.0,0.0,0.0
2025-07-21 22:00:00+00:00,0.00012668986,0.0,0.0,0.0
2025-07-21 23:00:00+00:00,0.00012668986,0.0,0.0,0.0
2025-07-22 00:00:00+00:00,-0.0002635238,0.0,-0.0,-0.0
2025-07-22 01:00:00+00:00,-0.00029232478,0.0,0.0,0.0
2025-07-22 02:00:00+00:00,-0.00024264802,0.0,-0.0,-0.0
2025-07-22 03:00:00+00:00,-0.00027144907,0.0,0.0,0.0
2025-07-22 04:00:00+00:00,-0.00026532356,0.0,-0.0,-0.0
2025-07-22 05:00:00+00:00,-0.0005036285,0.0,0.0,0.0
2025-07-22 06:00:00+00:00,-0.0005036285,0.0,0.0,0.0
2025-07-22 07:00:00+00:00,-0.0004779492,0.0,0.0,0.0
2025-07-22 08:00:00+00:00,-0.00047637042,0.0,0.0,0.0
2025-07-22 09:00:00+00:00,-0.00047637042,0.0,0.0,0.0
2025-07-22 10:00:00+00:00,-0.00047637042,0.0,0.0,0.0
2025-07-22 11:00:00+00:00,-0.00047637042,0.0,0.0,0.0
2025-07-22 12:00:00+00:00,-0.00047637042,0.0,0.0,0.0
2025-07-22 13:00:00+00:00,-0.0003035731,0.0,-0.0,-0.0
2025-07-22 14:00:00+00:00,-0.00047637042,0.0,0.0,0.0
2025-07-22 15:00:00+00:00,-0.0004475695,0.0,-0.0,-0.0
2025-07-22 16:00:00+00:00,-0.0004475695,0.0,-0.0,-0.0
2025-07-22 17:00:00+00:00,-0.00047637042,0.0,0.0,0.0
2025-07-22 18:00:00+00:00,-0.00057406194,0.0,0.0,0.0
2025-07-22 19:00:00+00:00,-0.0004475695,0.0,-0.0,-0.0
2025-07-22 20:00:00+00:00,-0.00047637042,0.0,0.0,0.0
2025-07-22 21:00:00+00:00,-0.00033309506,0.0,-0.0,-0.0
2025-07-22 22:00:00+00:00,-0.00036189603,0.0,0.0,0.0
2025-07-22 23:00:00+00:00,-0.00036189603,0.0,0.0,0.0
2025-07-23 00:00:00+00:00,0.00013701388,0.0,-0.0,-0.0
2025-07-23 01:00:00+00:00,0.00013701388,0.0,-0.0,-0.0
2025-07-23 02:00:00+00:00,0.00019391389,0.0,-0.0,-0.0
2025-07-23 03:00:00+00:00,0.00019391389,0.0,-0.0,-0.0
2025-07-23 04:00:00+00:00,0.00014045811,0.0,0.0,0.0
2025-07-23 05:00:00+00:00,0.00013701388,0.0,-0.0,-0.0
2025-07-23 06:00:00+00:00,0.00018850484,0.0,-0.0,-0.0
2025-07-23 07:00:00+00:00,0.00022074995,0.0,-0.0,-0.0
2025-07-23 08:00:00+00:00,0.00015970392,0.0,0.0,0.0
2025-07-23 09:00:00+00:00,0.00018850484,0.0,-0.0,-0.0
2025-07-23 10:00:00+00:00,0.00015970392,0.0,0.0,0.0
2025-07-23 11:00:00+00:00,0.00015970392,0.0,0.0,0.0
2025-07-23 12:00:00+00:00,0.00020938048,0.0,-0.0,-0.0
2025-07-23 13:00:00+00:00,0.00030672314,0.0,-0.0,-0.0
2025-07-23 14:00:00+00:00,0.00015501754,0.0,0.0,0.0
2025-07-23 15:00:00+00:00,0.00015970392,0.0,0.0,0.0
2025-07-23 16:00:00+00:00,0.00020938048,0.0,-0.0,-0.0
2025-07-23 17:00:00+00:00,0.00018057956,0.0,0.0,0.0
2025-07-23 18:00:00+00:00,0.00018057956,0.0,0.0,0.0
2025-07-23 19:00:00+00:00,0.00015501754,0.0,0.0,0.0
2025-07-23 20:00:00+00:00,0.00020938048,0.0,-0.0,-0.0
2025-07-23 21:00:00+00:00,0.00018057956,0.0,0.0,0.0
2025-07-23 22:00:00+00:00,0.00018057956,0.0,0.0,0.0
2025-07-23 23:00:00+00:00,0.00018057956,0.0,0.0,0.0
2025-07-24 00:00:00+00:00,-0.00050340366,0.0,0.0,0.0
2025-07-24 01:00:00+00:00,-0.00050340366,0.0,0.0,0.0
2025-07-24 02:00:00+00:00,-0.00047460277,0.0,-0.0,-0.0
2025-07-24 03:00:00+00:00,-0.00039086677,0.0,-0.0,-0.0
2025-07-24 04:00:00+00:00,-0.00034533616,0.0,-0.0,-0.0
2025-07-24 05:00:00+00:00,-0.00034533616,0.0,-0.0,-0.0
2025-07-24 06:00:00+00:00,-0.00019327448,0.0,-0.0,-0.0
2025-07-24 07:00:00+00:00,-0.00045191278,0.0,0.0,0.0
2025-07-24 08:00:00+00:00,-0.00045191278,0.0,0.0,0.0
2025-07-24 09:00:00+00:00,-0.00042311187,0.0,-0.0,-0.0
2025-07-24 10:00:00+00:00,-0.00042311187,0.0,-0.0,-0.0
2025-07-24 11:00:00+00:00,-0.00045191278,0.0,0.0,0.0
2025-07-24 12:00:00+00:00,-0.00042311187,0.0,-0.0,-0.0
2025-07-24 13:00:00+00:00,-0.00042311187,0.0,-0.0,-0.0
2025-07-24 14:00:00+00:00,-0.00050340366,0.0,0.0,0.0
2025-07-24 15:00:00+00:00,-0.00050340366,0.0,0.0,0.0
2025-07-24 16:00:00+00:00,-0.00042311187,0.0,-0.0,-0.0
2025-07-24 17:00:00+00:00,-0.00050340366,0.0,0.0,0.0
2025-07-24 18:00:00+00:00,-0.00047460277,0.0,-0.0,-0.0
2025-07-24 19:00:00+00:00,-0.00042311187,0.0,-0.0,-0.0
2025-07-24 20:00:00+00:00,-0.00042311187,0.0,-0.0,-0.0
2025-07-24 21:00:00+00:00,-0.00039086677,0.0,-0.0,-0.0
2025-07-24 22:00:00+00:00,-0.00039086677,0.0,-0.0,-0.0
2025-07-24 23:00:00+00:00,-0.00045191278,0.0,0.0,0.0
2025-07-25 00:00:00+00:00,-0.00013159448,0.0,-0.0,-0.0
2025-07-25 01:00:00+00:00,-0.0003775175,0.0,-0.0,-0.0
2025-07-25 02:00:00+00:00,-0.00074415636,0.0,-0.0,-0.0
2025-07-25 03:00:00+00:00,-0.0012083407,0.0,-0.0,-0.0
2025-07-25 04:00:00+00:00,-0.00068355433,0.0,0.0,0.0
2025-07-25 05:00:00+00:00,-0.00087272824,0.0,-0.0,-0.0
2025-07-25 06:00:00+00:00,-0.0005326522,0.0,-0.0,-0.0
2025-07-25 07:00:00+00:00,-0.0011995713,0.0,0.0,0.0
2025-07-25 08:00:00+00:00,-0.0012457233,0.0,-0.0,-0.0
2025-07-25 09:00:00+00:00,-0.00081077084,0.0,0.0,0.0
2025-07-25 10:00:00+00:00,-0.00074045436,0.0,0.0,0.0
2025-07-25 11:00:00+00:00,-0.000499773,0.0,0.0,0.0
2025-07-25 12:00:00+00:00,-0.00071165344,0.0,-0.0,-0.0
2025-07-25 13:00:00+00:00,-0.00081077084,0.0,0.0,0.0
2025-07-25 14:00:00+00:00,-6.214682e-05,0.0,-0.0,-0.0
2025-07-25 15:00:00+00:00,-0.00081077084,0.0,0.0,0.0
2025-07-25 16:00:00+00:00,-0.00081077084,0.0,0.0,0.0
2025-07-25 17:00:00+00:00,-0.0007819699,0.0,-0.0,-0.0
2025-07-25 18:00:00+00:00,-0.00052545214,0.0,0.0,0.0
2025-07-25 19:00:00+00:00,-6.469137e-05,0.0,0.0,0.0
2025-07-25 20:00:00+00:00,-0.00021729553,0.0,0.0,0.0
2025-07-25 21:00:00+00:00,-0.00021729553,0.0,0.0,0.0
2025-07-25 22:00:00+00:00,-0.00021729553,0.0,0.0,0.0
2025-07-25 23:00:00+00:00,-0.0002381712,0.0,0.0,0.0
2025-07-26 00:00:00+00:00,-6.7862544e-05,0.0,-0.0,-0.0
2025-07-26 01:00:00+00:00,-6.7862544e-05,0.0,-0.0,-0.0
2025-07-26 02:00:00+00:00,-9.666349e-05,0.0,0.0,0.0
2025-07-26 03:00:00+00:00,-9.666349e-05,0.0,0.0,0.0
2025-07-26 04:00:00+00:00,-9.666349e-05,0.0,0.0,0.0
2025-07-26 05:00:00+00:00,-6.7862544e-05,0.0,-0.0,-0.0
2025-07-26 06:00:00+00:00,-6.7862544e-05,0.0,-0.0,-0.0
2025-07-26 07:00:00+00:00,-9.666349e-05,0.0,-0.0,-0.0
2025-07-26 08:00:00+00:00,-9.666349e-05,0.0,0.0,0.0
2025-07-26 09:00:00+00:00,-9.666349e-05,0.0,0.0,0.0
2025-07-26 10:00:00+00:00,-9.666349e-05,0.0,0.0,0.0
2025-07-26 11:00:00+00:00,-6.7862544e-05,0.0,-0.0,-0.0
2025-07-26 12:00:00+00:00,-9.666349e-05,0.0,0.0,0.0
2025-07-26 13:00:00+00:00,-9.666349e-05,0.0,0.0,0.0
2025-07-26 14:00:00+00:00,-6.7862544e-05,0.0,-0.0,-0.0
2025-07-26 15:00:00+00:00,-9.666349e-05,0.0,0.0,0.0
2025-07-26 16:00:00+00:00,-6.7862544e-05,0.0,-0.0,-0.0
2025-07-26 17:00:00+00:00,-9.666349e-05,0.0,-0.0,-0.0
2025-07-26 18:00:00+00:00,-9.666349e-05,0.0,0.0,0.0
2025-07-26 19:00:00+00:00,-9.666349e-05,0.0,0.0,0.0
2025-07-26 20:00:00+00:00,-6.7862544e-05,0.0,-0.0,-0.0
2025-07-26 21:00:00+00:00,-9.666349e-05,0.0,0.0,0.0
2025-07-26 22:00:00+00:00,-9.666349e-05,0.0,-0.0,-0.0
2025-07-26 23:00:00+00:00,-6.7862544e-05,0.0,-0.0,-0.0
2025-07-27 00:00:00+00:00,-9.666349e-05,0.0,0.0,0.0
2025-07-27 01:00:00+00:00,-9.666349e-05,0.0,0.0,0.0
2025-07-27 02:00:00+00:00,-9.666349e-05,0.0,0.0,0.0
2025-07-27 03:00:00+00:00,-6.7862544e-05,0.0,-0.0,-0.0
2025-07-27 04:00:00+00:00,-9.666349e-05,0.0,0.0,0.0
2025-07-27 05:00:00+00:00,-0.0002111379,0.0,0.0,0.0
2025-07-27 06:00:00+00:00,-0.0002111379,0.0,-0.0,-0.0
2025-07-27 07:00:00+00:00,-0.00018233692,0.0,-0.0,-0.0
2025-07-27 08:00:00+00:00,-0.00018233692,0.0,-0.0,-0.0
2025-07-27 09:00:00+00:00,-0.0002111379,0.0,-0.0,-0.0
2025-07-27 10:00:00+00:00,-0.0002111379,0.0,0.0,0.0
2025-07-27 11:00:00+00:00,-0.00018233692,0.0,-0.0,-0.0
2025-07-27 12:00:00+00:00,-0.0002111379,0.0,0.0,0.0
2025-07-27 13:00:00+00:00,-0.0002111379,0.0,0.0,0.0
2025-07-27 14:00:00+00:00,-0.0002111379,0.0,0.0,0.0
2025-07-27 15:00:00+00:00,-0.0002111379,0.0,0.0,0.0
2025-07-27 16:00:00+00:00,0.0005912592,0.0,0.0,0.0
2025-07-27 17:00:00+00:00,0.00053976825,0.0,0.0,0.0
2025-07-27 18:00:00+00:00,-0.00018233692,0.0,-0.0,-0.0
2025-07-27 19:00:00+00:00,-0.00018233692,0.0,-0.0,-0.0
2025-07-27 20:00:00+00:00,-0.00018233692,0.0,-0.0,-0.0
2025-07-27 21:00:00+00:00,-0.00026262886,0.0,0.0,0.0
2025-07-27 22:00:00+00:00,-0.00026262886,0.0,0.0,0.0
2025-07-27 23:00:00+00:00,-0.00023382789,0.0,-0.0,-0.0
2025-07-28 00:00:00+00:00,-2.8554894e-05,0.0,-0.0,-0.0
2025-07-28 01:00:00+00:00,2.2936043e-05,0.0,-0.0,-0.0
2025-07-28 02:00:00+00:00,-0.00015698065,0.0,0.0,0.0
2025-07-28 03:00:00+00:00,0.0004007015,0.0,-0.0,-0.0
2025-07-28 04:00:00+00:00,0.0004521924,0.0,-0.0,-0.0
2025-07-28 05:00:00+00:00,0.00037190053,0.0,0.0,0.0
2025-07-28 06:00:00+00:00,0.0004007015,0.0,-0.0,-0.0
2025-07-28 07:00:00+00:00,0.0004521924,0.0,-0.0,-0.0
2025-07-28 08:00:00+00:00,0.00053725,0.0,0.0,0.0
2025-07-28 09:00:00+00:00,0.0005982962,0.0,-0.0,-0.0
2025-07-28 10:00:00+00:00,0.00042368888,0.0,-0.0,-0.0
2025-07-28 11:00:00+00:00,0.0003948879,0.0,0.0,0.0
2025-07-28 12:00:00+00:00,0.0003948879,0.0,0.0,0.0
2025-07-28 13:00:00+00:00,0.00026934923,0.0,-0.0,-0.0
2025-07-28 14:00:00+00:00,0.0006305263,0.0,-0.0,-0.0
2025-07-28 15:00:00+00:00,0.00027279338,0.0,0.0,0.0
2025-07-28 16:00:00+00:00,0.0006815597,0.0,-0.0,-0.0
2025-07-28 17:00:00+00:00,0.0005128887,0.0,-0.0,-0.0
2025-07-28 18:00:00+00:00,0.00014756554,0.0,0.0,0.0
2025-07-28 19:00:00+00:00,0.000122003476,0.0,0.0,0.0
2025-07-28 20:00:00+00:00,0.00012668986,0.0,-0.0,-0.0
2025-07-28 21:00:00+00:00,0.00014756554,0.0,0.0,0.0
2025-07-28 22:00:00+00:00,0.00017636649,0.0,-0.0,-0.0
2025-07-28 23:00:00+00:00,0.00014756554,0.0,0.0,0.0
2025-07-29 00:00:00+00:00,-0.00024264802,0.0,-0.0,-0.0
2025-07-29 01:00:00+00:00,-0.00024264802,0.0,-0.0,-0.0
2025-07-29 02:00:00+00:00,-0.00027144907,0.0,0.0,0.0
2025-07-29 03:00:00+00:00,-0.0001379851,0.0,0.0,0.0
2025-07-29 04:00:00+00:00,-0.0002635238,0.0,-0.0,-0.0
2025-07-29 05:00:00+00:00,-0.0001379851,0.0,0.0,0.0
2025-07-29 06:00:00+00:00,-0.0001379851,0.0,-0.0,-0.0
2025-07-29 07:00:00+00:00,4.376845e-06,0.0,0.0,0.0
2025-07-29 08:00:00+00:00,0.00011823526,0.0,0.0,0.0
2025-07-29 09:00:00+00:00,4.6742425e-06,0.0,-0.0,-0.0
2025-07-29 10:00:00+00:00,-0.00011742026,0.0,-0.0,-0.0
2025-07-29 11:00:00+00:00,-0.00017846635,0.0,0.0,0.0
2025-07-29 12:00:00+00:00,0.00011823526,0.0,0.0,0.0
2025-07-29 13:00:00+00:00,-0.00014966537,0.0,-0.0,-0.0
2025-07-29 14:00:00+00:00,-0.00011742026,0.0,-0.0,-0.0
2025-07-29 15:00:00+00:00,0.00029856944,0.0,-0.0,-0.0
2025-07-29 16:00:00+00:00,-0.00012156628,0.0,0.0,0.0
2025-07-29 17:00:00+00:00,-0.00029232478,0.0,0.0,0.0
2025-07-29 18:00:00+00:00,-0.0002635238,0.0,-0.0,-0.0
2025-07-29 19:00:00+00:00,-0.0002635238,0.0,-0.0,-0.0
2025-07-29 20:00:00+00:00,-0.00029232478,0.0,-0.0,-0.0
2025-07-29 21:00:00+00:00,-0.00029232478,0.0,0.0,0.0
2025-07-29 22:00:00+00:00,-0.00029232478,0.0,0.0,0.0
2025-07-29 23:00:00+00:00,-0.00029232478,0.0,0.0,0.0
2025-07-30 00:00:00+00:00,0.00020658522,0.0,-0.0,-0.0
2025-07-30 01:00:00+00:00,0.00017778427,0.0,0.0,0.0
2025-07-30 02:00:00+00:00,0.00017778427,0.0,0.0,0.0
2025-07-30 03:00:00+00:00,0.00017778427,0.0,0.0,0.0
2025-07-30 04:00:00+00:00,0.00020658522,0.0,-0.0,-0.0
2025-07-30 05:00:00+00:00,0.00017778427,0.0,-0.0,-0.0
2025-07-30 06:00:00+00:00,0.00017778427,0.0,0.0,0.0
2025-07-30 07:00:00+00:00,0.00020658522,0.0,-0.0,-0.0
2025-07-30 08:00:00+00:00,0.0002916427,0.0,0.0,0.0
2025-07-30 09:00:00+00:00,0.00032044362,0.0,-0.0,-0.0
2025-07-30 10:00:00+00:00,0.00032044362,0.0,-0.0,-0.0
2025-07-30 11:00:00+00:00,0.00037356437,0.0,-0.0,-0.0
2025-07-30 12:00:00+00:00,0.0003125183,0.0,0.0,0.0
2025-07-30 13:00:00+00:00,0.0003157572,0.0,-0.0,-0.0
2025-07-30 14:00:00+00:00,0.00058834424,0.0,0.0,0.0
2025-07-30 15:00:00+00:00,-2.5594414e-05,0.0,-0.0,-0.0
2025-07-30 16:00:00+00:00,0.00032044362,0.0,-0.0,-0.0
2025-07-30 17:00:00+00:00,0.00023468428,0.0,0.0,0.0
2025-07-30 18:00:00+00:00,-0.00024405826,0.0,-0.0,-0.0
2025-07-30 19:00:00+00:00,-0.00031906035,0.0,0.0,0.0
2025-07-30 20:00:00+00:00,-0.000116198775,0.0,0.0,0.0
2025-07-30 21:00:00+00:00,-5.439536e-05,0.0,0.0,0.0
2025-07-30 22:00:00+00:00,-5.439536e-05,0.0,0.0,0.0
2025-07-30 23:00:00+00:00,4.5229466e-05,0.0,0.0,0.0
2025-07-31 00:00:00+00:00,-0.000566387,0.0,0.0,0.0
2025-07-31 01:00:00+00:00,-0.0005375862,0.0,-0.0,-0.0
2025-07-31 02:00:00+00:00,-0.000566387,0.0,0.0,0.0
2025-07-31 03:00:00+00:00,-0.000566387,0.0,0.0,0.0
2025-07-31 04:00:00+00:00,-0.000566387,0.0,0.0,0.0
2025-07-31 05:00:00+00:00,-0.0005375862,0.0,-0.0,-0.0
2025-07-31 06:00:00+00:00,-0.000566387,0.0,0.0,0.0
2025-07-31 07:00:00+00:00,-0.000566387,0.0,-0.0,-0.0
2025-07-31 08:00:00+00:00,-0.0005375862,0.0,-0.0,-0.0
2025-07-31 09:00:00+00:00,-0.000566387,0.0,0.0,0.0
2025-07-31 10:00:00+00:00,-0.0005375862,0.0,-0.0,-0.0
2025-07-31 11:00:00+00:00,-0.0005375862,0.0,-0.0,-0.0
2025-07-31 12:00:00+00:00,-0.000566387,0.0,0.0,0.0
2025-07-31 13:00:00+00:00,-0.0005375862,0.0,-0.0,-0.0
2025-07-31 14:00:00+00:00,-0.0005375862,0.0,-0.0,-0.0
2025-07-31 15:00:00+00:00,-0.000566387,0.0,0.0,0.0
2025-07-31 16:00:00+00:00,-0.000566387,0.0,0.0,0.0
2025-07-31 17:00:00+00:00,-0.0005375862,0.0,-0.0,-0.0
2025-07-31 18:00:00+00:00,-0.0005053411,0.0,-0.0,-0.0
2025-07-31 19:00:00+00:00,-0.00084055803,0.0,-0.0,-0.0
2025-07-31 20:00:00+00:00,-0.00059759925,0.0,-0.0,-0.0
2025-07-31 21:00:00+00:00,-0.0011765999,0.0,0.0,0.0
2025-07-31 22:00:00+00:00,-0.00092177076,0.0,-0.0,-0.0
2025-07-31 23:00:00+00:00,-0.0013959121,0.0,-0.0,-0.0
2025-08-01 00:00:00+00:00,-0.00057195866,0.0,0.0,0.0
2025-08-01 01:00:00+00:00,-0.00062146113,0.0,-0.0,-0.0
2025-08-01 02:00:00+00:00,-0.00028904888,0.0,0.0,0.0
2025-08-01 03:00:00+00:00,-0.0003280525,0.0,-0.0,-0.0
2025-08-01 04:00:00+00:00,-0.00034943462,0.0,0.0,0.0
2025-08-01 05:00:00+00:00,-0.0003280525,0.0,-0.0,-0.0
2025-08-01 06:00:00+00:00,-0.0006704272,0.0,-0.0,-0.0
2025-08-01 07:00:00+00:00,-0.00062405807,0.0,-0.0,-0.0
2025-08-01 08:00:00+00:00,-0.00037679667,0.0,-0.0,-0.0
2025-08-01 09:00:00+00:00,5.615705e-05,0.0,0.0,0.0
2025-08-01 10:00:00+00:00,9.021539e-06,0.0,-0.0,-0.0
2025-08-01 11:00:00+00:00,-2.7915361e-05,0.0,0.0,0.0
2025-08-01 12:00:00+00:00,4.1326493e-05,0.0,0.0,0.0
2025-08-01 13:00:00+00:00,0.0009709233,0.0,-0.0,-0.0
2025-08-01 14:00:00+00:00,0.0002931791,0.0,0.0,0.0
2025-08-01 15:00:00+00:00,0.00010766046,0.0,-0.0,-0.0
2025-08-01 16:00:00+00:00,1.5992214e-06,0.0,-0.0,-0.0
2025-08-01 17:00:00+00:00,0.0002172727,0.0,-0.0,-0.0
2025-08-01 18:00:00+00:00,0.00076236326,0.0,-0.0,-0.0
2025-08-01 19:00:00+00:00,0.00094990694,0.0,-0.0,-0.0
2025-08-01 20:00:00+00:00,0.0001396098,0.0,0.0,0.0
2025-08-01 21:00:00+00:00,0.0002769242,0.0,-0.0,-0.0
2025-08-01 22:00:00+00:00,0.00039701376,0.0,-0.0,-0.0
2025-08-01 23:00:00+00:00,0.0002573273,0.0,0.0,0.0
2025-08-02 00:00:00+00:00,0.00032911586,0.0,0.0,0.0
2025-08-02 01:00:00+00:00,0.00035049804,0.0,-0.0,-0.0
2025-08-02 02:00:00+00:00,0.00022544462,0.0,0.0,0.0
2025-08-02 03:00:00+00:00,0.00022544462,0.0,0.0,0.0
2025-08-02 04:00:00+00:00,0.00022544462,0.0,0.0,0.0
2025-08-02 05:00:00+00:00,0.00022544462,0.0,-0.0,-0.0
2025-08-02 06:00:00+00:00,0.0002468267,0.0,-0.0,-0.0
2025-08-02 07:00:00+00:00,0.00022544462,0.0,0.0,0.0
2025-08-02 08:00:00+00:00,0.00021912353,0.0,-0.0,-0.0
2025-08-02 09:00:00+00:00,0.00022544462,0.0,0.0,0.0
2025-08-02 10:00:00+00:00,0.0002468267,0.0,-0.0,-0.0
2025-08-02 11:00:00+00:00,0.00022544462,0.0,0.0,0.0
2025-08-02 12:00:00+00:00,0.0002468267,0.0,-0.0,-0.0
2025-08-02 13:00:00+00:00,0.00021912353,0.0,-0.0,-0.0
2025-08-02 14:00:00+00:00,0.00024020106,0.0,-0.0,-0.0
2025-08-02 15:00:00+00:00,0.0007262794,0.0,-0.0,-0.0
2025-08-02 16:00:00+00:00,0.00027002857,0.0,0.0,0.0
2025-08-02 17:00:00+00:00,0.00029674065,0.0,-0.0,-0.0
2025-08-02 18:00:00+00:00,0.0002429358,0.0,-0.0,-0.0
2025-08-02 19:00:00+00:00,0.00034239152,0.0,-0.0,-0.0
2025-08-02 20:00:00+00:00,0.00027002857,0.0,0.0,0.0
2025-08-02 21:00:00+00:00,0.00027002857,0.0,0.0,0.0
2025-08-02 22:00:00+00:00,0.0001656906,0.0,-0.0,-0.0
2025-08-02 23:00:00+00:00,0.00018707277,0.0,-0.0,-0.0
2025-08-03 00:00:00+00:00,0.00019508821,0.0,0.0,0.0
2025-08-03 01:00:00+00:00,0.0002160323,0.0,0.0,0.0
2025-08-03 02:00:00+00:00,0.0002160323,0.0,0.0,0.0
2025-08-03 03:00:00+00:00,0.0001415034,0.0,0.0,0.0
2025-08-03 04:00:00+00:00,0.00023741445,0.0,-0.0,-0.0
2025-08-03 05:00:00+00:00,0.0001415034,0.0,0.0,0.0
2025-08-03 06:00:00+00:00,0.00016288558,0.0,-0.0,-0.0
2025-08-03 07:00:00+00:00,0.0001415034,0.0,0.0,0.0
2025-08-03 08:00:00+00:00,-0.00024315147,0.0,-0.0,-0.0
2025-08-03 09:00:00+00:00,-0.00024315147,0.0,-0.0,-0.0
2025-08-03 10:00:00+00:00,-0.00024315147,0.0,0.0,0.0
2025-08-03 11:00:00+00:00,-0.00024315147,0.0,-0.0,-0.0
2025-08-03 12:00:00+00:00,-0.00024315147,0.0,0.0,0.0
2025-08-03 13:00:00+00:00,-0.00024315147,0.0,-0.0,-0.0
2025-08-03 14:00:00+00:00,-0.00022176933,0.0,-0.0,-0.0
2025-08-03 15:00:00+00:00,-0.00019856749,0.0,0.0,0.0
2025-08-03 16:00:00+00:00,-0.0001378802,0.0,0.0,0.0
2025-08-03 17:00:00+00:00,-0.0001378802,0.0,0.0,0.0
2025-08-03 18:00:00+00:00,-0.0001378802,0.0,0.0,0.0
2025-08-03 19:00:00+00:00,-0.00011649798,0.0,-0.0,-0.0
2025-08-03 20:00:00+00:00,-0.0001378802,0.0,0.0,0.0
2025-08-03 21:00:00+00:00,-0.0001378802,0.0,0.0,0.0
2025-08-03 22:00:00+00:00,-0.00016108195,0.0,-0.0,-0.0
2025-08-03 23:00:00+00:00,-0.00016108195,0.0,-0.0,-0.0
2025-08-04 00:00:00+00:00,0.00014641185,0.0,0.0,0.0
2025-08-04 01:00:00+00:00,1.0947731e-05,0.0,-0.0,-0.0
2025-08-04 02:00:00+00:00,-1.0434438e-05,0.0,0.0,0.0
2025-08-04 03:00:00+00:00,1.0947731e-05,0.0,-0.0,-0.0
2025-08-04 04:00:00+00:00,1.0947731e-05,0.0,-0.0,-0.0
2025-08-04 05:00:00+00:00,-1.0434438e-05,0.0,-0.0,-0.0
2025-08-04 06:00:00+00:00,-1.0434438e-05,0.0,0.0,0.0
2025-08-04 07:00:00+00:00,-1.0434438e-05,0.0,0.0,0.0
2025-08-04 08:00:00+00:00,9.51748e-05,0.0,-0.0,-0.0
2025-08-04 09:00:00+00:00,3.478908e-05,0.0,-0.0,-0.0
2025-08-04 10:00:00+00:00,3.478908e-05,0.0,-0.0,-0.0
2025-08-04 11:00:00+00:00,1.3406921e-05,0.0,0.0,0.0
2025-08-04 12:00:00+00:00,1.3406921e-05,0.0,-0.0,-0.0
2025-08-04 13:00:00+00:00,1.3406921e-05,0.0,0.0,0.0
2025-08-04 14:00:00+00:00,0.0001294198,0.0,-0.0,-0.0
2025-08-04 15:00:00+00:00,0.00023958596,0.0,0.0,0.0
2025-08-04 16:00:00+00:00,0.00023429102,0.0,0.0,0.0
2025-08-04 17:00:00+00:00,0.00019607053,0.0,-0.0,-0.0
2025-08-04 18:00:00+00:00,0.00019607053,0.0,-0.0,-0.0
2025-08-04 19:00:00+00:00,0.0003583718,0.0,-0.0,-0.0
2025-08-04 20:00:00+00:00,0.00023429102,0.0,0.0,0.0
2025-08-04 21:00:00+00:00,0.00023429102,0.0,0.0,0.0
2025-08-04 22:00:00+00:00,-1.0918808e-05,0.0,0.0,0.0
2025-08-04 23:00:00+00:00,4.4644516e-05,0.0,-0.0,-0.0
2025-08-05 00:00:00+00:00,-0.00027336765,0.0,-0.0,-0.0
2025-08-05 01:00:00+00:00,-0.00022699844,0.0,-0.0,-0.0
2025-08-05 02:00:00+00:00,-0.00011921492,0.0,0.0,0.0
2025-08-05 03:00:00+00:00,-0.000105736275,0.0,-0.0,-0.0
2025-08-05 04:00:00+00:00,-0.00011921492,0.0,0.0,0.0
2025-08-05 05:00:00+00:00,-0.00011921492,0.0,0.0,0.0
2025-08-05 06:00:00+00:00,0.0002860149,0.0,-0.0,-0.0
2025-08-05 07:00:00+00:00,-0.00025227954,0.0,-0.0,-0.0
2025-08-05 08:00:00+00:00,2.784631e-05,0.0,0.0,0.0
2025-08-05 09:00:00+00:00,2.784631e-05,0.0,0.0,0.0
2025-08-05 10:00:00+00:00,2.784631e-05,0.0,0.0,0.0
2025-08-05 11:00:00+00:00,2.784631e-05,0.0,-0.0,-0.0
2025-08-05 12:00:00+00:00,3.5995025e-05,0.0,-0.0,-0.0
2025-08-05 13:00:00+00:00,2.784631e-05,0.0,0.0,0.0
2025-08-05 14:00:00+00:00,9.7828684e-05,0.0,-0.0,-0.0
2025-08-05 15:00:00+00:00,-7.3728643e-06,0.0,-0.0,-0.0
2025-08-05 16:00:00+00:00,-2.6737603e-06,0.0,0.0,0.0
2025-08-05 17:00:00+00:00,-4.9043014e-05,0.0,0.0,0.0
2025-08-05 18:00:00+00:00,-4.9043014e-05,0.0,0.0,0.0
2025-08-05 19:00:00+00:00,-4.9043014e-05,0.0,-0.0,-0.0
2025-08-05 20:00:00+00:00,1.0191843e-05,0.0,0.0,0.0
2025-08-05 21:00:00+00:00,-2.8028695e-05,0.0,-0.0,-0.0
2025-08-05 22:00:00+00:00,-9.3994815e-05,0.0,0.0,0.0
2025-08-05 23:00:00+00:00,-6.2095365e-05,0.0,0.0,0.0
2025-08-06 00:00:00+00:00,0.00058027636,0.0,-0.0,-0.0
2025-08-06 01:00:00+00:00,0.00059079356,0.0,-0.0,-0.0
2025-08-06 02:00:00+00:00,0.0007022688,0.0,-0.0,-0.0
2025-08-06 03:00:00+00:00,0.0006425147,0.0,-0.0,-0.0
2025-08-06 04:00:00+00:00,0.0006745655,0.0,-0.0,-0.0
2025-08-06 05:00:00+00:00,0.0005239211,0.0,0.0,0.0
2025-08-06 06:00:00+00:00,0.00052052224,0.0,-0.0,-0.0
2025-08-06 07:00:00+00:00,0.00049914006,0.0,0.0,0.0
2025-08-06 08:00:00+00:00,0.00052052224,0.0,-0.0,-0.0
2025-08-06 09:00:00+00:00,0.00049914006,0.0,0.0,0.0
2025-08-06 10:00:00+00:00,0.00049914006,0.0,-0.0,-0.0
2025-08-06 11:00:00+00:00,0.00049914006,0.0,0.0,0.0
2025-08-06 12:00:00+00:00,0.00052052224,0.0,-0.0,-0.0
2025-08-06 13:00:00+00:00,0.00049914006,0.0,0.0,0.0
2025-08-06 14:00:00+00:00,0.00048773512,0.0,0.0,0.0
2025-08-06 15:00:00+00:00,0.0007587026,0.0,0.0,0.0
2025-08-06 16:00:00+00:00,0.00044917403,0.0,-0.0,-0.0
2025-08-06 17:00:00+00:00,0.00080256624,0.0,0.0,0.0
2025-08-06 18:00:00+00:00,0.0008346008,0.0,-0.0,-0.0
2025-08-06 19:00:00+00:00,0.0005604254,0.0,-0.0,-0.0
2025-08-06 20:00:00+00:00,0.00044917403,0.0,-0.0,-0.0
2025-08-06 21:00:00+00:00,0.0004277918,0.0,0.0,0.0
2025-08-06 22:00:00+00:00,0.00038320784,0.0,0.0,0.0
2025-08-06 23:00:00+00:00,0.00040459,0.0,-0.0,-0.0
2025-08-07 00:00:00+00:00,-0.00021165852,0.0,-0.0,-0.0
2025-08-07 01:00:00+00:00,-0.00021165852,0.0,-0.0,-0.0
2025-08-07 02:00:00+00:00,-0.00021165852,0.0,-0.0,-0.0
2025-08-07 03:00:00+00:00,-0.00023304067,0.0,-0.0,-0.0
2025-08-07 04:00:00+00:00,-0.00021165852,0.0,-0.0,-0.0
2025-08-07 05:00:00+00:00,-0.00023304067,0.0,0.0,0.0
2025-08-07 06:00:00+00:00,-0.00023304067,0.0,0.0,0.0
2025-08-07 07:00:00+00:00,-0.00023304067,0.0,0.0,0.0
2025-08-07 08:00:00+00:00,-0.00023304067,0.0,0.0,0.0
2025-08-07 09:00:00+00:00,-0.00023304067,0.0,0.0,0.0
2025-08-07 10:00:00+00:00,0.0009560667,0.0,0.0,0.0
2025-08-07 11:00:00+00:00,0.0007045821,0.0,0.0,0.0
2025-08-07 12:00:00+00:00,0.00015962125,0.0,-0.0,-0.0
2025-08-07 13:00:00+00:00,0.00087362574,0.0,0.0,0.0
2025-08-07 14:00:00+00:00,8.336936e-05,0.0,-0.0,-0.0
2025-08-07 15:00:00+00:00,0.00021409741,0.0,0.0,0.0
2025-08-07 16:00:00+00:00,0.00012795329,0.0,-0.0,-0.0
2025-08-07 17:00:00+00:00,8.103765e-05,0.0,0.0,0.0
2025-08-07 18:00:00+00:00,8.103765e-05,0.0,0.0,0.0
2025-08-07 19:00:00+00:00,0.0010426368,0.0,0.0,0.0
2025-08-07 20:00:00+00:00,0.00012661959,0.0,-0.0,-0.0
2025-08-07 21:00:00+00:00,0.00012661959,0.0,-0.0,-0.0
2025-08-07 22:00:00+00:00,6.0653478e-05,0.0,0.0,0.0
2025-08-07 23:00:00+00:00,8.2035665e-05,0.0,-0.0,-0.0
2025-08-08 00:00:00+00:00,5.927106e-05,0.0,-0.0,-0.0
2025-08-08 01:00:00+00:00,0.00010564029,0.0,-0.0,-0.0
2025-08-08 02:00:00+00:00,0.00010564029,0.0,-0.0,-0.0
2025-08-08 03:00:00+00:00,8.425812e-05,0.0,0.0,0.0
2025-08-08 04:00:00+00:00,3.7888913e-05,0.0,0.0,0.0
2025-08-08 05:00:00+00:00,5.927106e-05,0.0,-0.0,-0.0
2025-08-08 06:00:00+00:00,3.7888913e-05,0.0,0.0,0.0
2025-08-08 07:00:00+00:00,-2.2496808e-05,0.0,0.0,0.0
2025-08-08 08:00:00+00:00,0.0004070799,0.0,-0.0,-0.0
2025-08-08 09:00:00+00:00,0.0003856978,0.0,0.0,0.0
2025-08-08 10:00:00+00:00,0.0004070799,0.0,-0.0,-0.0
2025-08-08 11:00:00+00:00,0.0003856978,0.0,0.0,0.0
2025-08-08 12:00:00+00:00,0.0004070799,0.0,-0.0,-0.0
2025-08-08 13:00:00+00:00,0.0003856978,0.0,0.0,0.0
2025-08-08 14:00:00+00:00,0.0004070799,0.0,-0.0,-0.0
2025-08-08 15:00:00+00:00,0.00045166392,0.0,-0.0,-0.0
2025-08-08 16:00:00+00:00,0.00047665113,0.0,-0.0,-0.0
2025-08-08 17:00:00+00:00,0.00043028183,0.0,0.0,0.0
2025-08-08 18:00:00+00:00,0.00045166392,0.0,-0.0,-0.0
2025-08-08 19:00:00+00:00,0.0005114181,0.0,-0.0,-0.0
2025-08-08 20:00:00+00:00,0.00043028183,0.0,0.0,0.0
2025-08-08 21:00:00+00:00,0.00043028183,0.0,0.0,0.0
2025-08-08 22:00:00+00:00,0.0003856978,0.0,-0.0,-0.0
2025-08-08 23:00:00+00:00,0.0004070799,0.0,-0.0,-0.0
2025-08-09 00:00:00+00:00,0.00011407016,0.0,-0.0,-0.0
2025-08-09 01:00:00+00:00,9.268799e-05,0.0,-0.0,-0.0
2025-08-09 02:00:00+00:00,0.00011407016,0.0,-0.0,-0.0
2025-08-09 03:00:00+00:00,9.268799e-05,0.0,-0.0,-0.0
2025-08-09 04:00:00+00:00,9.268799e-05,0.0,0.0,0.0
2025-08-09 05:00:00+00:00,9.268799e-05,0.0,0.0,0.0
2025-08-09 06:00:00+00:00,0.00011407016,0.0,-0.0,-0.0
2025-08-09 07:00:00+00:00,9.268799e-05,0.0,0.0,0.0
2025-08-09 08:00:00+00:00,-0.000693464,0.0,0.0,0.0
2025-08-09 09:00:00+00:00,-0.000693464,0.0,0.0,0.0
2025-08-09 10:00:00+00:00,-0.00067208183,0.0,-0.0,-0.0
2025-08-09 11:00:00+00:00,-0.00067208183,0.0,-0.0,-0.0
2025-08-09 12:00:00+00:00,-0.000693464,0.0,-0.0,-0.0
2025-08-09 13:00:00+00:00,-0.00067208183,0.0,-0.0,-0.0
2025-08-09 14:00:00+00:00,-0.00051186886,0.0,0.0,0.0
2025-08-09 15:00:00+00:00,-0.0005055055,0.0,-0.0,-0.0
2025-08-09 16:00:00+00:00,0.00028064652,0.0,-0.0,-0.0
2025-08-09 17:00:00+00:00,0.000318867,0.0,0.0,0.0
2025-08-09 18:00:00+00:00,0.000318867,0.0,-0.0,-0.0
2025-08-09 19:00:00+00:00,0.00028064652,0.0,-0.0,-0.0
2025-08-09 20:00:00+00:00,0.000318867,0.0,0.0,0.0
2025-08-09 21:00:00+00:00,0.00032013995,0.0,-0.0,-0.0
2025-08-09 22:00:00+00:00,0.00027428308,0.0,0.0,0.0
2025-08-09 23:00:00+00:00,0.00024139252,0.0,-0.0,-0.0
2025-08-10 00:00:00+00:00,-0.00037647493,0.0,0.0,0.0
2025-08-10 01:00:00+00:00,-0.00041469542,0.0,-0.0,-0.0
2025-08-10 02:00:00+00:00,-0.00047368632,0.0,0.0,0.0
2025-08-10 03:00:00+00:00,0.00037817375,0.0,0.0,0.0
2025-08-10 04:00:00+00:00,0.00017615297,0.0,-0.0,-0.0
2025-08-10 05:00:00+00:00,-0.0005366878,0.0,-0.0,-0.0
2025-08-10 06:00:00+00:00,-0.00060504867,0.0,0.0,0.0
2025-08-10 07:00:00+00:00,-0.00048995076,0.0,-0.0,-0.0
2025-08-10 08:00:00+00:00,-0.000690469,0.0,0.0,0.0
2025-08-10 09:00:00+00:00,-0.000690469,0.0,-0.0,-0.0
2025-08-10 10:00:00+00:00,-0.0006217402,0.0,-0.0,-0.0
2025-08-10 11:00:00+00:00,-0.0006431223,0.0,0.0,0.0
2025-08-10 12:00:00+00:00,-0.000690469,0.0,0.0,0.0
2025-08-10 13:00:00+00:00,-0.000690469,0.0,-0.0,-0.0
2025-08-10 14:00:00+00:00,-0.00076618453,0.0,0.0,0.0
2025-08-10 15:00:00+00:00,-0.000645885,0.0,0.0,0.0
2025-08-10 16:00:00+00:00,-0.00062450283,0.0,-0.0,-0.0
2025-08-10 17:00:00+00:00,-0.0005771563,0.0,-0.0,-0.0
2025-08-10 18:00:00+00:00,-0.0005389359,0.0,0.0,0.0
2025-08-10 19:00:00+00:00,-0.00055740535,0.0,0.0,0.0
2025-08-10 20:00:00+00:00,-0.0005956258,0.0,-0.0,-0.0
2025-08-10 21:00:00+00:00,-0.00055740535,0.0,0.0,0.0
2025-08-10 22:00:00+00:00,-0.00064933574,0.0,0.0,0.0
2025-08-10 23:00:00+00:00,-0.0007250513,0.0,0.0,0.0
2025-08-11 00:00:00+00:00,-0.00044477938,0.0,-0.0,-0.0
2025-08-11 01:00:00+00:00,0.00063449534,0.0,0.0,0.0
2025-08-11 02:00:00+00:00,0.0019977377,0.0,0.0,0.0
2025-08-11 03:00:00+00:00,0.0013239505,0.0,-0.0,-0.0
2025-08-11 04:00:00+00:00,0.0012712335,0.0,0.0,0.0
2025-08-11 05:00:00+00:00,0.0012131416,0.0,-0.0,-0.0
2025-08-11 06:00:00+00:00,0.0013767143,0.0,0.0,0.0
2025-08-11 07:00:00+00:00,-0.0001091673,0.0,-0.0,-0.0
2025-08-11 08:00:00+00:00,0.00025101384,0.0,0.0,0.0
2025-08-11 09:00:00+00:00,7.730036e-05,0.0,-0.0,-0.0
2025-08-11 10:00:00+00:00,-0.000283127,0.0,-0.0,-0.0
2025-08-11 11:00:00+00:00,-0.00025578187,0.0,-0.0,-0.0
2025-08-11 12:00:00+00:00,-0.00015425801,0.0,-0.0,-0.0
2025-08-11 13:00:00+00:00,-0.000277164,0.0,0.0,0.0
2025-08-11 14:00:00+00:00,-0.00032353326,0.0,0.0,0.0
2025-08-11 15:00:00+00:00,-0.00027894927,0.0,0.0,0.0
2025-08-11 16:00:00+00:00,-0.00018185131,0.0,-0.0,-0.0
2025-08-11 17:00:00+00:00,-8.813535e-05,0.0,-0.0,-0.0
2025-08-11 18:00:00+00:00,-0.00020323349,0.0,0.0,0.0
2025-08-11 19:00:00+00:00,1.5535907e-05,0.0,-0.0,-0.0
2025-08-11 20:00:00+00:00,-0.00015156825,0.0,-0.0,-0.0
2025-08-11 21:00:00+00:00,-0.0001829795,0.0,-0.0,-0.0
2025-08-11 22:00:00+00:00,-0.00020047075,0.0,0.0,0.0
2025-08-11 23:00:00+00:00,-0.0001790886,0.0,-0.0,-0.0
2025-08-12 00:00:00+00:00,-0.00048401154,0.0,0.0,0.0
2025-08-12 01:00:00+00:00,-0.0004242575,0.0,0.0,0.0
2025-08-12 02:00:00+00:00,-0.0004242575,0.0,0.0,0.0
2025-08-12 03:00:00+00:00,-0.000450222,0.0,-0.0,-0.0
2025-08-12 04:00:00+00:00,-0.00047160414,0.0,0.0,0.0
2025-08-12 05:00:00+00:00,-0.00040287536,0.0,-0.0,-0.0
2025-08-12 06:00:00+00:00,-0.0004620606,0.0,0.0,0.0
2025-08-12 07:00:00+00:00,-0.0005473198,0.0,0.0,0.0
2025-08-12 08:00:00+00:00,-0.000450222,0.0,-0.0,-0.0
2025-08-12 09:00:00+00:00,-0.0003975454,0.0,-0.0,-0.0
2025-08-12 10:00:00+00:00,-0.0003383949,0.0,0.0,0.0
2025-08-12 11:00:00+00:00,-0.0004242575,0.0,0.0,0.0
2025-08-12 12:00:00+00:00,-0.0005822928,0.0,0.0,0.0
2025-08-12 13:00:00+00:00,-0.00040287536,0.0,-0.0,-0.0
2025-08-12 14:00:00+00:00,-0.0006070738,0.0,0.0,0.0
2025-08-12 15:00:00+00:00,-0.0005624898,0.0,0.0,0.0
2025-08-12 16:00:00+00:00,-0.0005411078,0.0,-0.0,-0.0
2025-08-12 17:00:00+00:00,-0.0005411078,0.0,-0.0,-0.0
2025-08-12 18:00:00+00:00,-0.00051612087,0.0,0.0,0.0
2025-08-12 19:00:00+00:00,-0.0005624898,0.0,0.0,0.0
2025-08-12 20:00:00+00:00,-0.0005624898,0.0,0.0,0.0
2025-08-12 21:00:00+00:00,-0.0005411078,0.0,-0.0,-0.0
2025-08-12 22:00:00+00:00,-0.0006070738,0.0,0.0,0.0
2025-08-12 23:00:00+00:00,-0.0006070738,0.0,0.0,0.0
2025-08-13 00:00:00+00:00,0.0011115965,0.0,-0.0,-0.0
2025-08-13 01:00:00+00:00,0.0011579657,0.0,-0.0,-0.0
2025-08-13 02:00:00+00:00,0.0011365836,0.0,0.0,0.0
2025-08-13 03:00:00+00:00,0.0010902144,0.0,-0.0,-0.0
2025-08-13 04:00:00+00:00,0.0011115965,0.0,-0.0,-0.0
2025-08-13 05:00:00+00:00,0.0011873123,0.0,-0.0,-0.0
2025-08-13 06:00:00+00:00,0.0010902144,0.0,0.0,0.0
2025-08-13 07:00:00+00:00,0.0010902144,0.0,0.0,0.0
2025-08-13 08:00:00+00:00,0.00014147548,0.0,0.0,0.0
2025-08-13 09:00:00+00:00,0.00014147548,0.0,0.0,0.0
2025-08-13 10:00:00+00:00,0.00014147548,0.0,0.0,0.0
2025-08-13 11:00:00+00:00,0.00014147548,0.0,0.0,0.0
2025-08-13 12:00:00+00:00,0.00016285764,0.0,-0.0,-0.0
2025-08-13 13:00:00+00:00,0.0003753066,0.0,0.0,0.0
2025-08-13 14:00:00+00:00,0.00026474928,0.0,-0.0,-0.0
2025-08-13 15:00:00+00:00,0.00018642729,0.0,0.0,0.0
2025-08-13 16:00:00+00:00,0.00015024135,0.0,0.0,0.0
2025-08-13 17:00:00+00:00,0.00015024135,0.0,0.0,0.0
2025-08-13 18:00:00+00:00,0.00017162351,0.0,-0.0,-0.0
2025-08-13 19:00:00+00:00,0.00041259482,0.0,0.0,0.0
2025-08-13 20:00:00+00:00,0.00064382993,0.0,0.0,0.0
2025-08-13 21:00:00+00:00,0.00022780821,0.0,-0.0,-0.0
2025-08-13 22:00:00+00:00,0.00045553356,0.0,0.0,0.0
2025-08-13 23:00:00+00:00,0.000655461,0.0,0.0,0.0
2025-08-14 00:00:00+00:00,0.0008696841,0.0,0.0,0.0
2025-08-14 01:00:00+00:00,-0.00022431316,0.0,-0.0,-0.0
2025-08-14 02:00:00+00:00,2.1859521e-05,0.0,0.0,0.0
2025-08-14 03:00:00+00:00,-0.00022431316,0.0,-0.0,-0.0
2025-08-14 04:00:00+00:00,-0.0006321147,0.0,-0.0,-0.0
2025-08-14 05:00:00+00:00,-0.00064229814,0.0,-0.0,-0.0
2025-08-14 06:00:00+00:00,-0.0006047696,0.0,-0.0,-0.0
2025-08-14 07:00:00+00:00,-0.0006261518,0.0,-0.0,-0.0
2025-08-14 08:00:00+00:00,-0.00065113883,0.0,-0.0,-0.0
2025-08-14 09:00:00+00:00,-0.000672521,0.0,0.0,0.0
2025-08-14 10:00:00+00:00,-0.000623898,0.0,-0.0,-0.0
2025-08-14 11:00:00+00:00,-0.00059793354,0.0,-0.0,-0.0
2025-08-14 12:00:00+00:00,-0.000115329625,0.0,-0.0,-0.0
2025-08-14 13:00:00+00:00,-0.0001880939,0.0,-0.0,-0.0
2025-08-14 14:00:00+00:00,9.345978e-05,0.0,0.0,0.0
2025-08-14 15:00:00+00:00,0.0007979034,0.0,-0.0,-0.0
2025-08-14 16:00:00+00:00,0.0012192506,0.0,-0.0,-0.0
2025-08-14 17:00:00+00:00,-0.00045053195,0.0,0.0,0.0
2025-08-14 18:00:00+00:00,-0.00048339705,0.0,0.0,0.0
2025-08-14 19:00:00+00:00,-0.0008703906,0.0,-0.0,-0.0
2025-08-14 20:00:00+00:00,-0.00077366247,0.0,-0.0,-0.0
2025-08-14 21:00:00+00:00,-0.0008917728,0.0,0.0,0.0
2025-08-14 22:00:00+00:00,-0.00054940284,0.0,0.0,0.0
2025-08-14 23:00:00+00:00,-0.00038343307,0.0,0.0,0.0
2025-08-15 00:00:00+00:00,0.00096041715,0.0,-0.0,-0.0
2025-08-15 01:00:00+00:00,0.0002542476,0.0,0.0,0.0
2025-08-15 02:00:00+00:00,0.0002542476,0.0,0.0,0.0
2025-08-15 03:00:00+00:00,0.0002542476,0.0,0.0,0.0
2025-08-15 04:00:00+00:00,0.00027562975,0.0,-0.0,-0.0
2025-08-15 05:00:00+00:00,0.00024470405,0.0,0.0,0.0
2025-08-15 06:00:00+00:00,0.00024470405,0.0,0.0,0.0
2025-08-15 07:00:00+00:00,0.00026608622,0.0,-0.0,-0.0
2025-08-15 08:00:00+00:00,0.00026608622,0.0,-0.0,-0.0
2025-08-15 09:00:00+00:00,0.00026608622,0.0,-0.0,-0.0
2025-08-15 10:00:00+00:00,0.00024470405,0.0,0.0,0.0
2025-08-15 11:00:00+00:00,0.00024470405,0.0,0.0,0.0
2025-08-15 12:00:00+00:00,0.00020633219,0.0,-0.0,-0.0
2025-08-15 13:00:00+00:00,8.861554e-05,0.0,-0.0,-0.0
2025-08-15 14:00:00+00:00,-0.00061168906,0.0,-0.0,-0.0
2025-08-15 15:00:00+00:00,-0.00073353644,0.0,-0.0,-0.0
2025-08-15 16:00:00+00:00,-0.0004541671,0.0,0.0,0.0
2025-08-15 17:00:00+00:00,-0.00014516435,0.0,0.0,0.0
2025-08-15 18:00:00+00:00,-0.00029782692,0.0,-0.0,-0.0
2025-08-15 19:00:00+00:00,-9.133462e-05,0.0,-0.0,-0.0
2025-08-15 20:00:00+00:00,-0.00025641578,0.0,0.0,0.0
2025-08-15 21:00:00+00:00,-0.00025641578,0.0,0.0,0.0
2025-08-15 22:00:00+00:00,0.00023275314,0.0,0.0,0.0
2025-08-15 23:00:00+00:00,-0.00024756682,0.0,-0.0,-0.0
2025-08-16 00:00:00+00:00,0.0001530737,0.0,0.0,0.0
2025-08-16 01:00:00+00:00,0.0001530737,0.0,0.0,0.0
2025-08-16 02:00:00+00:00,-0.00019889546,0.0,-0.0,-0.0
2025-08-16 03:00:00+00:00,-0.00023030132,0.0,-0.0,-0.0
2025-08-16 04:00:00+00:00,0.00021282764,0.0,0.0,0.0
2025-08-16 05:00:00+00:00,-0.00011904989,0.0,-0.0,-0.0
2025-08-16 06:00:00+00:00,-0.00023030132,0.0,-0.0,-0.0
2025-08-16 07:00:00+00:00,-0.00014043206,0.0,0.0,0.0
2025-08-16 08:00:00+00:00,0.00016274245,0.0,0.0,0.0
2025-08-16 09:00:00+00:00,-0.00023030132,0.0,-0.0,-0.0
2025-08-16 10:00:00+00:00,-0.00025168346,0.0,0.0,0.0
2025-08-16 11:00:00+00:00,-0.00025168346,0.0,-0.0,-0.0
2025-08-16 12:00:00+00:00,0.00018512446,0.0,0.0,0.0
2025-08-16 13:00:00+00:00,0.00012437059,0.0,-0.0,-0.0
2025-08-16 14:00:00+00:00,0.0001530737,0.0,0.0,0.0
2025-08-16 15:00:00+00:00,0.0002190398,0.0,-0.0,-0.0
2025-08-16 16:00:00+00:00,-0.00030599817,0.0,0.0,0.0
2025-08-16 17:00:00+00:00,-0.00030599817,0.0,-0.0,-0.0
2025-08-16 18:00:00+00:00,-0.00030599817,0.0,-0.0,-0.0
2025-08-16 19:00:00+00:00,-0.00030599817,0.0,-0.0,-0.0
2025-08-16 20:00:00+00:00,-0.00030599817,0.0,-0.0,-0.0
2025-08-16 21:00:00+00:00,-0.0007861813,0.0,-0.0,-0.0
2025-08-16 22:00:00+00:00,-0.00085214747,0.0,0.0,0.0
2025-08-16 23:00:00+00:00,-0.00091516593,0.0,-0.0,-0.0
2025-08-17 00:00:00+00:00,-0.0009252099,0.0,-0.0,-0.0
2025-08-17 01:00:00+00:00,-0.0009151863,0.0,0.0,0.0
2025-08-17 02:00:00+00:00,-0.00046370627,0.0,0.0,0.0
2025-08-17 03:00:00+00:00,-0.00041362102,0.0,0.0,0.0
2025-08-17 04:00:00+00:00,-0.00036062623,0.0,0.0,0.0
2025-08-17 05:00:00+00:00,-0.000339244,0.0,-0.0,-0.0
2025-08-17 06:00:00+00:00,-0.000339244,0.0,-0.0,-0.0
2025-08-17 07:00:00+00:00,-0.00036062623,0.0,0.0,0.0
2025-08-17 08:00:00+00:00,0.00014302965,0.0,0.0,0.0
2025-08-17 09:00:00+00:00,0.00014302965,0.0,-0.0,-0.0
2025-08-17 10:00:00+00:00,0.00014302965,0.0,0.0,0.0
2025-08-17 11:00:00+00:00,0.0001644118,0.0,-0.0,-0.0
2025-08-17 12:00:00+00:00,0.00028640425,0.0,-0.0,-0.0
2025-08-17 13:00:00+00:00,0.00032462474,0.0,0.0,0.0
2025-08-17 14:00:00+00:00,0.00028640425,0.0,-0.0,-0.0
2025-08-17 15:00:00+00:00,0.00036920866,0.0,0.0,0.0
2025-08-17 16:00:00+00:00,0.00015116355,0.0,-0.0,-0.0
2025-08-17 17:00:00+00:00,0.0002456873,0.0,0.0,0.0
2025-08-17 18:00:00+00:00,-9.942379e-05,0.0,-0.0,-0.0
2025-08-17 19:00:00+00:00,-0.00010757249,0.0,0.0,0.0
2025-08-17 20:00:00+00:00,0.00019560207,0.0,0.0,0.0
2025-08-17 21:00:00+00:00,0.0002456873,0.0,0.0,0.0
2025-08-17 22:00:00+00:00,0.00020110336,0.0,0.0,0.0
2025-08-17 23:00:00+00:00,-0.00027609486,0.0,-0.0,-0.0
2025-08-18 00:00:00+00:00,0.00036481683,0.0,-0.0,-0.0
2025-08-18 01:00:00+00:00,0.0004434855,0.0,-0.0,-0.0
2025-08-18 02:00:00+00:00,0.00056987203,0.0,-0.0,-0.0
2025-08-18 03:00:00+00:00,0.00021786513,0.0,-0.0,-0.0
2025-08-18 04:00:00+00:00,0.00028999525,0.0,0.0,0.0
2025-08-18 05:00:00+00:00,0.00025173195,0.0,0.0,0.0
2025-08-18 06:00:00+00:00,0.00027416836,0.0,-0.0,-0.0
2025-08-18 07:00:00+00:00,0.00031238885,0.0,-0.0,-0.0
2025-08-18 08:00:00+00:00,0.00028371823,0.0,0.0,0.0
2025-08-18 09:00:00+00:00,0.00023734898,0.0,-0.0,-0.0
2025-08-18 10:00:00+00:00,0.0002755695,0.0,0.0,0.0
2025-08-18 11:00:00+00:00,0.00013789316,0.0,-0.0,-0.0
2025-08-18 12:00:00+00:00,0.00053236063,0.0,0.0,0.0
2025-08-18 13:00:00+00:00,0.00089521596,0.0,-0.0,-0.0
2025-08-18 14:00:00+00:00,0.00056721474,0.0,0.0,0.0
2025-08-18 15:00:00+00:00,0.00039534955,0.0,0.0,0.0
2025-08-18 16:00:00+00:00,0.00046309468,0.0,-0.0,-0.0
2025-08-18 17:00:00+00:00,0.00032578027,0.0,0.0,0.0
2025-08-18 18:00:00+00:00,0.00032578027,0.0,0.0,0.0
2025-08-18 19:00:00+00:00,0.00034716245,0.0,-0.0,-0.0
2025-08-18 20:00:00+00:00,0.00038538294,0.0,0.0,0.0
2025-08-18 21:00:00+00:00,0.00038538294,0.0,0.0,0.0
2025-08-18 22:00:00+00:00,0.00030257847,0.0,-0.0,-0.0
2025-08-18 23:00:00+00:00,0.00030257847,0.0,-0.0,-0.0
2025-08-19 00:00:00+00:00,5.105506e-05,0.0,0.0,0.0
2025-08-19 01:00:00+00:00,5.9203783e-05,0.0,-0.0,-0.0
2025-08-19 02:00:00+00:00,-8.54762e-06,0.0,-0.0,-0.0
2025-08-19 03:00:00+00:00,0.0007330926,0.0,-0.0,-0.0
2025-08-19 04:00:00+00:00,0.000107384556,0.0,0.0,0.0
2025-08-19 05:00:00+00:00,0.00017513591,0.0,-0.0,-0.0
2025-08-19 06:00:00+00:00,0.000107384556,0.0,0.0,0.0
2025-08-19 07:00:00+00:00,0.000107384556,0.0,-0.0,-0.0
2025-08-19 08:00:00+00:00,-0.00015374883,0.0,0.0,0.0
2025-08-19 09:00:00+00:00,-0.00026968107,0.0,0.0,0.0
2025-08-19 10:00:00+00:00,-0.00026968107,0.0,0.0,0.0
2025-08-19 11:00:00+00:00,-0.00026968107,0.0,0.0,0.0
2025-08-19 12:00:00+00:00,-0.00015374883,0.0,0.0,0.0
2025-08-19 13:00:00+00:00,-0.0001323667,0.0,-0.0,-0.0
2025-08-19 14:00:00+00:00,0.00074332376,0.0,-0.0,-0.0
2025-08-19 15:00:00+00:00,0.00054878707,0.0,-0.0,-0.0
2025-08-19 16:00:00+00:00,0.00031489303,0.0,-0.0,-0.0
2025-08-19 17:00:00+00:00,-0.00025991988,0.0,0.0,0.0
2025-08-19 18:00:00+00:00,0.00018990622,0.0,-0.0,-0.0
2025-08-19 19:00:00+00:00,-0.0002603793,0.0,0.0,0.0
2025-08-19 20:00:00+00:00,0.00014814716,0.0,0.0,0.0
2025-08-19 21:00:00+00:00,0.00017907284,0.0,-0.0,-0.0
2025-08-19 22:00:00+00:00,0.00013981886,0.0,-0.0,-0.0
2025-08-19 23:00:00+00:00,0.00048999,0.0,-0.0,-0.0
2025-08-20 00:00:00+00:00,0.0010003536,0.0,0.0,0.0
2025-08-20 01:00:00+00:00,0.0009726986,0.0,-0.0,-0.0
2025-08-20 02:00:00+00:00,0.0009513164,0.0,0.0,0.0
2025-08-20 03:00:00+00:00,0.0009513164,0.0,0.0,0.0
2025-08-20 04:00:00+00:00,0.00085186074,0.0,0.0,0.0
2025-08-20 05:00:00+00:00,0.00085186074,0.0,0.0,0.0
2025-08-20 06:00:00+00:00,0.00085186074,0.0,-0.0,-0.0
2025-08-20 07:00:00+00:00,0.0009726986,0.0,-0.0,-0.0
2025-08-20 08:00:00+00:00,0.00082252925,0.0,0.0,0.0
2025-08-20 09:00:00+00:00,0.0010286894,0.0,-0.0,-0.0
2025-08-20 10:00:00+00:00,0.0010073072,0.0,0.0,0.0
2025-08-20 11:00:00+00:00,0.0010286894,0.0,-0.0,-0.0
2025-08-20 12:00:00+00:00,0.0010073072,0.0,-0.0,-0.0
2025-08-20 13:00:00+00:00,0.0015111561,0.0,-0.0,-0.0
2025-08-20 14:00:00+00:00,0.0010975143,0.0,0.0,0.0
2025-08-20 15:00:00+00:00,0.0010135194,0.0,-0.0,-0.0
2025-08-20 16:00:00+00:00,0.0008077271,0.0,0.0,0.0
2025-08-20 17:00:00+00:00,0.0008077271,0.0,0.0,0.0
2025-08-20 18:00:00+00:00,0.0010138872,0.0,-0.0,-0.0
2025-08-20 19:00:00+00:00,0.0008321403,0.0,0.0,0.0
2025-08-20 20:00:00+00:00,0.00080735923,0.0,0.0,0.0
2025-08-20 21:00:00+00:00,0.00080735923,0.0,-0.0,-0.0
2025-08-20 22:00:00+00:00,0.00076277525,0.0,0.0,0.0
2025-08-20 23:00:00+00:00,0.0007841574,0.0,-0.0,-0.0
2025-08-21 00:00:00+00:00,0.00018793416,0.0,0.0,0.0
2025-08-21 01:00:00+00:00,0.00018793416,0.0,0.0,0.0
2025-08-21 02:00:00+00:00,0.00020931633,0.0,-0.0,-0.0
2025-08-21 03:00:00+00:00,0.00020931633,0.0,-0.0,-0.0
2025-08-21 04:00:00+00:00,0.00025568545,0.0,-0.0,-0.0
2025-08-21 05:00:00+00:00,0.00018793416,0.0,0.0,0.0
2025-08-21 06:00:00+00:00,0.00020931633,0.0,-0.0,-0.0
2025-08-21 07:00:00+00:00,0.00018793416,0.0,0.0,0.0
2025-08-21 08:00:00+00:00,-4.013931e-06,0.0,-0.0,-0.0
2025-08-21 09:00:00+00:00,-4.013931e-06,0.0,-0.0,-0.0
2025-08-21 10:00:00+00:00,2.0973144e-05,0.0,-0.0,-0.0
2025-08-21 11:00:00+00:00,0.00018076389,0.0,-0.0,-0.0
2025-08-21 12:00:00+00:00,5.992604e-05,0.0,-0.0,-0.0
2025-08-21 13:00:00+00:00,-0.0001248518,0.0,0.0,0.0
2025-08-21 14:00:00+00:00,-0.00010346963,0.0,-0.0,-0.0
2025-08-21 15:00:00+00:00,0.00013122211,0.0,-0.0,-0.0
2025-08-21 16:00:00+00:00,0.00052080175,0.0,-0.0,-0.0
2025-08-21 17:00:00+00:00,-1.031238e-05,0.0,0.0,0.0
2025-08-21 18:00:00+00:00,-5.8303616e-05,0.0,0.0,0.0
2025-08-21 19:00:00+00:00,-3.5299458e-05,0.0,-0.0,-0.0
2025-08-21 20:00:00+00:00,-3.0600353e-05,0.0,0.0,0.0
2025-08-21 21:00:00+00:00,-3.0600353e-05,0.0,0.0,0.0
2025-08-21 22:00:00+00:00,-5.3802145e-05,0.0,-0.0,-0.0
2025-08-21 23:00:00+00:00,-7.5184296e-05,0.0,0.0,0.0
2025-08-22 00:00:00+00:00,-3.812349e-06,0.0,0.0,0.0
2025-08-22 01:00:00+00:00,-7.834133e-05,0.0,0.0,0.0
2025-08-22 02:00:00+00:00,-0.00010604455,0.0,0.0,0.0
2025-08-22 03:00:00+00:00,-1.788917e-05,0.0,-0.0,-0.0
2025-08-22 04:00:00+00:00,-1.788917e-05,0.0,-0.0,-0.0
2025-08-22 05:00:00+00:00,-0.00019848102,0.0,0.0,0.0
2025-08-22 06:00:00+00:00,-7.764316e-05,0.0,-0.0,-0.0
2025-08-22 07:00:00+00:00,-0.00019848102,0.0,0.0,0.0
2025-08-22 08:00:00+00:00,-0.0010925378,0.0,-0.0,-0.0
2025-08-22 09:00:00+00:00,-0.0011139199,0.0,0.0,0.0
2025-08-22 10:00:00+00:00,-0.0008721836,0.0,-0.0,-0.0
2025-08-22 11:00:00+00:00,-0.00086275756,0.0,-0.0,-0.0
2025-08-22 12:00:00+00:00,-0.00089471444,0.0,0.0,0.0
2025-08-22 13:00:00+00:00,-0.0010541657,0.0,0.0,0.0
2025-08-22 14:00:00+00:00,-0.0005399334,0.0,0.0,0.0
2025-08-22 15:00:00+00:00,-0.0001835843,0.0,0.0,0.0
2025-08-22 16:00:00+00:00,0.0009862179,0.0,-0.0,-0.0
2025-08-22 17:00:00+00:00,0.0014845865,0.0,0.0,0.0
2025-08-22 18:00:00+00:00,0.0012571769,0.0,-0.0,-0.0
2025-08-22 19:00:00+00:00,0.00083024683,0.0,-0.0,-0.0
2025-08-22 20:00:00+00:00,0.0018109865,0.0,0.0,0.0
2025-08-22 21:00:00+00:00,0.0018109865,0.0,-0.0,-0.0
2025-08-22 22:00:00+00:00,0.00059388066,0.0,-0.0,-0.0
2025-08-22 23:00:00+00:00,0.0013017649,0.0,0.0,0.0
2025-08-23 00:00:00+00:00,-0.00023754123,0.0,-0.0,-0.0
2025-08-23 01:00:00+00:00,-0.00058287085,0.0,-0.0,-0.0
2025-08-23 02:00:00+00:00,-0.00046278728,0.0,-0.0,-0.0
2025-08-23 03:00:00+00:00,-0.0010711948,0.0,-0.0,-0.0
2025-08-23 04:00:00+00:00,-0.0005216979,0.0,0.0,0.0
2025-08-23 05:00:00+00:00,-0.00053053856,0.0,0.0,0.0
2025-08-23 06:00:00+00:00,-0.0005091565,0.0,-0.0,-0.0
2025-08-23 07:00:00+00:00,-0.00053053856,0.0,0.0,0.0
2025-08-23 08:00:00+00:00,-0.00053053856,0.0,-0.0,-0.0
2025-08-23 09:00:00+00:00,-0.00053053856,0.0,0.0,0.0
2025-08-23 10:00:00+00:00,-0.0011550925,0.0,-0.0,-0.0
2025-08-23 11:00:00+00:00,-0.0011864983,0.0,-0.0,-0.0
2025-08-23 12:00:00+00:00,-0.0009957585,0.0,-0.0,-0.0
2025-08-23 13:00:00+00:00,-0.0016697724,0.0,-0.0,-0.0
2025-08-23 14:00:00+00:00,-0.0005293599,0.0,-0.0,-0.0
2025-08-23 15:00:00+00:00,-0.0010308482,0.0,0.0,0.0
2025-08-23 16:00:00+00:00,-0.0010361779,0.0,0.0,0.0
2025-08-23 17:00:00+00:00,-0.0010361779,0.0,0.0,0.0
2025-08-23 18:00:00+00:00,-0.0011430201,0.0,0.0,0.0
2025-08-23 19:00:00+00:00,-0.0010361779,0.0,-0.0,-0.0
2025-08-23 20:00:00+00:00,-0.0010361779,0.0,0.0,0.0
2025-08-23 21:00:00+00:00,-0.0010147954,0.0,-0.0,-0.0
2025-08-23 22:00:00+00:00,-0.0010807618,0.0,0.0,0.0
2025-08-23 23:00:00+00:00,-0.0010807618,0.0,0.0,0.0
2025-08-24 00:00:00+00:00,-0.0010304202,0.0,-0.0,-0.0
2025-08-24 01:00:00+00:00,-0.0009990145,0.0,0.0,0.0
2025-08-24 02:00:00+00:00,-0.0010367412,0.0,-0.0,-0.0
2025-08-24 03:00:00+00:00,-0.0010901744,0.0,0.0,0.0
2025-08-24 04:00:00+00:00,-0.0010901744,0.0,0.0,0.0
2025-08-24 05:00:00+00:00,-0.0010367412,0.0,-0.0,-0.0
2025-08-24 06:00:00+00:00,-0.0010367412,0.0,-0.0,-0.0
2025-08-24 07:00:00+00:00,-0.0010581234,0.0,0.0,0.0
2025-08-24 08:00:00+00:00,-0.0009421913,0.0,-0.0,-0.0
2025-08-24 09:00:00+00:00,-0.0009421913,0.0,0.0,0.0
2025-08-24 10:00:00+00:00,-0.0009528599,0.0,-0.0,-0.0
2025-08-24 11:00:00+00:00,-0.0009742421,0.0,-0.0,-0.0
2025-08-24 12:00:00+00:00,-0.0009742421,0.0,-0.0,-0.0
2025-08-24 13:00:00+00:00,-0.0004692092,0.0,-0.0,-0.0
2025-08-24 14:00:00+00:00,-0.0010690861,0.0,-0.0,-0.0
2025-08-24 15:00:00+00:00,-0.00060307886,0.0,-0.0,-0.0
2025-08-24 16:00:00+00:00,-0.00053146726,0.0,-0.0,-0.0
2025-08-24 17:00:00+00:00,-0.001130284,0.0,0.0,0.0
2025-08-24 18:00:00+00:00,-0.0012462164,0.0,0.0,0.0
2025-08-24 19:00:00+00:00,-0.0012297083,0.0,-0.0,-0.0
2025-08-24 20:00:00+00:00,-0.001434922,0.0,0.0,0.0
2025-08-24 21:00:00+00:00,-0.0012496146,0.0,0.0,0.0
2025-08-24 22:00:00+00:00,-0.0009141202,0.0,0.0,0.0
2025-08-24 23:00:00+00:00,-0.0009141202,0.0,0.0,0.0
2025-08-25 00:00:00+00:00,-0.00080021506,0.0,-0.0,-0.0
2025-08-25 01:00:00+00:00,-0.00083499,0.0,0.0,0.0
2025-08-25 02:00:00+00:00,-0.00083499,0.0,0.0,0.0
2025-08-25 03:00:00+00:00,-0.0008136078,0.0,-0.0,-0.0
2025-08-25 04:00:00+00:00,-0.0008136078,0.0,-0.0,-0.0
2025-08-25 05:00:00+00:00,-0.00057677756,0.0,-0.0,-0.0
2025-08-25 06:00:00+00:00,-0.0008644966,0.0,-0.0,-0.0
2025-08-25 07:00:00+00:00,-0.0010763162,0.0,-0.0,-0.0
2025-08-25 08:00:00+00:00,-0.00088948064,0.0,-0.0,-0.0
2025-08-25 09:00:00+00:00,-0.00045769344,0.0,0.0,0.0
2025-08-25 10:00:00+00:00,-0.0008499871,0.0,-0.0,-0.0
2025-08-25 11:00:00+00:00,-0.0004481499,0.0,0.0,0.0
2025-08-25 12:00:00+00:00,-0.0004481499,0.0,0.0,0.0
2025-08-25 13:00:00+00:00,-0.00042676774,0.0,-0.0,-0.0
2025-08-25 14:00:00+00:00,7.249322e-05,0.0,0.0,0.0
2025-08-25 15:00:00+00:00,-1.8387014e-05,0.0,-0.0,-0.0
2025-08-25 16:00:00+00:00,-3.9769187e-05,0.0,0.0,0.0
2025-08-25 17:00:00+00:00,-3.9769187e-05,0.0,-0.0,-0.0
2025-08-25 18:00:00+00:00,-3.9769187e-05,0.0,-0.0,-0.0
2025-08-25 19:00:00+00:00,0.00029861525,0.0,-0.0,-0.0
2025-08-25 20:00:00+00:00,-0.00031226352,0.0,-0.0,-0.0
2025-08-25 21:00:00+00:00,-0.0006052711,0.0,0.0,0.0
2025-08-25 22:00:00+00:00,0.000108811284,0.0,0.0,0.0
2025-08-25 23:00:00+00:00,-0.0001589262,0.0,-0.0,-0.0
2025-08-26 00:00:00+00:00,2.197627e-05,0.0,-0.0,-0.0
2025-08-26 01:00:00+00:00,0.0006145269,0.0,0.0,0.0
2025-08-26 02:00:00+00:00,0.00059523404,0.0,-0.0,-0.0
2025-08-26 03:00:00+00:00,0.0005559546,0.0,0.0,0.0
2025-08-26 04:00:00+00:00,0.0005464111,0.0,0.0,0.0
2025-08-26 05:00:00+00:00,0.0005464111,0.0,0.0,0.0
2025-08-26 06:00:00+00:00,0.0005674253,0.0,-0.0,-0.0
2025-08-26 07:00:00+00:00,0.0005460432,0.0,0.0,0.0
2025-08-26 08:00:00+00:00,0.00042036411,0.0,-0.0,-0.0
2025-08-26 09:00:00+00:00,0.00039898194,0.0,0.0,0.0
2025-08-26 10:00:00+00:00,0.000339228,0.0,0.0,0.0
2025-08-26 11:00:00+00:00,0.00042036411,0.0,-0.0,-0.0
2025-08-26 12:00:00+00:00,0.00045197687,0.0,0.0,0.0
2025-08-26 13:00:00+00:00,0.00047335905,0.0,-0.0,-0.0
2025-08-26 14:00:00+00:00,4.1074886e-06,0.0,0.0,0.0
2025-08-26 15:00:00+00:00,0.000220114,0.0,-0.0,-0.0
2025-08-26 16:00:00+00:00,0.000643622,0.0,0.0,0.0
2025-08-26 17:00:00+00:00,0.0006650041,0.0,-0.0,-0.0
2025-08-26 18:00:00+00:00,0.0005524708,0.0,0.0,0.0
2025-08-26 19:00:00+00:00,-0.00016471138,0.0,0.0,0.0
2025-08-26 20:00:00+00:00,-0.00021640203,0.0,0.0,0.0
2025-08-26 21:00:00+00:00,-0.00016471138,0.0,0.0,0.0
2025-08-26 22:00:00+00:00,-0.00027101475,0.0,0.0,0.0
2025-08-26 23:00:00+00:00,-0.00021344668,0.0,-0.0,-0.0
2025-08-27 00:00:00+00:00,0.0003179145,0.0,-0.0,-0.0
2025-08-27 01:00:00+00:00,0.00034290153,0.0,-0.0,-0.0
2025-08-27 02:00:00+00:00,0.0003642837,0.0,-0.0,-0.0
2025-08-27 03:00:00+00:00,0.00029653232,0.0,0.0,0.0
2025-08-27 04:00:00+00:00,0.00029653232,0.0,0.0,0.0
2025-08-27 05:00:00+00:00,0.0003179145,0.0,-0.0,-0.0
2025-08-27 06:00:00+00:00,0.0003179145,0.0,-0.0,-0.0
2025-08-27 07:00:00+00:00,0.0003642837,0.0,-0.0,-0.0
2025-08-27 08:00:00+00:00,0.0005430608,0.0,0.0,0.0
2025-08-27 09:00:00+00:00,0.00038075945,0.0,0.0,0.0
2025-08-27 10:00:00+00:00,0.00038075945,0.0,0.0,0.0
2025-08-27 11:00:00+00:00,0.00038075945,0.0,0.0,0.0
2025-08-27 12:00:00+00:00,0.00038075945,0.0,0.0,0.0
2025-08-27 13:00:00+00:00,0.00035522596,0.0,0.0,0.0
2025-08-27 14:00:00+00:00,0.00038075945,0.0,0.0,0.0
2025-08-27 15:00:00+00:00,0.00042534343,0.0,0.0,0.0
2025-08-27 16:00:00+00:00,0.0005919715,0.0,0.0,0.0
2025-08-27 17:00:00+00:00,0.0005919715,0.0,0.0,0.0
2025-08-27 18:00:00+00:00,0.0006133536,0.0,-0.0,-0.0
2025-08-27 19:00:00+00:00,0.0005919715,0.0,0.0,0.0
2025-08-27 20:00:00+00:00,0.0005919715,0.0,0.0,0.0
2025-08-27 21:00:00+00:00,0.0006133536,0.0,-0.0,-0.0
2025-08-27 22:00:00+00:00,0.00061513885,0.0,-0.0,-0.0
2025-08-27 23:00:00+00:00,0.00061513885,0.0,-0.0,-0.0
2025-08-28 00:00:00+00:00,-0.00041210858,0.0,0.0,0.0
2025-08-28 01:00:00+00:00,-0.00041210858,0.0,0.0,0.0
2025-08-28 02:00:00+00:00,-0.00039072646,0.0,-0.0,-0.0
2025-08-28 03:00:00+00:00,-0.00041210858,0.0,0.0,0.0
2025-08-28 04:00:00+00:00,-0.00050073763,0.0,0.0,0.0
2025-08-28 05:00:00+00:00,-0.00056769943,0.0,-0.0,-0.0
2025-08-28 06:00:00+00:00,-0.00047382803,0.0,0.0,0.0
2025-08-28 07:00:00+00:00,-0.0005592879,0.0,-0.0,-0.0
2025-08-28 08:00:00+00:00,-0.00045714862,0.0,-0.0,-0.0
2025-08-28 09:00:00+00:00,-0.0002927385,0.0,-0.0,-0.0
2025-08-28 10:00:00+00:00,-0.00051474647,0.0,0.0,0.0
2025-08-28 11:00:00+00:00,-0.00039958052,0.0,-0.0,-0.0
2025-08-28 12:00:00+00:00,-0.0004209627,0.0,0.0,0.0
2025-08-28 13:00:00+00:00,-0.0002927385,0.0,-0.0,-0.0
2025-08-28 14:00:00+00:00,-0.0003141206,0.0,0.0,0.0
2025-08-28 15:00:00+00:00,-0.00020178538,0.0,-0.0,-0.0
2025-08-28 16:00:00+00:00,-0.00020178538,0.0,-0.0,-0.0
2025-08-28 17:00:00+00:00,-0.00022316753,0.0,0.0,0.0
2025-08-28 18:00:00+00:00,-0.00026953666,0.0,-0.0,-0.0
2025-08-28 19:00:00+00:00,-0.00024815454,0.0,-0.0,-0.0
2025-08-28 20:00:00+00:00,-0.0005305483,0.0,-0.0,-0.0
2025-08-28 21:00:00+00:00,-0.0005305483,0.0,0.0,0.0
2025-08-28 22:00:00+00:00,-0.00057513214,0.0,0.0,0.0
2025-08-28 23:00:00+00:00,-0.00057513214,0.0,0.0,0.0
2025-08-29 00:00:00+00:00,-0.0005191904,0.0,-0.0,-0.0
2025-08-29 01:00:00+00:00,8.994644e-05,0.0,-0.0,-0.0
2025-08-29 02:00:00+00:00,0.00014017588,0.0,-0.0,-0.0
2025-08-29 03:00:00+00:00,-0.00040041952,0.0,0.0,0.0
2025-08-29 04:00:00+00:00,-0.00022794712,0.0,-0.0,-0.0
2025-08-29 05:00:00+00:00,-0.00022794712,0.0,-0.0,-0.0
2025-08-29 06:00:00+00:00,-0.00025465921,0.0,-0.0,-0.0
2025-08-29 07:00:00+00:00,0.00023809644,0.0,-0.0,-0.0
2025-08-29 08:00:00+00:00,0.00012969361,0.0,-0.0,-0.0
2025-08-29 09:00:00+00:00,-0.00040875337,0.0,0.0,0.0
2025-08-29 10:00:00+00:00,-0.00027680324,0.0,0.0,0.0
2025-08-29 11:00:00+00:00,-0.00029744286,0.0,0.0,0.0
2025-08-29 12:00:00+00:00,-0.00033829806,0.0,0.0,0.0
2025-08-29 13:00:00+00:00,0.00038097717,0.0,-0.0,-0.0
2025-08-29 14:00:00+00:00,0.00023128431,0.0,-0.0,-0.0
2025-08-29 15:00:00+00:00,0.00024115857,0.0,0.0,0.0
2025-08-29 16:00:00+00:00,0.00041127214,0.0,0.0,0.0
2025-08-29 17:00:00+00:00,0.00043798427,0.0,-0.0,-0.0
2025-08-29 18:00:00+00:00,0.0006511298,0.0,-0.0,-0.0
2025-08-29 19:00:00+00:00,0.00071135786,0.0,0.0,0.0
2025-08-29 20:00:00+00:00,0.0007386017,0.0,-0.0,-0.0
2025-08-29 21:00:00+00:00,0.00053935667,0.0,0.0,0.0
2025-08-29 22:00:00+00:00,0.00046999156,0.0,-0.0,-0.0
2025-08-29 23:00:00+00:00,0.00046999156,0.0,-0.0,-0.0
2025-08-30 00:00:00+00:00,0.0001424958,0.0,-0.0,-0.0
2025-08-30 01:00:00+00:00,0.00068701274,0.0,-0.0,-0.0
2025-08-30 02:00:00+00:00,0.00057897286,0.0,0.0,0.0
2025-08-30 03:00:00+00:00,0.00056898285,0.0,0.0,0.0
2025-08-30 04:00:00+00:00,0.00056898285,0.0,0.0,0.0
2025-08-30 05:00:00+00:00,0.0005808215,0.0,-0.0,-0.0
2025-08-30 06:00:00+00:00,0.0005594393,0.0,-0.0,-0.0
2025-08-30 07:00:00+00:00,0.00011157007,0.0,0.0,0.0
2025-08-30 08:00:00+00:00,-8.3294304e-05,0.0,0.0,0.0
2025-08-30 09:00:00+00:00,-8.3294304e-05,0.0,-0.0,-0.0
2025-08-30 10:00:00+00:00,-6.1912164e-05,0.0,-0.0,-0.0
2025-08-30 11:00:00+00:00,-8.3294304e-05,0.0,0.0,0.0
2025-08-30 12:00:00+00:00,-6.1912164e-05,0.0,-0.0,-0.0
2025-08-30 13:00:00+00:00,-0.00012166622,0.0,-0.0,-0.0
2025-08-30 14:00:00+00:00,-0.00014304837,0.0,0.0,0.0
2025-08-30 15:00:00+00:00,-9.84644e-05,0.0,0.0,0.0
2025-08-30 16:00:00+00:00,0.0004328534,0.0,-0.0,-0.0
2025-08-30 17:00:00+00:00,0.0004328534,0.0,-0.0,-0.0
2025-08-30 18:00:00+00:00,0.0004328534,0.0,-0.0,-0.0
2025-08-30 19:00:00+00:00,0.0003583245,0.0,0.0,0.0
2025-08-30 20:00:00+00:00,0.0004542356,0.0,-0.0,-0.0
2025-08-30 21:00:00+00:00,0.0004542356,0.0,-0.0,-0.0
2025-08-30 22:00:00+00:00,0.00038826946,0.0,-0.0,-0.0
2025-08-30 23:00:00+00:00,0.00031374054,0.0,0.0,0.0
2025-08-31 00:00:00+00:00,-0.00014369575,0.0,0.0,0.0
2025-08-31 01:00:00+00:00,-0.00014369575,0.0,0.0,0.0
2025-08-31 02:00:00+00:00,-0.00012231358,0.0,-0.0,-0.0
2025-08-31 03:00:00+00:00,-0.00014369575,0.0,0.0,0.0
2025-08-31 04:00:00+00:00,-7.5944416e-05,0.0,-0.0,-0.0
2025-08-31 05:00:00+00:00,-0.00012231358,0.0,-0.0,-0.0
2025-08-31 06:00:00+00:00,-9.732659e-05,0.0,-0.0,-0.0
2025-08-31 07:00:00+00:00,-0.00014369575,0.0,-0.0,-0.0
2025-08-31 08:00:00+00:00,0.00024095904,0.0,0.0,0.0
2025-08-31 09:00:00+00:00,0.0002623412,0.0,-0.0,-0.0
2025-08-31 10:00:00+00:00,0.00024095904,0.0,0.0,0.0
2025-08-31 11:00:00+00:00,0.0003087104,0.0,-0.0,-0.0
2025-08-31 12:00:00+00:00,0.0002676711,0.0,-0.0,-0.0
2025-08-31 13:00:00+00:00,0.00024095904,0.0,0.0,0.0
2025-08-31 14:00:00+00:00,0.00024095904,0.0,0.0,0.0
2025-08-31 15:00:00+00:00,0.00018608736,0.0,0.0,0.0
2025-08-31 16:00:00+00:00,-2.7242928e-05,0.0,0.0,0.0
2025-08-31 17:00:00+00:00,-2.7242928e-05,0.0,0.0,0.0
2025-08-31 18:00:00+00:00,-2.7242928e-05,0.0,0.0,0.0
2025-08-31 19:00:00+00:00,-5.8607693e-06,0.0,-0.0,-0.0
2025-08-31 20:00:00+00:00,-2.7242928e-05,0.0,0.0,0.0
2025-08-31 21:00:00+00:00,-5.8607693e-06,0.0,-0.0,-0.0
2025-08-31 22:00:00+00:00,-5.0444716e-05,0.0,-0.0,-0.0
2025-08-31 23:00:00+00:00,-4.075471e-06,0.0,-0.0,-0.0
2025-09-01 00:00:00+00:00,7.2375384e-05,0.0,-0.0,-0.0
2025-09-01 01:00:00+00:00,0.00016855083,0.0,-0.0,-0.0
2025-09-01 02:00:00+00:00,-0.00025265155,0.0,-0.0,-0.0
2025-09-01 03:00:00+00:00,0.00015104181,0.0,0.0,0.0
2025-09-01 04:00:00+00:00,-0.000108337226,0.0,-0.0,-0.0
2025-09-01 05:00:00+00:00,0.00014985466,0.0,0.0,0.0
2025-09-01 06:00:00+00:00,5.586813e-05,0.0,0.0,0.0
2025-09-01 07:00:00+00:00,-0.00018074951,0.0,0.0,0.0
2025-09-01 08:00:00+00:00,-0.00093488384,0.0,0.0,0.0
2025-09-01 09:00:00+00:00,-0.0009167309,0.0,-0.0,-0.0
2025-09-01 10:00:00+00:00,-0.0007283962,0.0,-0.0,-0.0
2025-09-01 11:00:00+00:00,-0.00080655987,0.0,0.0,0.0
2025-09-01 12:00:00+00:00,-0.00087345386,0.0,0.0,0.0
2025-09-01 13:00:00+00:00,-0.0009441209,0.0,-0.0,-0.0
2025-09-01 14:00:00+00:00,-0.0007262802,0.0,0.0,0.0
2025-09-01 15:00:00+00:00,-0.0007081273,0.0,-0.0,-0.0
2025-09-01 16:00:00+00:00,8.2367544e-05,0.0,-0.0,-0.0
2025-09-01 17:00:00+00:00,8.2367544e-05,0.0,0.0,0.0
2025-09-01 18:00:00+00:00,-5.4535085e-06,0.0,0.0,0.0
2025-09-01 19:00:00+00:00,-0.00024144727,0.0,-0.0,-0.0
2025-09-01 20:00:00+00:00,-0.0002232943,0.0,-0.0,-0.0
2025-09-01 21:00:00+00:00,3.4925513e-05,0.0,-0.0,-0.0
2025-09-01 22:00:00+00:00,-8.673239e-05,0.0,0.0,0.0
2025-09-01 23:00:00+00:00,-0.000110086046,0.0,0.0,0.0
2025-09-02 00:00:00+00:00,-0.00020602938,0.0,-0.0,-0.0
2025-09-02 01:00:00+00:00,-0.00054398994,0.0,0.0,0.0
2025-09-02 02:00:00+00:00,-0.00038342146,0.0,0.0,0.0
2025-09-02 03:00:00+00:00,-0.0005526328,0.0,0.0,0.0
2025-09-02 04:00:00+00:00,-0.00052402413,0.0,-0.0,-0.0
2025-09-02 05:00:00+00:00,-0.0004461367,0.0,-0.0,-0.0
2025-09-02 06:00:00+00:00,-0.0004642897,0.0,0.0,0.0
2025-09-02 07:00:00+00:00,-0.000525837,0.0,-0.0,-0.0
2025-09-02 08:00:00+00:00,-0.00054398994,0.0,0.0,0.0
2025-09-02 09:00:00+00:00,-0.00054398994,0.0,0.0,0.0
2025-09-02 10:00:00+00:00,-0.0006411563,0.0,-0.0,-0.0
2025-09-02 11:00:00+00:00,-0.00019975129,0.0,-0.0,-0.0
2025-09-02 12:00:00+00:00,0.00013434794,0.0,-0.0,-0.0
2025-09-02 13:00:00+00:00,-0.0005831674,0.0,0.0,0.0
2025-09-02 14:00:00+00:00,0.000115768096,0.0,0.0,0.0
2025-09-02 15:00:00+00:00,-0.0009078445,0.0,-0.0,-0.0
2025-09-02 16:00:00+00:00,-0.0008376542,0.0,-0.0,-0.0
2025-09-02 17:00:00+00:00,-0.0008376542,0.0,0.0,0.0
2025-09-02 18:00:00+00:00,-0.0005975288,0.0,-0.0,-0.0
2025-09-02 19:00:00+00:00,-9.475361e-05,0.0,0.0,0.0
2025-09-02 20:00:00+00:00,0.0006252181,0.0,0.0,0.0
2025-09-02 21:00:00+00:00,-0.00012384016,0.0,-0.0,-0.0
2025-09-02 22:00:00+00:00,0.00053877634,0.0,0.0,0.0
2025-09-02 23:00:00+00:00,0.00030585576,0.0,-0.0,-0.0
2025-09-03 00:00:00+00:00,0.0011297691,0.0,0.0,0.0
2025-09-03 01:00:00+00:00,0.0005035705,0.0,-0.0,-0.0
2025-09-03 02:00:00+00:00,0.0011297691,0.0,0.0,0.0
2025-09-03 03:00:00+00:00,0.00042795023,0.0,-0.0,-0.0
2025-09-03 04:00:00+00:00,0.00040979724,0.0,-0.0,-0.0
2025-09-03 05:00:00+00:00,0.0004789859,0.0,-0.0,-0.0
2025-09-03 06:00:00+00:00,0.00040979724,0.0,0.0,0.0
2025-09-03 07:00:00+00:00,0.00042229204,0.0,0.0,0.0
2025-09-03 08:00:00+00:00,0.00071530417,0.0,-0.0,-0.0
2025-09-03 09:00:00+00:00,0.0014171232,0.0,0.0,0.0
2025-09-03 10:00:00+00:00,0.0014171232,0.0,0.0,0.0
2025-09-03 11:00:00+00:00,0.0014171232,0.0,-0.0,-0.0
2025-09-03 12:00:00+00:00,0.0007909243,0.0,-0.0,-0.0
2025-09-03 13:00:00+00:00,0.00094138744,0.0,0.0,0.0
2025-09-03 14:00:00+00:00,0.0013865203,0.0,0.0,0.0
2025-09-03 15:00:00+00:00,0.00094138744,0.0,-0.0,-0.0
2025-09-03 16:00:00+00:00,0.00095954037,0.0,-0.0,-0.0
2025-09-03 17:00:00+00:00,0.00094138744,0.0,0.0,0.0
2025-09-03 18:00:00+00:00,0.00095954037,0.0,-0.0,-0.0
2025-09-03 19:00:00+00:00,0.00094138744,0.0,0.0,0.0
2025-09-03 20:00:00+00:00,0.00094138744,0.0,0.0,0.0
2025-09-03 21:00:00+00:00,0.00095954037,0.0,-0.0,-0.0
2025-09-03 22:00:00+00:00,0.00094138744,0.0,-0.0,-0.0
2025-09-03 23:00:00+00:00,0.0010105764,0.0,-0.0,-0.0
2025-09-04 00:00:00+00:00,0.00041143512,0.0,0.0,0.0
2025-09-04 01:00:00+00:00,0.0004295881,0.0,-0.0,-0.0
2025-09-04 02:00:00+00:00,0.0004295881,0.0,-0.0,-0.0
2025-09-04 03:00:00+00:00,-0.00017479468,0.0,-0.0,-0.0
2025-09-04 04:00:00+00:00,-0.0002504148,0.0,-0.0,-0.0
2025-09-04 05:00:00+00:00,-0.00028814058,0.0,-0.0,-0.0
2025-09-04 06:00:00+00:00,0.00010193344,0.0,-0.0,-0.0
2025-09-04 07:00:00+00:00,-1.1980905e-05,0.0,0.0,0.0
2025-09-04 08:00:00+00:00,-0.00010395256,0.0,0.0,0.0
2025-09-04 09:00:00+00:00,-0.00010395256,0.0,0.0,0.0
2025-09-04 10:00:00+00:00,-0.00024688922,0.0,-0.0,-0.0
2025-09-04 11:00:00+00:00,-0.00033546178,0.0,0.0,0.0
2025-09-04 12:00:00+00:00,-0.00033546178,0.0,0.0,0.0
2025-09-04 13:00:00+00:00,8.102267e-05,0.0,-0.0,-0.0
2025-09-04 14:00:00+00:00,0.0005133057,0.0,-0.0,-0.0
2025-09-04 15:00:00+00:00,-1.7575741e-05,0.0,-0.0,-0.0
2025-09-04 16:00:00+00:00,-0.00042934134,0.0,-0.0,-0.0
2025-09-04 17:00:00+00:00,-0.00039534346,0.0,0.0,0.0
2025-09-04 18:00:00+00:00,-0.00039534346,0.0,0.0,0.0
2025-09-04 19:00:00+00:00,-0.00037719047,0.0,-0.0,-0.0
2025-09-04 20:00:00+00:00,-0.0004562393,0.0,0.0,0.0
2025-09-04 21:00:00+00:00,-0.0006877488,0.0,0.0,0.0
2025-09-04 22:00:00+00:00,-0.00012653954,0.0,0.0,0.0
2025-09-04 23:00:00+00:00,-0.0004380863,0.0,-0.0,-0.0
2025-09-05 00:00:00+00:00,-0.0004380863,0.0,-0.0,-0.0
2025-09-05 01:00:00+00:00,-1.0350337e-05,0.0,0.0,0.0
2025-09-05 02:00:00+00:00,6.266814e-05,0.0,0.0,0.0
2025-09-05 03:00:00+00:00,6.266814e-05,0.0,-0.0,-0.0
2025-09-05 04:00:00+00:00,6.266814e-05,0.0,0.0,0.0
2025-09-05 05:00:00+00:00,6.266814e-05,0.0,0.0,0.0
2025-09-05 06:00:00+00:00,5.471615e-05,0.0,0.0,0.0
2025-09-05 07:00:00+00:00,0.00031140103,0.0,0.0,0.0
2025-09-05 08:00:00+00:00,-0.00085673924,0.0,-0.0,-0.0
2025-09-05 09:00:00+00:00,-0.00085673924,0.0,-0.0,-0.0
2025-09-05 10:00:00+00:00,-0.0008238566,0.0,-0.0,-0.0
2025-09-05 11:00:00+00:00,-0.00087489217,0.0,0.0,0.0
2025-09-05 12:00:00+00:00,-0.00062872906,0.0,0.0,0.0
2025-09-05 13:00:00+00:00,-0.00094555935,0.0,-0.0,-0.0
2025-09-05 14:00:00+00:00,-0.0025736948,0.0,-0.0,-0.0
2025-09-05 15:00:00+00:00,-0.0017185583,0.0,0.0,0.0
2025-09-05 16:00:00+00:00,-0.0018387885,0.0,0.0,0.0
2025-09-05 17:00:00+00:00,-0.0017672993,0.0,-0.0,-0.0
2025-09-05 18:00:00+00:00,-0.001121846,0.0,0.0,0.0
2025-09-05 19:00:00+00:00,-0.000999993,0.0,0.0,0.0
2025-09-05 20:00:00+00:00,-0.0005144765,0.0,0.0,0.0
2025-09-05 21:00:00+00:00,-0.0010335825,0.0,-0.0,-0.0
2025-09-05 22:00:00+00:00,-0.0010958881,0.0,0.0,0.0
2025-09-05 23:00:00+00:00,-0.0010777351,0.0,-0.0,-0.0
2025-09-06 00:00:00+00:00,2.3445718e-05,0.0,0.0,0.0
2025-09-06 01:00:00+00:00,2.3445718e-05,0.0,0.0,0.0
2025-09-06 02:00:00+00:00,0.0006448256,0.0,0.0,0.0
2025-09-06 03:00:00+00:00,0.00016485568,0.0,-0.0,-0.0
2025-09-06 04:00:00+00:00,4.1598687e-05,0.0,-0.0,-0.0
2025-09-06 05:00:00+00:00,0.00016305364,0.0,-0.0,-0.0
2025-09-06 06:00:00+00:00,9.386507e-05,0.0,0.0,0.0
2025-09-06 07:00:00+00:00,9.386507e-05,0.0,0.0,0.0
2025-09-06 08:00:00+00:00,0.00015399665,0.0,0.0,0.0
2025-09-06 09:00:00+00:00,0.000112018046,0.0,-0.0,-0.0
2025-09-06 10:00:00+00:00,9.386507e-05,0.0,0.0,0.0
2025-09-06 11:00:00+00:00,9.386507e-05,0.0,-0.0,-0.0
2025-09-06 12:00:00+00:00,9.386507e-05,0.0,0.0,0.0
2025-09-06 13:00:00+00:00,0.00015399665,0.0,0.0,0.0
2025-09-06 14:00:00+00:00,-0.0004072114,0.0,-0.0,-0.0
2025-09-06 15:00:00+00:00,-0.0003475569,0.0,-0.0,-0.0
2025-09-06 16:00:00+00:00,-2.6652287e-05,0.0,-0.0,-0.0
2025-09-06 17:00:00+00:00,1.738016e-05,0.0,-0.0,-0.0
2025-09-06 18:00:00+00:00,6.845945e-05,0.0,0.0,0.0
2025-09-06 19:00:00+00:00,0.00017858406,0.0,-0.0,-0.0
2025-09-06 20:00:00+00:00,6.845945e-05,0.0,0.0,0.0
2025-09-06 21:00:00+00:00,-1.960008e-06,0.0,0.0,0.0
2025-09-06 22:00:00+00:00,-1.960008e-06,0.0,-0.0,-0.0
2025-09-06 23:00:00+00:00,-1.960008e-06,0.0,0.0,0.0
2025-09-07 00:00:00+00:00,-1.960008e-06,0.0,0.0,0.0
2025-09-07 01:00:00+00:00,2.4965266e-05,0.0,0.0,0.0
2025-09-07 02:00:00+00:00,2.4965266e-05,0.0,0.0,0.0
2025-09-07 03:00:00+00:00,2.4965266e-05,0.0,-0.0,-0.0
2025-09-07 04:00:00+00:00,4.3118227e-05,0.0,-0.0,-0.0
2025-09-07 05:00:00+00:00,-9.490892e-05,0.0,0.0,0.0
2025-09-07 06:00:00+00:00,-7.675595e-05,0.0,-0.0,-0.0
2025-09-07 07:00:00+00:00,-9.490892e-05,0.0,0.0,0.0
2025-09-07 08:00:00+00:00,0.00052647106,0.0,0.0,0.0
2025-09-07 09:00:00+00:00,0.00052647106,0.0,0.0,0.0
2025-09-07 10:00:00+00:00,0.00052647106,0.0,0.0,0.0
2025-09-07 11:00:00+00:00,0.00052647106,0.0,0.0,0.0
2025-09-07 12:00:00+00:00,0.000544624,0.0,-0.0,-0.0
2025-09-07 13:00:00+00:00,0.00052647106,0.0,0.0,0.0
2025-09-07 14:00:00+00:00,0.000544624,0.0,-0.0,-0.0
2025-09-07 15:00:00+00:00,0.00052647106,0.0,0.0,0.0
2025-09-07 16:00:00+00:00,0.000544624,0.0,-0.0,-0.0
2025-09-07 17:00:00+00:00,5.2159994e-05,0.0,-0.0,-0.0
2025-09-07 18:00:00+00:00,0.00052647106,0.0,0.0,0.0
2025-09-07 19:00:00+00:00,0.00052647106,0.0,0.0,0.0
2025-09-07 20:00:00+00:00,0.00052647106,0.0,0.0,0.0
2025-09-07 21:00:00+00:00,0.000544624,0.0,-0.0,-0.0
2025-09-07 22:00:00+00:00,0.00052647106,0.0,0.0,0.0
2025-09-07 23:00:00+00:00,0.000544624,0.0,-0.0,-0.0
2025-09-08 00:00:00+00:00,-0.00022171524,0.0,-0.0,-0.0
2025-09-08 01:00:00+00:00,-0.00017674283,0.0,0.0,0.0
2025-09-08 02:00:00+00:00,0.0003926333,0.0,0.0,0.0
2025-09-08 03:00:00+00:00,0.00041078628,0.0,-0.0,-0.0
2025-09-08 04:00:00+00:00,0.00032434447,0.0,-0.0,-0.0
2025-09-08 05:00:00+00:00,0.0003926333,0.0,0.0,0.0
2025-09-08 06:00:00+00:00,0.0003926333,0.0,0.0,0.0
2025-09-08 07:00:00+00:00,0.0003926333,0.0,0.0,0.0
2025-09-08 08:00:00+00:00,0.0003926333,0.0,0.0,0.0
2025-09-08 09:00:00+00:00,0.0004877133,0.0,0.0,0.0
2025-09-08 10:00:00+00:00,0.0004956653,0.0,-0.0,-0.0
2025-09-08 11:00:00+00:00,0.0004956653,0.0,0.0,0.0
2025-09-08 12:00:00+00:00,0.00030381323,0.0,-0.0,-0.0
2025-09-08 13:00:00+00:00,0.00032196622,0.0,-0.0,-0.0
2025-09-08 14:00:00+00:00,0.001489667,0.0,0.0,0.0
2025-09-08 15:00:00+00:00,0.001270621,0.0,-0.0,-0.0
2025-09-08 16:00:00+00:00,0.0005438928,0.0,-0.0,-0.0
2025-09-08 17:00:00+00:00,0.0005438928,0.0,-0.0,-0.0
2025-09-08 18:00:00+00:00,0.00052573986,0.0,0.0,0.0
2025-09-08 19:00:00+00:00,0.0005438928,0.0,-0.0,-0.0
2025-09-08 20:00:00+00:00,0.0005438928,0.0,-0.0,-0.0
2025-09-08 21:00:00+00:00,0.0004762506,0.0,0.0,0.0
2025-09-08 22:00:00+00:00,0.0005438928,0.0,-0.0,-0.0
2025-09-08 23:00:00+00:00,0.0005438928,0.0,-0.0,-0.0
2025-09-09 00:00:00+00:00,0.00018723289,0.0,-0.0,-0.0
2025-09-09 01:00:00+00:00,0.000176166,0.0,-0.0,-0.0
2025-09-09 02:00:00+00:00,0.00014215465,0.0,-0.0,-0.0
2025-09-09 03:00:00+00:00,0.0001180443,0.0,0.0,0.0
2025-09-09 04:00:00+00:00,0.00028258955,0.0,0.0,0.0
2025-09-09 05:00:00+00:00,0.00028258955,0.0,0.0,0.0
2025-09-09 06:00:00+00:00,0.0002899177,0.0,0.0,0.0
2025-09-09 07:00:00+00:00,0.00028258955,0.0,-0.0,-0.0
2025-09-09 08:00:00+00:00,0.00028258955,0.0,0.0,0.0
2025-09-09 09:00:00+00:00,0.00028258955,0.0,-0.0,-0.0
2025-09-09 10:00:00+00:00,0.00030074254,0.0,-0.0,-0.0
2025-09-09 11:00:00+00:00,0.00035177814,0.0,-0.0,-0.0
2025-09-09 12:00:00+00:00,0.00028258955,0.0,0.0,0.0
2025-09-09 13:00:00+00:00,0.00028258955,0.0,0.0,0.0
2025-09-09 14:00:00+00:00,0.00038792842,0.0,-0.0,-0.0
2025-09-09 15:00:00+00:00,-4.9948787e-05,0.0,-0.0,-0.0
2025-09-09 16:00:00+00:00,-0.0001065445,0.0,0.0,0.0
2025-09-09 17:00:00+00:00,-5.4846354e-05,0.0,0.0,0.0
2025-09-09 18:00:00+00:00,3.629472e-05,0.0,0.0,0.0
2025-09-09 19:00:00+00:00,6.574038e-05,0.0,0.0,0.0
2025-09-09 20:00:00+00:00,5.2317086e-05,0.0,0.0,0.0
2025-09-09 21:00:00+00:00,0.00014088949,0.0,-0.0,-0.0
2025-09-09 22:00:00+00:00,5.2317086e-05,0.0,0.0,0.0
2025-09-09 23:00:00+00:00,5.2317086e-05,0.0,-0.0,-0.0
2025-09-10 00:00:00+00:00,-0.00052405964,0.0,-0.0,-0.0
2025-09-10 01:00:00+00:00,-0.0004911768,0.0,-0.0,-0.0
2025-09-10 02:00:00+00:00,-0.0003135938,0.0,0.0,0.0
2025-09-10 03:00:00+00:00,-0.0003135938,0.0,0.0,0.0
2025-09-10 04:00:00+00:00,-0.0003135938,0.0,-0.0,-0.0
2025-09-10 05:00:00+00:00,-0.0003135938,0.0,0.0,0.0
2025-09-10 06:00:00+00:00,-0.00021624907,0.0,0.0,0.0
2025-09-10 07:00:00+00:00,-0.00028666854,0.0,0.0,0.0
2025-09-10 08:00:00+00:00,0.00058336614,0.0,-0.0,-0.0
2025-09-10 09:00:00+00:00,0.00058336614,0.0,-0.0,-0.0
2025-09-10 10:00:00+00:00,0.0005652132,0.0,-0.0,-0.0
2025-09-10 11:00:00+00:00,0.0005652132,0.0,0.0,0.0
2025-09-10 12:00:00+00:00,0.0010524847,0.0,0.0,0.0
2025-09-10 13:00:00+00:00,0.0016247929,0.0,0.0,0.0
2025-09-10 14:00:00+00:00,0.001064341,0.0,-0.0,-0.0
2025-09-10 15:00:00+00:00,0.00073939876,0.0,-0.0,-0.0
2025-09-10 16:00:00+00:00,0.00068639824,0.0,-0.0,-0.0
2025-09-10 17:00:00+00:00,0.0006682453,0.0,-0.0,-0.0
2025-09-10 18:00:00+00:00,0.00058336614,0.0,-0.0,-0.0
2025-09-10 19:00:00+00:00,0.0005652132,0.0,-0.0,-0.0
2025-09-10 20:00:00+00:00,0.0005652132,0.0,-0.0,-0.0
2025-09-10 21:00:00+00:00,0.0006682453,0.0,0.0,0.0
2025-09-10 22:00:00+00:00,0.0006682453,0.0,0.0,0.0
2025-09-10 23:00:00+00:00,0.0006682453,0.0,0.0,0.0
2025-09-11 00:00:00+00:00,-2.3984405e-05,0.0,-0.0,-0.0
2025-09-11 01:00:00+00:00,-2.3984405e-05,0.0,0.0,0.0
2025-09-11 02:00:00+00:00,-0.00010886338,0.0,-0.0,-0.0
2025-09-11 03:00:00+00:00,0.00043492642,0.0,0.0,0.0
2025-09-11 04:00:00+00:00,-0.00010886338,0.0,-0.0,-0.0
2025-09-11 05:00:00+00:00,-2.3984405e-05,0.0,0.0,0.0
2025-09-11 06:00:00+00:00,-2.3984405e-05,0.0,0.0,0.0
2025-09-11 07:00:00+00:00,-0.00010886338,0.0,-0.0,-0.0
2025-09-11 08:00:00+00:00,-0.00012701635,0.0,-0.0,-0.0
2025-09-11 09:00:00+00:00,-0.00010886338,0.0,-0.0,-0.0
2025-09-11 10:00:00+00:00,-0.00012701635,0.0,0.0,0.0
2025-09-11 11:00:00+00:00,-0.00012701635,0.0,-0.0,-0.0
2025-09-11 12:00:00+00:00,-3.1344935e-05,0.0,-0.0,-0.0
2025-09-11 13:00:00+00:00,7.16871e-05,0.0,0.0,0.0
2025-09-11 14:00:00+00:00,-0.00015835284,0.0,-0.0,-0.0
2025-09-11 15:00:00+00:00,-0.00022456121,0.0,-0.0,-0.0
2025-09-11 16:00:00+00:00,0.00020691719,0.0,0.0,0.0
2025-09-11 17:00:00+00:00,0.00020691719,0.0,0.0,0.0
2025-09-11 18:00:00+00:00,0.00034076805,0.0,-0.0,-0.0
2025-09-11 19:00:00+00:00,0.0002731256,0.0,0.0,0.0
2025-09-11 20:00:00+00:00,0.00032261506,0.0,-0.0,-0.0
2025-09-11 21:00:00+00:00,0.00032261506,0.0,0.0,0.0
2025-09-11 22:00:00+00:00,0.00042564704,0.0,0.0,0.0
2025-09-11 23:00:00+00:00,0.00028680853,0.0,0.0,0.0
2025-09-12 00:00:00+00:00,0.00096966984,0.0,0.0,0.0
2025-09-12 01:00:00+00:00,-7.998911e-06,0.0,-0.0,-0.0
2025-09-12 02:00:00+00:00,-2.6151876e-05,0.0,0.0,0.0
2025-09-12 03:00:00+00:00,4.303668e-05,0.0,-0.0,-0.0
2025-09-12 04:00:00+00:00,-2.6151876e-05,0.0,0.0,0.0
2025-09-12 05:00:00+00:00,-2.6151876e-05,0.0,0.0,0.0
2025-09-12 06:00:00+00:00,-7.998911e-06,0.0,-0.0,-0.0
2025-09-12 07:00:00+00:00,-7.998911e-06,0.0,-0.0,-0.0
2025-09-12 08:00:00+00:00,0.00047451508,0.0,-0.0,-0.0
2025-09-12 09:00:00+00:00,0.0004234795,0.0,-0.0,-0.0
2025-09-12 10:00:00+00:00,0.0004416325,0.0,-0.0,-0.0
2025-09-12 11:00:00+00:00,0.0004416325,0.0,-0.0,-0.0
2025-09-12 12:00:00+00:00,0.0004234795,0.0,0.0,0.0
2025-09-12 13:00:00+00:00,0.0004234795,0.0,0.0,0.0
2025-09-12 14:00:00+00:00,0.0005241057,0.0,0.0,0.0
2025-09-12 15:00:00+00:00,0.00087988307,0.0,-0.0,-0.0
2025-09-12 16:00:00+00:00,0.00036260963,0.0,0.0,0.0
2025-09-12 17:00:00+00:00,0.00029640127,0.0,0.0,0.0
2025-09-12 18:00:00+00:00,0.0010492444,0.0,0.0,0.0
2025-09-12 19:00:00+00:00,0.0012603281,0.0,0.0,0.0
2025-09-12 20:00:00+00:00,0.0004302521,0.0,-0.0,-0.0
2025-09-12 21:00:00+00:00,0.00036558986,0.0,-0.0,-0.0
2025-09-12 22:00:00+00:00,0.00034743687,0.0,0.0,0.0
2025-09-12 23:00:00+00:00,0.00029640127,0.0,0.0,0.0
2025-09-13 00:00:00+00:00,0.00076020387,0.0,0.0,0.0
2025-09-13 01:00:00+00:00,0.0007783568,0.0,-0.0,-0.0
2025-09-13 02:00:00+00:00,0.0008264122,0.0,0.0,0.0
2025-09-13 03:00:00+00:00,0.00076020387,0.0,0.0,0.0
2025-09-13 04:00:00+00:00,0.0007783568,0.0,-0.0,-0.0
2025-09-13 05:00:00+00:00,0.00076020387,0.0,0.0,0.0
2025-09-13 06:00:00+00:00,0.00076020387,0.0,0.0,0.0
2025-09-13 07:00:00+00:00,0.00076020387,0.0,0.0,0.0
2025-09-13 08:00:00+00:00,0.00076020387,0.0,0.0,0.0
2025-09-13 09:00:00+00:00,0.00076020387,0.0,0.0,0.0
2025-09-13 10:00:00+00:00,0.0007783568,0.0,-0.0,-0.0
2025-09-13 11:00:00+00:00,0.00076020387,0.0,0.0,0.0
2025-09-13 12:00:00+00:00,0.00076020387,0.0,0.0,0.0
2025-09-13 13:00:00+00:00,0.0007783568,0.0,-0.0,-0.0
2025-09-13 14:00:00+00:00,0.00076020387,0.0,0.0,0.0
2025-09-13 15:00:00+00:00,0.00076020387,0.0,-0.0,-0.0
2025-09-13 16:00:00+00:00,0.00039275427,0.0,-0.0,-0.0
2025-09-13 17:00:00+00:00,0.00042444968,0.0,0.0,0.0
2025-09-13 18:00:00+00:00,0.000602418,0.0,0.0,0.0
2025-09-13 19:00:00+00:00,0.00061592,0.0,0.0,0.0
2025-09-13 20:00:00+00:00,0.00061592,0.0,0.0,0.0
2025-09-13 21:00:00+00:00,0.00061592,0.0,0.0,0.0
2025-09-13 22:00:00+00:00,0.00061592,0.0,-0.0,-0.0
2025-09-13 23:00:00+00:00,0.00061592,0.0,0.0,0.0
2025-09-14 00:00:00+00:00,0.00042974885,0.0,0.0,0.0
2025-09-14 01:00:00+00:00,0.00042974885,0.0,0.0,0.0
2025-09-14 02:00:00+00:00,0.00044790184,0.0,-0.0,-0.0
2025-09-14 03:00:00+00:00,0.00028335658,0.0,-0.0,-0.0
2025-09-14 04:00:00+00:00,0.0002652036,0.0,0.0,0.0
2025-09-14 05:00:00+00:00,0.00042974885,0.0,0.0,0.0
2025-09-14 06:00:00+00:00,0.00028335658,0.0,-0.0,-0.0
2025-09-14 07:00:00+00:00,0.0002652036,0.0,0.0,0.0
2025-09-14 08:00:00+00:00,0.00042974885,0.0,0.0,0.0
2025-09-14 09:00:00+00:00,0.00042974885,0.0,0.0,0.0
2025-09-14 10:00:00+00:00,0.00042974885,0.0,-0.0,-0.0
2025-09-14 11:00:00+00:00,0.000349565,0.0,-0.0,-0.0
2025-09-14 12:00:00+00:00,0.000331412,0.0,-0.0,-0.0
2025-09-14 13:00:00+00:00,0.00027943548,0.0,-0.0,-0.0
2025-09-14 14:00:00+00:00,0.0003539762,0.0,0.0,0.0
2025-09-14 15:00:00+00:00,0.00046971918,0.0,-0.0,-0.0
2025-09-14 16:00:00+00:00,0.0003539762,0.0,0.0,0.0
2025-09-14 17:00:00+00:00,0.000331412,0.0,0.0,0.0
2025-09-14 18:00:00+00:00,0.0003721292,0.0,-0.0,-0.0
2025-09-14 19:00:00+00:00,0.0003809015,0.0,0.0,0.0
2025-09-14 20:00:00+00:00,0.0003809015,0.0,0.0,0.0
2025-09-14 21:00:00+00:00,0.00042974885,0.0,0.0,0.0
2025-09-14 22:00:00+00:00,0.00028335658,0.0,-0.0,-0.0
2025-09-14 23:00:00+00:00,0.0004231648,0.0,-0.0,-0.0
2025-09-15 00:00:00+00:00,0.0006727652,0.0,-0.0,-0.0
2025-09-15 01:00:00+00:00,0.000601629,0.0,0.0,0.0
2025-09-15 02:00:00+00:00,0.0005775188,0.0,0.0,0.0
2025-09-15 03:00:00+00:00,0.0005775188,0.0,0.0,0.0
2025-09-15 04:00:00+00:00,0.0006263662,0.0,0.0,0.0
2025-09-15 05:00:00+00:00,0.0006263662,0.0,0.0,0.0
2025-09-15 06:00:00+00:00,0.0006445191,0.0,-0.0,-0.0
2025-09-15 07:00:00+00:00,0.0005461824,0.0,-0.0,-0.0
2025-09-15 08:00:00+00:00,0.000763822,0.0,-0.0,-0.0
2025-09-15 09:00:00+00:00,0.00065461226,0.0,0.0,0.0
2025-09-15 10:00:00+00:00,0.0008478797,0.0,-0.0,-0.0
2025-09-15 11:00:00+00:00,0.0005505935,0.0,0.0,0.0
2025-09-15 12:00:00+00:00,0.0008610174,0.0,-0.0,-0.0
2025-09-15 13:00:00+00:00,0.0006311232,0.0,-0.0,-0.0
2025-09-15 14:00:00+00:00,0.00064699625,0.0,0.0,0.0
2025-09-15 15:00:00+00:00,0.0005505935,0.0,0.0,0.0
2025-09-15 16:00:00+00:00,0.0006651492,0.0,-0.0,-0.0
2025-09-15 17:00:00+00:00,0.0005505935,0.0,0.0,0.0
2025-09-15 18:00:00+00:00,0.0005775188,0.0,0.0,0.0
2025-09-15 19:00:00+00:00,0.0005775188,0.0,-0.0,-0.0
2025-09-15 20:00:00+00:00,0.0005775188,0.0,0.0,0.0
2025-09-15 21:00:00+00:00,0.0005775188,0.0,0.0,0.0
2025-09-15 22:00:00+00:00,0.0005956717,0.0,-0.0,-0.0
2025-09-15 23:00:00+00:00,0.0005775188,0.0,0.0,0.0
2025-09-16 00:00:00+00:00,0.00032559625,0.0,-0.0,-0.0
2025-09-16 01:00:00+00:00,0.00032559625,0.0,-0.0,-0.0
2025-09-16 02:00:00+00:00,0.00030744326,0.0,0.0,0.0
2025-09-16 03:00:00+00:00,0.00033436855,0.0,0.0,0.0
2025-09-16 04:00:00+00:00,0.00033436855,0.0,0.0,0.0
2025-09-16 05:00:00+00:00,0.0004989137,0.0,0.0,0.0
2025-09-16 06:00:00+00:00,0.00035252154,0.0,-0.0,-0.0
2025-09-16 07:00:00+00:00,0.00033436855,0.0,0.0,0.0
2025-09-16 08:00:00+00:00,0.00035252154,0.0,-0.0,-0.0
2025-09-16 09:00:00+00:00,0.00035252154,0.0,-0.0,-0.0
2025-09-16 10:00:00+00:00,0.00035252154,0.0,-0.0,-0.0
2025-09-16 11:00:00+00:00,0.00035252154,0.0,-0.0,-0.0
2025-09-16 12:00:00+00:00,0.00033436855,0.0,0.0,0.0
2025-09-16 13:00:00+00:00,0.00035252154,0.0,-0.0,-0.0
2025-09-16 14:00:00+00:00,0.00033436855,0.0,0.0,0.0
2025-09-16 15:00:00+00:00,0.00021867064,0.0,0.0,0.0
2025-09-16 16:00:00+00:00,0.0003832159,0.0,0.0,0.0
2025-09-16 17:00:00+00:00,0.0004788873,0.0,0.0,0.0
2025-09-16 18:00:00+00:00,0.0003832159,0.0,-0.0,-0.0
2025-09-16 19:00:00+00:00,0.00048624782,0.0,0.0,0.0
2025-09-16 20:00:00+00:00,0.00048624782,0.0,0.0,0.0
2025-09-16 21:00:00+00:00,0.00048624782,0.0,-0.0,-0.0
2025-09-16 22:00:00+00:00,0.00048624782,0.0,0.0,0.0
2025-09-16 23:00:00+00:00,0.00048624782,0.0,-0.0,-0.0
2025-09-17 00:00:00+00:00,0.0009059193,0.0,-0.0,-0.0
2025-09-17 01:00:00+00:00,0.00088776636,0.0,0.0,0.0
2025-09-17 02:00:00+00:00,0.00088776636,0.0,0.0,0.0
2025-09-17 03:00:00+00:00,0.0009059193,0.0,-0.0,-0.0
2025-09-17 04:00:00+00:00,0.0007232211,0.0,-0.0,-0.0
2025-09-17 05:00:00+00:00,0.00088776636,0.0,0.0,0.0
2025-09-17 06:00:00+00:00,0.0009907985,0.0,0.0,0.0
2025-09-17 07:00:00+00:00,0.00095397467,0.0,-0.0,-0.0
2025-09-17 08:00:00+00:00,0.0010216173,0.0,-0.0,-0.0
2025-09-17 09:00:00+00:00,0.0010726532,0.0,-0.0,-0.0
2025-09-17 10:00:00+00:00,0.0009239659,0.0,-0.0,-0.0
2025-09-17 11:00:00+00:00,0.00090810756,0.0,-0.0,-0.0
2025-09-17 12:00:00+00:00,0.00083891896,0.0,-0.0,-0.0
2025-09-17 13:00:00+00:00,0.0008570719,0.0,-0.0,-0.0
2025-09-17 14:00:00+00:00,0.0009270054,0.0,-0.0,-0.0
2025-09-17 15:00:00+00:00,0.00081199367,0.0,0.0,0.0
2025-09-17 16:00:00+00:00,0.0008301466,0.0,-0.0,-0.0
2025-09-17 17:00:00+00:00,0.0010083604,0.0,-0.0,-0.0
2025-09-17 18:00:00+00:00,0.0009656581,0.0,-0.0,-0.0
2025-09-17 19:00:00+00:00,0.0009476284,0.0,0.0,0.0
2025-09-17 20:00:00+00:00,0.0008250316,0.0,-0.0,-0.0
2025-09-17 21:00:00+00:00,0.00078153727,0.0,0.0,0.0
2025-09-17 22:00:00+00:00,0.00078153727,0.0,0.0,0.0
2025-09-17 23:00:00+00:00,0.0008570719,0.0,-0.0,-0.0
2025-09-18 00:00:00+00:00,0.00016484233,0.0,-0.0,-0.0
2025-09-18 01:00:00+00:00,0.00031123462,0.0,0.0,0.0
2025-09-18 02:00:00+00:00,0.00031123462,0.0,0.0,0.0
2025-09-18 03:00:00+00:00,0.0006374724,0.0,0.0,0.0
2025-09-18 04:00:00+00:00,0.00041426666,0.0,0.0,0.0
2025-09-18 05:00:00+00:00,0.0003293876,0.0,-0.0,-0.0
2025-09-18 06:00:00+00:00,0.0003293876,0.0,-0.0,-0.0
2025-09-18 07:00:00+00:00,0.00036227022,0.0,-0.0,-0.0
2025-09-18 08:00:00+00:00,0.00031123462,0.0,0.0,0.0
2025-09-18 09:00:00+00:00,0.00031123462,0.0,0.0,0.0
2025-09-18 10:00:00+00:00,0.0003293876,0.0,-0.0,-0.0
2025-09-18 11:00:00+00:00,0.0003293876,0.0,-0.0,-0.0
2025-09-18 12:00:00+00:00,0.00031123462,0.0,0.0,0.0
2025-09-18 13:00:00+00:00,0.00031123462,0.0,0.0,0.0
2025-09-18 14:00:00+00:00,0.00031123462,0.0,0.0,0.0
2025-09-18 15:00:00+00:00,0.00031123462,0.0,-0.0,-0.0
2025-09-18 16:00:00+00:00,0.00031123462,0.0,-0.0,-0.0
2025-09-18 17:00:00+00:00,0.00031123462,0.0,0.0,0.0
2025-09-18 18:00:00+00:00,0.00031123462,0.0,0.0,0.0
2025-09-18 19:00:00+00:00,0.0003293876,0.0,-0.0,-0.0
2025-09-18 20:00:00+00:00,0.00031123462,0.0,0.0,0.0
2025-09-18 21:00:00+00:00,0.0003804232,0.0,-0.0,-0.0
2025-09-18 22:00:00+00:00,0.00016484233,0.0,-0.0,-0.0
2025-09-18 23:00:00+00:00,0.00014668936,0.0,0.0,0.0
2025-09-19 00:00:00+00:00,0.00086173014,0.0,0.0,0.0
2025-09-19 01:00:00+00:00,0.0007153379,0.0,-0.0,-0.0
2025-09-19 02:00:00+00:00,0.0007153379,0.0,-0.0,-0.0
2025-09-19 03:00:00+00:00,0.00068841263,0.0,-0.0,-0.0
2025-09-19 04:00:00+00:00,0.0006702597,0.0,0.0,0.0
2025-09-19 05:00:00+00:00,0.00068841263,0.0,-0.0,-0.0
2025-09-19 06:00:00+00:00,0.0007848154,0.0,-0.0,-0.0
2025-09-19 07:00:00+00:00,0.0006702597,0.0,0.0,0.0
2025-09-19 08:00:00+00:00,0.00052597566,0.0,0.0,0.0
2025-09-19 09:00:00+00:00,0.00072979764,0.0,-0.0,-0.0
2025-09-19 10:00:00+00:00,0.0006677957,0.0,0.0,0.0
2025-09-19 11:00:00+00:00,0.00076716754,0.0,-0.0,-0.0
2025-09-19 12:00:00+00:00,0.0007503687,0.0,-0.0,-0.0
2025-09-19 13:00:00+00:00,0.00069279777,0.0,0.0,0.0
2025-09-19 14:00:00+00:00,0.0006568538,0.0,-0.0,-0.0
2025-09-19 15:00:00+00:00,0.00053244,0.0,-0.0,-0.0
2025-09-19 16:00:00+00:00,0.0007406791,0.0,0.0,0.0
2025-09-19 17:00:00+00:00,0.00045944308,0.0,-0.0,-0.0
2025-09-19 18:00:00+00:00,0.00045944308,0.0,-0.0,-0.0
2025-09-19 19:00:00+00:00,0.00052633695,0.0,-0.0,-0.0
2025-09-19 20:00:00+00:00,0.00083708187,0.0,0.0,0.0
2025-09-19 21:00:00+00:00,0.0007406791,0.0,0.0,0.0
2025-09-19 22:00:00+00:00,0.0007406791,0.0,0.0,0.0
2025-09-19 23:00:00+00:00,0.0007406791,0.0,0.0,0.0
2025-09-20 00:00:00+00:00,0.0007548508,0.0,0.0,0.0
2025-09-20 01:00:00+00:00,0.00077300373,0.0,-0.0,-0.0
2025-09-20 02:00:00+00:00,0.0007548508,0.0,-0.0,-0.0
2025-09-20 03:00:00+00:00,0.00077300373,0.0,-0.0,-0.0
2025-09-20 04:00:00+00:00,0.0007548508,0.0,0.0,0.0
2025-09-20 05:00:00+00:00,0.0007548508,0.0,0.0,0.0
2025-09-20 06:00:00+00:00,0.0007548508,0.0,-0.0,-0.0
2025-09-20 07:00:00+00:00,0.0007817761,0.0,0.0,0.0
2025-09-20 08:00:00+00:00,0.00077300373,0.0,0.0,0.0
2025-09-20 09:00:00+00:00,0.00072477985,0.0,-0.0,-0.0
2025-09-20 10:00:00+00:00,0.00071135646,0.0,0.0,0.0
2025-09-20 11:00:00+00:00,0.00071135646,0.0,0.0,0.0
2025-09-20 12:00:00+00:00,0.00071135646,0.0,-0.0,-0.0
2025-09-20 13:00:00+00:00,0.00071135646,0.0,0.0,0.0
2025-09-20 14:00:00+00:00,0.00071135646,0.0,0.0,0.0
2025-09-20 15:00:00+00:00,0.00071135646,0.0,0.0,0.0
2025-09-20 16:00:00+00:00,0.0005670726,0.0,0.0,0.0
2025-09-20 17:00:00+00:00,0.0005852255,0.0,-0.0,-0.0
2025-09-20 18:00:00+00:00,0.0005852255,0.0,-0.0,-0.0
2025-09-20 19:00:00+00:00,0.0005670726,0.0,-0.0,-0.0
2025-09-20 20:00:00+00:00,0.0005670726,0.0,0.0,0.0
2025-09-20 21:00:00+00:00,0.0005670726,0.0,0.0,0.0
2025-09-20 22:00:00+00:00,0.0005670726,0.0,-0.0,-0.0
2025-09-20 23:00:00+00:00,0.0005852255,0.0,-0.0,-0.0
2025-09-21 00:00:00+00:00,0.0008072478,0.0,0.0,0.0
2025-09-21 01:00:00+00:00,0.0007755524,0.0,-0.0,-0.0
2025-09-21 02:00:00+00:00,0.0008341731,0.0,0.0,0.0
2025-09-21 03:00:00+00:00,0.0008341731,0.0,-0.0,-0.0
2025-09-21 04:00:00+00:00,0.00096722075,0.0,-0.0,-0.0
2025-09-21 05:00:00+00:00,0.0008072478,0.0,0.0,0.0
2025-09-21 06:00:00+00:00,0.0008341731,0.0,0.0,0.0
2025-09-21 07:00:00+00:00,0.0008341731,0.0,0.0,0.0
2025-09-21 08:00:00+00:00,0.00082540076,0.0,-0.0,-0.0
2025-09-21 09:00:00+00:00,0.0008341731,0.0,0.0,0.0
2025-09-21 10:00:00+00:00,0.00082540076,0.0,-0.0,-0.0
2025-09-21 11:00:00+00:00,0.0008341731,0.0,0.0,0.0
2025-09-21 12:00:00+00:00,0.0008341731,0.0,0.0,0.0
2025-09-21 13:00:00+00:00,0.0008341731,0.0,-0.0,-0.0
2025-09-21 14:00:00+00:00,0.00082540076,0.0,-0.0,-0.0
2025-09-21 15:00:00+00:00,0.0008072478,0.0,0.0,0.0
2025-09-21 16:00:00+00:00,0.00055830023,0.0,-0.0,-0.0
2025-09-21 17:00:00+00:00,0.0005670726,0.0,0.0,0.0
2025-09-21 18:00:00+00:00,0.0005852255,0.0,-0.0,-0.0
2025-09-21 19:00:00+00:00,0.0005670726,0.0,-0.0,-0.0
2025-09-21 20:00:00+00:00,0.00055830023,0.0,-0.0,-0.0
2025-09-21 21:00:00+00:00,0.0005401473,0.0,0.0,0.0
2025-09-21 22:00:00+00:00,0.0005670726,0.0,0.0,0.0
2025-09-21 23:00:00+00:00,0.0007001201,0.0,-0.0,-0.0
2025-09-22 00:00:00+00:00,-3.909994e-05,0.0,-0.0,-0.0
2025-09-22 01:00:00+00:00,-0.00016595596,0.0,-0.0,-0.0
2025-09-22 02:00:00+00:00,-0.00016595596,0.0,-0.0,-0.0
2025-09-22 03:00:00+00:00,0.0006666995,0.0,0.0,0.0
2025-09-22 04:00:00+00:00,0.00039686268,0.0,-0.0,-0.0
2025-09-22 05:00:00+00:00,0.00014812042,0.0,-0.0,-0.0
2025-09-22 06:00:00+00:00,0.00020583917,0.0,-0.0,-0.0
2025-09-22 07:00:00+00:00,-4.4120585e-05,0.0,-0.0,-0.0
2025-09-22 08:00:00+00:00,-3.0510259e-05,0.0,0.0,0.0
2025-09-22 09:00:00+00:00,-0.0001102005,0.0,-0.0,-0.0
2025-09-22 10:00:00+00:00,-6.008566e-06,0.0,0.0,0.0
2025-09-22 11:00:00+00:00,-6.008566e-06,0.0,0.0,0.0
2025-09-22 12:00:00+00:00,1.214441e-05,0.0,-0.0,-0.0
2025-09-22 13:00:00+00:00,0.00040563493,0.0,0.0,0.0
2025-09-22 14:00:00+00:00,0.0004925341,0.0,-0.0,-0.0
2025-09-22 15:00:00+00:00,0.00039686268,0.0,-0.0,-0.0
2025-09-22 16:00:00+00:00,0.0004983904,0.0,-0.0,-0.0
2025-09-22 17:00:00+00:00,3.2230804e-05,0.0,-0.0,-0.0
2025-09-22 18:00:00+00:00,0.00014338706,0.0,0.0,0.0
2025-09-22 19:00:00+00:00,0.00021837631,0.0,-0.0,-0.0
2025-09-22 20:00:00+00:00,0.0003787097,0.0,0.0,0.0
2025-09-22 21:00:00+00:00,0.0003787097,0.0,0.0,0.0
2025-09-22 22:00:00+00:00,0.00039686268,0.0,-0.0,-0.0
2025-09-22 23:00:00+00:00,0.0003787097,0.0,0.0,0.0
2025-09-23 00:00:00+00:00,9.690195e-05,0.0,-0.0,-0.0
2025-09-23 01:00:00+00:00,0.00022621127,0.0,-0.0,-0.0
2025-09-23 02:00:00+00:00,0.00044515717,0.0,-0.0,-0.0
2025-09-23 03:00:00+00:00,0.00020805829,0.0,0.0,0.0
2025-09-23 04:00:00+00:00,0.00021321494,0.0,0.0,0.0
2025-09-23 05:00:00+00:00,0.00024014022,0.0,0.0,0.0
2025-09-23 06:00:00+00:00,-6.627307e-05,0.0,0.0,0.0
2025-09-23 07:00:00+00:00,-6.627307e-05,0.0,0.0,0.0
2025-09-23 08:00:00+00:00,-6.627307e-05,0.0,0.0,0.0
2025-09-23 09:00:00+00:00,-4.812009e-05,0.0,-0.0,-0.0
2025-09-23 10:00:00+00:00,-6.627307e-05,0.0,0.0,0.0
2025-09-23 11:00:00+00:00,-6.627307e-05,0.0,0.0,0.0
2025-09-23 12:00:00+00:00,-6.627307e-05,0.0,-0.0,-0.0
2025-09-23 13:00:00+00:00,-6.627307e-05,0.0,0.0,0.0
2025-09-23 14:00:00+00:00,-4.812009e-05,0.0,-0.0,-0.0
2025-09-23 15:00:00+00:00,0.00016972076,0.0,0.0,0.0
2025-09-23 16:00:00+00:00,0.00018787374,0.0,-0.0,-0.0
2025-09-23 17:00:00+00:00,0.00021262802,0.0,-0.0,-0.0
2025-09-23 18:00:00+00:00,0.0002284864,0.0,-0.0,-0.0
2025-09-23 19:00:00+00:00,0.00032488926,0.0,-0.0,-0.0
2025-09-23 20:00:00+00:00,0.0001427955,0.0,0.0,0.0
2025-09-23 21:00:00+00:00,0.00018314406,0.0,0.0,0.0
2025-09-23 22:00:00+00:00,0.00016972076,0.0,-0.0,-0.0
2025-09-23 23:00:00+00:00,0.00016094846,0.0,-0.0,-0.0
2025-09-24 00:00:00+00:00,0.0006742716,0.0,0.0,0.0
2025-09-24 01:00:00+00:00,0.0006742716,0.0,0.0,0.0
2025-09-24 02:00:00+00:00,0.00066549925,0.0,-0.0,-0.0
2025-09-24 03:00:00+00:00,0.00070964533,0.0,-0.0,-0.0
2025-09-24 04:00:00+00:00,0.0007125613,0.0,0.0,0.0
2025-09-24 05:00:00+00:00,0.0006168899,0.0,0.0,0.0
2025-09-24 06:00:00+00:00,0.0006168899,0.0,-0.0,-0.0
2025-09-24 07:00:00+00:00,0.0006168899,0.0,-0.0,-0.0
2025-09-24 08:00:00+00:00,0.0006168899,0.0,0.0,0.0
2025-09-24 09:00:00+00:00,0.0006168899,0.0,0.0,0.0
2025-09-24 10:00:00+00:00,0.0006168899,0.0,0.0,0.0
2025-09-24 11:00:00+00:00,0.0006168899,0.0,0.0,0.0
2025-09-24 12:00:00+00:00,0.0006168899,0.0,0.0,0.0
2025-09-24 13:00:00+00:00,0.00063504284,0.0,-0.0,-0.0
2025-09-24 14:00:00+00:00,0.00038089644,0.0,0.0,0.0
2025-09-24 15:00:00+00:00,0.00039904943,0.0,-0.0,-0.0
2025-09-24 16:00:00+00:00,0.00038089644,0.0,0.0,0.0
2025-09-24 17:00:00+00:00,0.00038089644,0.0,0.0,0.0
2025-09-24 18:00:00+00:00,0.00039904943,0.0,-0.0,-0.0
2025-09-24 19:00:00+00:00,0.00039904943,0.0,-0.0,-0.0
2025-09-24 20:00:00+00:00,0.00038089644,0.0,0.0,0.0
2025-09-24 21:00:00+00:00,0.00039904943,0.0,-0.0,-0.0
2025-09-24 22:00:00+00:00,0.0006168899,0.0,-0.0,-0.0
2025-09-24 23:00:00+00:00,0.0006168899,0.0,-0.0,-0.0
2025-09-25 00:00:00+00:00,0.00045387627,0.0,0.0,0.0
2025-09-25 01:00:00+00:00,0.00050491176,0.0,-0.0,-0.0
2025-09-25 02:00:00+00:00,0.00043572328,0.0,0.0,0.0
2025-09-25 03:00:00+00:00,0.00050491176,0.0,-0.0,-0.0
2025-09-25 04:00:00+00:00,0.00045790966,0.0,-0.0,-0.0
2025-09-25 05:00:00+00:00,0.00063808274,0.0,0.0,0.0
2025-09-25 06:00:00+00:00,0.0006859781,0.0,-0.0,-0.0
2025-09-25 07:00:00+00:00,0.00047921744,0.0,0.0,0.0
2025-09-25 08:00:00+00:00,0.0004313363,0.0,-0.0,-0.0
2025-09-25 09:00:00+00:00,0.00052508974,0.0,-0.0,-0.0
2025-09-25 10:00:00+00:00,0.00047675346,0.0,0.0,0.0
2025-09-25 11:00:00+00:00,0.0004889073,0.0,-0.0,-0.0
2025-09-25 12:00:00+00:00,0.000116821735,0.0,-0.0,-0.0
2025-09-25 13:00:00+00:00,0.00025633172,0.0,-0.0,-0.0
2025-09-25 14:00:00+00:00,0.00038159208,0.0,0.0,0.0
2025-09-25 15:00:00+00:00,0.00038159208,0.0,0.0,0.0
2025-09-25 16:00:00+00:00,0.0006909238,0.0,-0.0,-0.0
2025-09-25 17:00:00+00:00,0.00054262875,0.0,-0.0,-0.0
2025-09-25 18:00:00+00:00,0.0004752819,0.0,0.0,0.0
2025-09-25 19:00:00+00:00,-8.992018e-06,0.0,-0.0,-0.0
2025-09-25 20:00:00+00:00,6.2064115e-05,0.0,-0.0,-0.0
2025-09-25 21:00:00+00:00,0.00044986993,0.0,0.0,0.0
2025-09-25 22:00:00+00:00,0.00044986993,0.0,0.0,0.0
2025-09-25 23:00:00+00:00,0.00049564615,0.0,-0.0,-0.0
2025-09-26 00:00:00+00:00,0.0005870755,0.0,0.0,0.0
2025-09-26 01:00:00+00:00,0.00047496846,0.0,0.0,0.0
2025-09-26 02:00:00+00:00,0.0005870755,0.0,-0.0,-0.0
2025-09-26 03:00:00+00:00,0.00047496846,0.0,-0.0,-0.0
2025-09-26 04:00:00+00:00,0.00021240539,0.0,-0.0,-0.0
2025-09-26 05:00:00+00:00,0.00021240539,0.0,-0.0,-0.0
2025-09-26 06:00:00+00:00,0.00019425241,0.0,0.0,0.0
2025-09-26 07:00:00+00:00,0.00019425241,0.0,-0.0,-0.0
2025-09-26 08:00:00+00:00,0.0001328207,0.0,0.0,0.0
2025-09-26 09:00:00+00:00,0.0001328207,0.0,0.0,0.0
2025-09-26 10:00:00+00:00,0.0005280924,0.0,-0.0,-0.0
2025-09-26 11:00:00+00:00,0.00041353676,0.0,0.0,0.0
2025-09-26 12:00:00+00:00,0.00041353676,0.0,0.0,0.0
2025-09-26 13:00:00+00:00,0.00041353676,0.0,0.0,0.0
2025-09-26 14:00:00+00:00,0.0005735096,0.0,-0.0,-0.0
2025-09-26 15:00:00+00:00,0.00041353676,0.0,0.0,0.0
2025-09-26 16:00:00+00:00,0.00041353676,0.0,0.0,0.0
2025-09-26 17:00:00+00:00,-0.00015235155,0.0,0.0,0.0
2025-09-26 18:00:00+00:00,-0.00013419858,0.0,-0.0,-0.0
2025-09-26 19:00:00+00:00,-0.00011446522,0.0,-0.0,-0.0
2025-09-26 20:00:00+00:00,-5.4657354e-05,0.0,0.0,0.0
2025-09-26 21:00:00+00:00,-0.000105692954,0.0,0.0,0.0
2025-09-26 22:00:00+00:00,-0.000105692954,0.0,0.0,0.0
2025-09-26 23:00:00+00:00,-0.000105692954,0.0,0.0,0.0
2025-09-27 00:00:00+00:00,0.00041954167,0.0,0.0,0.0
2025-09-27 01:00:00+00:00,0.00043769466,0.0,-0.0,-0.0
2025-09-27 02:00:00+00:00,0.00041954167,0.0,-0.0,-0.0
2025-09-27 03:00:00+00:00,0.00041954167,0.0,0.0,0.0
2025-09-27 04:00:00+00:00,0.00041954167,0.0,0.0,0.0
2025-09-27 05:00:00+00:00,0.00041954167,0.0,-0.0,-0.0
2025-09-27 06:00:00+00:00,0.00043769466,0.0,-0.0,-0.0
2025-09-27 07:00:00+00:00,0.00043769466,0.0,-0.0,-0.0
2025-09-27 08:00:00+00:00,0.00037626308,0.0,-0.0,-0.0
2025-09-27 09:00:00+00:00,0.0003581101,0.0,0.0,0.0
2025-09-27 10:00:00+00:00,0.0003581101,0.0,0.0,0.0
2025-09-27 11:00:00+00:00,0.00037626308,0.0,-0.0,-0.0
2025-09-27 12:00:00+00:00,0.0003581101,0.0,0.0,0.0
2025-09-27 13:00:00+00:00,0.00037626308,0.0,-0.0,-0.0
2025-09-27 14:00:00+00:00,0.00033118483,0.0,-0.0,-0.0
2025-09-27 15:00:00+00:00,0.00028069256,0.0,0.0,0.0
2025-09-27 16:00:00+00:00,0.00028069256,0.0,-0.0,-0.0
2025-09-27 17:00:00+00:00,0.00028069256,0.0,-0.0,-0.0
2025-09-27 18:00:00+00:00,0.00030761783,0.0,0.0,0.0
2025-09-27 19:00:00+00:00,0.00030761783,0.0,-0.0,-0.0
2025-09-27 20:00:00+00:00,0.00030761783,0.0,-0.0,-0.0
2025-09-27 21:00:00+00:00,0.00030761783,0.0,0.0,0.0
2025-09-27 22:00:00+00:00,0.00030761783,0.0,0.0,0.0
2025-09-27 23:00:00+00:00,0.00030761783,0.0,0.0,0.0
2025-09-28 00:00:00+00:00,-2.2837787e-05,0.0,-0.0,-0.0
2025-09-28 01:00:00+00:00,-4.6848213e-06,0.0,-0.0,-0.0
2025-09-28 02:00:00+00:00,-2.2837787e-05,0.0,0.0,0.0
2025-09-28 03:00:00+00:00,-2.2837787e-05,0.0,-0.0,-0.0
2025-09-28 04:00:00+00:00,-9.350491e-05,0.0,-0.0,-0.0
2025-09-28 05:00:00+00:00,-0.000111657886,0.0,-0.0,-0.0
2025-09-28 06:00:00+00:00,-0.000111657886,0.0,0.0,0.0
2025-09-28 07:00:00+00:00,-0.000111657886,0.0,0.0,0.0
2025-09-28 08:00:00+00:00,-0.000111657886,0.0,-0.0,-0.0
2025-09-28 09:00:00+00:00,-0.000111657886,0.0,0.0,0.0
2025-09-28 10:00:00+00:00,-0.000120430166,0.0,-0.0,-0.0
2025-09-28 11:00:00+00:00,-0.00013858316,0.0,-0.0,-0.0
2025-09-28 12:00:00+00:00,-0.00013858316,0.0,-0.0,-0.0
2025-09-28 13:00:00+00:00,-0.000111657886,0.0,0.0,0.0
2025-09-28 14:00:00+00:00,-0.0001583165,0.0,0.0,0.0
2025-09-28 15:00:00+00:00,-6.323647e-05,0.0,0.0,0.0
2025-09-28 16:00:00+00:00,0.0004594345,0.0,0.0,0.0
2025-09-28 17:00:00+00:00,0.0002709466,0.0,-0.0,-0.0
2025-09-28 18:00:00+00:00,0.000643946,0.0,0.0,0.0
2025-09-28 19:00:00+00:00,0.00086299184,0.0,0.0,0.0
2025-09-28 20:00:00+00:00,0.0012662865,0.0,0.0,0.0
2025-09-28 21:00:00+00:00,0.0012662865,0.0,0.0,0.0
2025-09-28 22:00:00+00:00,0.0014945571,0.0,0.0,0.0
2025-09-28 23:00:00+00:00,0.0016715417,0.0,0.0,0.0
2025-09-29 00:00:00+00:00,0.0021986149,0.0,0.0,0.0
2025-09-29 01:00:00+00:00,0.00094618567,0.0,-0.0,-0.0
2025-09-29 02:00:00+00:00,0.00094618567,0.0,-0.0,-0.0
2025-09-29 03:00:00+00:00,0.0011685094,0.0,0.0,0.0
2025-09-29 04:00:00+00:00,0.00094618567,0.0,-0.0,-0.0
2025-09-29 05:00:00+00:00,0.00058185693,0.0,-0.0,-0.0
2025-09-29 06:00:00+00:00,8.529118e-05,0.0,-0.0,-0.0
2025-09-29 07:00:00+00:00,0.00048394,0.0,0.0,0.0
2025-09-29 08:00:00+00:00,0.0018201228,0.0,0.0,0.0
2025-09-29 09:00:00+00:00,0.0018201228,0.0,0.0,0.0
2025-09-29 10:00:00+00:00,0.0018201228,0.0,-0.0,-0.0
2025-09-29 11:00:00+00:00,0.0018201228,0.0,0.0,0.0
2025-09-29 12:00:00+00:00,0.0008909386,0.0,-0.0,-0.0
2025-09-29 13:00:00+00:00,0.0025918263,0.0,0.0,0.0
2025-09-29 14:00:00+00:00,0.0026437477,0.0,0.0,0.0
2025-09-29 15:00:00+00:00,0.002216768,0.0,-0.0,-0.0
2025-09-29 16:00:00+00:00,0.0016305889,0.0,-0.0,-0.0
2025-09-29 17:00:00+00:00,0.0020024092,0.0,0.0,0.0
2025-09-29 18:00:00+00:00,0.001927299,0.0,-0.0,-0.0
2025-09-29 19:00:00+00:00,0.0020024092,0.0,0.0,0.0
2025-09-29 20:00:00+00:00,0.0020024092,0.0,-0.0,-0.0
2025-09-29 21:00:00+00:00,0.001945452,0.0,-0.0,-0.0
2025-09-29 22:00:00+00:00,0.001927299,0.0,0.0,0.0
2025-09-29 23:00:00+00:00,0.001927299,0.0,0.0,0.0
2025-09-30 00:00:00+00:00,0.001357274,0.0,0.0,0.0
2025-09-30 01:00:00+00:00,0.001357274,0.0,-0.0,-0.0
2025-09-30 02:00:00+00:00,0.0012821635,0.0,-0.0,-0.0
2025-09-30 03:00:00+00:00,0.0010488565,0.0,-0.0,-0.0
2025-09-30 04:00:00+00:00,0.00048691395,0.0,-0.0,-0.0
2025-09-30 05:00:00+00:00,0.00053794944,0.0,-0.0,-0.0
2025-09-30 06:00:00+00:00,0.000468761,0.0,-0.0,-0.0
2025-09-30 07:00:00+00:00,0.00048691395,0.0,-0.0,-0.0
2025-09-30 08:00:00+00:00,0.00063119776,0.0,-0.0,-0.0
2025-09-30 09:00:00+00:00,0.000621318,0.0,-0.0,-0.0
2025-09-30 10:00:00+00:00,0.00060316507,0.0,0.0,0.0
2025-09-30 11:00:00+00:00,0.00061304483,0.0,0.0,0.0
2025-09-30 12:00:00+00:00,0.00061304483,0.0,-0.0,-0.0
2025-09-30 13:00:00+00:00,0.00058611954,0.0,0.0,0.0
2025-09-30 14:00:00+00:00,0.00061304483,0.0,0.0,0.0
2025-09-30 15:00:00+00:00,0.00060427247,0.0,-0.0,-0.0
2025-09-30 16:00:00+00:00,0.0006325829,0.0,-0.0,-0.0
2025-09-30 17:00:00+00:00,0.00058611954,0.0,0.0,0.0
2025-09-30 18:00:00+00:00,0.00061304483,0.0,0.0,0.0
2025-09-30 19:00:00+00:00,0.00030277495,0.0,0.0,0.0
2025-09-30 20:00:00+00:00,0.00030277495,0.0,0.0,0.0
2025-09-30 21:00:00+00:00,0.00040927113,0.0,-0.0,-0.0
2025-09-30 22:00:00+00:00,0.00040927113,0.0,-0.0,-0.0
2025-09-30 23:00:00+00:00,0.00044215372,0.0,0.0,0.0
2025-10-01 00:00:00+00:00,0.0006938497,0.0,0.0,0.0
2025-10-01 01:00:00+00:00,0.00054346694,0.0,0.0,0.0
2025-10-01 02:00:00+00:00,0.0006938497,0.0,-0.0,-0.0
2025-10-01 03:00:00+00:00,0.0006938497,0.0,-0.0,-0.0
2025-10-01 04:00:00+00:00,0.0006938497,0.0,0.0,0.0
2025-10-01 05:00:00+00:00,0.00060189265,0.0,0.0,0.0
2025-10-01 06:00:00+00:00,0.0006938497,0.0,-0.0,-0.0
2025-10-01 07:00:00+00:00,0.0006494326,0.0,0.0,0.0
2025-10-01 08:00:00+00:00,0.0016466941,0.0,0.0,0.0
2025-10-01 09:00:00+00:00,0.0011465611,0.0,0.0,0.0
2025-10-01 10:00:00+00:00,0.00059493934,0.0,-0.0,-0.0
2025-10-01 11:00:00+00:00,0.0015484963,0.0,0.0,0.0
2025-10-01 12:00:00+00:00,0.0003296443,0.0,-0.0,-0.0
2025-10-01 13:00:00+00:00,0.0009968752,0.0,0.0,0.0
2025-10-01 14:00:00+00:00,0.0016354173,0.0,0.0,0.0
2025-10-01 15:00:00+00:00,0.001539319,0.0,0.0,0.0
2025-10-01 16:00:00+00:00,0.0016604167,0.0,0.0,0.0
2025-10-01 17:00:00+00:00,0.0004162247,0.0,-0.0,-0.0
2025-10-01 18:00:00+00:00,0.0004605538,0.0,0.0,0.0
2025-10-01 19:00:00+00:00,0.00061555475,0.0,0.0,0.0
2025-10-01 20:00:00+00:00,0.0008556511,0.0,0.0,0.0
2025-10-01 21:00:00+00:00,0.000620829,0.0,0.0,0.0
2025-10-01 22:00:00+00:00,0.00077753206,0.0,0.0,0.0
2025-10-01 23:00:00+00:00,0.0015043698,0.0,0.0,0.0
2025-10-02 00:00:00+00:00,0.0012512185,0.0,-0.0,-0.0
2025-10-02 01:00:00+00:00,0.0010249811,0.0,0.0,0.0
2025-10-02 02:00:00+00:00,0.00086809095,0.0,0.0,0.0
2025-10-02 03:00:00+00:00,0.0007594341,0.0,-0.0,-0.0
2025-10-02 04:00:00+00:00,0.0007594341,0.0,-0.0,-0.0
2025-10-02 05:00:00+00:00,0.0001707273,0.0,-0.0,-0.0
2025-10-02 06:00:00+00:00,-6.924688e-05,0.0,0.0,0.0
2025-10-02 07:00:00+00:00,9.48638e-05,0.0,-0.0,-0.0
2025-10-02 08:00:00+00:00,-0.0005667598,0.0,0.0,0.0
2025-10-02 09:00:00+00:00,-0.00057287,0.0,0.0,0.0
2025-10-02 10:00:00+00:00,-0.0006177243,0.0,-0.0,-0.0
2025-10-02 11:00:00+00:00,-0.0006177243,0.0,0.0,0.0
2025-10-02 12:00:00+00:00,0.000526701,0.0,0.0,0.0
2025-10-02 13:00:00+00:00,0.000526701,0.0,0.0,0.0
2025-10-02 14:00:00+00:00,-0.0004855191,0.0,-0.0,-0.0
2025-10-02 15:00:00+00:00,-0.00012494989,0.0,0.0,0.0
2025-10-02 16:00:00+00:00,-0.00023060903,0.0,-0.0,-0.0
2025-10-02 17:00:00+00:00,-0.00028367213,0.0,0.0,0.0
2025-10-02 18:00:00+00:00,0.00041311566,0.0,0.0,0.0
2025-10-02 19:00:00+00:00,0.0009647397,0.0,0.0,0.0
2025-10-02 20:00:00+00:00,9.8581884e-05,0.0,-0.0,-0.0
2025-10-02 21:00:00+00:00,-4.1318017e-05,0.0,-0.0,-0.0
2025-10-02 22:00:00+00:00,0.00015358703,0.0,0.0,0.0
2025-10-02 23:00:00+00:00,2.8506456e-05,0.0,0.0,0.0
2025-10-03 00:00:00+00:00,6.79804e-05,0.0,-0.0,-0.0
2025-10-03 01:00:00+00:00,6.79804e-05,0.0,-0.0,-0.0
2025-10-03 02:00:00+00:00,6.79804e-05,0.0,0.0,0.0
2025-10-03 03:00:00+00:00,-0.00018948573,0.0,0.0,0.0
2025-10-03 04:00:00+00:00,6.79804e-05,0.0,-0.0,-0.0
2025-10-03 05:00:00+00:00,6.79804e-05,0.0,-0.0,-0.0
2025-10-03 06:00:00+00:00,2.9504836e-06,0.0,-0.0,-0.0
2025-10-03 07:00:00+00:00,-0.0004105941,0.0,-0.0,-0.0
2025-10-03 08:00:00+00:00,-0.00018948573,0.0,0.0,0.0
2025-10-03 09:00:00+00:00,-0.00020598559,0.0,0.0,0.0
2025-10-03 10:00:00+00:00,-0.00020598559,0.0,0.0,0.0
2025-10-03 11:00:00+00:00,-0.00020598559,0.0,-0.0,-0.0
2025-10-03 12:00:00+00:00,-0.00020598559,0.0,0.0,0.0
2025-10-03 13:00:00+00:00,-0.00020598559,0.0,0.0,0.0
2025-10-03 14:00:00+00:00,-1.4683682e-05,0.0,0.0,0.0
2025-10-03 15:00:00+00:00,0.0014012053,0.0,0.0,0.0
2025-10-03 16:00:00+00:00,0.0016081346,0.0,0.0,0.0
2025-10-03 17:00:00+00:00,0.00028138194,0.0,-0.0,-0.0
2025-10-03 18:00:00+00:00,0.0015640953,0.0,0.0,0.0
2025-10-03 19:00:00+00:00,0.0015640953,0.0,0.0,0.0
2025-10-03 20:00:00+00:00,0.0003493494,0.0,-0.0,-0.0
2025-10-03 21:00:00+00:00,1.6575509e-06,0.0,-0.0,-0.0
2025-10-03 22:00:00+00:00,7.300916e-05,0.0,0.0,0.0
2025-10-03 23:00:00+00:00,-0.00011723434,0.0,-0.0,-0.0
2025-10-04 00:00:00+00:00,0.00049566757,0.0,-0.0,-0.0
2025-10-04 01:00:00+00:00,0.00069057284,0.0,-0.0,-0.0
2025-10-04 02:00:00+00:00,0.00049566757,0.0,-0.0,-0.0
2025-10-04 03:00:00+00:00,0.00023820129,0.0,0.0,0.0
2025-10-04 04:00:00+00:00,0.00023613567,0.0,0.0,0.0
2025-10-04 05:00:00+00:00,0.00023613567,0.0,0.0,0.0
2025-10-04 06:00:00+00:00,0.00023820129,0.0,-0.0,-0.0
2025-10-04 07:00:00+00:00,0.00023820129,0.0,-0.0,-0.0
2025-10-04 08:00:00+00:00,0.0002217014,0.0,-0.0,-0.0
2025-10-04 09:00:00+00:00,0.0002217014,0.0,-0.0,-0.0
2025-10-04 10:00:00+00:00,0.00047916756,0.0,-0.0,-0.0
2025-10-04 11:00:00+00:00,0.0005267078,0.0,-0.0,-0.0
2025-10-04 12:00:00+00:00,0.00047916756,0.0,0.0,0.0
2025-10-04 13:00:00+00:00,0.0002217014,0.0,0.0,0.0
2025-10-04 14:00:00+00:00,0.0005267078,0.0,-0.0,-0.0
2025-10-04 15:00:00+00:00,0.00033333985,0.0,-0.0,-0.0
2025-10-04 16:00:00+00:00,0.00052824535,0.0,-0.0,-0.0
2025-10-04 17:00:00+00:00,1.4529299e-05,0.0,0.0,0.0
2025-10-04 18:00:00+00:00,0.00011609401,0.0,-0.0,-0.0
2025-10-04 19:00:00+00:00,0.00033333985,0.0,0.0,0.0
2025-10-04 20:00:00+00:00,-0.00024293676,0.0,-0.0,-0.0
2025-10-04 21:00:00+00:00,0.00020643201,0.0,0.0,0.0
2025-10-04 22:00:00+00:00,0.00020643201,0.0,0.0,0.0
2025-10-04 23:00:00+00:00,0.00026924134,0.0,0.0,0.0
2025-10-05 00:00:00+00:00,7.587404e-05,0.0,-0.0,-0.0
2025-10-05 01:00:00+00:00,0.00020643201,0.0,0.0,0.0
2025-10-05 02:00:00+00:00,0.0016173167,0.0,0.0,0.0
2025-10-05 03:00:00+00:00,0.0004497695,0.0,-0.0,-0.0
2025-10-05 04:00:00+00:00,0.0024586713,0.0,0.0,0.0
2025-10-05 05:00:00+00:00,0.0022661325,0.0,-0.0,-0.0
2025-10-05 06:00:00+00:00,0.0018543978,0.0,-0.0,-0.0
2025-10-05 07:00:00+00:00,0.00085962133,0.0,-0.0,-0.0
2025-10-05 08:00:00+00:00,0.0006741139,0.0,-0.0,-0.0
2025-10-05 09:00:00+00:00,0.0008616006,0.0,-0.0,-0.0
2025-10-05 10:00:00+00:00,0.0007779162,0.0,-0.0,-0.0
2025-10-05 11:00:00+00:00,0.00078709365,0.0,0.0,0.0
2025-10-05 12:00:00+00:00,0.0009838833,0.0,-0.0,-0.0
2025-10-05 13:00:00+00:00,0.00059218856,0.0,0.0,0.0
2025-10-05 14:00:00+00:00,0.00021056802,0.0,-0.0,-0.0
2025-10-05 15:00:00+00:00,7.083247e-05,0.0,-0.0,-0.0
2025-10-05 16:00:00+00:00,0.00032554456,0.0,0.0,0.0
2025-10-05 17:00:00+00:00,0.00059308566,0.0,-0.0,-0.0
2025-10-05 18:00:00+00:00,0.00020506124,0.0,-0.0,-0.0
2025-10-05 19:00:00+00:00,0.0005924027,0.0,-0.0,-0.0
2025-10-05 20:00:00+00:00,0.0004625272,0.0,0.0,0.0
2025-10-05 21:00:00+00:00,0.00020506124,0.0,0.0,0.0
2025-10-05 22:00:00+00:00,0.00033561903,0.0,0.0,0.0
2025-10-05 23:00:00+00:00,0.00039842876,0.0,0.0,0.0
2025-10-06 00:00:00+00:00,0.0008484602,0.0,-0.0,-0.0
2025-10-06 01:00:00+00:00,0.0014247738,0.0,0.0,0.0
2025-10-06 02:00:00+00:00,0.00093485106,0.0,0.0,0.0
2025-10-06 03:00:00+00:00,0.00093485106,0.0,-0.0,-0.0
2025-10-06 04:00:00+00:00,0.00041516946,0.0,-0.0,-0.0
2025-10-06 05:00:00+00:00,0.00061007496,0.0,-0.0,-0.0
2025-10-06 06:00:00+00:00,0.0009914842,0.0,0.0,0.0
2025-10-06 07:00:00+00:00,0.0005420779,0.0,-0.0,-0.0
2025-10-06 08:00:00+00:00,0.0006788127,0.0,0.0,0.0
2025-10-06 09:00:00+00:00,0.000421346,0.0,0.0,0.0
2025-10-06 10:00:00+00:00,0.000421346,0.0,0.0,0.0
2025-10-06 11:00:00+00:00,0.00093485106,0.0,0.0,0.0
2025-10-06 12:00:00+00:00,0.00093278545,0.0,0.0,0.0
2025-10-06 13:00:00+00:00,0.0010086489,0.0,0.0,0.0
2025-10-06 14:00:00+00:00,0.00093485106,0.0,-0.0,-0.0
2025-10-06 15:00:00+00:00,0.00093278545,0.0,0.0,0.0
2025-10-06 16:00:00+00:00,0.0020055552,0.0,0.0,0.0
2025-10-06 17:00:00+00:00,0.0015679772,0.0,-0.0,-0.0
2025-10-06 18:00:00+00:00,0.0022852798,0.0,0.0,0.0
2025-10-06 19:00:00+00:00,0.0014921138,0.0,-0.0,-0.0
2025-10-06 20:00:00+00:00,0.0014941795,0.0,-0.0,-0.0
2025-10-06 21:00:00+00:00,0.0016890846,0.0,-0.0,-0.0
2025-10-06 22:00:00+00:00,0.0017516457,0.0,-0.0,-0.0
2025-10-06 23:00:00+00:00,0.0014330464,0.0,-0.0,-0.0
2025-10-07 00:00:00+00:00,-0.00059519877,0.0,0.0,0.0
2025-10-07 01:00:00+00:00,-0.00059519877,0.0,-0.0,-0.0
2025-10-07 02:00:00+00:00,-0.000788566,0.0,-0.0,-0.0
2025-10-07 03:00:00+00:00,-0.0005936612,0.0,0.0,0.0
2025-10-07 04:00:00+00:00,-0.000788566,0.0,0.0,0.0
2025-10-07 05:00:00+00:00,-0.000788566,0.0,-0.0,-0.0
2025-10-07 06:00:00+00:00,-0.0012671404,0.0,-0.0,-0.0
2025-10-07 07:00:00+00:00,-0.0011277493,0.0,-0.0,-0.0
2025-10-07 08:00:00+00:00,5.4420627e-05,0.0,0.0,0.0
2025-10-07 09:00:00+00:00,-3.4887667e-05,0.0,0.0,0.0
2025-10-07 10:00:00+00:00,0.00044368661,0.0,0.0,0.0
2025-10-07 11:00:00+00:00,0.00018622066,0.0,0.0,0.0
2025-10-07 12:00:00+00:00,0.00031677843,0.0,0.0,0.0
2025-10-07 13:00:00+00:00,0.00015548486,0.0,-0.0,-0.0
2025-10-07 14:00:00+00:00,0.00030405313,0.0,-0.0,-0.0
2025-10-07 15:00:00+00:00,-2.2776581e-05,0.0,-0.0,-0.0
2025-10-07 16:00:00+00:00,-0.00014024571,0.0,-0.0,-0.0
2025-10-07 17:00:00+00:00,-0.0001954388,0.0,-0.0,-0.0
2025-10-07 18:00:00+00:00,-0.0001954388,0.0,-0.0,-0.0
2025-10-07 19:00:00+00:00,3.2833937e-05,0.0,0.0,0.0
2025-10-07 20:00:00+00:00,2.365651e-05,0.0,0.0,0.0
2025-10-07 21:00:00+00:00,2.1745433e-05,0.0,0.0,0.0
2025-10-07 22:00:00+00:00,2.1745433e-05,0.0,0.0,0.0
2025-10-07 23:00:00+00:00,0.00020901002,0.0,-0.0,-0.0
2025-10-08 00:00:00+00:00,0.0007173475,0.0,0.0,0.0
2025-10-08 01:00:00+00:00,0.0007173475,0.0,0.0,0.0
2025-10-08 02:00:00+00:00,0.0007173475,0.0,0.0,0.0
2025-10-08 03:00:00+00:00,0.0008536416,0.0,-0.0,-0.0
2025-10-08 04:00:00+00:00,0.00076433324,0.0,0.0,0.0
2025-10-08 05:00:00+00:00,0.0008536416,0.0,-0.0,-0.0
2025-10-08 06:00:00+00:00,0.00076433324,0.0,0.0,0.0
2025-10-08 07:00:00+00:00,0.00076433324,0.0,-0.0,-0.0
2025-10-08 08:00:00+00:00,0.0007230048,0.0,0.0,0.0
2025-10-08 09:00:00+00:00,0.0007230048,0.0,0.0,0.0
2025-10-08 10:00:00+00:00,0.0007230048,0.0,0.0,0.0
2025-10-08 11:00:00+00:00,0.0007230048,0.0,-0.0,-0.0
2025-10-08 12:00:00+00:00,0.0007230048,0.0,-0.0,-0.0
2025-10-08 13:00:00+00:00,0.00076433324,0.0,-0.0,-0.0
2025-10-08 14:00:00+00:00,0.00075002277,0.0,-0.0,-0.0
2025-10-08 15:00:00+00:00,0.0006607142,0.0,-0.0,-0.0
2025-10-08 16:00:00+00:00,0.0006607142,0.0,0.0,0.0
2025-10-08 17:00:00+00:00,0.00060221355,0.0,0.0,0.0
2025-10-08 18:00:00+00:00,0.0006607142,0.0,-0.0,-0.0
2025-10-08 19:00:00+00:00,0.0006607142,0.0,-0.0,-0.0
2025-10-08 20:00:00+00:00,0.0007592002,0.0,-0.0,-0.0
2025-10-08 21:00:00+00:00,0.00066989165,0.0,0.0,0.0
2025-10-08 22:00:00+00:00,0.0006607142,0.0,-0.0,-0.0
2025-10-08 23:00:00+00:00,0.0006607142,0.0,0.0,0.0
2025-10-09 00:00:00+00:00,3.624685e-05,0.0,-0.0,-0.0
2025-10-09 01:00:00+00:00,0.00012555515,0.0,-0.0,-0.0
2025-10-09 02:00:00+00:00,0.00021018198,0.0,-0.0,-0.0
2025-10-09 03:00:00+00:00,0.00017254098,0.0,0.0,0.0
2025-10-09 04:00:00+00:00,3.624685e-05,0.0,0.0,0.0
2025-10-09 05:00:00+00:00,3.624685e-05,0.0,-0.0,-0.0
2025-10-09 06:00:00+00:00,3.624685e-05,0.0,-0.0,-0.0
2025-10-09 07:00:00+00:00,3.624685e-05,0.0,-0.0,-0.0
2025-10-09 08:00:00+00:00,0.0005974816,0.0,-0.0,-0.0
2025-10-09 09:00:00+00:00,0.00024838359,0.0,0.0,0.0
2025-10-09 10:00:00+00:00,0.00024838359,0.0,0.0,0.0
2025-10-09 11:00:00+00:00,0.00016525814,0.0,0.0,0.0
2025-10-09 12:00:00+00:00,0.00022985374,0.0,0.0,0.0
2025-10-09 13:00:00+00:00,0.00034218788,0.0,-0.0,-0.0
2025-10-09 14:00:00+00:00,0.00089081354,0.0,-0.0,-0.0
2025-10-09 15:00:00+00:00,0.00059313467,0.0,-0.0,-0.0
2025-10-09 16:00:00+00:00,0.0017717738,0.0,-0.0,-0.0
2025-10-09 17:00:00+00:00,0.00091710524,0.0,0.0,0.0
2025-10-09 18:00:00+00:00,0.0010056954,0.0,-0.0,-0.0
2025-10-09 19:00:00+00:00,0.0011094444,0.0,0.0,0.0
2025-10-09 20:00:00+00:00,0.0010091955,0.0,0.0,0.0
2025-10-09 21:00:00+00:00,0.00086102897,0.0,0.0,0.0
2025-10-09 22:00:00+00:00,0.00085185154,0.0,0.0,0.0
2025-10-09 23:00:00+00:00,0.00085185154,0.0,-0.0,-0.0
2025-10-10 00:00:00+00:00,0.0007377189,0.0,0.0,0.0
2025-10-10 01:00:00+00:00,0.0008363172,0.0,-0.0,-0.0
2025-10-10 02:00:00+00:00,0.00081481115,0.0,-0.0,-0.0
2025-10-10 03:00:00+00:00,0.00087144424,0.0,-0.0,-0.0
2025-10-10 04:00:00+00:00,0.0007769849,0.0,0.0,0.0
2025-10-10 05:00:00+00:00,0.0006810858,0.0,0.0,0.0
2025-10-10 06:00:00+00:00,0.0007255029,0.0,-0.0,-0.0
2025-10-10 07:00:00+00:00,0.0007769849,0.0,-0.0,-0.0
2025-10-10 08:00:00+00:00,0.0005321743,0.0,0.0,0.0
2025-10-10 09:00:00+00:00,0.00057659164,0.0,-0.0,-0.0
2025-10-10 10:00:00+00:00,0.00057659164,0.0,0.0,0.0
2025-10-10 11:00:00+00:00,0.00030086195,0.0,0.0,0.0
2025-10-10 12:00:00+00:00,0.00030288222,0.0,0.0,0.0
2025-10-10 13:00:00+00:00,0.00014599996,0.0,0.0,0.0
2025-10-10 14:00:00+00:00,0.0003173664,0.0,-0.0,-0.0
2025-10-10 15:00:00+00:00,0.00025862426,0.0,-0.0,-0.0
2025-10-10 16:00:00+00:00,-0.0004101181,0.0,-0.0,-0.0
2025-10-10 17:00:00+00:00,-0.0005339802,0.0,-0.0,-0.0
2025-10-10 18:00:00+00:00,-0.0009158048,0.0,-0.0,-0.0
2025-10-10 19:00:00+00:00,-0.000636519,0.0,-0.0,-0.0
2025-10-10 20:00:00+00:00,-0.0061005647,0.0,-0.0,-0.0
2025-10-10 21:00:00+00:00,-0.006186264,0.0,-0.0,-0.0
2025-10-10 22:00:00+00:00,-0.0054452815,0.0,0.0,0.0
2025-10-10 23:00:00+00:00,-0.004742649,0.0,-0.0,-0.0
2025-10-11 00:00:00+00:00,-0.0025683194,0.0,-0.0,-0.0
2025-10-11 01:00:00+00:00,-0.0018504137,0.0,-0.0,-0.0
2025-10-11 02:00:00+00:00,0.00448899,0.0,0.0,0.0
2025-10-11 03:00:00+00:00,0.0036554688,0.0,-0.0,-0.0
2025-10-11 04:00:00+00:00,0.006349596,0.0,0.0,0.0
2025-10-11 05:00:00+00:00,0.006095488,1.0,-0.005821907740380694,-0.006221907740380693
2025-10-11 06:00:00+00:00,0.0061331536,1.0,-0.003011439553562756,-0.003011439553562756
2025-10-11 07:00:00+00:00,0.006740263,1.0,-0.014833035714285736,-0.014833035714285736
2025-10-11 08:00:00+00:00,0.008969301,1.0,0.008373908066707337,0.008373908066707337
2025-10-11 09:00:00+00:00,0.009149993,1.0,0.002723914096502744,0.002723914096502744
2025-10-11 10:00:00+00:00,0.008536167,1.0,0.004359329179542737,0.004359329179542737
2025-10-11 11:00:00+00:00,0.008463253,1.0,0.0014402587111559395,0.0014402587111559395
2025-10-11 12:00:00+00:00,0.008463253,1.0,0.0008465167173685728,0.0008465167173685728
2025-10-11 13:00:00+00:00,0.0077998894,1.0,-0.0009882513826615646,-0.0009882513826615646
2025-10-11 14:00:00+00:00,0.008358031,1.0,-0.002442771766157037,-0.002442771766157037
2025-10-11 15:00:00+00:00,0.008317317,1.0,-0.001698314639364984,-0.001698314639364984
2025-10-11 16:00:00+00:00,0.007962109,1.0,0.0005269002621340179,0.0005269002621340179
2025-10-11 17:00:00+00:00,0.007843801,1.0,0.001258454542689913,0.001258454542689913
2025-10-11 18:00:00+00:00,0.007843801,1.0,-0.0003332008271956788,-0.0003332008271956788
2025-10-11 19:00:00+00:00,0.0077677593,1.0,-0.006974528895370424,-0.006974528895370424
2025-10-11 20:00:00+00:00,0.0028190825,1.0,-0.008475910829710553,-0.008475910829710553
2025-10-11 21:00:00+00:00,-0.0027825101,0.0,-0.0008,-0.0012000000000000001
2025-10-11 22:00:00+00:00,-0.0025796853,0.0,0.0,0.0
2025-10-11 23:00:00+00:00,-0.002782675,0.0,-0.0,-0.0
2025-10-12 00:00:00+00:00,-0.0012510566,0.0,0.0,0.0
2025-10-12 01:00:00+00:00,-0.002579491,0.0,0.0,0.0
2025-10-12 02:00:00+00:00,-0.0012130355,0.0,0.0,0.0
2025-10-12 03:00:00+00:00,-0.0015537083,0.0,0.0,0.0
2025-10-12 04:00:00+00:00,-0.0008708243,0.0,0.0,0.0
2025-10-12 05:00:00+00:00,-0.00095728075,0.0,0.0,0.0
2025-10-12 06:00:00+00:00,-0.0008108797,0.0,-0.0,-0.0
2025-10-12 07:00:00+00:00,-0.00070107664,0.0,-0.0,-0.0
2025-10-12 08:00:00+00:00,-0.00016920592,0.0,-0.0,-0.0
2025-10-12 09:00:00+00:00,-0.00018125521,0.0,0.0,0.0
2025-10-12 10:00:00+00:00,-2.6310885e-05,0.0,-0.0,-0.0
2025-10-12 11:00:00+00:00,-0.00018125521,0.0,0.0,0.0
2025-10-12 12:00:00+00:00,-0.0007310613,0.0,-0.0,-0.0
2025-10-12 13:00:00+00:00,-0.00081060134,0.0,-0.0,-0.0
2025-10-12 14:00:00+00:00,-0.00045237137,0.0,0.0,0.0
2025-10-12 15:00:00+00:00,0.00056469627,0.0,0.0,0.0
2025-10-12 16:00:00+00:00,-9.379623e-05,0.0,0.0,0.0
2025-10-12 17:00:00+00:00,0.00036145322,0.0,-0.0,-0.0
2025-10-12 18:00:00+00:00,0.000910078,0.0,0.0,0.0
2025-10-12 19:00:00+00:00,0.0004922013,0.0,0.0,0.0
2025-10-12 20:00:00+00:00,0.00076822704,0.0,0.0,0.0
2025-10-12 21:00:00+00:00,0.00091029936,0.0,-0.0,-0.0
2025-10-12 22:00:00+00:00,0.0010350231,0.0,0.0,0.0
2025-10-12 23:00:00+00:00,-1.0732142e-05,0.0,-0.0,-0.0
2025-10-13 00:00:00+00:00,0.0009898016,0.0,0.0,0.0
2025-10-13 01:00:00+00:00,0.0025331134,0.0,0.0,0.0
2025-10-13 02:00:00+00:00,0.0011215028,0.0,-0.0,-0.0
2025-10-13 03:00:00+00:00,0.002146533,0.0,-0.0,-0.0
2025-10-13 04:00:00+00:00,0.0024996158,0.0,-0.0,-0.0
2025-10-13 05:00:00+00:00,0.0025881922,0.0,-0.0,-0.0
2025-10-13 06:00:00+00:00,0.0020652278,0.0,0.0,0.0
2025-10-13 07:00:00+00:00,0.0020652278,0.0,0.0,0.0
2025-10-13 08:00:00+00:00,0.0023934373,0.0,-0.0,-0.0
2025-10-13 09:00:00+00:00,0.0025312568,0.0,-0.0,-0.0
2025-10-13 10:00:00+00:00,0.0026259364,0.0,-0.0,-0.0
2025-10-13 11:00:00+00:00,0.0027344131,0.0,-0.0,-0.0
2025-10-13 12:00:00+00:00,0.00266393,0.0,0.0,0.0
2025-10-13 13:00:00+00:00,0.001525577,0.0,0.0,0.0
2025-10-13 14:00:00+00:00,0.0022957404,0.0,-0.0,-0.0
2025-10-13 15:00:00+00:00,0.001953402,0.0,0.0,0.0
2025-10-13 16:00:00+00:00,0.0013839614,0.0,0.0,0.0
2025-10-13 17:00:00+00:00,0.0012946532,0.0,0.0,0.0
2025-10-13 18:00:00+00:00,0.0012946532,0.0,0.0,0.0
2025-10-13 19:00:00+00:00,0.000769076,0.0,0.0,0.0
2025-10-13 20:00:00+00:00,0.0005675826,0.0,-0.0,-0.0
2025-10-13 21:00:00+00:00,0.000624097,0.0,-0.0,-0.0
2025-10-13 22:00:00+00:00,0.0009195621,0.0,-0.0,-0.0
2025-10-13 23:00:00+00:00,0.00100887,0.0,-0.0,-0.0
2025-10-14 00:00:00+00:00,0.0006839416,0.0,0.0,0.0
2025-10-14 01:00:00+00:00,0.0006890926,0.0,-0.0,-0.0
2025-10-14 02:00:00+00:00,0.0011622396,0.0,-0.0,-0.0
2025-10-14 03:00:00+00:00,0.0008690176,0.0,-0.0,-0.0
2025-10-14 04:00:00+00:00,0.0011251175,0.0,-0.0,-0.0
2025-10-14 05:00:00+00:00,0.0013997639,0.0,-0.0,-0.0
2025-10-14 06:00:00+00:00,0.0013388051,0.0,-0.0,-0.0
2025-10-14 07:00:00+00:00,0.0016224947,0.0,-0.0,-0.0
2025-10-14 08:00:00+00:00,0.0017850114,0.0,0.0,0.0
2025-10-14 09:00:00+00:00,0.0024040411,0.0,-0.0,-0.0
2025-10-14 10:00:00+00:00,0.002372298,0.0,-0.0,-0.0
2025-10-14 11:00:00+00:00,0.0021328607,0.0,0.0,0.0
2025-10-14 12:00:00+00:00,0.002604744,0.0,-0.0,-0.0
2025-10-14 13:00:00+00:00,0.002220409,0.0,0.0,0.0
2025-10-14 14:00:00+00:00,0.0013899467,0.0,0.0,0.0
2025-10-14 15:00:00+00:00,0.00069269945,0.0,0.0,0.0
2025-10-14 16:00:00+00:00,0.0012161665,0.0,0.0,0.0
2025-10-14 17:00:00+00:00,0.0012161665,0.0,0.0,0.0
2025-10-14 18:00:00+00:00,0.0012992917,0.0,0.0,0.0
2025-10-14 19:00:00+00:00,0.0012237068,0.0,-0.0,-0.0
2025-10-14 20:00:00+00:00,0.0012217957,0.0,0.0,0.0
2025-10-14 21:00:00+00:00,0.001142135,0.0,0.0,0.0
2025-10-14 22:00:00+00:00,0.0010846074,0.0,0.0,0.0
2025-10-14 23:00:00+00:00,0.001142135,0.0,-0.0,-0.0
2025-10-15 00:00:00+00:00,0.0025632142,0.0,0.0,0.0
2025-10-15 01:00:00+00:00,0.0017052504,0.0,-0.0,-0.0
2025-10-15 02:00:00+00:00,0.0010885332,0.0,0.0,0.0
2025-10-15 03:00:00+00:00,0.0018034483,0.0,-0.0,-0.0
2025-10-15 04:00:00+00:00,0.0011660295,0.0,0.0,0.0
2025-10-15 05:00:00+00:00,0.0011660295,0.0,0.0,0.0
2025-10-15 06:00:00+00:00,0.0011660295,0.0,0.0,0.0
2025-10-15 07:00:00+00:00,0.0010885332,0.0,0.0,0.0
2025-10-15 08:00:00+00:00,0.00078976306,0.0,0.0,0.0
2025-10-15 09:00:00+00:00,0.0009952699,0.0,-0.0,-0.0
2025-10-15 10:00:00+00:00,0.0009952699,0.0,-0.0,-0.0
2025-10-15 11:00:00+00:00,0.0010375922,0.0,-0.0,-0.0
2025-10-15 12:00:00+00:00,0.0010375922,0.0,-0.0,-0.0
2025-10-15 13:00:00+00:00,0.0011535436,0.0,-0.0,-0.0
2025-10-15 14:00:00+00:00,0.0012036264,0.0,-0.0,-0.0
2025-10-15 15:00:00+00:00,0.0015162686,0.0,-0.0,-0.0
2025-10-15 16:00:00+00:00,0.0007678101,0.0,-0.0,-0.0
2025-10-15 17:00:00+00:00,0.0010654886,0.0,0.0,0.0
2025-10-15 18:00:00+00:00,0.00069107156,0.0,0.0,0.0
2025-10-15 19:00:00+00:00,0.00069107156,0.0,-0.0,-0.0
2025-10-15 20:00:00+00:00,0.00079132075,0.0,-0.0,-0.0
2025-10-15 21:00:00+00:00,0.0008806291,0.0,-0.0,-0.0
2025-10-15 22:00:00+00:00,0.0008806291,0.0,-0.0,-0.0
2025-10-15 23:00:00+00:00,0.00079132075,0.0,0.0,0.0
2025-10-16 00:00:00+00:00,0.00029555403,0.0,0.0,0.0
2025-10-16 01:00:00+00:00,0.0002078747,0.0,0.0,0.0
2025-10-16 02:00:00+00:00,2.9270475e-05,0.0,0.0,0.0
2025-10-16 03:00:00+00:00,2.411941e-05,0.0,-0.0,-0.0
2025-10-16 04:00:00+00:00,0.0002078747,0.0,-0.0,-0.0
2025-10-16 05:00:00+00:00,0.00029718288,0.0,-0.0,-0.0
2025-10-16 06:00:00+00:00,2.411941e-05,0.0,0.0,0.0
2025-10-16 07:00:00+00:00,0.0005184535,0.0,-0.0,-0.0
2025-10-16 08:00:00+00:00,0.0012310322,0.0,0.0,0.0
2025-10-16 09:00:00+00:00,0.000906154,0.0,0.0,0.0
2025-10-16 10:00:00+00:00,0.0008116946,0.0,0.0,0.0
2025-10-16 11:00:00+00:00,0.00093368767,0.0,-0.0,-0.0
2025-10-16 12:00:00+00:00,0.0007609993,0.0,0.0,0.0
2025-10-16 13:00:00+00:00,0.00085030764,0.0,-0.0,-0.0
2025-10-16 14:00:00+00:00,0.00067170337,0.0,-0.0,-0.0
2025-10-16 15:00:00+00:00,0.002911866,0.0,-0.0,-0.0
2025-10-16 16:00:00+00:00,0.0019958594,0.0,0.0,0.0
2025-10-16 17:00:00+00:00,0.0018593958,0.0,-0.0,-0.0
2025-10-16 18:00:00+00:00,0.0017580343,0.0,0.0,0.0
2025-10-16 19:00:00+00:00,0.00195686,0.0,-0.0,-0.0
2025-10-16 20:00:00+00:00,0.0011941072,0.0,-0.0,-0.0
2025-10-16 21:00:00+00:00,0.002034328,0.0,0.0,0.0
2025-10-16 22:00:00+00:00,0.0011759487,0.0,-0.0,-0.0
2025-10-16 23:00:00+00:00,0.0018616399,0.0,0.0,0.0
2025-10-17 00:00:00+00:00,0.0017987955,0.0,0.0,0.0
2025-10-17 01:00:00+00:00,0.0017271603,0.0,0.0,0.0
2025-10-17 02:00:00+00:00,0.0015722713,0.0,0.0,0.0
2025-10-17 03:00:00+00:00,0.0015722713,0.0,0.0,0.0
2025-10-17 04:00:00+00:00,0.0019466879,0.0,-0.0,-0.0
2025-10-17 05:00:00+00:00,0.0022743715,0.0,-0.0,-0.0
2025-10-17 06:00:00+00:00,0.003942209,0.0,-0.0,-0.0
2025-10-17 07:00:00+00:00,0.0040054764,0.0,-0.0,-0.0
2025-10-17 08:00:00+00:00,0.0028309938,0.0,0.0,0.0
2025-10-17 09:00:00+00:00,0.0028184224,0.0,-0.0,-0.0
2025-10-17 10:00:00+00:00,0.0037173326,0.0,0.0,0.0
2025-10-17 11:00:00+00:00,0.0038508363,0.0,0.0,0.0
2025-10-17 12:00:00+00:00,0.0038508363,0.0,-0.0,-0.0
2025-10-17 13:00:00+00:00,0.0029275853,0.0,0.0,0.0
2025-10-17 14:00:00+00:00,0.0032895654,0.0,-0.0,-0.0
2025-10-17 15:00:00+00:00,0.00142916,0.0,0.0,0.0
2025-10-17 16:00:00+00:00,0.00086882367,0.0,0.0,0.0
2025-10-17 17:00:00+00:00,0.00081145344,0.0,0.0,0.0
2025-10-17 18:00:00+00:00,0.0008945788,0.0,0.0,0.0
2025-10-17 19:00:00+00:00,0.00086882367,0.0,-0.0,-0.0
2025-10-17 20:00:00+00:00,0.0005312201,0.0,0.0,0.0
2025-10-17 21:00:00+00:00,0.0003636827,0.0,0.0,0.0
2025-10-17 22:00:00+00:00,0.00038428674,0.0,-0.0,-0.0
2025-10-17 23:00:00+00:00,0.00047438854,0.0,-0.0,-0.0
2025-10-18 00:00:00+00:00,0.0010569398,0.0,0.0,0.0
2025-10-18 01:00:00+00:00,0.0008598406,0.0,0.0,0.0
2025-10-18 02:00:00+00:00,0.0011251324,0.0,-0.0,-0.0
2025-10-18 03:00:00+00:00,0.00096008985,0.0,0.0,0.0
2025-10-18 04:00:00+00:00,0.001188686,0.0,-0.0,-0.0
2025-10-18 05:00:00+00:00,0.0008598406,0.0,0.0,0.0
2025-10-18 06:00:00+00:00,0.0005407521,0.0,0.0,0.0
2025-10-18 07:00:00+00:00,0.0005407521,0.0,-0.0,-0.0
2025-10-18 08:00:00+00:00,0.0005507267,0.0,0.0,0.0
2025-10-18 09:00:00+00:00,0.0005249714,0.0,0.0,0.0
2025-10-18 10:00:00+00:00,0.0005249714,0.0,0.0,0.0
2025-10-18 11:00:00+00:00,0.00041619258,0.0,0.0,0.0
2025-10-18 12:00:00+00:00,0.00041619258,0.0,-0.0,-0.0
2025-10-18 13:00:00+00:00,0.00041619258,0.0,-0.0,-0.0
2025-10-18 14:00:00+00:00,0.00041619258,0.0,0.0,0.0
2025-10-18 15:00:00+00:00,0.00036920677,0.0,-0.0,-0.0
2025-10-18 16:00:00+00:00,0.00046754576,0.0,0.0,0.0
2025-10-18 17:00:00+00:00,0.00046754576,0.0,0.0,0.0
2025-10-18 18:00:00+00:00,0.00046754576,0.0,-0.0,-0.0
2025-10-18 19:00:00+00:00,0.00046754576,0.0,0.0,0.0
2025-10-18 20:00:00+00:00,0.00046754576,0.0,-0.0,-0.0
2025-10-18 21:00:00+00:00,0.00046754576,0.0,0.0,0.0
2025-10-18 22:00:00+00:00,0.00046754576,0.0,-0.0,-0.0
2025-10-18 23:00:00+00:00,0.00046754576,0.0,0.0,0.0
2025-10-19 00:00:00+00:00,0.00036920677,0.0,0.0,0.0
2025-10-19 01:00:00+00:00,0.00036920677,0.0,0.0,0.0
2025-10-19 02:00:00+00:00,0.00036920677,0.0,-0.0,-0.0
2025-10-19 03:00:00+00:00,0.00036920677,0.0,0.0,0.0
2025-10-19 04:00:00+00:00,0.00036920677,0.0,-0.0,-0.0
2025-10-19 05:00:00+00:00,0.00036920677,0.0,-0.0,-0.0
2025-10-19 06:00:00+00:00,0.00045851513,0.0,-0.0,-0.0
2025-10-19 07:00:00+00:00,0.00036920677,0.0,0.0,0.0
2025-10-19 08:00:00+00:00,-0.00027375674,0.0,-0.0,-0.0
2025-10-19 09:00:00+00:00,-0.00020640968,0.0,0.0,0.0
2025-10-19 10:00:00+00:00,-0.0006271274,0.0,0.0,0.0
2025-10-19 11:00:00+00:00,-0.00045611657,0.0,-0.0,-0.0
2025-10-19 12:00:00+00:00,-0.00037299132,0.0,-0.0,-0.0
2025-10-19 13:00:00+00:00,-0.0006271274,0.0,0.0,0.0
2025-10-19 14:00:00+00:00,-0.0008664364,0.0,0.0,0.0
2025-10-19 15:00:00+00:00,-0.00075518806,0.0,0.0,0.0
2025-10-19 16:00:00+00:00,-0.00058234204,0.0,0.0,0.0
2025-10-19 17:00:00+00:00,0.00052606233,0.0,0.0,0.0
2025-10-19 18:00:00+00:00,0.0003233513,0.0,0.0,0.0
2025-10-19 19:00:00+00:00,-0.00071689335,0.0,-0.0,-0.0
2025-10-19 20:00:00+00:00,-0.000524654,0.0,-0.0,-0.0
2025-10-19 21:00:00+00:00,-0.00043328054,0.0,-0.0,-0.0
2025-10-19 22:00:00+00:00,-0.0006702796,0.0,0.0,0.0
2025-10-19 23:00:00+00:00,-0.0005598805,0.0,-0.0,-0.0
2025-10-20 00:00:00+00:00,0.0002872342,0.0,0.0,0.0
2025-10-20 01:00:00+00:00,0.00032958377,0.0,0.0,0.0
2025-10-20 02:00:00+00:00,0.00019792603,0.0,0.0,0.0
2025-10-20 03:00:00+00:00,0.0001210038,0.0,0.0,0.0
2025-10-20 04:00:00+00:00,-0.000883103,0.0,0.0,0.0
2025-10-20 05:00:00+00:00,0.0006004781,0.0,0.0,0.0
2025-10-20 06:00:00+00:00,0.0004121979,0.0,0.0,0.0
2025-10-20 07:00:00+00:00,0.00036465778,0.0,-0.0,-0.0
2025-10-20 08:00:00+00:00,-0.0006303986,0.0,0.0,0.0
2025-10-20 09:00:00+00:00,-0.0008793572,0.0,-0.0,-0.0
2025-10-20 10:00:00+00:00,-0.00054932205,0.0,-0.0,-0.0
2025-10-20 11:00:00+00:00,-0.0006787008,0.0,0.0,0.0
2025-10-20 12:00:00+00:00,-0.00077428663,0.0,-0.0,-0.0
2025-10-20 13:00:00+00:00,-0.0003235967,0.0,0.0,0.0
2025-10-20 14:00:00+00:00,-0.00032818137,0.0,0.0,0.0
2025-10-20 15:00:00+00:00,-0.00018069758,0.0,-0.0,-0.0
2025-10-20 16:00:00+00:00,9.856963e-05,0.0,0.0,0.0
2025-10-20 17:00:00+00:00,0.0001591266,0.0,-0.0,-0.0
2025-10-20 18:00:00+00:00,9.1573056e-05,0.0,0.0,0.0
2025-10-20 19:00:00+00:00,0.0001339227,0.0,-0.0,-0.0
2025-10-20 20:00:00+00:00,-0.00012021389,0.0,0.0,0.0
2025-10-20 21:00:00+00:00,5.024454e-05,0.0,-0.0,-0.0
2025-10-20 22:00:00+00:00,5.024454e-05,0.0,0.0,0.0
2025-10-20 23:00:00+00:00,0.00011677693,0.0,-0.0,-0.0
2025-10-21 00:00:00+00:00,-0.00034172967,0.0,0.0,0.0
2025-10-21 01:00:00+00:00,-0.00018893559,0.0,-0.0,-0.0
2025-10-21 02:00:00+00:00,-0.0002100717,0.0,-0.0,-0.0
2025-10-21 03:00:00+00:00,-1.7644925e-06,0.0,-0.0,-0.0
2025-10-21 04:00:00+00:00,0.00088733307,0.0,-0.0,-0.0
2025-10-21 05:00:00+00:00,0.00079092965,0.0,-0.0,-0.0
2025-10-21 06:00:00+00:00,0.00039081447,0.0,0.0,0.0
2025-10-21 07:00:00+00:00,0.00031407562,0.0,0.0,0.0
2025-10-21 08:00:00+00:00,-0.0001557846,0.0,-0.0,-0.0
2025-10-21 09:00:00+00:00,-0.0001557846,0.0,0.0,0.0
2025-10-21 10:00:00+00:00,-0.0003736359,0.0,0.0,0.0
2025-10-21 11:00:00+00:00,-0.0004311634,0.0,0.0,0.0
2025-10-21 12:00:00+00:00,-0.00053697574,0.0,0.0,0.0
2025-10-21 13:00:00+00:00,-0.0004149644,0.0,-0.0,-0.0
2025-10-21 14:00:00+00:00,-0.0022365618,0.0,0.0,0.0
2025-10-21 15:00:00+00:00,0.00020813772,0.0,0.0,0.0
2025-10-21 16:00:00+00:00,-0.0021280644,0.0,0.0,0.0
2025-10-21 17:00:00+00:00,-0.0012152054,0.0,-0.0,-0.0
2025-10-21 18:00:00+00:00,-0.001326092,0.0,-0.0,-0.0
2025-10-21 19:00:00+00:00,-0.000939733,0.0,-0.0,-0.0
2025-10-21 20:00:00+00:00,0.0006768384,0.0,-0.0,-0.0
2025-10-21 21:00:00+00:00,0.00046650873,0.0,0.0,0.0
2025-10-21 22:00:00+00:00,0.0016636504,0.0,-0.0,-0.0
2025-10-21 23:00:00+00:00,0.0014664552,0.0,-0.0,-0.0
2025-10-22 00:00:00+00:00,0.0011658155,0.0,0.0,0.0
2025-10-22 01:00:00+00:00,0.0015739857,0.0,0.0,0.0
2025-10-22 02:00:00+00:00,0.001220823,0.0,-0.0,-0.0
2025-10-22 03:00:00+00:00,0.0012430856,0.0,0.0,0.0
2025-10-22 04:00:00+00:00,0.00087088963,0.0,0.0,0.0
2025-10-22 05:00:00+00:00,0.0010429838,0.0,-0.0,-0.0
2025-10-22 06:00:00+00:00,0.0010429838,0.0,-0.0,-0.0
2025-10-22 07:00:00+00:00,0.00093537377,0.0,0.0,0.0
2025-10-22 08:00:00+00:00,0.0010272871,0.0,-0.0,-0.0
2025-10-22 09:00:00+00:00,0.001104783,0.0,-0.0,-0.0
2025-10-22 10:00:00+00:00,0.0014098173,0.0,-0.0,-0.0
2025-10-22 11:00:00+00:00,0.0012452579,0.0,-0.0,-0.0
2025-10-22 12:00:00+00:00,0.0010547005,0.0,0.0,0.0
2025-10-22 13:00:00+00:00,0.0008777203,0.0,0.0,0.0
2025-10-22 14:00:00+00:00,0.0010806666,0.0,0.0,0.0
2025-10-22 15:00:00+00:00,0.0015546298,0.0,-0.0,-0.0
2025-10-22 16:00:00+00:00,0.000852731,0.0,-0.0,-0.0
2025-10-22 17:00:00+00:00,0.00096522697,0.0,-0.0,-0.0
2025-10-22 18:00:00+00:00,0.0008759187,0.0,0.0,0.0
2025-10-22 19:00:00+00:00,0.0008759187,0.0,-0.0,-0.0
2025-10-22 20:00:00+00:00,0.0008759187,0.0,-0.0,-0.0
2025-10-22 21:00:00+00:00,0.00096522697,0.0,-0.0,-0.0
2025-10-22 22:00:00+00:00,0.0009163303,0.0,-0.0,-0.0
2025-10-22 23:00:00+00:00,0.0007216216,0.0,0.0,0.0
2025-10-23 00:00:00+00:00,8.51173e-05,0.0,0.0,0.0
2025-10-23 01:00:00+00:00,1.8074232e-05,0.0,0.0,0.0
2025-10-23 02:00:00+00:00,-6.323103e-05,0.0,0.0,0.0
2025-10-23 03:00:00+00:00,-0.00026436854,0.0,-0.0,-0.0
2025-10-23 04:00:00+00:00,-0.00031933706,0.0,0.0,0.0
2025-10-23 05:00:00+00:00,-0.00031933706,0.0,0.0,0.0
2025-10-23 06:00:00+00:00,-0.0009581436,0.0,0.0,0.0
2025-10-23 07:00:00+00:00,6.547653e-05,0.0,-0.0,-0.0
2025-10-23 08:00:00+00:00,2.5769874e-05,0.0,0.0,0.0
2025-10-23 09:00:00+00:00,0.0001171438,0.0,-0.0,-0.0
2025-10-23 10:00:00+00:00,2.783549e-05,0.0,-0.0,-0.0
2025-10-23 11:00:00+00:00,0.00010914077,0.0,-0.0,-0.0
2025-10-23 12:00:00+00:00,-6.3547624e-05,0.0,-0.0,-0.0
2025-10-23 13:00:00+00:00,-0.00019183866,0.0,0.0,0.0
2025-10-23 14:00:00+00:00,-0.00019183866,0.0,0.0,0.0
2025-10-23 15:00:00+00:00,-0.00015257581,0.0,0.0,0.0
2025-10-23 16:00:00+00:00,-0.0003534138,0.0,0.0,0.0
2025-10-23 17:00:00+00:00,8.465384e-06,0.0,0.0,0.0
2025-10-23 18:00:00+00:00,-0.00027411734,0.0,-0.0,-0.0
2025-10-23 19:00:00+00:00,-0.000106188345,0.0,-0.0,-0.0
2025-10-23 20:00:00+00:00,0.00015580835,0.0,-0.0,-0.0
2025-10-23 21:00:00+00:00,0.00015580835,0.0,0.0,0.0
2025-10-23 22:00:00+00:00,0.000107828506,0.0,0.0,0.0
2025-10-23 23:00:00+00:00,-6.485989e-05,0.0,0.0,0.0
2025-10-24 00:00:00+00:00,-0.00012386561,0.0,0.0,0.0
2025-10-24 01:00:00+00:00,-0.00012386561,0.0,0.0,0.0
2025-10-24 02:00:00+00:00,-0.00020136178,0.0,-0.0,-0.0
2025-10-24 03:00:00+00:00,-4.4351855e-05,0.0,-0.0,-0.0
2025-10-24 04:00:00+00:00,0.00023672596,0.0,0.0,0.0
2025-10-24 05:00:00+00:00,0.00023672596,0.0,0.0,0.0
2025-10-24 06:00:00+00:00,0.00032327016,0.0,0.0,0.0
2025-10-24 07:00:00+00:00,0.0012869881,0.0,-0.0,-0.0
2025-10-24 08:00:00+00:00,0.0013270233,0.0,0.0,0.0
2025-10-24 09:00:00+00:00,0.0013270233,0.0,0.0,0.0
2025-10-24 10:00:00+00:00,0.0014103941,0.0,-0.0,-0.0
2025-10-24 11:00:00+00:00,0.0014103941,0.0,-0.0,-0.0
2025-10-24 12:00:00+00:00,0.0014027279,0.0,0.0,0.0
2025-10-24 13:00:00+00:00,0.0014840332,0.0,-0.0,-0.0
2025-10-24 14:00:00+00:00,-4.4506854e-05,0.0,-0.0,-0.0
2025-10-24 15:00:00+00:00,-0.00018193369,0.0,-0.0,-0.0
2025-10-24 16:00:00+00:00,-0.00014060517,0.0,0.0,0.0
2025-10-24 17:00:00+00:00,-0.00022476242,0.0,-0.0,-0.0
2025-10-24 18:00:00+00:00,-0.00022991348,0.0,0.0,0.0
2025-10-24 19:00:00+00:00,-0.00020678045,0.0,0.0,0.0
2025-10-24 20:00:00+00:00,0.0001263143,0.0,0.0,0.0
2025-10-24 21:00:00+00:00,0.0001263143,0.0,0.0,0.0
2025-10-24 22:00:00+00:00,0.0001263143,0.0,-0.0,-0.0
2025-10-24 23:00:00+00:00,0.0001263143,0.0,0.0,0.0
2025-10-25 00:00:00+00:00,4.902024e-05,0.0,-0.0,-0.0
2025-10-25 01:00:00+00:00,0.00021766435,0.0,0.0,0.0
2025-10-25 02:00:00+00:00,0.00021766435,0.0,-0.0,-0.0
2025-10-25 03:00:00+00:00,0.00021766435,0.0,-0.0,-0.0
2025-10-25 04:00:00+00:00,0.00021766435,0.0,0.0,0.0
2025-10-25 05:00:00+00:00,0.00021766435,0.0,0.0,0.0
2025-10-25 06:00:00+00:00,0.00021766435,0.0,-0.0,-0.0
2025-10-25 07:00:00+00:00,0.00021766435,0.0,0.0,0.0
2025-10-25 08:00:00+00:00,0.00021766435,0.0,0.0,0.0
2025-10-25 09:00:00+00:00,0.00021766435,0.0,-0.0,-0.0
2025-10-25 10:00:00+00:00,0.00021766435,0.0,0.0,0.0
2025-10-25 11:00:00+00:00,0.00021766435,0.0,0.0,0.0
2025-10-25 12:00:00+00:00,0.00020116448,0.0,0.0,0.0
2025-10-25 13:00:00+00:00,0.00020116448,0.0,-0.0,-0.0
2025-10-25 14:00:00+00:00,0.00020116448,0.0,-0.0,-0.0
2025-10-25 15:00:00+00:00,0.0002904727,0.0,-0.0,-0.0
2025-10-25 16:00:00+00:00,0.00020116448,0.0,-0.0,-0.0
2025-10-25 17:00:00+00:00,0.00020116448,0.0,-0.0,-0.0
2025-10-25 18:00:00+00:00,0.00020116448,0.0,0.0,0.0
2025-10-25 19:00:00+00:00,0.00020116448,0.0,-0.0,-0.0
2025-10-25 20:00:00+00:00,0.00020116448,0.0,-0.0,-0.0
2025-10-25 21:00:00+00:00,0.00020116448,0.0,0.0,0.0
2025-10-25 22:00:00+00:00,0.00020116448,0.0,0.0,0.0
2025-10-25 23:00:00+00:00,0.00020116448,0.0,0.0,0.0
2025-10-26 00:00:00+00:00,0.00031483872,0.0,0.0,0.0
2025-10-26 01:00:00+00:00,0.00031483872,0.0,-0.0,-0.0
2025-10-26 02:00:00+00:00,0.00031483872,0.0,-0.0,-0.0
2025-10-26 03:00:00+00:00,0.00031483872,0.0,-0.0,-0.0
2025-10-26 04:00:00+00:00,0.00031483872,0.0,0.0,0.0
2025-10-26 05:00:00+00:00,0.00031483872,0.0,0.0,0.0
2025-10-26 06:00:00+00:00,0.00031483872,0.0,0.0,0.0
2025-10-26 07:00:00+00:00,0.00031483872,0.0,0.0,0.0
2025-10-26 08:00:00+00:00,0.00031483872,0.0,0.0,0.0
2025-10-26 09:00:00+00:00,0.0008101403,0.0,0.0,0.0
2025-10-26 10:00:00+00:00,0.0005330828,0.0,-0.0,-0.0
2025-10-26 11:00:00+00:00,0.0014352731,0.0,0.0,0.0
2025-10-26 12:00:00+00:00,0.0015528677,0.0,0.0,0.0
2025-10-26 13:00:00+00:00,0.0015528677,0.0,0.0,0.0
2025-10-26 14:00:00+00:00,0.0013440358,0.0,-0.0,-0.0
2025-10-26 15:00:00+00:00,0.0011955358,0.0,0.0,0.0
2025-10-26 16:00:00+00:00,0.0013819785,0.0,-0.0,-0.0
2025-10-26 17:00:00+00:00,0.0007346803,0.0,-0.0,-0.0
2025-10-26 18:00:00+00:00,0.0013749633,0.0,0.0,0.0
2025-10-26 19:00:00+00:00,0.0013552882,0.0,0.0,0.0
2025-10-26 20:00:00+00:00,0.00015674738,0.0,-0.0,-0.0
2025-10-26 21:00:00+00:00,0.00024894904,0.0,0.0,0.0
2025-10-26 22:00:00+00:00,0.0014946442,0.0,0.0,0.0
2025-10-26 23:00:00+00:00,0.0012303619,0.0,-0.0,-0.0
2025-10-27 00:00:00+00:00,0.0013756484,0.0,0.0,0.0
2025-10-27 01:00:00+00:00,0.0018918676,0.0,0.0,0.0
2025-10-27 02:00:00+00:00,0.00082402705,0.0,-0.0,-0.0
2025-10-27 03:00:00+00:00,0.0013756484,0.0,0.0,0.0
2025-10-27 04:00:00+00:00,0.001889153,0.0,0.0,0.0
2025-10-27 05:00:00+00:00,0.0019978099,0.0,0.0,0.0
2025-10-27 06:00:00+00:00,0.0018918676,0.0,0.0,0.0
2025-10-27 07:00:00+00:00,0.0010604743,0.0,-0.0,-0.0
2025-10-27 08:00:00+00:00,-0.00040507165,0.0,-0.0,-0.0
2025-10-27 09:00:00+00:00,-0.0003239317,0.0,0.0,0.0
2025-10-27 10:00:00+00:00,-0.00047677028,0.0,0.0,0.0
2025-10-27 11:00:00+00:00,-0.00041324,0.0,-0.0,-0.0
2025-10-27 12:00:00+00:00,-0.00041117438,0.0,-0.0,-0.0
2025-10-27 13:00:00+00:00,-0.00041117438,0.0,0.0,0.0
2025-10-27 14:00:00+00:00,-0.00032186613,0.0,-0.0,-0.0
2025-10-27 15:00:00+00:00,-0.00041117438,0.0,0.0,0.0
2025-10-27 16:00:00+00:00,-0.00045871438,0.0,0.0,0.0
2025-10-27 17:00:00+00:00,-0.00046078,0.0,0.0,0.0
2025-10-27 18:00:00+00:00,-0.00041117438,0.0,-0.0,-0.0
2025-10-27 19:00:00+00:00,-0.00032186613,0.0,-0.0,-0.0
2025-10-27 20:00:00+00:00,-0.00032186613,0.0,-0.0,-0.0
2025-10-27 21:00:00+00:00,-0.00032186613,0.0,-0.0,-0.0
2025-10-27 22:00:00+00:00,-5.6057317e-05,0.0,-0.0,-0.0
2025-10-27 23:00:00+00:00,-0.00036109175,0.0,-0.0,-0.0
2025-10-28 00:00:00+00:00,-6.129551e-05,0.0,-0.0,-0.0
2025-10-28 01:00:00+00:00,-5.9896152e-05,0.0,0.0,0.0
2025-10-28 02:00:00+00:00,-5.474507e-05,0.0,-0.0,-0.0
2025-10-28 03:00:00+00:00,-5.474507e-05,0.0,-0.0,-0.0
2025-10-28 04:00:00+00:00,-2.5993733e-05,0.0,0.0,0.0
2025-10-28 05:00:00+00:00,3.9754697e-05,0.0,-0.0,-0.0
2025-10-28 06:00:00+00:00,-5.474507e-05,0.0,0.0,0.0
2025-10-28 07:00:00+00:00,-5.474507e-05,0.0,0.0,0.0
2025-10-28 08:00:00+00:00,-0.000111378184,0.0,0.0,0.0
2025-10-28 09:00:00+00:00,-0.000111378184,0.0,0.0,0.0
2025-10-28 10:00:00+00:00,-1.7546565e-05,0.0,0.0,0.0
2025-10-28 11:00:00+00:00,-1.2395462e-05,0.0,-0.0,-0.0
2025-10-28 12:00:00+00:00,-6.90286e-05,0.0,0.0,0.0
2025-10-28 13:00:00+00:00,-9.37685e-05,0.0,0.0,0.0
2025-10-28 14:00:00+00:00,0.00038727227,0.0,-0.0,-0.0
2025-10-28 15:00:00+00:00,0.00012723466,0.0,-0.0,-0.0
2025-10-28 16:00:00+00:00,0.00023394867,0.0,0.0,0.0
2025-10-28 17:00:00+00:00,0.00023394867,0.0,-0.0,-0.0
2025-10-28 18:00:00+00:00,0.00023394867,0.0,-0.0,-0.0
2025-10-28 19:00:00+00:00,0.00080973195,0.0,-0.0,-0.0
2025-10-28 20:00:00+00:00,0.0007228197,0.0,-0.0,-0.0
2025-10-28 21:00:00+00:00,0.00048779277,0.0,0.0,0.0
2025-10-28 22:00:00+00:00,0.00042208476,0.0,0.0,0.0
2025-10-28 23:00:00+00:00,0.00038930704,0.0,-0.0,-0.0
2025-10-29 00:00:00+00:00,0.0009298179,0.0,0.0,0.0
2025-10-29 01:00:00+00:00,0.0010927195,0.0,0.0,0.0
2025-10-29 02:00:00+00:00,0.0008530795,0.0,0.0,0.0
2025-10-29 03:00:00+00:00,0.0009031622,0.0,-0.0,-0.0
2025-10-29 04:00:00+00:00,0.0008530795,0.0,0.0,0.0
2025-10-29 05:00:00+00:00,0.00079644646,0.0,0.0,0.0
2025-10-29 06:00:00+00:00,0.00084792846,0.0,0.0,0.0
2025-10-29 07:00:00+00:00,0.00079644646,0.0,0.0,0.0
2025-10-29 08:00:00+00:00,0.0007658185,0.0,-0.0,-0.0
2025-10-29 09:00:00+00:00,0.0007658185,0.0,-0.0,-0.0
2025-10-29 10:00:00+00:00,0.0008551269,0.0,-0.0,-0.0
2025-10-29 11:00:00+00:00,0.0007658185,0.0,0.0,0.0
2025-10-29 12:00:00+00:00,0.0007658185,0.0,0.0,0.0
2025-10-29 13:00:00+00:00,0.00081908196,0.0,-0.0,-0.0
2025-10-29 14:00:00+00:00,0.00095847284,0.0,-0.0,-0.0
2025-10-29 15:00:00+00:00,0.0009938008,0.0,-0.0,-0.0
2025-10-29 16:00:00+00:00,0.00065033603,0.0,-0.0,-0.0
2025-10-29 17:00:00+00:00,0.0007942632,0.0,0.0,0.0
2025-10-29 18:00:00+00:00,0.00068248046,0.0,-0.0,-0.0
2025-10-29 19:00:00+00:00,0.00049155497,0.0,-0.0,-0.0
2025-10-29 20:00:00+00:00,0.00046462385,0.0,0.0,0.0
2025-10-29 21:00:00+00:00,0.00046462385,0.0,0.0,0.0
2025-10-29 22:00:00+00:00,0.0006118594,0.0,-0.0,-0.0
2025-10-29 23:00:00+00:00,0.00039480772,0.0,-0.0,-0.0
2025-10-30 00:00:00+00:00,8.950508e-05,0.0,0.0,0.0
2025-10-30 01:00:00+00:00,8.950508e-05,0.0,-0.0,-0.0
2025-10-30 02:00:00+00:00,-0.000100052486,0.0,0.0,0.0
2025-10-30 03:00:00+00:00,1.9672234e-07,0.0,-0.0,-0.0
2025-10-30 04:00:00+00:00,-0.0010656178,0.0,-0.0,-0.0
2025-10-30 05:00:00+00:00,2.310712e-05,0.0,0.0,0.0
2025-10-30 06:00:00+00:00,3.789514e-05,0.0,0.0,0.0
2025-10-30 07:00:00+00:00,-0.0009126031,0.0,0.0,0.0
2025-10-30 08:00:00+00:00,3.789514e-05,0.0,-0.0,-0.0
2025-10-30 09:00:00+00:00,2.310712e-05,0.0,-0.0,-0.0
2025-10-30 10:00:00+00:00,0.0002023198,0.0,-0.0,-0.0
2025-10-30 11:00:00+00:00,0.0002910986,0.0,-0.0,-0.0
2025-10-30 12:00:00+00:00,-0.00019703583,0.0,-0.0,-0.0
2025-10-30 13:00:00+00:00,0.0009279271,0.0,-0.0,-0.0
2025-10-30 14:00:00+00:00,-0.00061891985,0.0,0.0,0.0
2025-10-30 15:00:00+00:00,-0.0006610348,0.0,-0.0,-0.0
2025-10-30 16:00:00+00:00,-0.0006142988,0.0,0.0,0.0
2025-10-30 17:00:00+00:00,-0.0017979472,0.0,-0.0,-0.0
2025-10-30 18:00:00+00:00,-0.000705598,0.0,-0.0,-0.0
2025-10-30 19:00:00+00:00,-0.0019157928,0.0,-0.0,-0.0
2025-10-30 20:00:00+00:00,-0.00068675174,0.0,0.0,0.0
2025-10-30 21:00:00+00:00,-0.00025175896,0.0,0.0,0.0
2025-10-30 22:00:00+00:00,-8.6118554e-05,0.0,0.0,0.0
2025-10-30 23:00:00+00:00,6.751048e-05,0.0,0.0,0.0
2025-10-31 00:00:00+00:00,-0.0005023367,0.0,0.0,0.0
2025-10-31 01:00:00+00:00,-0.0005074878,0.0,0.0,0.0
2025-10-31 02:00:00+00:00,-6.17447e-05,0.0,-0.0,-0.0
2025-10-31 03:00:00+00:00,-0.0002792956,0.0,0.0,0.0
2025-10-31 04:00:00+00:00,-0.00037786277,0.0,0.0,0.0
2025-10-31 05:00:00+00:00,-0.00014543989,0.0,-0.0,-0.0
2025-10-31 06:00:00+00:00,-0.00014946626,0.0,-0.0,-0.0
2025-10-31 07:00:00+00:00,4.0091265e-05,0.0,-0.0,-0.0
2025-10-31 08:00:00+00:00,-0.00032269006,0.0,0.0,0.0
2025-10-31 09:00:00+00:00,-0.00032269006,0.0,-0.0,-0.0
2025-10-31 10:00:00+00:00,-0.00032269006,0.0,-0.0,-0.0
2025-10-31 11:00:00+00:00,-0.00030508032,0.0,0.0,0.0
2025-10-31 12:00:00+00:00,-0.0002850489,0.0,-0.0,-0.0
2025-10-31 13:00:00+00:00,-0.00032269006,0.0,0.0,0.0
2025-10-31 14:00:00+00:00,-0.000149276,0.0,0.0,0.0
2025-10-31 15:00:00+00:00,-0.00031351263,0.0,-0.0,-0.0
2025-10-31 16:00:00+00:00,-0.0003036658,0.0,-0.0,-0.0
2025-10-31 17:00:00+00:00,0.0009270483,0.0,0.0,0.0
2025-10-31 18:00:00+00:00,0.0009270483,0.0,0.0,0.0
2025-10-31 19:00:00+00:00,-0.0004992693,0.0,0.0,0.0
2025-10-31 20:00:00+00:00,-0.0004160641,0.0,-0.0,-0.0
2025-10-31 21:00:00+00:00,-0.0004160641,0.0,0.0,0.0
2025-10-31 22:00:00+00:00,-0.00042524154,0.0,0.0,0.0
2025-10-31 23:00:00+00:00,-0.00042524154,0.0,0.0,0.0
2025-11-01 00:00:00+00:00,-0.001096916,0.0,0.0,0.0
2025-11-01 01:00:00+00:00,-0.001096916,0.0,0.0,0.0
2025-11-01 02:00:00+00:00,-0.001096916,0.0,0.0,0.0
2025-11-01 03:00:00+00:00,-0.001096916,0.0,0.0,0.0
2025-11-01 04:00:00+00:00,-0.0010492344,0.0,0.0,0.0
2025-11-01 05:00:00+00:00,-0.0010492344,0.0,-0.0,-0.0
2025-11-01 06:00:00+00:00,-0.001096916,0.0,-0.0,-0.0
2025-11-01 07:00:00+00:00,-0.001096916,0.0,0.0,0.0
2025-11-01 08:00:00+00:00,-0.0010492344,0.0,0.0,0.0
2025-11-01 09:00:00+00:00,-0.001096916,0.0,-0.0,-0.0
2025-11-01 10:00:00+00:00,-0.001096916,0.0,0.0,0.0
2025-11-01 11:00:00+00:00,-0.001096916,0.0,-0.0,-0.0
2025-11-01 12:00:00+00:00,-0.001096916,0.0,-0.0,-0.0
2025-11-01 13:00:00+00:00,-0.001096916,0.0,-0.0,-0.0
2025-11-01 14:00:00+00:00,-0.001096916,0.0,-0.0,-0.0
2025-11-01 15:00:00+00:00,-0.001096916,0.0,0.0,0.0
2025-11-01 16:00:00+00:00,-0.001096916,0.0,0.0,0.0
2025-11-01 17:00:00+00:00,-0.001096916,0.0,-0.0,-0.0
2025-11-01 18:00:00+00:00,-0.001096916,0.0,0.0,0.0
2025-11-01 19:00:00+00:00,-0.001096916,0.0,-0.0,-0.0
2025-11-01 20:00:00+00:00,-0.001096916,0.0,0.0,0.0
2025-11-01 21:00:00+00:00,-0.001096916,0.0,-0.0,-0.0
2025-11-01 22:00:00+00:00,-0.001096916,0.0,0.0,0.0
2025-11-01 23:00:00+00:00,-0.001096916,0.0,0.0,0.0
2025-11-02 00:00:00+00:00,-0.001096916,0.0,-0.0,-0.0
2025-11-02 01:00:00+00:00,-0.001096916,0.0,-0.0,-0.0
2025-11-02 02:00:00+00:00,-0.001096916,0.0,0.0,0.0
2025-11-02 03:00:00+00:00,-0.001096916,0.0,0.0,0.0
2025-11-02 04:00:00+00:00,-0.0011901313,0.0,0.0,0.0
2025-11-02 05:00:00+00:00,-0.001096916,0.0,-0.0,-0.0
2025-11-02 06:00:00+00:00,-0.001096916,0.0,0.0,0.0
2025-11-02 07:00:00+00:00,-0.0010544562,0.0,0.0,0.0
2025-11-02 08:00:00+00:00,-0.0010544562,0.0,-0.0,-0.0
2025-11-02 09:00:00+00:00,-0.0010492344,0.0,-0.0,-0.0
2025-11-02 10:00:00+00:00,-0.001096916,0.0,-0.0,-0.0
2025-11-02 11:00:00+00:00,-0.00050303194,0.0,0.0,0.0
2025-11-02 12:00:00+00:00,-0.0010283558,0.0,-0.0,-0.0
2025-11-02 13:00:00+00:00,-0.0010760373,0.0,-0.0,-0.0
2025-11-02 14:00:00+00:00,-0.0010760373,0.0,-0.0,-0.0
2025-11-02 15:00:00+00:00,-0.0010760373,0.0,-0.0,-0.0
2025-11-02 16:00:00+00:00,-0.00048418832,0.0,0.0,0.0
2025-11-02 17:00:00+00:00,-0.00048418832,0.0,0.0,0.0
2025-11-02 18:00:00+00:00,-0.00048418832,0.0,0.0,0.0
2025-11-02 19:00:00+00:00,-0.00048418832,0.0,-0.0,-0.0
2025-11-02 20:00:00+00:00,-0.00048418832,0.0,-0.0,-0.0
2025-11-02 21:00:00+00:00,-0.00048418832,0.0,-0.0,-0.0
2025-11-02 22:00:00+00:00,-0.00044403362,0.0,-0.0,-0.0
2025-11-02 23:00:00+00:00,-0.00048418832,0.0,0.0,0.0
2025-11-03 00:00:00+00:00,-0.00016308817,0.0,-0.0,-0.0
2025-11-03 01:00:00+00:00,-0.00016308817,0.0,-0.0,-0.0
2025-11-03 02:00:00+00:00,-0.00029339542,0.0,-0.0,-0.0
2025-11-03 03:00:00+00:00,-0.0004721962,0.0,-0.0,-0.0
2025-11-03 04:00:00+00:00,-0.00055183267,0.0,-0.0,-0.0
2025-11-03 05:00:00+00:00,-0.00028781837,0.0,-0.0,-0.0
2025-11-03 06:00:00+00:00,-0.00044175348,0.0,-0.0,-0.0
2025-11-03 07:00:00+00:00,-0.000266876,0.0,-0.0,-0.0
2025-11-03 08:00:00+00:00,5.0800176e-05,0.0,0.0,0.0
2025-11-03 09:00:00+00:00,-0.0003133476,0.0,-0.0,-0.0
2025-11-03 10:00:00+00:00,-0.0003133476,0.0,-0.0,-0.0
2025-11-03 11:00:00+00:00,0.00010095786,0.0,0.0,0.0
2025-11-03 12:00:00+00:00,5.4486292e-05,0.0,-0.0,-0.0
2025-11-03 13:00:00+00:00,-0.0001386299,0.0,0.0,0.0
2025-11-03 14:00:00+00:00,-0.0001386299,0.0,0.0,0.0
2025-11-03 15:00:00+00:00,-7.637523e-05,0.0,-0.0,-0.0
2025-11-03 16:00:00+00:00,0.0005006831,0.0,0.0,0.0
2025-11-03 17:00:00+00:00,0.0006254419,0.0,0.0,0.0
2025-11-03 18:00:00+00:00,0.0007493133,0.0,-0.0,-0.0
2025-11-03 19:00:00+00:00,0.0007493133,0.0,0.0,0.0
2025-11-03 20:00:00+00:00,0.0005006831,0.0,-0.0,-0.0
2025-11-03 21:00:00+00:00,0.000639736,0.0,0.0,0.0
2025-11-03 22:00:00+00:00,0.00039110595,0.0,-0.0,-0.0
2025-11-03 23:00:00+00:00,0.00081165094,0.0,0.0,0.0
2025-11-04 00:00:00+00:00,0.0005394657,0.0,-0.0,-0.0
2025-11-04 01:00:00+00:00,0.0002756916,0.0,0.0,0.0
2025-11-04 02:00:00+00:00,0.0002756916,0.0,-0.0,-0.0
2025-11-04 03:00:00+00:00,0.0003233731,0.0,0.0,0.0
2025-11-04 04:00:00+00:00,0.00024747418,0.0,-0.0,-0.0
2025-11-04 05:00:00+00:00,-0.0007370941,0.0,-0.0,-0.0
2025-11-04 06:00:00+00:00,-0.001026429,0.0,0.0,0.0
2025-11-04 07:00:00+00:00,-0.0003240238,0.0,-0.0,-0.0
2025-11-04 08:00:00+00:00,-0.0005438725,0.0,-0.0,-0.0
2025-11-04 09:00:00+00:00,-0.00048863265,0.0,-0.0,-0.0
2025-11-04 10:00:00+00:00,-0.0006193489,0.0,-0.0,-0.0
2025-11-04 11:00:00+00:00,-0.00057698187,0.0,0.0,0.0
2025-11-04 12:00:00+00:00,-0.00026878435,0.0,-0.0,-0.0
2025-11-04 13:00:00+00:00,-0.00026878435,0.0,-0.0,-0.0
2025-11-04 14:00:00+00:00,-0.00028148413,0.0,0.0,0.0
2025-11-04 15:00:00+00:00,-0.000265113,0.0,-0.0,-0.0
2025-11-04 16:00:00+00:00,-0.0009853868,0.0,-0.0,-0.0
2025-11-04 17:00:00+00:00,-0.0011847386,0.0,-0.0,-0.0
2025-11-04 18:00:00+00:00,-0.0023063298,0.0,0.0,0.0
2025-11-04 19:00:00+00:00,-0.0029214954,0.0,-0.0,-0.0
2025-11-04 20:00:00+00:00,-0.0028091366,0.0,0.0,0.0
2025-11-04 21:00:00+00:00,-0.0027547851,0.0,-0.0,-0.0
2025-11-04 22:00:00+00:00,-0.0025906623,0.0,0.0,0.0
2025-11-04 23:00:00+00:00,-0.0026587923,0.0,0.0,0.0
2025-11-05 00:00:00+00:00,-0.0018074929,0.0,-0.0,-0.0
2025-11-05 01:00:00+00:00,-0.0008176511,0.0,0.0,0.0
2025-11-05 02:00:00+00:00,7.521973e-06,0.0,0.0,0.0
2025-11-05 03:00:00+00:00,-0.00078483735,0.0,0.0,0.0
2025-11-05 04:00:00+00:00,-0.00040164302,0.0,-0.0,-0.0
2025-11-05 05:00:00+00:00,-0.0025808292,0.0,-0.0,-0.0
2025-11-05 06:00:00+00:00,-0.0025266497,0.0,0.0,0.0
2025-11-05 07:00:00+00:00,-0.0024721415,0.0,-0.0,-0.0
2025-11-05 08:00:00+00:00,-0.0026619849,0.0,-0.0,-0.0
2025-11-05 09:00:00+00:00,-0.0025532972,0.0,0.0,0.0
2025-11-05 10:00:00+00:00,-0.0026390085,0.0,-0.0,-0.0
2025-11-05 11:00:00+00:00,-0.0021320847,0.0,0.0,0.0
2025-11-05 12:00:00+00:00,-0.0017551002,0.0,0.0,0.0
2025-11-05 13:00:00+00:00,-0.0014556141,0.0,0.0,0.0
2025-11-05 14:00:00+00:00,-0.00045947477,0.0,0.0,0.0
2025-11-05 15:00:00+00:00,-0.00048391082,0.0,0.0,0.0
2025-11-05 16:00:00+00:00,-0.00066494924,0.0,0.0,0.0
2025-11-05 17:00:00+00:00,0.00020425617,0.0,-0.0,-0.0
2025-11-05 18:00:00+00:00,0.00041576035,0.0,0.0,0.0
2025-11-05 19:00:00+00:00,0.0006081616,0.0,-0.0,-0.0
2025-11-05 20:00:00+00:00,0.00070700876,0.0,-0.0,-0.0
2025-11-05 21:00:00+00:00,0.00079858885,0.0,-0.0,-0.0
2025-11-05 22:00:00+00:00,0.0009649901,0.0,0.0,0.0
2025-11-05 23:00:00+00:00,0.0009649901,0.0,0.0,0.0
2025-11-06 00:00:00+00:00,0.0005253664,0.0,-0.0,-0.0
2025-11-06 01:00:00+00:00,0.0006319125,0.0,-0.0,-0.0
2025-11-06 02:00:00+00:00,0.0007273997,0.0,-0.0,-0.0
2025-11-06 03:00:00+00:00,0.0006467264,0.0,0.0,0.0
2025-11-06 04:00:00+00:00,0.0005757965,0.0,0.0,0.0
2025-11-06 05:00:00+00:00,0.0006467264,0.0,-0.0,-0.0
2025-11-06 06:00:00+00:00,0.0006467264,0.0,0.0,0.0
2025-11-06 07:00:00+00:00,0.0012769067,0.0,-0.0,-0.0
2025-11-06 08:00:00+00:00,0.00083056453,0.0,0.0,0.0
2025-11-06 09:00:00+00:00,0.00083056453,0.0,-0.0,-0.0
2025-11-06 10:00:00+00:00,0.00083056453,0.0,0.0,0.0
2025-11-06 11:00:00+00:00,0.00091123785,0.0,0.0,0.0
2025-11-06 12:00:00+00:00,0.00091123785,0.0,-0.0,-0.0
2025-11-06 13:00:00+00:00,0.00076333294,0.0,0.0,0.0
2025-11-06 14:00:00+00:00,0.0013004891,0.0,-0.0,-0.0
2025-11-06 15:00:00+00:00,-0.00022226102,0.0,-0.0,-0.0
2025-11-06 16:00:00+00:00,-0.001002713,0.0,-0.0,-0.0
2025-11-06 17:00:00+00:00,-7.972662e-05,0.0,0.0,0.0
2025-11-06 18:00:00+00:00,-0.00011029315,0.0,-0.0,-0.0
2025-11-06 19:00:00+00:00,-0.0004395966,0.0,-0.0,-0.0
2025-11-06 20:00:00+00:00,-0.00039283975,0.0,-0.0,-0.0
2025-11-06 21:00:00+00:00,-0.00050318905,0.0,0.0,0.0
2025-11-06 22:00:00+00:00,-0.00024454348,0.0,0.0,0.0
2025-11-06 23:00:00+00:00,-0.00017388571,0.0,-0.0,-0.0
2025-11-07 00:00:00+00:00,-0.00021379306,0.0,0.0,0.0
2025-11-07 01:00:00+00:00,-0.00021379306,0.0,0.0,0.0
2025-11-07 02:00:00+00:00,-0.00021379306,0.0,0.0,0.0
2025-11-07 03:00:00+00:00,-0.00021379306,0.0,-0.0,-0.0
2025-11-07 04:00:00+00:00,-4.8746057e-05,0.0,0.0,0.0
2025-11-07 05:00:00+00:00,-0.00021932287,0.0,0.0,0.0
2025-11-07 06:00:00+00:00,-0.00012964949,0.0,-0.0,-0.0
2025-11-07 07:00:00+00:00,-8.196799e-05,0.0,0.0,0.0
2025-11-07 08:00:00+00:00,0.00038693036,0.0,-0.0,-0.0
2025-11-07 09:00:00+00:00,0.00026357998,0.0,-0.0,-0.0
2025-11-07 10:00:00+00:00,0.00024508956,0.0,-0.0,-0.0
2025-11-07 11:00:00+00:00,0.000105739826,0.0,-0.0,-0.0
2025-11-07 12:00:00+00:00,-0.00035499624,0.0,-0.0,-0.0
2025-11-07 13:00:00+00:00,0.0001895755,0.0,0.0,0.0
2025-11-07 14:00:00+00:00,0.00015518602,0.0,0.0,0.0
2025-11-07 15:00:00+00:00,8.452817e-05,0.0,0.0,0.0
2025-11-07 16:00:00+00:00,-0.00026700433,0.0,0.0,0.0
2025-11-07 17:00:00+00:00,-0.00035753835,0.0,0.0,0.0
2025-11-07 18:00:00+00:00,-0.00047987932,0.0,0.0,0.0
2025-11-07 19:00:00+00:00,-0.0011714548,0.0,0.0,0.0
2025-11-07 20:00:00+00:00,-0.0011908847,0.0,0.0,0.0
2025-11-07 21:00:00+00:00,-0.001132372,0.0,0.0,0.0
2025-11-07 22:00:00+00:00,-0.0011247221,0.0,-0.0,-0.0
2025-11-07 23:00:00+00:00,-0.00063261937,0.0,-0.0,-0.0
2025-11-08 00:00:00+00:00,-6.9765454e-05,0.0,-0.0,-0.0
2025-11-08 01:00:00+00:00,-6.9765454e-05,0.0,0.0,0.0
2025-11-08 02:00:00+00:00,2.3449393e-05,0.0,-0.0,-0.0
2025-11-08 03:00:00+00:00,2.3449393e-05,0.0,-0.0,-0.0
2025-11-08 04:00:00+00:00,2.3449393e-05,0.0,-0.0,-0.0
2025-11-08 05:00:00+00:00,-2.4232115e-05,0.0,-0.0,-0.0
2025-11-08 06:00:00+00:00,-2.4232115e-05,0.0,-0.0,-0.0
2025-11-08 07:00:00+00:00,-2.4232115e-05,0.0,0.0,0.0
2025-11-08 08:00:00+00:00,-2.4232115e-05,0.0,0.0,0.0
2025-11-08 09:00:00+00:00,-2.4232115e-05,0.0,-0.0,-0.0
2025-11-08 10:00:00+00:00,-2.4232115e-05,0.0,0.0,0.0
2025-11-08 11:00:00+00:00,-2.4232115e-05,0.0,-0.0,-0.0
2025-11-08 12:00:00+00:00,-2.4232115e-05,0.0,0.0,0.0
2025-11-08 13:00:00+00:00,-2.4232115e-05,0.0,-0.0,-0.0
2025-11-08 14:00:00+00:00,-2.4232115e-05,0.0,0.0,0.0
2025-11-08 15:00:00+00:00,-2.4232115e-05,0.0,-0.0,-0.0
2025-11-08 16:00:00+00:00,-1.6765507e-06,0.0,0.0,0.0
2025-11-08 17:00:00+00:00,-1.6765507e-06,0.0,0.0,0.0
2025-11-08 18:00:00+00:00,-1.6765507e-06,0.0,0.0,0.0
2025-11-08 19:00:00+00:00,-1.6765507e-06,0.0,-0.0,-0.0
2025-11-08 20:00:00+00:00,-1.6765507e-06,0.0,0.0,0.0
2025-11-08 21:00:00+00:00,-1.6765507e-06,0.0,0.0,0.0
2025-11-08 22:00:00+00:00,-1.6765507e-06,0.0,0.0,0.0
2025-11-08 23:00:00+00:00,-1.6765507e-06,0.0,-0.0,-0.0
2025-11-09 00:00:00+00:00,0.0001761619,0.0,0.0,0.0
2025-11-09 01:00:00+00:00,0.0001761619,0.0,0.0,0.0
2025-11-09 02:00:00+00:00,0.00023211015,0.0,-0.0,-0.0
2025-11-09 03:00:00+00:00,0.0001761619,0.0,0.0,0.0
2025-11-09 04:00:00+00:00,0.0001761619,0.0,0.0,0.0
2025-11-09 05:00:00+00:00,0.0001761619,0.0,0.0,0.0
2025-11-09 06:00:00+00:00,0.0001761619,0.0,-0.0,-0.0
2025-11-09 07:00:00+00:00,0.0001761619,0.0,0.0,0.0
2025-11-09 08:00:00+00:00,0.0001761619,0.0,0.0,0.0
2025-11-09 09:00:00+00:00,0.0001761619,0.0,-0.0,-0.0
2025-11-09 10:00:00+00:00,0.0001761619,0.0,0.0,0.0
2025-11-09 11:00:00+00:00,0.0001761619,0.0,0.0,0.0
2025-11-09 12:00:00+00:00,0.0001761619,0.0,-0.0,-0.0
2025-11-09 13:00:00+00:00,-1.1856819e-06,0.0,0.0,0.0
2025-11-09 14:00:00+00:00,-0.0002723792,0.0,0.0,0.0
2025-11-09 15:00:00+00:00,5.0098817e-05,0.0,0.0,0.0
2025-11-09 16:00:00+00:00,0.0012769927,0.0,0.0,0.0
2025-11-09 17:00:00+00:00,-0.00016240365,0.0,-0.0,-0.0
2025-11-09 18:00:00+00:00,0.0030917772,0.0,0.0,0.0
2025-11-09 19:00:00+00:00,0.0010971001,0.0,0.0,0.0
2025-11-09 20:00:00+00:00,0.0015738556,0.0,-0.0,-0.0
2025-11-09 21:00:00+00:00,0.00019719683,0.0,-0.0,-0.0
2025-11-09 22:00:00+00:00,0.001060806,0.0,0.0,0.0
2025-11-09 23:00:00+00:00,0.0012065481,0.0,-0.0,-0.0
2025-11-10 00:00:00+00:00,0.0020307796,0.0,0.0,0.0
2025-11-10 01:00:00+00:00,0.0011263817,0.0,-0.0,-0.0
2025-11-10 02:00:00+00:00,0.0018133081,0.0,0.0,0.0
2025-11-10 03:00:00+00:00,0.0018837529,0.0,0.0,0.0
2025-11-10 04:00:00+00:00,0.0018133081,0.0,0.0,0.0
2025-11-10 05:00:00+00:00,0.0018133081,0.0,-0.0,-0.0
2025-11-10 06:00:00+00:00,0.0015239648,0.0,0.0,0.0
2025-11-10 07:00:00+00:00,0.0015239648,0.0,0.0,0.0
2025-11-10 08:00:00+00:00,-0.00041144976,0.0,-0.0,-0.0
2025-11-10 09:00:00+00:00,-0.00031837702,0.0,0.0,0.0
2025-11-10 10:00:00+00:00,-0.00041144976,0.0,-0.0,-0.0
2025-11-10 11:00:00+00:00,-0.00041144976,0.0,0.0,0.0
2025-11-10 12:00:00+00:00,-0.0006622915,0.0,-0.0,-0.0
2025-11-10 13:00:00+00:00,-0.0006620931,0.0,0.0,0.0
2025-11-10 14:00:00+00:00,-0.00013289023,0.0,-0.0,-0.0
2025-11-10 15:00:00+00:00,-0.0004929902,0.0,0.0,0.0
2025-11-10 16:00:00+00:00,0.00010518316,0.0,0.0,0.0
2025-11-10 17:00:00+00:00,0.0007446008,0.0,0.0,0.0
2025-11-10 18:00:00+00:00,0.00010518316,0.0,-0.0,-0.0
2025-11-10 19:00:00+00:00,0.0007446008,0.0,0.0,0.0
2025-11-10 20:00:00+00:00,0.0007446008,0.0,0.0,0.0
2025-11-10 21:00:00+00:00,0.00014764295,0.0,-0.0,-0.0
2025-11-10 22:00:00+00:00,0.0007446008,0.0,0.0,0.0
2025-11-10 23:00:00+00:00,0.0007446008,0.0,-0.0,-0.0
2025-11-11 00:00:00+00:00,-7.463688e-05,0.0,0.0,0.0
2025-11-11 01:00:00+00:00,-7.463688e-05,0.0,-0.0,-0.0
2025-11-11 02:00:00+00:00,-2.695539e-05,0.0,0.0,0.0
2025-11-11 03:00:00+00:00,-2.695539e-05,0.0,-0.0,-0.0
2025-11-11 04:00:00+00:00,-7.463688e-05,0.0,-0.0,-0.0
2025-11-11 05:00:00+00:00,-0.0006290325,0.0,-0.0,-0.0
2025-11-11 06:00:00+00:00,-0.0006290325,0.0,-0.0,-0.0
2025-11-11 07:00:00+00:00,-2.9609717e-05,0.0,-0.0,-0.0
2025-11-11 08:00:00+00:00,-9.428694e-05,0.0,0.0,0.0
2025-11-11 09:00:00+00:00,-1.2556875e-06,0.0,-0.0,-0.0
2025-11-11 10:00:00+00:00,-0.0003474827,0.0,0.0,0.0
2025-11-11 11:00:00+00:00,-0.0003474827,0.0,0.0,0.0
2025-11-11 12:00:00+00:00,0.00036211786,0.0,-0.0,-0.0
2025-11-11 13:00:00+00:00,-1.2556875e-06,0.0,-0.0,-0.0
2025-11-11 14:00:00+00:00,-0.0003474827,0.0,0.0,0.0
2025-11-11 15:00:00+00:00,3.1504343e-05,0.0,-0.0,-0.0
2025-11-11 16:00:00+00:00,-8.849515e-05,0.0,-0.0,-0.0
2025-11-11 17:00:00+00:00,4.4874374e-05,0.0,-0.0,-0.0
2025-11-11 18:00:00+00:00,-0.00013000306,0.0,0.0,0.0
2025-11-11 19:00:00+00:00,-5.8894684e-06,0.0,-0.0,-0.0
2025-11-11 20:00:00+00:00,-0.00033201286,0.0,-0.0,-0.0
2025-11-11 21:00:00+00:00,1.6808874e-05,0.0,-0.0,-0.0
2025-11-11 22:00:00+00:00,0.00025872726,0.0,0.0,0.0
2025-11-11 23:00:00+00:00,0.00026894265,0.0,0.0,0.0
2025-11-12 00:00:00+00:00,0.0005544813,0.0,-0.0,-0.0
2025-11-12 01:00:00+00:00,0.00020825445,0.0,0.0,0.0
2025-11-12 02:00:00+00:00,0.00020825445,0.0,-0.0,-0.0
2025-11-12 03:00:00+00:00,0.00011503955,0.0,0.0,0.0
2025-11-12 04:00:00+00:00,1.5138269e-05,0.0,-0.0,-0.0
2025-11-12 05:00:00+00:00,1.5138269e-05,0.0,0.0,0.0
2025-11-12 06:00:00+00:00,-7.8076584e-05,0.0,-0.0,-0.0
2025-11-12 07:00:00+00:00,1.5138269e-05,0.0,-0.0,-0.0
2025-11-12 08:00:00+00:00,0.0002597218,0.0,0.0,0.0
2025-11-12 09:00:00+00:00,0.0002597218,0.0,0.0,0.0
2025-11-12 10:00:00+00:00,0.00029675054,0.0,0.0,0.0
2025-11-12 11:00:00+00:00,0.0002313191,0.0,0.0,0.0
2025-11-12 12:00:00+00:00,0.0002826835,0.0,-0.0,-0.0
2025-11-12 13:00:00+00:00,0.0003301666,0.0,0.0,0.0
2025-11-12 14:00:00+00:00,0.00047293614,0.0,-0.0,-0.0
2025-11-12 15:00:00+00:00,0.0012419833,0.0,-0.0,-0.0
2025-11-12 16:00:00+00:00,0.0010536495,0.0,-0.0,-0.0
2025-11-12 17:00:00+00:00,0.001101718,0.0,0.0,0.0
2025-11-12 18:00:00+00:00,0.00096944574,0.0,-0.0,-0.0
2025-11-12 19:00:00+00:00,0.000719092,0.0,-0.0,-0.0
2025-11-12 20:00:00+00:00,0.00084888225,0.0,0.0,0.0
2025-11-12 21:00:00+00:00,0.00084888225,0.0,0.0,0.0
2025-11-12 22:00:00+00:00,0.00084888225,0.0,0.0,0.0
2025-11-12 23:00:00+00:00,0.00084888225,0.0,-0.0,-0.0
2025-11-13 00:00:00+00:00,0.00048651177,0.0,0.0,0.0
2025-11-13 01:00:00+00:00,0.00048651177,0.0,0.0,0.0
2025-11-13 02:00:00+00:00,0.00048651177,0.0,0.0,0.0
2025-11-13 03:00:00+00:00,0.00045449962,0.0,0.0,0.0
2025-11-13 04:00:00+00:00,0.0005021811,0.0,-0.0,-0.0
2025-11-13 05:00:00+00:00,0.00022380396,0.0,0.0,0.0
2025-11-13 06:00:00+00:00,0.00014220855,0.0,0.0,0.0
2025-11-13 07:00:00+00:00,0.00014220855,0.0,-0.0,-0.0
2025-11-13 08:00:00+00:00,-0.00042971774,0.0,0.0,0.0
2025-11-13 09:00:00+00:00,-0.00050016254,0.0,-0.0,-0.0
2025-11-13 10:00:00+00:00,-0.00050016254,0.0,0.0,0.0
2025-11-13 11:00:00+00:00,-0.00050016254,0.0,-0.0,-0.0
2025-11-13 12:00:00+00:00,-0.00050016254,0.0,0.0,0.0
2025-11-13 13:00:00+00:00,-0.0005074808,0.0,-0.0,-0.0
2025-11-13 14:00:00+00:00,-0.00057583145,0.0,0.0,0.0
2025-11-13 15:00:00+00:00,7.89962e-05,0.0,-0.0,-0.0
2025-11-13 16:00:00+00:00,1.1742405e-05,0.0,-0.0,-0.0
2025-11-13 17:00:00+00:00,-0.00088216417,0.0,-0.0,-0.0
2025-11-13 18:00:00+00:00,-0.0017719714,0.0,-0.0,-0.0
2025-11-13 19:00:00+00:00,-0.0023718055,0.0,0.0,0.0
2025-11-13 20:00:00+00:00,-0.002252397,0.0,-0.0,-0.0
2025-11-13 21:00:00+00:00,-0.0013030821,0.0,0.0,0.0
2025-11-13 22:00:00+00:00,-0.0006507562,0.0,0.0,0.0
2025-11-13 23:00:00+00:00,-0.0008751485,0.0,-0.0,-0.0
2025-11-14 00:00:00+00:00,-0.003539342,0.0,-0.0,-0.0
2025-11-14 01:00:00+00:00,-0.0023693426,0.0,0.0,0.0
2025-11-14 02:00:00+00:00,-0.0023143906,0.0,0.0,0.0
2025-11-14 03:00:00+00:00,-0.0033732776,0.0,-0.0,-0.0
2025-11-14 04:00:00+00:00,-0.0043657175,0.0,-0.0,-0.0
2025-11-14 05:00:00+00:00,-0.0037120911,0.0,-0.0,-0.0
2025-11-14 06:00:00+00:00,-0.0038079643,0.0,0.0,0.0
2025-11-14 07:00:00+00:00,-0.0041734013,0.0,-0.0,-0.0
2025-11-14 08:00:00+00:00,-0.003397304,0.0,0.0,0.0
2025-11-14 09:00:00+00:00,-0.00376274,0.0,-0.0,-0.0
2025-11-14 10:00:00+00:00,-0.003507555,0.0,-0.0,-0.0
2025-11-14 11:00:00+00:00,-0.0028972751,0.0,-0.0,-0.0
2025-11-14 12:00:00+00:00,-0.0020214105,0.0,-0.0,-0.0
2025-11-14 13:00:00+00:00,-0.0020214105,0.0,-0.0,-0.0
2025-11-14 14:00:00+00:00,-0.0009794775,0.0,0.0,0.0
2025-11-14 15:00:00+00:00,5.1512434e-05,0.0,0.0,0.0
2025-11-14 16:00:00+00:00,-0.00050975766,0.0,0.0,0.0
2025-11-14 17:00:00+00:00,-0.0019324978,0.0,-0.0,-0.0
2025-11-14 18:00:00+00:00,-0.0020216724,0.0,-0.0,-0.0
2025-11-14 19:00:00+00:00,-0.0016286653,0.0,0.0,0.0
2025-11-14 20:00:00+00:00,-0.000111297995,0.0,-0.0,-0.0
2025-11-14 21:00:00+00:00,-0.0020074246,0.0,0.0,0.0
2025-11-14 22:00:00+00:00,-0.0013711693,0.0,0.0,0.0
2025-11-14 23:00:00+00:00,-0.0009236851,0.0,-0.0,-0.0
2025-11-15 00:00:00+00:00,-0.0018380026,0.0,0.0,0.0
2025-11-15 01:00:00+00:00,-0.0015709775,0.0,0.0,0.0
2025-11-15 02:00:00+00:00,7.322114e-05,0.0,0.0,0.0
2025-11-15 03:00:00+00:00,0.0005892464,0.0,-0.0,-0.0
2025-11-15 04:00:00+00:00,-0.0028944085,0.0,-0.0,-0.0
2025-11-15 05:00:00+00:00,-0.0026900866,0.0,0.0,0.0
2025-11-15 06:00:00+00:00,-0.002547534,0.0,-0.0,-0.0
2025-11-15 07:00:00+00:00,-0.0014465386,0.0,0.0,0.0
2025-11-15 08:00:00+00:00,-0.0029349308,0.0,-0.0,-0.0
2025-11-15 09:00:00+00:00,-0.0029349308,0.0,-0.0,-0.0
2025-11-15 10:00:00+00:00,-0.0030055887,0.0,0.0,0.0
2025-11-15 11:00:00+00:00,-0.002293858,0.0,-0.0,-0.0
2025-11-15 12:00:00+00:00,-0.0021558132,0.0,0.0,0.0
2025-11-15 13:00:00+00:00,-0.0019034843,0.0,0.0,0.0
2025-11-15 14:00:00+00:00,-0.0019511656,0.0,-0.0,-0.0
2025-11-15 15:00:00+00:00,-0.00049855694,0.0,0.0,0.0
2025-11-15 16:00:00+00:00,-0.00032575446,0.0,-0.0,-0.0
2025-11-15 17:00:00+00:00,-0.00032575446,0.0,0.0,0.0
2025-11-15 18:00:00+00:00,-0.00032575446,0.0,-0.0,-0.0
2025-11-15 19:00:00+00:00,-0.00049132685,0.0,-0.0,-0.0
2025-11-15 20:00:00+00:00,-0.0009161178,0.0,-0.0,-0.0
2025-11-15 21:00:00+00:00,-0.0009905287,0.0,-0.0,-0.0
2025-11-15 22:00:00+00:00,-0.0009161178,0.0,0.0,0.0
2025-11-15 23:00:00+00:00,-0.0009161178,0.0,-0.0,-0.0
2025-11-16 00:00:00+00:00,-0.0001647523,0.0,-0.0,-0.0
2025-11-16 01:00:00+00:00,-0.00023916365,0.0,-0.0,-0.0
2025-11-16 02:00:00+00:00,0.00016455108,0.0,0.0,0.0
2025-11-16 03:00:00+00:00,0.00016455108,0.0,-0.0,-0.0
2025-11-16 04:00:00+00:00,0.00016455108,0.0,-0.0,-0.0
2025-11-16 05:00:00+00:00,-0.0010108559,0.0,0.0,0.0
2025-11-16 06:00:00+00:00,-0.0014689122,0.0,-0.0,-0.0
2025-11-16 07:00:00+00:00,-0.0014689122,0.0,0.0,0.0
2025-11-16 08:00:00+00:00,-0.0014212307,0.0,0.0,0.0
2025-11-16 09:00:00+00:00,-5.1714218e-05,0.0,0.0,0.0
2025-11-16 10:00:00+00:00,0.00021223258,0.0,-0.0,-0.0
2025-11-16 11:00:00+00:00,-0.0010108559,0.0,-0.0,-0.0
2025-11-16 12:00:00+00:00,-0.0014689122,0.0,0.0,0.0
2025-11-16 13:00:00+00:00,-0.0010108559,0.0,-0.0,-0.0
2025-11-16 14:00:00+00:00,-0.0014689122,0.0,0.0,0.0
2025-11-16 15:00:00+00:00,-0.0012514514,0.0,-0.0,-0.0
2025-11-16 16:00:00+00:00,-0.000806204,0.0,-0.0,-0.0
2025-11-16 17:00:00+00:00,-0.0008206304,0.0,0.0,0.0
2025-11-16 18:00:00+00:00,-0.00048730947,0.0,-0.0,-0.0
2025-11-16 19:00:00+00:00,-1.1493029e-05,0.0,-0.0,-0.0
2025-11-16 20:00:00+00:00,-0.00065136777,0.0,0.0,0.0
2025-11-16 21:00:00+00:00,-0.00085800595,0.0,-0.0,-0.0
2025-11-16 22:00:00+00:00,-0.00057578005,0.0,0.0,0.0
2025-11-16 23:00:00+00:00,-0.00048029266,0.0,0.0,0.0
2025-11-17 00:00:00+00:00,0.0004294817,0.0,0.0,0.0
2025-11-17 01:00:00+00:00,0.0003631283,0.0,-0.0,-0.0
2025-11-17 02:00:00+00:00,0.0003631283,0.0,0.0,0.0
2025-11-17 03:00:00+00:00,-0.00033504257,0.0,0.0,0.0
2025-11-17 04:00:00+00:00,0.00033013642,0.0,-0.0,-0.0
2025-11-17 05:00:00+00:00,0.00033013642,0.0,0.0,0.0
2025-11-17 06:00:00+00:00,0.00033013642,0.0,0.0,0.0
2025-11-17 07:00:00+00:00,-0.00015696445,0.0,0.0,0.0
2025-11-17 08:00:00+00:00,-0.00015696445,0.0,-0.0,-0.0
2025-11-17 09:00:00+00:00,-5.9951228e-05,0.0,0.0,0.0
2025-11-17 10:00:00+00:00,-5.9951228e-05,0.0,-0.0,-0.0
2025-11-17 11:00:00+00:00,2.919689e-05,0.0,-0.0,-0.0
2025-11-17 12:00:00+00:00,-1.8484618e-05,0.0,-0.0,-0.0
2025-11-17 13:00:00+00:00,0.0006473527,0.0,-0.0,-0.0
2025-11-17 14:00:00+00:00,-0.00019270371,0.0,0.0,0.0
2025-11-17 15:00:00+00:00,0.00010823551,0.0,-0.0,-0.0
2025-11-17 16:00:00+00:00,0.00010823551,0.0,0.0,0.0
2025-11-17 17:00:00+00:00,0.0002857439,0.0,-0.0,-0.0
2025-11-17 18:00:00+00:00,0.0006921236,0.0,-0.0,-0.0
2025-11-17 19:00:00+00:00,-1.241825e-06,0.0,-0.0,-0.0
2025-11-17 20:00:00+00:00,1.2429292e-05,0.0,0.0,0.0
2025-11-17 21:00:00+00:00,0.00018129677,0.0,0.0,0.0
2025-11-17 22:00:00+00:00,0.0007032299,0.0,0.0,0.0
2025-11-17 23:00:00+00:00,0.00081191724,0.0,-0.0,-0.0
2025-11-18 00:00:00+00:00,0.0006530691,0.0,-0.0,-0.0
2025-11-18 01:00:00+00:00,0.00055394636,0.0,-0.0,-0.0
2025-11-18 02:00:00+00:00,0.00044703012,0.0,-0.0,-0.0
2025-11-18 03:00:00+00:00,0.00014604033,0.0,-0.0,-0.0
2025-11-18 04:00:00+00:00,-2.6134818e-05,0.0,-0.0,-0.0
2025-11-18 05:00:00+00:00,-0.00052894093,0.0,0.0,0.0
2025-11-18 06:00:00+00:00,-0.0013665798,0.0,-0.0,-0.0
2025-11-18 07:00:00+00:00,0.00029355026,0.0,0.0,0.0
2025-11-18 08:00:00+00:00,0.00018853451,0.0,0.0,0.0
2025-11-18 09:00:00+00:00,0.00021562648,0.0,0.0,0.0
2025-11-18 10:00:00+00:00,0.00023981,0.0,0.0,0.0
2025-11-18 11:00:00+00:00,0.00023981,0.0,-0.0,-0.0
2025-11-18 12:00:00+00:00,-0.00011531225,0.0,-0.0,-0.0
2025-11-18 13:00:00+00:00,0.00022798471,0.0,-0.0,-0.0
2025-11-18 14:00:00+00:00,0.0007372016,0.0,-0.0,-0.0
2025-11-18 15:00:00+00:00,-0.0011006823,0.0,0.0,0.0
2025-11-18 16:00:00+00:00,-0.0012596532,0.0,0.0,0.0
2025-11-18 17:00:00+00:00,2.8930326e-06,0.0,-0.0,-0.0
2025-11-18 18:00:00+00:00,-0.000108528555,0.0,0.0,0.0
2025-11-18 19:00:00+00:00,0.00013585272,0.0,-0.0,-0.0
2025-11-18 20:00:00+00:00,0.00018333584,0.0,-0.0,-0.0
2025-11-18 21:00:00+00:00,0.00034886535,0.0,-0.0,-0.0
2025-11-18 22:00:00+00:00,0.00027820747,0.0,0.0,0.0
2025-11-18 23:00:00+00:00,0.00027820747,0.0,-0.0,-0.0
2025-11-19 00:00:00+00:00,0.00050535606,0.0,-0.0,-0.0
2025-11-19 01:00:00+00:00,0.0008062952,0.0,0.0,0.0
2025-11-19 02:00:00+00:00,0.0004346983,0.0,0.0,0.0
2025-11-19 03:00:00+00:00,0.0011014374,0.0,-0.0,-0.0
2025-11-19 04:00:00+00:00,0.00085280725,0.0,-0.0,-0.0
2025-11-19 05:00:00+00:00,0.00058350945,0.0,-0.0,-0.0
2025-11-19 06:00:00+00:00,0.0011331737,0.0,0.0,0.0
2025-11-19 07:00:00+00:00,0.0011821107,0.0,0.0,0.0
2025-11-19 08:00:00+00:00,0.0010556384,0.0,-0.0,-0.0
2025-11-19 09:00:00+00:00,0.0010556384,0.0,0.0,0.0
2025-11-19 10:00:00+00:00,0.0009849806,0.0,-0.0,-0.0
2025-11-19 11:00:00+00:00,0.0009849806,0.0,0.0,0.0
2025-11-19 12:00:00+00:00,0.0009043073,0.0,0.0,0.0
2025-11-19 13:00:00+00:00,0.0010556384,0.0,-0.0,-0.0
2025-11-19 14:00:00+00:00,0.00094962417,0.0,0.0,0.0
2025-11-19 15:00:00+00:00,0.00085369765,0.0,-0.0,-0.0
2025-11-19 16:00:00+00:00,0.0010865137,0.0,-0.0,-0.0
2025-11-19 17:00:00+00:00,0.0005024465,0.0,-0.0,-0.0
2025-11-19 18:00:00+00:00,0.001358571,0.0,-0.0,-0.0
2025-11-19 19:00:00+00:00,0.0012830946,0.0,-0.0,-0.0
2025-11-19 20:00:00+00:00,0.0007402865,0.0,0.0,0.0
2025-11-19 21:00:00+00:00,0.0012136986,0.0,0.0,0.0
2025-11-19 22:00:00+00:00,0.0013055577,0.0,-0.0,-0.0
2025-11-19 23:00:00+00:00,-0.00022252198,0.0,0.0,0.0
2025-11-20 00:00:00+00:00,-1.8073973e-05,0.0,0.0,0.0
2025-11-20 01:00:00+00:00,-0.0005394597,0.0,0.0,0.0
2025-11-20 02:00:00+00:00,-0.00029785288,0.0,-0.0,-0.0
2025-11-20 03:00:00+00:00,0.00014049631,0.0,-0.0,-0.0
2025-11-20 04:00:00+00:00,-0.00034570016,0.0,0.0,0.0
2025-11-20 05:00:00+00:00,0.000504736,0.0,-0.0,-0.0
2025-11-20 06:00:00+00:00,0.001338926,0.0,-0.0,-0.0
2025-11-20 07:00:00+00:00,0.0010961214,0.0,0.0,0.0
2025-11-20 08:00:00+00:00,0.00094068574,0.0,-0.0,-0.0
2025-11-20 09:00:00+00:00,0.00078946096,0.0,-0.0,-0.0
2025-11-20 10:00:00+00:00,0.00078946096,0.0,-0.0,-0.0
2025-11-20 11:00:00+00:00,0.00074177945,0.0,0.0,0.0
2025-11-20 12:00:00+00:00,0.0008223464,0.0,-0.0,-0.0
2025-11-20 13:00:00+00:00,0.00047320602,0.0,-0.0,-0.0
2025-11-20 14:00:00+00:00,0.0008160294,0.0,-0.0,-0.0
2025-11-20 15:00:00+00:00,0.00072956964,0.0,-0.0,-0.0
2025-11-20 16:00:00+00:00,-0.0018240776,0.0,-0.0,-0.0
2025-11-20 17:00:00+00:00,-0.0026170318,0.0,-0.0,-0.0
2025-11-20 18:00:00+00:00,0.00039404116,0.0,-0.0,-0.0
2025-11-20 19:00:00+00:00,-0.0024729623,0.0,0.0,0.0
2025-11-20 20:00:00+00:00,-0.0027711669,0.0,-0.0,-0.0
2025-11-20 21:00:00+00:00,-0.0012648623,0.0,0.0,0.0
2025-11-20 22:00:00+00:00,-0.00088975264,0.0,0.0,0.0
2025-11-20 23:00:00+00:00,0.0008217198,0.0,-0.0,-0.0
2025-11-21 00:00:00+00:00,-0.00029826138,0.0,0.0,0.0
2025-11-21 01:00:00+00:00,0.00033525316,0.0,-0.0,-0.0
2025-11-21 02:00:00+00:00,-0.0011954624,0.0,-0.0,-0.0
2025-11-21 03:00:00+00:00,0.00051761826,0.0,0.0,0.0
2025-11-21 04:00:00+00:00,0.0010166593,0.0,0.0,0.0
2025-11-21 05:00:00+00:00,0.0007004906,0.0,0.0,0.0
2025-11-21 06:00:00+00:00,0.001071899,0.0,-0.0,-0.0
2025-11-21 07:00:00+00:00,0.0014235942,0.0,-0.0,-0.0
2025-11-21 08:00:00+00:00,0.00073239015,0.0,-0.0,-0.0
2025-11-21 09:00:00+00:00,0.0018273608,0.0,-0.0,-0.0
2025-11-21 10:00:00+00:00,0.0011411946,0.0,0.0,0.0
2025-11-21 11:00:00+00:00,0.0037518493,0.0,-0.0,-0.0
2025-11-21 12:00:00+00:00,0.004333801,0.0,0.0,0.0
2025-11-21 13:00:00+00:00,0.004976125,0.0,0.0,0.0
2025-11-21 14:00:00+00:00,0.004049241,1.0,0.007952730023838584,0.0075527300238385844
2025-11-21 15:00:00+00:00,0.0043854457,0.0,-0.0008,-0.0012000000000000001
2025-11-21 16:00:00+00:00,0.0016303668,0.0,0.0,0.0
2025-11-21 17:00:00+00:00,0.0029506716,0.0,-0.0,-0.0
2025-11-21 18:00:00+00:00,0.0012869491,0.0,-0.0,-0.0
2025-11-21 19:00:00+00:00,0.0024440656,0.0,-0.0,-0.0
2025-11-21 20:00:00+00:00,0.001860896,0.0,0.0,0.0
2025-11-21 21:00:00+00:00,0.0022397703,0.0,0.0,0.0
2025-11-21 22:00:00+00:00,0.0051149237,0.0,-0.0,-0.0
2025-11-21 23:00:00+00:00,0.0036762564,1.0,0.009304187563729771,0.008904187563729772
2025-11-22 00:00:00+00:00,0.0044361507,0.0,-0.0008,-0.0012000000000000001
2025-11-22 01:00:00+00:00,0.0041614254,0.0,0.0,0.0
2025-11-22 02:00:00+00:00,0.003744508,0.0,-0.0,-0.0
2025-11-22 03:00:00+00:00,0.0040629045,0.0,-0.0,-0.0
2025-11-22 04:00:00+00:00,0.004306777,0.0,-0.0,-0.0
2025-11-22 05:00:00+00:00,0.0047124135,0.0,0.0,0.0
2025-11-22 06:00:00+00:00,0.004750443,0.0,0.0,0.0
2025-11-22 07:00:00+00:00,0.0016010924,0.0,-0.0,-0.0
2025-11-22 08:00:00+00:00,0.0008322015,0.0,-0.0,-0.0
2025-11-22 09:00:00+00:00,0.0006739552,0.0,-0.0,-0.0
2025-11-22 10:00:00+00:00,0.0006334777,0.0,-0.0,-0.0
2025-11-22 11:00:00+00:00,0.00014430049,0.0,0.0,0.0
2025-11-22 12:00:00+00:00,-0.0006599138,0.0,-0.0,-0.0
2025-11-22 13:00:00+00:00,-0.0027294424,0.0,0.0,0.0
2025-11-22 14:00:00+00:00,-0.0019528711,0.0,0.0,0.0
2025-11-22 15:00:00+00:00,-0.00013047119,0.0,-0.0,-0.0
2025-11-22 16:00:00+00:00,0.0011668137,0.0,0.0,0.0
2025-11-22 17:00:00+00:00,0.0009662315,0.0,-0.0,-0.0
2025-11-22 18:00:00+00:00,0.0014685716,0.0,0.0,0.0
2025-11-22 19:00:00+00:00,0.0014685716,0.0,-0.0,-0.0
2025-11-22 20:00:00+00:00,0.0011639677,0.0,-0.0,-0.0
2025-11-22 21:00:00+00:00,-4.9154245e-05,0.0,-0.0,-0.0
2025-11-22 22:00:00+00:00,0.0015955309,0.0,0.0,0.0
2025-11-22 23:00:00+00:00,8.567346e-05,0.0,-0.0,-0.0
2025-11-23 00:00:00+00:00,-0.00076674507,0.0,0.0,0.0
2025-11-23 01:00:00+00:00,-0.0015141373,0.0,0.0,0.0
2025-11-23 02:00:00+00:00,-0.0014970037,0.0,0.0,0.0
2025-11-23 03:00:00+00:00,-0.0005992286,0.0,0.0,0.0
2025-11-23 04:00:00+00:00,-0.0013338277,0.0,0.0,0.0
2025-11-23 05:00:00+00:00,-0.0010560807,0.0,-0.0,-0.0
2025-11-23 06:00:00+00:00,0.0007325891,0.0,-0.0,-0.0
2025-11-23 07:00:00+00:00,-0.00013709563,0.0,-0.0,-0.0
2025-11-23 08:00:00+00:00,0.0010123915,0.0,0.0,0.0
2025-11-23 09:00:00+00:00,0.0011640518,0.0,0.0,0.0
2025-11-23 10:00:00+00:00,0.0015486015,0.0,-0.0,-0.0
2025-11-23 11:00:00+00:00,0.0008012962,0.0,0.0,0.0
2025-11-23 12:00:00+00:00,0.0007086107,0.0,0.0,0.0
2025-11-23 13:00:00+00:00,0.00038678598,0.0,0.0,0.0
2025-11-23 14:00:00+00:00,0.0009032232,0.0,-0.0,-0.0
2025-11-23 15:00:00+00:00,0.00039893328,0.0,0.0,0.0
2025-11-23 16:00:00+00:00,0.00043025197,0.0,0.0,0.0
2025-11-23 17:00:00+00:00,0.00043025197,0.0,0.0,0.0
2025-11-23 18:00:00+00:00,0.00020150184,0.0,0.0,0.0
2025-11-23 19:00:00+00:00,0.0001088165,0.0,0.0,0.0
2025-11-23 20:00:00+00:00,0.0001088165,0.0,0.0,0.0
2025-11-23 21:00:00+00:00,6.8662746e-05,0.0,0.0,0.0
2025-11-23 22:00:00+00:00,-2.6208865e-05,0.0,0.0,0.0
2025-11-23 23:00:00+00:00,0.0008155197,0.0,-0.0,-0.0
2025-11-24 00:00:00+00:00,0.00082949654,0.0,0.0,0.0
2025-11-24 01:00:00+00:00,0.0009064714,0.0,0.0,0.0
2025-11-24 02:00:00+00:00,0.000339417,0.0,0.0,0.0
2025-11-24 03:00:00+00:00,0.00072167633,0.0,-0.0,-0.0
2025-11-24 04:00:00+00:00,0.0009064714,0.0,-0.0,-0.0
2025-11-24 05:00:00+00:00,0.0011228502,0.0,0.0,0.0
2025-11-24 06:00:00+00:00,0.001073534,0.0,-0.0,-0.0
2025-11-24 07:00:00+00:00,0.001073534,0.0,0.0,0.0
2025-11-24 08:00:00+00:00,0.001073534,0.0,0.0,0.0
2025-11-24 09:00:00+00:00,0.0014456017,0.0,-0.0,-0.0
2025-11-24 10:00:00+00:00,0.0009793751,0.0,0.0,0.0
2025-11-24 11:00:00+00:00,0.0009793751,0.0,0.0,0.0
2025-11-24 12:00:00+00:00,0.0009793751,0.0,-0.0,-0.0
2025-11-24 13:00:00+00:00,0.0009024002,0.0,0.0,0.0
2025-11-24 14:00:00+00:00,0.0009024002,0.0,0.0,0.0
2025-11-24 15:00:00+00:00,0.00048607256,0.0,0.0,0.0
2025-11-24 16:00:00+00:00,0.00057946355,0.0,0.0,0.0
2025-11-24 17:00:00+00:00,-0.001504683,0.0,0.0,0.0
2025-11-24 18:00:00+00:00,-0.0004248323,0.0,0.0,0.0
2025-11-24 19:00:00+00:00,-0.00043509537,0.0,-0.0,-0.0
2025-11-24 20:00:00+00:00,-0.00026482102,0.0,0.0,0.0
2025-11-24 21:00:00+00:00,-0.00043509537,0.0,-0.0,-0.0
2025-11-24 22:00:00+00:00,0.00012745244,0.0,-0.0,-0.0
2025-11-24 23:00:00+00:00,0.00050873205,0.0,-0.0,-0.0
2025-11-25 00:00:00+00:00,0.0002749082,0.0,0.0,0.0
2025-11-25 01:00:00+00:00,0.0002749082,0.0,-0.0,-0.0
2025-11-25 02:00:00+00:00,0.00036906748,0.0,0.0,0.0
2025-11-25 03:00:00+00:00,0.00036906748,0.0,-0.0,-0.0
2025-11-25 04:00:00+00:00,0.00025497391,0.0,0.0,0.0
2025-11-25 05:00:00+00:00,0.0002072924,0.0,-0.0,-0.0
2025-11-25 06:00:00+00:00,0.0002072924,0.0,-0.0,-0.0
2025-11-25 07:00:00+00:00,0.00032138592,0.0,-0.0,-0.0
2025-11-25 08:00:00+00:00,0.00043181353,0.0,-0.0,-0.0
2025-11-25 09:00:00+00:00,0.00017284998,0.0,0.0,0.0
2025-11-25 10:00:00+00:00,0.00017284998,0.0,0.0,0.0
2025-11-25 11:00:00+00:00,0.00017284998,0.0,-0.0,-0.0
2025-11-25 12:00:00+00:00,0.00017284998,0.0,0.0,0.0
2025-11-25 13:00:00+00:00,0.00017284998,0.0,-0.0,-0.0
2025-11-25 14:00:00+00:00,0.00040906912,0.0,-0.0,-0.0
2025-11-25 15:00:00+00:00,0.00024378001,0.0,0.0,0.0
2025-11-25 16:00:00+00:00,0.0002498203,0.0,0.0,0.0
2025-11-25 17:00:00+00:00,0.0002498203,0.0,0.0,0.0
2025-11-25 18:00:00+00:00,0.00051892514,0.0,-0.0,-0.0
2025-11-25 19:00:00+00:00,0.00051892514,0.0,-0.0,-0.0
2025-11-25 20:00:00+00:00,0.00051892514,0.0,0.0,0.0
2025-11-25 21:00:00+00:00,0.00051892514,0.0,-0.0,-0.0
2025-11-25 22:00:00+00:00,0.0002498203,0.0,0.0,0.0
2025-11-25 23:00:00+00:00,0.0002498203,0.0,-0.0,-0.0
2025-11-26 00:00:00+00:00,0.0004170169,0.0,0.0,0.0
2025-11-26 01:00:00+00:00,0.00039376813,0.0,0.0,0.0
2025-11-26 02:00:00+00:00,0.00046469836,0.0,-0.0,-0.0
2025-11-26 03:00:00+00:00,0.00043930137,0.0,-0.0,-0.0
2025-11-26 04:00:00+00:00,0.00043930137,0.0,0.0,0.0
2025-11-26 05:00:00+00:00,0.00043930137,0.0,0.0,0.0
2025-11-26 06:00:00+00:00,0.00039376813,0.0,0.0,0.0
2025-11-26 07:00:00+00:00,0.00039376813,0.0,0.0,0.0
2025-11-26 08:00:00+00:00,0.00043930137,0.0,-0.0,-0.0
2025-11-26 09:00:00+00:00,0.00043930137,0.0,-0.0,-0.0
2025-11-26 10:00:00+00:00,0.00043930137,0.0,0.0,0.0
2025-11-26 11:00:00+00:00,0.00043930137,0.0,0.0,0.0
2025-11-26 12:00:00+00:00,0.0005102314,0.0,-0.0,-0.0
2025-11-26 13:00:00+00:00,0.00043930137,0.0,0.0,0.0
2025-11-26 14:00:00+00:00,0.0005102314,0.0,-0.0,-0.0
2025-11-26 15:00:00+00:00,0.00043930137,0.0,0.0,0.0
2025-11-26 16:00:00+00:00,0.00066300586,0.0,0.0,0.0
2025-11-26 17:00:00+00:00,-0.0009437177,0.0,0.0,0.0
2025-11-26 18:00:00+00:00,-0.00013366801,0.0,0.0,0.0
2025-11-26 19:00:00+00:00,-0.00014009567,0.0,-0.0,-0.0
2025-11-26 20:00:00+00:00,-8.3428786e-05,0.0,-0.0,-0.0
2025-11-26 21:00:00+00:00,-4.5515582e-05,0.0,0.0,0.0
2025-11-26 22:00:00+00:00,3.6208266e-06,0.0,0.0,0.0
2025-11-26 23:00:00+00:00,0.00018479546,0.0,0.0,0.0
2025-11-27 00:00:00+00:00,-0.00042000125,0.0,0.0,0.0
2025-11-27 01:00:00+00:00,0.00076783204,0.0,0.0,0.0
2025-11-27 02:00:00+00:00,0.0006729604,0.0,0.0,0.0
2025-11-27 03:00:00+00:00,0.00024155984,0.0,-0.0,-0.0
2025-11-27 04:00:00+00:00,0.0005283634,0.0,0.0,0.0
2025-11-27 05:00:00+00:00,-0.00026633026,0.0,-0.0,-0.0
2025-11-27 06:00:00+00:00,6.278115e-05,0.0,0.0,0.0
2025-11-27 07:00:00+00:00,0.00010930049,0.0,0.0,0.0
2025-11-27 08:00:00+00:00,5.2118994e-05,0.0,0.0,0.0
2025-11-27 09:00:00+00:00,-0.0006319262,0.0,0.0,0.0
2025-11-27 10:00:00+00:00,-0.0003451226,0.0,0.0,0.0
2025-11-27 11:00:00+00:00,-0.00054942735,0.0,-0.0,-0.0
2025-11-27 12:00:00+00:00,-0.00045615417,0.0,-0.0,-0.0
2025-11-27 13:00:00+00:00,-0.00033274127,0.0,-0.0,-0.0
2025-11-27 14:00:00+00:00,-0.0005062128,0.0,-0.0,-0.0
2025-11-27 15:00:00+00:00,-0.00046375298,0.0,0.0,0.0
2025-11-27 16:00:00+00:00,4.974533e-05,0.0,0.0,0.0
2025-11-27 17:00:00+00:00,-3.8574195e-05,0.0,0.0,0.0
2025-11-27 18:00:00+00:00,-4.1587746e-06,0.0,0.0,0.0
2025-11-27 19:00:00+00:00,1.2591397e-05,0.0,-0.0,-0.0
2025-11-27 20:00:00+00:00,0.00012270742,0.0,-0.0,-0.0
2025-11-27 21:00:00+00:00,0.00012270742,0.0,-0.0,-0.0
2025-11-27 22:00:00+00:00,0.00017589693,0.0,-0.0,-0.0
2025-11-27 23:00:00+00:00,0.00012270742,0.0,0.0,0.0
2025-11-28 00:00:00+00:00,0.00031472786,0.0,-0.0,-0.0
2025-11-28 01:00:00+00:00,-0.00032468987,0.0,-0.0,-0.0
2025-11-28 02:00:00+00:00,0.00031472786,0.0,0.0,0.0
2025-11-28 03:00:00+00:00,0.00031472786,0.0,0.0,0.0
2025-11-28 04:00:00+00:00,0.00031472786,0.0,0.0,0.0
2025-11-28 05:00:00+00:00,0.00031472786,0.0,0.0,0.0
2025-11-28 06:00:00+00:00,0.00031472786,0.0,-0.0,-0.0
2025-11-28 07:00:00+00:00,-0.00028223006,0.0,-0.0,-0.0
2025-11-28 08:00:00+00:00,0.00021125982,0.0,0.0,0.0
2025-11-28 09:00:00+00:00,0.00043841495,0.0,-0.0,-0.0
2025-11-28 10:00:00+00:00,0.00048609637,0.0,0.0,0.0
2025-11-28 11:00:00+00:00,0.00043841495,0.0,-0.0,-0.0
2025-11-28 12:00:00+00:00,0.00021125982,0.0,0.0,0.0
2025-11-28 13:00:00+00:00,-2.0104206e-05,0.0,0.0,0.0
2025-11-28 14:00:00+00:00,-0.00015457357,0.0,-0.0,-0.0
2025-11-28 15:00:00+00:00,0.00013660581,0.0,0.0,0.0
2025-11-28 16:00:00+00:00,-0.00023968366,0.0,0.0,0.0
2025-11-28 17:00:00+00:00,-0.000538898,0.0,-0.0,-0.0
2025-11-28 18:00:00+00:00,-0.000538898,0.0,0.0,0.0
2025-11-28 19:00:00+00:00,0.000100519545,0.0,0.0,0.0
2025-11-28 20:00:00+00:00,0.000100519545,0.0,0.0,0.0
2025-11-28 21:00:00+00:00,-0.0004964381,0.0,-0.0,-0.0
2025-11-28 22:00:00+00:00,0.000100519545,0.0,0.0,0.0
2025-11-28 23:00:00+00:00,-0.00043963332,0.0,-0.0,-0.0
2025-11-29 00:00:00+00:00,-0.00029819016,0.0,0.0,0.0
2025-11-29 01:00:00+00:00,-0.00029819016,0.0,0.0,0.0
2025-11-29 02:00:00+00:00,-0.00034064997,0.0,-0.0,-0.0
2025-11-29 03:00:00+00:00,-0.00034064997,0.0,-0.0,-0.0
2025-11-29 04:00:00+00:00,-0.00029819016,0.0,0.0,0.0
2025-11-29 05:00:00+00:00,-0.00034064997,0.0,-0.0,-0.0
2025-11-29 06:00:00+00:00,-0.00034064997,0.0,-0.0,-0.0
2025-11-29 07:00:00+00:00,-0.00034064997,0.0,0.0,0.0
2025-11-29 08:00:00+00:00,-0.00034064997,0.0,0.0,0.0
2025-11-29 09:00:00+00:00,-0.00034064997,0.0,-0.0,-0.0
2025-11-29 10:00:00+00:00,-0.00037574352,0.0,-0.0,-0.0
2025-11-29 11:00:00+00:00,-0.00034064997,0.0,0.0,0.0
2025-11-29 12:00:00+00:00,-0.00034064997,0.0,-0.0,-0.0
2025-11-29 13:00:00+00:00,-0.00034064997,0.0,0.0,0.0
2025-11-29 14:00:00+00:00,-0.00034064997,0.0,-0.0,-0.0
2025-11-29 15:00:00+00:00,0.00041937677,0.0,0.0,0.0
2025-11-29 16:00:00+00:00,0.00029876796,0.0,-0.0,-0.0
2025-11-29 17:00:00+00:00,-0.00024743515,0.0,-0.0,-0.0
2025-11-29 18:00:00+00:00,-0.00024743515,0.0,0.0,0.0
2025-11-29 19:00:00+00:00,-0.00024743515,0.0,-0.0,-0.0
2025-11-29 20:00:00+00:00,0.00019346992,0.0,0.0,0.0
2025-11-29 21:00:00+00:00,0.00029876796,0.0,0.0,0.0
2025-11-29 22:00:00+00:00,-0.00024743515,0.0,-0.0,-0.0
2025-11-29 23:00:00+00:00,-0.00020497535,0.0,0.0,0.0
2025-11-30 00:00:00+00:00,-1.832642e-05,0.0,0.0,0.0
2025-11-30 01:00:00+00:00,-1.832642e-05,0.0,0.0,0.0
2025-11-30 02:00:00+00:00,-6.0786224e-05,0.0,-0.0,-0.0
2025-11-30 03:00:00+00:00,0.00033364736,0.0,0.0,0.0
2025-11-30 04:00:00+00:00,-6.479802e-05,0.0,-0.0,-0.0
2025-11-30 05:00:00+00:00,-0.00010725782,0.0,-0.0,-0.0
2025-11-30 06:00:00+00:00,-6.479802e-05,0.0,0.0,0.0
2025-11-30 07:00:00+00:00,0.0004389452,0.0,0.0,0.0
2025-11-30 08:00:00+00:00,0.0004389452,0.0,0.0,0.0
2025-11-30 09:00:00+00:00,0.0004389452,0.0,0.0,0.0
2025-11-30 10:00:00+00:00,0.0004389452,0.0,-0.0,-0.0
2025-11-30 11:00:00+00:00,0.0004389452,0.0,-0.0,-0.0
2025-11-30 12:00:00+00:00,0.0004866266,0.0,0.0,0.0
2025-11-30 13:00:00+00:00,0.0004866266,0.0,0.0,0.0
2025-11-30 14:00:00+00:00,0.000533098,0.0,-0.0,-0.0
2025-11-30 15:00:00+00:00,0.00052678125,0.0,-0.0,-0.0
2025-11-30 16:00:00+00:00,0.00016229384,0.0,0.0,0.0
2025-11-30 17:00:00+00:00,0.00016229384,0.0,-0.0,-0.0
2025-11-30 18:00:00+00:00,0.00016229384,0.0,-0.0,-0.0
2025-11-30 19:00:00+00:00,0.00011461235,0.0,0.0,0.0
2025-11-30 20:00:00+00:00,0.00011461235,0.0,-0.0,-0.0
2025-11-30 21:00:00+00:00,0.0001678018,0.0,-0.0,-0.0
2025-11-30 22:00:00+00:00,0.0001678018,0.0,0.0,0.0
2025-11-30 23:00:00+00:00,-0.0004607889,0.0,-0.0,-0.0
2025-12-01 00:00:00+00:00,-0.002199501,0.0,-0.0,-0.0
2025-12-01 01:00:00+00:00,-0.0020745446,0.0,0.0,0.0
2025-12-01 02:00:00+00:00,-0.0010115862,0.0,-0.0,-0.0
2025-12-01 03:00:00+00:00,-0.0002643267,0.0,-0.0,-0.0
2025-12-01 04:00:00+00:00,-0.002403534,0.0,-0.0,-0.0
2025-12-01 05:00:00+00:00,-0.0024728137,0.0,0.0,0.0
2025-12-01 06:00:00+00:00,0.0010997856,0.0,0.0,0.0
2025-12-01 07:00:00+00:00,0.0018166483,0.0,0.0,0.0
2025-12-01 08:00:00+00:00,0.0015435101,0.0,0.0,0.0
2025-12-01 09:00:00+00:00,0.0016141633,0.0,-0.0,-0.0
2025-12-01 10:00:00+00:00,0.0015671576,0.0,-0.0,-0.0
2025-12-01 11:00:00+00:00,0.0018109452,0.0,-0.0,-0.0
2025-12-01 12:00:00+00:00,0.0011652028,0.0,-0.0,-0.0
2025-12-01 13:00:00+00:00,0.00089156383,0.0,0.0,0.0
2025-12-01 14:00:00+00:00,0.001509864,0.0,0.0,0.0
2025-12-01 15:00:00+00:00,0.0015603667,0.0,-0.0,-0.0
2025-12-01 16:00:00+00:00,0.00064135744,0.0,-0.0,-0.0
2025-12-01 17:00:00+00:00,0.0021263857,0.0,0.0,0.0
2025-12-01 18:00:00+00:00,0.0020825393,0.0,0.0,0.0
2025-12-01 19:00:00+00:00,0.0014846177,0.0,-0.0,-0.0
2025-12-01 20:00:00+00:00,0.0020722665,0.0,0.0,0.0
2025-12-01 21:00:00+00:00,0.0024004695,0.0,0.0,0.0
2025-12-01 22:00:00+00:00,0.0021015997,0.0,0.0,0.0
2025-12-01 23:00:00+00:00,0.0016550279,0.0,-0.0,-0.0
2025-12-02 00:00:00+00:00,-8.393782e-05,0.0,0.0,0.0
2025-12-02 01:00:00+00:00,-4.2841555e-05,0.0,-0.0,-0.0
2025-12-02 02:00:00+00:00,-2.4104289e-05,0.0,0.0,0.0
2025-12-02 03:00:00+00:00,-2.4104289e-05,0.0,0.0,0.0
2025-12-02 04:00:00+00:00,-2.4104289e-05,0.0,-0.0,-0.0
2025-12-02 05:00:00+00:00,-2.4104289e-05,0.0,0.0,0.0
2025-12-02 06:00:00+00:00,-2.4104289e-05,0.0,0.0,0.0
2025-12-02 07:00:00+00:00,-2.4104289e-05,0.0,-0.0,-0.0
2025-12-02 08:00:00+00:00,-2.4104289e-05,0.0,-0.0,-0.0
2025-12-02 09:00:00+00:00,-4.6386227e-05,0.0,0.0,0.0
2025-12-02 10:00:00+00:00,-2.4104289e-05,0.0,0.0,0.0
2025-12-02 11:00:00+00:00,-2.4104289e-05,0.0,0.0,0.0
2025-12-02 12:00:00+00:00,-2.4104289e-05,0.0,-0.0,-0.0
2025-12-02 13:00:00+00:00,3.8561382e-05,0.0,0.0,0.0
2025-12-02 14:00:00+00:00,0.000978204,0.0,0.0,0.0
2025-12-02 15:00:00+00:00,0.00030631357,0.0,0.0,0.0
2025-12-02 16:00:00+00:00,-0.00030911935,0.0,-0.0,-0.0
2025-12-02 17:00:00+00:00,-0.00041604537,0.0,0.0,0.0
2025-12-02 18:00:00+00:00,-0.00042371108,0.0,0.0,0.0
2025-12-02 19:00:00+00:00,-0.00030911935,0.0,-0.0,-0.0
2025-12-02 20:00:00+00:00,-0.00059780554,0.0,-0.0,-0.0
2025-12-02 21:00:00+00:00,7.838376e-05,0.0,0.0,0.0
2025-12-02 22:00:00+00:00,7.838376e-05,0.0,0.0,0.0
2025-12-02 23:00:00+00:00,-0.0008055145,0.0,-0.0,-0.0
2025-12-03 00:00:00+00:00,7.683739e-05,0.0,0.0,0.0
2025-12-03 01:00:00+00:00,0.0005406231,0.0,0.0,0.0
2025-12-03 02:00:00+00:00,0.00068517117,0.0,0.0,0.0
2025-12-03 03:00:00+00:00,0.00086431234,0.0,-0.0,-0.0
2025-12-03 04:00:00+00:00,0.0016789464,0.0,0.0,0.0
2025-12-03 05:00:00+00:00,0.0014304336,0.0,0.0,0.0
2025-12-03 06:00:00+00:00,0.0014304336,0.0,-0.0,-0.0
2025-12-03 07:00:00+00:00,0.00027708092,0.0,-0.0,-0.0
2025-12-03 08:00:00+00:00,-0.00012345109,0.0,-0.0,-0.0
2025-12-03 09:00:00+00:00,0.00014409152,0.0,0.0,0.0
2025-12-03 10:00:00+00:00,-0.00012345109,0.0,-0.0,-0.0
2025-12-03 11:00:00+00:00,0.000104270526,0.0,0.0,0.0
2025-12-03 12:00:00+00:00,-0.000423302,0.0,-0.0,-0.0
2025-12-03 13:00:00+00:00,2.37743e-06,0.0,0.0,0.0
2025-12-03 14:00:00+00:00,0.0012698608,0.0,-0.0,-0.0
2025-12-03 15:00:00+00:00,0.0014479762,0.0,0.0,0.0
2025-12-03 16:00:00+00:00,0.0013757579,0.0,0.0,0.0
2025-12-03 17:00:00+00:00,0.00114841,0.0,0.0,0.0
2025-12-03 18:00:00+00:00,0.0012010499,0.0,-0.0,-0.0
2025-12-03 19:00:00+00:00,0.0011826514,0.0,0.0,0.0
2025-12-03 20:00:00+00:00,0.0010753962,0.0,-0.0,-0.0
2025-12-03 21:00:00+00:00,0.00079165125,0.0,0.0,0.0
2025-12-03 22:00:00+00:00,0.0007241519,0.0,0.0,0.0
2025-12-03 23:00:00+00:00,0.0009545242,0.0,-0.0,-0.0
2025-12-04 00:00:00+00:00,-2.2093858e-05,0.0,0.0,0.0
2025-12-04 01:00:00+00:00,-2.2093858e-05,0.0,0.0,0.0
2025-12-04 02:00:00+00:00,-6.722615e-05,0.0,0.0,0.0
2025-12-04 03:00:00+00:00,3.0539053e-05,0.0,-0.0,-0.0
2025-12-04 04:00:00+00:00,1.8808714e-07,0.0,-0.0,-0.0
2025-12-04 05:00:00+00:00,2.94305e-05,0.0,-0.0,-0.0
2025-12-04 06:00:00+00:00,1.8808714e-07,0.0,0.0,0.0
2025-12-04 07:00:00+00:00,-2.2093858e-05,0.0,0.0,0.0
2025-12-04 08:00:00+00:00,-2.6754575e-05,0.0,-0.0,-0.0
2025-12-04 09:00:00+00:00,-0.00015508322,0.0,0.0,0.0
2025-12-04 10:00:00+00:00,-0.00015508322,0.0,-0.0,-0.0
2025-12-04 11:00:00+00:00,-0.00015508322,0.0,-0.0,-0.0
2025-12-04 12:00:00+00:00,-6.0174927e-05,0.0,0.0,0.0
2025-12-04 13:00:00+00:00,2.4769795e-05,0.0,-0.0,-0.0
2025-12-04 14:00:00+00:00,8.8959045e-05,0.0,-0.0,-0.0
2025-12-04 15:00:00+00:00,0.00014681232,0.0,0.0,0.0
2025-12-04 16:00:00+00:00,0.0006929013,0.0,-0.0,-0.0
2025-12-04 17:00:00+00:00,0.00030838163,0.0,-0.0,-0.0
2025-12-04 18:00:00+00:00,0.00039933476,0.0,-0.0,-0.0
2025-12-04 19:00:00+00:00,0.00034947798,0.0,-0.0,-0.0
2025-12-04 20:00:00+00:00,0.00027100614,0.0,0.0,0.0
2025-12-04 21:00:00+00:00,0.00032051356,0.0,-0.0,-0.0
2025-12-04 22:00:00+00:00,0.00019218489,0.0,0.0,0.0
2025-12-04 23:00:00+00:00,0.00019218489,0.0,-0.0,-0.0
2025-12-05 00:00:00+00:00,-0.00038509193,0.0,0.0,0.0
2025-12-05 01:00:00+00:00,-0.00034399558,0.0,0.0,0.0
2025-12-05 02:00:00+00:00,-0.00032171363,0.0,0.0,0.0
2025-12-05 03:00:00+00:00,-0.00034399558,0.0,-0.0,-0.0
2025-12-05 04:00:00+00:00,-0.00034399558,0.0,-0.0,-0.0
2025-12-05 05:00:00+00:00,-0.00034399558,0.0,-0.0,-0.0
2025-12-05 06:00:00+00:00,-0.00034399558,0.0,0.0,0.0
2025-12-05 07:00:00+00:00,-0.00034399558,0.0,-0.0,-0.0
2025-12-05 08:00:00+00:00,-0.00027007033,0.0,-0.0,-0.0
2025-12-05 09:00:00+00:00,-0.00011234463,0.0,-0.0,-0.0
2025-12-05 10:00:00+00:00,-0.00014174172,0.0,0.0,0.0
2025-12-05 11:00:00+00:00,-0.00014174172,0.0,0.0,0.0
2025-12-05 12:00:00+00:00,-0.00014174172,0.0,-0.0,-0.0
2025-12-05 13:00:00+00:00,-0.0008109326,0.0,-0.0,-0.0
2025-12-05 14:00:00+00:00,-0.00092700764,0.0,-0.0,-0.0
2025-12-05 15:00:00+00:00,-0.0007285331,0.0,0.0,0.0
2025-12-05 16:00:00+00:00,-0.0004108913,0.0,-0.0,-0.0
2025-12-05 17:00:00+00:00,-6.26315e-05,0.0,0.0,0.0
2025-12-05 18:00:00+00:00,-6.26315e-05,0.0,-0.0,-0.0
2025-12-05 19:00:00+00:00,9.349664e-05,0.0,0.0,0.0
2025-12-05 20:00:00+00:00,0.00023209788,0.0,-0.0,-0.0
2025-12-05 21:00:00+00:00,0.00023209788,0.0,-0.0,-0.0
2025-12-05 22:00:00+00:00,-1.6148311e-05,0.0,0.0,0.0
2025-12-05 23:00:00+00:00,-1.6148311e-05,0.0,0.0,0.0
2025-12-06 00:00:00+00:00,0.0004073875,0.0,0.0,0.0
2025-12-06 01:00:00+00:00,0.0004073875,0.0,-0.0,-0.0
2025-12-06 02:00:00+00:00,0.0004073875,0.0,0.0,0.0
2025-12-06 03:00:00+00:00,0.00031058938,0.0,0.0,0.0
2025-12-06 04:00:00+00:00,0.0004453663,0.0,-0.0,-0.0
2025-12-06 05:00:00+00:00,0.00042308436,0.0,-0.0,-0.0
2025-12-06 06:00:00+00:00,0.0005382776,0.0,0.0,0.0
2025-12-06 07:00:00+00:00,0.00052389567,0.0,-0.0,-0.0
2025-12-06 08:00:00+00:00,0.00016397174,0.0,-0.0,-0.0
2025-12-06 09:00:00+00:00,6.3160405e-05,0.0,0.0,0.0
2025-12-06 10:00:00+00:00,6.3160405e-05,0.0,-0.0,-0.0
2025-12-06 11:00:00+00:00,6.3160405e-05,0.0,0.0,0.0
2025-12-06 12:00:00+00:00,6.3160405e-05,0.0,-0.0,-0.0
2025-12-06 13:00:00+00:00,-0.00022412666,0.0,0.0,0.0
2025-12-06 14:00:00+00:00,-0.00024294108,0.0,0.0,0.0
2025-12-06 15:00:00+00:00,-0.00026522303,0.0,-0.0,-0.0
2025-12-06 16:00:00+00:00,-0.00013223359,0.0,0.0,0.0
2025-12-06 17:00:00+00:00,-0.00013223359,0.0,0.0,0.0
2025-12-06 18:00:00+00:00,-0.00013223359,0.0,-0.0,-0.0
2025-12-06 19:00:00+00:00,-0.00013223359,0.0,-0.0,-0.0
2025-12-06 20:00:00+00:00,-0.00013223359,0.0,0.0,0.0
2025-12-06 21:00:00+00:00,-0.00013223359,0.0,-0.0,-0.0
2025-12-06 22:00:00+00:00,-0.00013223359,0.0,-0.0,-0.0
2025-12-06 23:00:00+00:00,-0.00013223359,0.0,-0.0,-0.0
2025-12-07 00:00:00+00:00,-0.00013223359,0.0,0.0,0.0
2025-12-07 01:00:00+00:00,-0.00013223359,0.0,-0.0,-0.0
2025-12-07 02:00:00+00:00,-0.00013223359,0.0,0.0,0.0
2025-12-07 03:00:00+00:00,-0.00013223359,0.0,0.0,0.0
2025-12-07 04:00:00+00:00,-0.00013223359,0.0,-0.0,-0.0
2025-12-07 05:00:00+00:00,-0.00013223359,0.0,-0.0,-0.0
2025-12-07 06:00:00+00:00,-0.00013223359,0.0,0.0,0.0
2025-12-07 07:00:00+00:00,-0.00013223359,0.0,-0.0,-0.0
2025-12-07 08:00:00+00:00,-0.00013223359,0.0,-0.0,-0.0
2025-12-07 09:00:00+00:00,5.2087315e-05,0.0,-0.0,-0.0
2025-12-07 10:00:00+00:00,-0.00013223359,0.0,0.0,0.0
2025-12-07 11:00:00+00:00,-0.00013223359,0.0,-0.0,-0.0
2025-12-07 12:00:00+00:00,-0.00013223359,0.0,0.0,0.0
2025-12-07 13:00:00+00:00,-7.624125e-05,0.0,-0.0,-0.0
2025-12-07 14:00:00+00:00,4.4469532e-05,0.0,-0.0,-0.0
2025-12-07 15:00:00+00:00,-4.650327e-06,0.0,0.0,0.0
2025-12-07 16:00:00+00:00,0.000109342,0.0,0.0,0.0
2025-12-07 17:00:00+00:00,-0.00015590533,0.0,0.0,0.0
2025-12-07 18:00:00+00:00,0.0007821881,0.0,0.0,0.0
2025-12-07 19:00:00+00:00,0.0005840697,0.0,0.0,0.0
2025-12-07 20:00:00+00:00,0.00056865846,0.0,0.0,0.0
2025-12-07 21:00:00+00:00,0.00053629495,0.0,-0.0,-0.0
2025-12-07 22:00:00+00:00,0.0002801207,0.0,-0.0,-0.0
2025-12-07 23:00:00+00:00,0.00082129834,0.0,0.0,0.0
2025-12-08 00:00:00+00:00,0.0009633249,0.0,0.0,0.0
2025-12-08 01:00:00+00:00,0.0009397863,0.0,0.0,0.0
2025-12-08 02:00:00+00:00,0.00072752236,0.0,0.0,0.0
2025-12-08 03:00:00+00:00,0.00072752236,0.0,-0.0,-0.0
2025-12-08 04:00:00+00:00,0.0005477712,0.0,0.0,0.0
2025-12-08 05:00:00+00:00,0.00058532285,0.0,0.0,0.0
2025-12-08 06:00:00+00:00,0.0005073125,0.0,0.0,0.0
2025-12-08 07:00:00+00:00,0.0005073125,0.0,0.0,0.0
2025-12-08 08:00:00+00:00,0.00060289784,0.0,0.0,0.0
2025-12-08 09:00:00+00:00,0.0006251798,0.0,0.0,0.0
2025-12-08 10:00:00+00:00,0.0006251798,0.0,0.0,0.0
2025-12-08 11:00:00+00:00,0.0006251798,0.0,-0.0,-0.0
2025-12-08 12:00:00+00:00,0.0008896727,0.0,-0.0,-0.0
2025-12-08 13:00:00+00:00,0.00073265337,0.0,-0.0,-0.0
2025-12-08 14:00:00+00:00,0.0008387002,0.0,-0.0,-0.0
2025-12-08 15:00:00+00:00,0.00052390783,0.0,-0.0,-0.0
2025-12-08 16:00:00+00:00,0.00064041605,0.0,0.0,0.0
2025-12-08 17:00:00+00:00,0.00071842637,0.0,0.0,0.0
2025-12-08 18:00:00+00:00,0.0007595227,0.0,-0.0,-0.0
2025-12-08 19:00:00+00:00,0.0007595227,0.0,0.0,0.0
2025-12-08 20:00:00+00:00,0.0013948717,0.0,0.0,0.0
2025-12-08 21:00:00+00:00,0.00073224294,0.0,0.0,0.0
2025-12-08 22:00:00+00:00,0.00077666534,0.0,-0.0,-0.0
2025-12-08 23:00:00+00:00,0.00077666534,0.0,-0.0,-0.0
2025-12-09 00:00:00+00:00,0.00046327908,0.0,-0.0,-0.0
2025-12-09 01:00:00+00:00,3.0520798e-05,0.0,-0.0,-0.0
2025-12-09 02:00:00+00:00,0.0001588493,0.0,0.0,0.0
2025-12-09 03:00:00+00:00,0.0006431318,0.0,0.0,0.0
2025-12-09 04:00:00+00:00,0.00018824638,0.0,-0.0,-0.0
2025-12-09 05:00:00+00:00,0.0001588493,0.0,-0.0,-0.0
2025-12-09 06:00:00+00:00,3.0520798e-05,0.0,0.0,0.0
2025-12-09 07:00:00+00:00,0.0005558997,0.0,0.0,0.0
2025-12-09 08:00:00+00:00,0.0005558997,0.0,0.0,0.0
2025-12-09 09:00:00+00:00,3.0520798e-05,0.0,-0.0,-0.0
2025-12-09 10:00:00+00:00,3.0520798e-05,0.0,0.0,0.0
2025-12-09 11:00:00+00:00,0.0005558997,0.0,0.0,0.0
2025-12-09 12:00:00+00:00,0.0005558997,0.0,0.0,0.0
2025-12-09 13:00:00+00:00,0.0005558997,0.0,-0.0,-0.0
2025-12-09 14:00:00+00:00,0.00055297854,0.0,-0.0,-0.0
2025-12-09 15:00:00+00:00,0.0012657754,0.0,0.0,0.0
2025-12-09 16:00:00+00:00,0.0008130765,0.0,0.0,0.0
2025-12-09 17:00:00+00:00,0.00012968833,0.0,-0.0,-0.0
2025-12-09 18:00:00+00:00,0.00014512945,0.0,0.0,0.0
2025-12-09 19:00:00+00:00,0.00012971825,0.0,-0.0,-0.0
2025-12-09 20:00:00+00:00,-0.0003771751,0.0,-0.0,-0.0
2025-12-09 21:00:00+00:00,0.0006233277,0.0,-0.0,-0.0
2025-12-09 22:00:00+00:00,0.0006317387,0.0,0.0,0.0
2025-12-09 23:00:00+00:00,0.00073716964,0.0,-0.0,-0.0
2025-12-10 00:00:00+00:00,0.00076571276,0.0,-0.0,-0.0
2025-12-10 01:00:00+00:00,0.00076571276,0.0,0.0,0.0
2025-12-10 02:00:00+00:00,0.00060665054,0.0,0.0,0.0
2025-12-10 03:00:00+00:00,0.00061510224,0.0,-0.0,-0.0
2025-12-10 04:00:00+00:00,0.00045604014,0.0,0.0,0.0
2025-12-10 05:00:00+00:00,0.00045604014,0.0,0.0,0.0
2025-12-10 06:00:00+00:00,0.00045604014,0.0,0.0,0.0
2025-12-10 07:00:00+00:00,0.00061510224,0.0,0.0,0.0
2025-12-10 08:00:00+00:00,0.0010704219,0.0,-0.0,-0.0
2025-12-10 09:00:00+00:00,0.00091135973,0.0,0.0,0.0
2025-12-10 10:00:00+00:00,0.0010704219,0.0,-0.0,-0.0
2025-12-10 11:00:00+00:00,0.0010704219,0.0,-0.0,-0.0
2025-12-10 12:00:00+00:00,0.0011987506,0.0,-0.0,-0.0
2025-12-10 13:00:00+00:00,0.0011987506,0.0,0.0,0.0
2025-12-10 14:00:00+00:00,0.0011987506,0.0,-0.0,-0.0
2025-12-10 15:00:00+00:00,0.0010794959,0.0,0.0,0.0
2025-12-10 16:00:00+00:00,0.0010975403,0.0,0.0,0.0
2025-12-10 17:00:00+00:00,0.0010975403,0.0,0.0,0.0
2025-12-10 18:00:00+00:00,0.0010975403,0.0,0.0,0.0
2025-12-10 19:00:00+00:00,0.0010954972,0.0,0.0,0.0
2025-12-10 20:00:00+00:00,0.0010564439,0.0,-0.0,-0.0
2025-12-10 21:00:00+00:00,0.0010049195,0.0,-0.0,-0.0
2025-12-10 22:00:00+00:00,0.0010049195,0.0,0.0,0.0
2025-12-10 23:00:00+00:00,0.0010564439,0.0,-0.0,-0.0
2025-12-11 00:00:00+00:00,0.00041409087,0.0,-0.0,-0.0
2025-12-11 01:00:00+00:00,7.211695e-05,0.0,-0.0,-0.0
2025-12-11 02:00:00+00:00,-0.00015071775,0.0,-0.0,-0.0
2025-12-11 03:00:00+00:00,-0.00014525322,0.0,-0.0,-0.0
2025-12-11 04:00:00+00:00,-4.359664e-05,0.0,0.0,0.0
2025-12-11 05:00:00+00:00,-4.359664e-05,0.0,-0.0,-0.0
2025-12-11 06:00:00+00:00,-4.359664e-05,0.0,-0.0,-0.0
2025-12-11 07:00:00+00:00,-7.613092e-05,0.0,-0.0,-0.0
2025-12-11 08:00:00+00:00,-0.00039885985,0.0,0.0,0.0
2025-12-11 09:00:00+00:00,-0.0001578224,0.0,0.0,0.0
2025-12-11 10:00:00+00:00,-0.00039885985,0.0,0.0,0.0
2025-12-11 11:00:00+00:00,-0.00039885985,0.0,-0.0,-0.0
2025-12-11 12:00:00+00:00,-0.00039885985,0.0,-0.0,-0.0
2025-12-11 13:00:00+00:00,-0.00039885985,0.0,0.0,0.0
2025-12-11 14:00:00+00:00,-0.00033869146,0.0,-0.0,-0.0
2025-12-11 15:00:00+00:00,-0.00036946277,0.0,0.0,0.0
2025-12-11 16:00:00+00:00,-1.018629e-05,0.0,-0.0,-0.0
2025-12-11 17:00:00+00:00,-0.00017192542,0.0,0.0,0.0
2025-12-11 18:00:00+00:00,0.00030512718,0.0,0.0,0.0
2025-12-11 19:00:00+00:00,0.00033515453,0.0,0.0,0.0
2025-12-11 20:00:00+00:00,0.00013441635,0.0,0.0,0.0
2025-12-11 21:00:00+00:00,-4.9393664e-05,0.0,0.0,0.0
2025-12-11 22:00:00+00:00,0.0002400941,0.0,-0.0,-0.0
2025-12-11 23:00:00+00:00,0.0002246829,0.0,0.0,0.0
2025-12-12 00:00:00+00:00,0.00041254255,0.0,-0.0,-0.0
2025-12-12 01:00:00+00:00,0.00025290065,0.0,0.0,0.0
2025-12-12 02:00:00+00:00,0.00014600622,0.0,0.0,0.0
2025-12-12 03:00:00+00:00,0.0003275663,0.0,-0.0,-0.0
2025-12-12 04:00:00+00:00,0.00030506856,0.0,0.0,0.0
2025-12-12 05:00:00+00:00,0.00030506856,0.0,0.0,0.0
2025-12-12 06:00:00+00:00,0.00018515097,0.0,0.0,0.0
2025-12-12 07:00:00+00:00,0.0002905819,0.0,-0.0,-0.0
2025-12-12 08:00:00+00:00,-0.00024355546,0.0,-0.0,-0.0
2025-12-12 09:00:00+00:00,-0.0002678805,0.0,0.0,0.0
2025-12-12 10:00:00+00:00,-0.0002658374,0.0,-0.0,-0.0
2025-12-12 11:00:00+00:00,-0.0002658374,0.0,-0.0,-0.0
2025-12-12 12:00:00+00:00,-0.0003022229,0.0,0.0,0.0
2025-12-12 13:00:00+00:00,-0.0002658374,0.0,-0.0,-0.0
2025-12-12 14:00:00+00:00,-0.00059567875,0.0,0.0,0.0
2025-12-12 15:00:00+00:00,-0.0017025654,0.0,-0.0,-0.0
2025-12-12 16:00:00+00:00,-0.001470181,0.0,0.0,0.0
2025-12-12 17:00:00+00:00,-0.0014880492,0.0,0.0,0.0
2025-12-12 18:00:00+00:00,-0.0018549841,0.0,0.0,0.0
2025-12-12 19:00:00+00:00,-0.0017769736,0.0,-0.0,-0.0
2025-12-12 20:00:00+00:00,-0.0013276268,0.0,0.0,0.0
2025-12-12 21:00:00+00:00,-0.00066022045,0.0,-0.0,-0.0
2025-12-12 22:00:00+00:00,-0.0007610319,0.0,0.0,0.0
2025-12-12 23:00:00+00:00,-0.0007610319,0.0,-0.0,-0.0
2025-12-13 00:00:00+00:00,0.00030657608,0.0,0.0,0.0
2025-12-13 01:00:00+00:00,0.00030657608,0.0,-0.0,-0.0
2025-12-13 02:00:00+00:00,0.00030657608,0.0,0.0,0.0
2025-12-13 03:00:00+00:00,0.00030657608,0.0,0.0,0.0
2025-12-13 04:00:00+00:00,0.00030657608,0.0,0.0,0.0
2025-12-13 05:00:00+00:00,0.00030657608,0.0,-0.0,-0.0
2025-12-13 06:00:00+00:00,0.00030657608,0.0,0.0,0.0
2025-12-13 07:00:00+00:00,0.00030657608,0.0,-0.0,-0.0
2025-12-13 08:00:00+00:00,0.00020129964,0.0,0.0,0.0
2025-12-13 09:00:00+00:00,0.00020129964,0.0,-0.0,-0.0
2025-12-13 10:00:00+00:00,0.00020129964,0.0,0.0,0.0
2025-12-13 11:00:00+00:00,0.00020129964,0.0,-0.0,-0.0
2025-12-13 12:00:00+00:00,0.00020129964,0.0,0.0,0.0
2025-12-13 13:00:00+00:00,0.00020129964,0.0,-0.0,-0.0
2025-12-13 14:00:00+00:00,0.00020129964,0.0,-0.0,-0.0
2025-12-13 15:00:00+00:00,-1.05755835e-05,0.0,0.0,0.0
2025-12-13 16:00:00+00:00,-1.05755835e-05,0.0,-0.0,-0.0
2025-12-13 17:00:00+00:00,-1.05755835e-05,0.0,-0.0,-0.0
2025-12-13 18:00:00+00:00,-1.05755835e-05,0.0,0.0,0.0
2025-12-13 19:00:00+00:00,-1.05755835e-05,0.0,0.0,0.0
2025-12-13 20:00:00+00:00,-1.05755835e-05,0.0,-0.0,-0.0
2025-12-13 21:00:00+00:00,-1.05755835e-05,0.0,0.0,0.0
2025-12-13 22:00:00+00:00,-1.05755835e-05,0.0,-0.0,-0.0
2025-12-13 23:00:00+00:00,-1.05755835e-05,0.0,0.0,0.0
2025-12-14 00:00:00+00:00,-0.0007235819,0.0,0.0,0.0
2025-12-14 01:00:00+00:00,-0.0007235819,0.0,-0.0,-0.0
2025-12-14 02:00:00+00:00,-0.0007235819,0.0,-0.0,-0.0
2025-12-14 03:00:00+00:00,-0.0007235819,0.0,-0.0,-0.0
2025-12-14 04:00:00+00:00,-0.0007235819,0.0,-0.0,-0.0
2025-12-14 05:00:00+00:00,-0.0007235819,0.0,0.0,0.0
2025-12-14 06:00:00+00:00,-0.0007235819,0.0,-0.0,-0.0
2025-12-14 07:00:00+00:00,-0.0007235819,0.0,0.0,0.0
2025-12-14 08:00:00+00:00,-0.0007235819,0.0,-0.0,-0.0
2025-12-14 09:00:00+00:00,-0.0007235819,0.0,-0.0,-0.0
2025-12-14 10:00:00+00:00,-0.0007235819,0.0,-0.0,-0.0
2025-12-14 11:00:00+00:00,-0.0011472291,0.0,-0.0,-0.0
2025-12-14 12:00:00+00:00,-0.0007810046,0.0,0.0,0.0
2025-12-14 13:00:00+00:00,-0.0007380307,0.0,0.0,0.0
2025-12-14 14:00:00+00:00,-0.0011472291,0.0,-0.0,-0.0
2025-12-14 15:00:00+00:00,-0.0011472291,0.0,-0.0,-0.0
2025-12-14 16:00:00+00:00,-0.0011472291,0.0,-0.0,-0.0
2025-12-14 17:00:00+00:00,-0.0012381821,0.0,-0.0,-0.0
2025-12-14 18:00:00+00:00,-0.0007721916,0.0,0.0,0.0
2025-12-14 19:00:00+00:00,-0.00095680694,0.0,-0.0,-0.0
2025-12-14 20:00:00+00:00,-0.0010039705,0.0,-0.0,-0.0
2025-12-14 21:00:00+00:00,-0.0009312814,0.0,-0.0,-0.0
2025-12-14 22:00:00+00:00,-0.0011753236,0.0,-0.0,-0.0
2025-12-14 23:00:00+00:00,-0.0010469949,0.0,-0.0,-0.0
2025-12-15 00:00:00+00:00,0.00022115237,0.0,0.0,0.0
2025-12-15 01:00:00+00:00,0.00046506966,0.0,0.0,0.0
2025-12-15 02:00:00+00:00,0.00032100343,0.0,0.0,0.0
2025-12-15 03:00:00+00:00,0.00030559226,0.0,-0.0,-0.0
2025-12-15 04:00:00+00:00,0.00028677774,0.0,0.0,0.0
2025-12-15 05:00:00+00:00,0.00022694412,0.0,-0.0,-0.0
2025-12-15 06:00:00+00:00,0.00028677774,0.0,0.0,0.0
2025-12-15 07:00:00+00:00,0.00028677774,0.0,0.0,0.0
2025-12-15 08:00:00+00:00,0.00024160995,0.0,0.0,0.0
2025-12-15 09:00:00+00:00,0.00024160995,0.0,0.0,0.0
2025-12-15 10:00:00+00:00,0.00029760238,0.0,-0.0,-0.0
2025-12-15 11:00:00+00:00,0.00029760238,0.0,-0.0,-0.0
2025-12-15 12:00:00+00:00,0.00024160995,0.0,0.0,0.0
2025-12-15 13:00:00+00:00,0.00021932802,0.0,-0.0,-0.0
2025-12-15 14:00:00+00:00,0.000633766,0.0,-0.0,-0.0
2025-12-15 15:00:00+00:00,-0.00036298152,0.0,-0.0,-0.0
2025-12-15 16:00:00+00:00,-0.00071631855,0.0,-0.0,-0.0
2025-12-15 17:00:00+00:00,-0.00033897435,0.0,-0.0,-0.0
2025-12-15 18:00:00+00:00,-9.85683e-05,0.0,0.0,0.0
2025-12-15 19:00:00+00:00,-0.00019500717,0.0,-0.0,-0.0
2025-12-15 20:00:00+00:00,-6.039303e-05,0.0,-0.0,-0.0
2025-12-15 21:00:00+00:00,1.9228872e-05,0.0,0.0,0.0
2025-12-15 22:00:00+00:00,-2.7089407e-05,0.0,0.0,0.0
2025-12-15 23:00:00+00:00,0.00032655883,0.0,0.0,0.0
2025-12-16 00:00:00+00:00,-0.00015677117,0.0,-0.0,-0.0
2025-12-16 01:00:00+00:00,-0.00011859588,0.0,0.0,0.0
2025-12-16 02:00:00+00:00,8.333202e-05,0.0,0.0,0.0
2025-12-16 03:00:00+00:00,8.333202e-05,0.0,-0.0,-0.0
2025-12-16 04:00:00+00:00,0.00012479076,0.0,-0.0,-0.0
2025-12-16 05:00:00+00:00,0.00014969334,0.0,0.0,0.0
2025-12-16 06:00:00+00:00,0.00073739246,0.0,0.0,0.0
2025-12-16 07:00:00+00:00,0.00074357813,0.0,-0.0,-0.0
2025-12-16 08:00:00+00:00,0.00077048875,0.0,0.0,0.0
2025-12-16 09:00:00+00:00,0.00085178216,0.0,0.0,0.0
2025-12-16 10:00:00+00:00,0.0008435546,0.0,0.0,0.0
2025-12-16 11:00:00+00:00,0.0005208543,0.0,0.0,0.0
2025-12-16 12:00:00+00:00,0.00074997847,0.0,-0.0,-0.0
2025-12-16 13:00:00+00:00,0.0006284856,0.0,-0.0,-0.0
2025-12-16 14:00:00+00:00,0.00048418937,0.0,0.0,0.0
2025-12-16 15:00:00+00:00,0.0002754262,0.0,0.0,0.0
2025-12-16 16:00:00+00:00,0.0004802242,0.0,-0.0,-0.0
2025-12-16 17:00:00+00:00,0.0005678225,0.0,-0.0,-0.0
2025-12-16 18:00:00+00:00,0.00044150377,0.0,0.0,0.0
2025-12-16 19:00:00+00:00,0.00043588108,0.0,-0.0,-0.0
2025-12-16 20:00:00+00:00,0.00034671277,0.0,-0.0,-0.0
2025-12-16 21:00:00+00:00,0.00022679528,0.0,0.0,0.0
2025-12-16 22:00:00+00:00,0.00025572715,0.0,0.0,0.0
2025-12-16 23:00:00+00:00,0.00014919338,0.0,0.0,0.0
2025-12-17 00:00:00+00:00,0.00067078957,0.0,-0.0,-0.0
2025-12-17 01:00:00+00:00,0.0006930715,0.0,0.0,0.0
2025-12-17 02:00:00+00:00,0.0007152649,0.0,-0.0,-0.0
2025-12-17 03:00:00+00:00,0.0007526403,0.0,-0.0,-0.0
2025-12-17 04:00:00+00:00,0.0010209136,0.0,-0.0,-0.0
2025-12-17 05:00:00+00:00,0.0010209136,0.0,-0.0,-0.0
2025-12-17 06:00:00+00:00,0.0010209136,0.0,0.0,0.0
2025-12-17 07:00:00+00:00,0.0008604193,0.0,0.0,0.0
2025-12-17 08:00:00+00:00,0.00040362618,0.0,-0.0,-0.0
2025-12-17 09:00:00+00:00,0.00040362618,0.0,0.0,0.0
2025-12-17 10:00:00+00:00,0.0002752976,0.0,0.0,0.0
2025-12-17 11:00:00+00:00,0.00019089862,0.0,0.0,0.0
2025-12-17 12:00:00+00:00,0.00019089862,0.0,0.0,0.0
2025-12-17 13:00:00+00:00,-4.4680342e-05,0.0,0.0,0.0
2025-12-17 14:00:00+00:00,0.0013619466,0.0,0.0,0.0
2025-12-17 15:00:00+00:00,-0.0018187284,0.0,-0.0,-0.0
2025-12-17 16:00:00+00:00,-0.0016588428,0.0,-0.0,-0.0
2025-12-17 17:00:00+00:00,-0.0016670298,0.0,-0.0,-0.0
2025-12-17 18:00:00+00:00,-0.0015034635,0.0,-0.0,-0.0
2025-12-17 19:00:00+00:00,-0.0013900248,0.0,0.0,0.0
2025-12-17 20:00:00+00:00,0.00096015574,0.0,-0.0,-0.0
2025-12-17 21:00:00+00:00,0.0008231238,0.0,0.0,0.0
2025-12-17 22:00:00+00:00,0.0008231238,0.0,0.0,0.0
2025-12-17 23:00:00+00:00,0.0005954023,0.0,-0.0,-0.0
2025-12-18 00:00:00+00:00,-0.00028553721,0.0,-0.0,-0.0
2025-12-18 01:00:00+00:00,-0.00033001235,0.0,-0.0,-0.0
2025-12-18 02:00:00+00:00,-0.00032234663,0.0,0.0,0.0
2025-12-18 03:00:00+00:00,-0.0003711087,0.0,-0.0,-0.0
2025-12-18 04:00:00+00:00,-0.00017408645,0.0,0.0,0.0
2025-12-18 05:00:00+00:00,-0.00017408645,0.0,-0.0,-0.0
2025-12-18 06:00:00+00:00,-0.00015180452,0.0,0.0,0.0
2025-12-18 07:00:00+00:00,-0.00028851553,0.0,0.0,0.0
2025-12-18 08:00:00+00:00,0.0003101012,0.0,0.0,0.0
2025-12-18 09:00:00+00:00,5.1019997e-05,0.0,0.0,0.0
2025-12-18 10:00:00+00:00,-2.6201693e-05,0.0,0.0,0.0
2025-12-18 11:00:00+00:00,5.1019997e-05,0.0,-0.0,-0.0
2025-12-18 12:00:00+00:00,5.1019997e-05,0.0,-0.0,-0.0
2025-12-18 13:00:00+00:00,0.00010361888,0.0,0.0,0.0
2025-12-18 14:00:00+00:00,-0.00016153645,0.0,-0.0,-0.0
2025-12-18 15:00:00+00:00,2.2609069e-05,0.0,0.0,0.0
2025-12-18 16:00:00+00:00,-0.0002862335,0.0,-0.0,-0.0
2025-12-18 17:00:00+00:00,-0.00050511956,0.0,-0.0,-0.0
2025-12-18 18:00:00+00:00,-0.0008614821,0.0,-0.0,-0.0
2025-12-18 19:00:00+00:00,-2.6193175e-05,0.0,-0.0,-0.0
2025-12-18 20:00:00+00:00,3.2158856e-05,0.0,0.0,0.0
2025-12-18 21:00:00+00:00,9.031367e-05,0.0,0.0,0.0
2025-12-18 22:00:00+00:00,-0.00075186277,0.0,-0.0,-0.0
2025-12-18 23:00:00+00:00,4.7567326e-05,0.0,-0.0,-0.0
2025-12-19 00:00:00+00:00,0.00030344067,0.0,0.0,0.0
2025-12-19 01:00:00+00:00,0.00034392136,0.0,-0.0,-0.0
2025-12-19 02:00:00+00:00,0.00034392136,0.0,0.0,0.0
2025-12-19 03:00:00+00:00,0.00012997311,0.0,0.0,0.0
2025-12-19 04:00:00+00:00,-0.0005222873,0.0,0.0,0.0
2025-12-19 05:00:00+00:00,8.0487676e-05,0.0,0.0,0.0
2025-12-19 06:00:00+00:00,-0.00024689158,0.0,0.0,0.0
2025-12-19 07:00:00+00:00,-0.0007415844,0.0,0.0,0.0
2025-12-19 08:00:00+00:00,-0.0013402008,0.0,0.0,0.0
2025-12-19 09:00:00+00:00,-0.0009009468,0.0,0.0,0.0
2025-12-19 10:00:00+00:00,-0.0010267755,0.0,0.0,0.0
2025-12-19 11:00:00+00:00,-0.0009009468,0.0,-0.0,-0.0
2025-12-19 12:00:00+00:00,-0.0010491075,0.0,-0.0,-0.0
2025-12-19 13:00:00+00:00,-0.0006911959,0.0,0.0,0.0
2025-12-19 14:00:00+00:00,-0.00067930087,0.0,0.0,0.0
2025-12-19 15:00:00+00:00,-0.0006298622,0.0,-0.0,-0.0
2025-12-19 16:00:00+00:00,-0.00102847,0.0,0.0,0.0
2025-12-19 17:00:00+00:00,-0.00045592367,0.0,-0.0,-0.0
2025-12-19 18:00:00+00:00,-0.00065897405,0.0,0.0,0.0
2025-12-19 19:00:00+00:00,-0.0010951832,0.0,0.0,0.0
2025-12-19 20:00:00+00:00,-0.0012226951,0.0,0.0,0.0
2025-12-19 21:00:00+00:00,-0.00081861316,0.0,-0.0,-0.0
2025-12-19 22:00:00+00:00,-0.0012183638,0.0,0.0,0.0
2025-12-19 23:00:00+00:00,-0.00097595743,0.0,-0.0,-0.0
2025-12-20 00:00:00+00:00,-0.0006017058,0.0,-0.0,-0.0
2025-12-20 01:00:00+00:00,-0.00074686646,0.0,0.0,0.0
2025-12-20 02:00:00+00:00,-0.0008240882,0.0,0.0,0.0
2025-12-20 03:00:00+00:00,-0.000665026,0.0,-0.0,-0.0
2025-12-20 04:00:00+00:00,-0.000665026,0.0,0.0,0.0
2025-12-20 05:00:00+00:00,-0.00064274407,0.0,-0.0,-0.0
2025-12-20 06:00:00+00:00,-0.00064274407,0.0,0.0,0.0
2025-12-20 07:00:00+00:00,-0.000665026,0.0,-0.0,-0.0
2025-12-20 08:00:00+00:00,-0.00026437524,0.0,-0.0,-0.0
2025-12-20 09:00:00+00:00,-0.00018715367,0.0,-0.0,-0.0
2025-12-20 10:00:00+00:00,-0.00013116121,0.0,-0.0,-0.0
2025-12-20 11:00:00+00:00,-0.00026437524,0.0,0.0,0.0
2025-12-20 12:00:00+00:00,-0.00018715367,0.0,-0.0,-0.0
2025-12-20 13:00:00+00:00,-0.00026437524,0.0,0.0,0.0
2025-12-20 14:00:00+00:00,-0.00018715367,0.0,-0.0,-0.0
2025-12-20 15:00:00+00:00,-0.0007690374,0.0,-0.0,-0.0
2025-12-20 16:00:00+00:00,-0.0007690374,0.0,-0.0,-0.0
2025-12-20 17:00:00+00:00,-0.0007690374,0.0,0.0,0.0
2025-12-20 18:00:00+00:00,-0.0007690374,0.0,0.0,0.0
2025-12-20 19:00:00+00:00,-0.0007690374,0.0,-0.0,-0.0
2025-12-20 20:00:00+00:00,-0.0007690374,0.0,0.0,0.0
2025-12-20 21:00:00+00:00,-0.0007690374,0.0,-0.0,-0.0
2025-12-20 22:00:00+00:00,-0.0007690374,0.0,0.0,0.0
2025-12-20 23:00:00+00:00,-0.0007690374,0.0,0.0,0.0
2025-12-21 00:00:00+00:00,-0.0007690374,0.0,0.0,0.0
2025-12-21 01:00:00+00:00,-0.00071304507,0.0,-0.0,-0.0
2025-12-21 02:00:00+00:00,-0.00071304507,0.0,-0.0,-0.0
2025-12-21 03:00:00+00:00,-0.0007690374,0.0,0.0,0.0
2025-12-21 04:00:00+00:00,-0.0007690374,0.0,-0.0,-0.0
2025-12-21 05:00:00+00:00,-0.0007690374,0.0,0.0,0.0
2025-12-21 06:00:00+00:00,-0.0007690374,0.0,-0.0,-0.0
2025-12-21 07:00:00+00:00,-0.0007690374,0.0,0.0,0.0
2025-12-21 08:00:00+00:00,-0.0006958335,0.0,0.0,0.0
2025-12-21 09:00:00+00:00,-0.0005718393,0.0,0.0,0.0
2025-12-21 10:00:00+00:00,-0.00063339726,0.0,-0.0,-0.0
2025-12-21 11:00:00+00:00,-0.00063339726,0.0,-0.0,-0.0
2025-12-21 12:00:00+00:00,-0.00063339726,0.0,0.0,0.0
2025-12-21 13:00:00+00:00,-0.0009403013,0.0,-0.0,-0.0
2025-12-21 14:00:00+00:00,-0.0010553992,0.0,0.0,0.0
2025-12-21 15:00:00+00:00,-0.0009959039,0.0,0.0,0.0
2025-12-21 16:00:00+00:00,-0.00069273973,0.0,0.0,0.0
2025-12-21 17:00:00+00:00,-0.00069273973,0.0,-0.0,-0.0
2025-12-21 18:00:00+00:00,-0.00069273973,0.0,0.0,0.0
2025-12-21 19:00:00+00:00,-0.0007235819,0.0,0.0,0.0
2025-12-21 20:00:00+00:00,-0.0007235819,0.0,-0.0,-0.0
2025-12-21 21:00:00+00:00,-0.0007235819,0.0,-0.0,-0.0
2025-12-21 22:00:00+00:00,-0.0007235819,0.0,0.0,0.0
2025-12-21 23:00:00+00:00,-0.00018729093,0.0,0.0,0.0
2025-12-22 00:00:00+00:00,0.00012609559,0.0,-0.0,-0.0
2025-12-22 01:00:00+00:00,0.0001483775,0.0,-0.0,-0.0
2025-12-22 02:00:00+00:00,-0.00041019527,0.0,-0.0,-0.0
2025-12-22 03:00:00+00:00,-6.953736e-05,0.0,0.0,0.0
2025-12-22 04:00:00+00:00,-6.953736e-05,0.0,0.0,0.0
2025-12-22 05:00:00+00:00,-6.953736e-05,0.0,-0.0,-0.0
2025-12-22 06:00:00+00:00,-9.18193e-05,0.0,0.0,0.0
2025-12-22 07:00:00+00:00,-6.953736e-05,0.0,0.0,0.0
2025-12-22 08:00:00+00:00,0.0005059192,0.0,0.0,0.0
2025-12-22 09:00:00+00:00,0.0015593146,0.0,0.0,0.0
2025-12-22 10:00:00+00:00,0.0015593146,0.0,-0.0,-0.0
2025-12-22 11:00:00+00:00,0.0015593146,0.0,0.0,0.0
2025-12-22 12:00:00+00:00,0.001499481,0.0,0.0,0.0
2025-12-22 13:00:00+00:00,0.00040048844,0.0,-0.0,-0.0
2025-12-22 14:00:00+00:00,0.0015593146,0.0,0.0,0.0
2025-12-22 15:00:00+00:00,0.00046664302,0.0,-0.0,-0.0
2025-12-22 16:00:00+00:00,-6.953736e-05,0.0,-0.0,-0.0
2025-12-22 17:00:00+00:00,5.879128e-05,0.0,-0.0,-0.0
2025-12-22 18:00:00+00:00,3.650933e-05,0.0,-0.0,-0.0
2025-12-22 19:00:00+00:00,-0.00015017559,0.0,-0.0,-0.0
2025-12-22 20:00:00+00:00,-0.0004997812,0.0,0.0,0.0
2025-12-22 21:00:00+00:00,-0.0004997812,0.0,-0.0,-0.0
2025-12-22 22:00:00+00:00,6.79672e-05,0.0,0.0,0.0
2025-12-22 23:00:00+00:00,6.79672e-05,0.0,-0.0,-0.0
2025-12-23 00:00:00+00:00,-0.0002998226,0.0,0.0,0.0
2025-12-23 01:00:00+00:00,-0.0008675715,0.0,-0.0,-0.0
2025-12-23 02:00:00+00:00,-0.0008381744,0.0,-0.0,-0.0
2025-12-23 03:00:00+00:00,-0.0008675715,0.0,-0.0,-0.0
2025-12-23 04:00:00+00:00,-0.00058243296,0.0,-0.0,-0.0
2025-12-23 05:00:00+00:00,-0.00058243296,0.0,-0.0,-0.0
2025-12-23 06:00:00+00:00,-0.00077952223,0.0,-0.0,-0.0
2025-12-23 07:00:00+00:00,-0.0006981466,0.0,0.0,0.0
2025-12-23 08:00:00+00:00,-0.0007720718,0.0,-0.0,-0.0
2025-12-23 09:00:00+00:00,-0.0007720718,0.0,0.0,0.0
2025-12-23 10:00:00+00:00,-0.0009004005,0.0,0.0,0.0
2025-12-23 11:00:00+00:00,-0.0009004005,0.0,0.0,0.0
2025-12-23 12:00:00+00:00,-0.00080460624,0.0,-0.0,-0.0
2025-12-23 13:00:00+00:00,-0.0009004005,0.0,-0.0,-0.0
2025-12-23 14:00:00+00:00,-0.0006651948,0.0,-0.0,-0.0
2025-12-23 15:00:00+00:00,-0.00076178287,0.0,0.0,0.0
2025-12-23 16:00:00+00:00,-0.00013170825,0.0,0.0,0.0
2025-12-23 17:00:00+00:00,7.591762e-05,0.0,-0.0,-0.0
2025-12-23 18:00:00+00:00,0.00026482367,0.0,0.0,0.0
2025-12-23 19:00:00+00:00,-9.350733e-05,0.0,-0.0,-0.0
2025-12-23 20:00:00+00:00,-9.350733e-05,0.0,-0.0,-0.0
2025-12-23 21:00:00+00:00,-9.350733e-05,0.0,0.0,0.0
2025-12-23 22:00:00+00:00,7.591762e-05,0.0,-0.0,-0.0
2025-12-23 23:00:00+00:00,-8.3868836e-05,0.0,0.0,0.0
2025-12-24 00:00:00+00:00,-0.00011980475,0.0,0.0,0.0
2025-12-24 01:00:00+00:00,-0.00011980475,0.0,-0.0,-0.0
2025-12-24 02:00:00+00:00,8.523802e-06,0.0,-0.0,-0.0
2025-12-24 03:00:00+00:00,-0.00011980475,0.0,0.0,0.0
2025-12-24 04:00:00+00:00,-0.00011980475,0.0,-0.0,-0.0
2025-12-24 05:00:00+00:00,-8.242934e-05,0.0,-0.0,-0.0
2025-12-24 06:00:00+00:00,-3.2572545e-05,0.0,0.0,0.0
2025-12-24 07:00:00+00:00,-3.2572545e-05,0.0,-0.0,-0.0
2025-12-24 08:00:00+00:00,-0.00013150403,0.0,-0.0,-0.0
2025-12-24 09:00:00+00:00,-3.8639577e-05,0.0,0.0,0.0
2025-12-24 10:00:00+00:00,-0.00016090115,0.0,0.0,0.0
2025-12-24 11:00:00+00:00,-0.00016090115,0.0,0.0,0.0
2025-12-24 12:00:00+00:00,-0.00016090115,0.0,0.0,0.0
2025-12-24 13:00:00+00:00,-0.00016090115,0.0,-0.0,-0.0
2025-12-24 14:00:00+00:00,-0.00010490877,0.0,-0.0,-0.0
2025-12-24 15:00:00+00:00,-7.940648e-05,0.0,0.0,0.0
2025-12-24 16:00:00+00:00,-0.00044135225,0.0,0.0,0.0
2025-12-24 17:00:00+00:00,-0.00036770274,0.0,0.0,0.0
2025-12-24 18:00:00+00:00,-0.00036770274,0.0,0.0,0.0
2025-12-24 19:00:00+00:00,-0.0003454208,0.0,0.0,0.0
2025-12-24 20:00:00+00:00,-0.0003454208,0.0,-0.0,-0.0
2025-12-24 21:00:00+00:00,-0.0003454208,0.0,0.0,0.0
2025-12-24 22:00:00+00:00,-0.0003454208,0.0,0.0,0.0
2025-12-24 23:00:00+00:00,-0.0003454208,0.0,-0.0,-0.0
2025-12-25 00:00:00+00:00,-0.000849308,0.0,-0.0,-0.0
2025-12-25 01:00:00+00:00,-0.000849308,0.0,0.0,0.0
2025-12-25 02:00:00+00:00,-0.00082702603,0.0,0.0,0.0
2025-12-25 03:00:00+00:00,-0.00082702603,0.0,-0.0,-0.0
2025-12-25 04:00:00+00:00,-0.00082702603,0.0,-0.0,-0.0
2025-12-25 05:00:00+00:00,-0.000849308,0.0,-0.0,-0.0
2025-12-25 06:00:00+00:00,-0.000849308,0.0,0.0,0.0
2025-12-25 07:00:00+00:00,-0.000849308,0.0,-0.0,-0.0
2025-12-25 08:00:00+00:00,-0.000849308,0.0,-0.0,-0.0
2025-12-25 09:00:00+00:00,-0.000849308,0.0,-0.0,-0.0
2025-12-25 10:00:00+00:00,-0.000849308,0.0,-0.0,-0.0
2025-12-25 11:00:00+00:00,-0.000849308,0.0,0.0,0.0
2025-12-25 12:00:00+00:00,-0.000897236,0.0,0.0,0.0
2025-12-25 13:00:00+00:00,-0.0009362709,0.0,0.0,0.0
2025-12-25 14:00:00+00:00,-0.0009362709,0.0,0.0,0.0
2025-12-25 15:00:00+00:00,-0.00024379336,0.0,0.0,0.0
2025-12-25 16:00:00+00:00,-0.000849308,0.0,-0.0,-0.0
2025-12-25 17:00:00+00:00,-0.000849308,0.0,0.0,0.0
2025-12-25 18:00:00+00:00,-0.00031301723,0.0,0.0,0.0
2025-12-25 19:00:00+00:00,-0.00046241627,0.0,-0.0,-0.0
2025-12-25 20:00:00+00:00,-0.0009362709,0.0,-0.0,-0.0
2025-12-25 21:00:00+00:00,-0.0009362709,0.0,0.0,0.0
2025-12-25 22:00:00+00:00,-0.0009362709,0.0,-0.0,-0.0
2025-12-25 23:00:00+00:00,-0.0008988955,0.0,-0.0,-0.0
2025-12-26 00:00:00+00:00,-0.0008988955,0.0,-0.0,-0.0
2025-12-26 01:00:00+00:00,-0.0008988955,0.0,0.0,0.0
2025-12-26 02:00:00+00:00,-0.00073741516,0.0,0.0,0.0
2025-12-26 03:00:00+00:00,-0.00028445397,0.0,-0.0,-0.0
2025-12-26 04:00:00+00:00,-0.0003220056,0.0,0.0,0.0
2025-12-26 05:00:00+00:00,-0.00033741677,0.0,0.0,0.0
2025-12-26 06:00:00+00:00,-0.00033741677,0.0,0.0,0.0
2025-12-26 07:00:00+00:00,5.727642e-06,0.0,-0.0,-0.0
2025-12-26 08:00:00+00:00,-3.4482755e-06,0.0,0.0,0.0
2025-12-26 09:00:00+00:00,-3.4482755e-06,0.0,0.0,0.0
2025-12-26 10:00:00+00:00,-3.4482755e-06,0.0,-0.0,-0.0
2025-12-26 11:00:00+00:00,-3.4482755e-06,0.0,-0.0,-0.0
2025-12-26 12:00:00+00:00,-3.4482755e-06,0.0,0.0,0.0
2025-12-26 13:00:00+00:00,-3.4482755e-06,0.0,0.0,0.0
2025-12-26 14:00:00+00:00,-0.00025929534,0.0,-0.0,-0.0
2025-12-26 15:00:00+00:00,-0.0004931877,0.0,-0.0,-0.0
2025-12-26 16:00:00+00:00,-0.00046379055,0.0,-0.0,-0.0
2025-12-26 17:00:00+00:00,-0.0004931877,0.0,0.0,0.0
2025-12-26 18:00:00+00:00,-0.0004931877,0.0,-0.0,-0.0
2025-12-26 19:00:00+00:00,-0.0004931877,0.0,0.0,0.0
2025-12-26 20:00:00+00:00,-0.0005620211,0.0,0.0,0.0
2025-12-26 21:00:00+00:00,-0.0005620211,0.0,-0.0,-0.0
2025-12-26 22:00:00+00:00,-0.0005620211,0.0,0.0,0.0
2025-12-26 23:00:00+00:00,-0.0005620211,0.0,-0.0,-0.0
2025-12-27 00:00:00+00:00,-0.00024376172,0.0,0.0,0.0
2025-12-27 01:00:00+00:00,-0.00024376172,0.0,0.0,0.0
2025-12-27 02:00:00+00:00,-0.000531049,0.0,-0.0,-0.0
2025-12-27 03:00:00+00:00,-0.000531049,0.0,0.0,0.0
2025-12-27 04:00:00+00:00,-0.0005087669,0.0,-0.0,-0.0
2025-12-27 05:00:00+00:00,-0.000531049,0.0,0.0,0.0
2025-12-27 06:00:00+00:00,-0.000531049,0.0,-0.0,-0.0
2025-12-27 07:00:00+00:00,-0.000531049,0.0,0.0,0.0
2025-12-27 08:00:00+00:00,-0.000531049,0.0,0.0,0.0
2025-12-27 09:00:00+00:00,-0.000531049,0.0,0.0,0.0
2025-12-27 10:00:00+00:00,-0.000531049,0.0,-0.0,-0.0
2025-12-27 11:00:00+00:00,-0.000531049,0.0,-0.0,-0.0
2025-12-27 12:00:00+00:00,-0.000531049,0.0,-0.0,-0.0
2025-12-27 13:00:00+00:00,-0.000531049,0.0,-0.0,-0.0
2025-12-27 14:00:00+00:00,-0.000531049,0.0,0.0,0.0
2025-12-27 15:00:00+00:00,-0.000531049,0.0,0.0,0.0
2025-12-27 16:00:00+00:00,6.756777e-05,0.0,-0.0,-0.0
2025-12-27 17:00:00+00:00,6.756777e-05,0.0,0.0,0.0
2025-12-27 18:00:00+00:00,6.756777e-05,0.0,-0.0,-0.0
2025-12-27 19:00:00+00:00,6.756777e-05,0.0,0.0,0.0
2025-12-27 20:00:00+00:00,6.756777e-05,0.0,-0.0,-0.0
2025-12-27 21:00:00+00:00,6.756777e-05,0.0,0.0,0.0
2025-12-27 22:00:00+00:00,6.756777e-05,0.0,-0.0,-0.0
2025-12-27 23:00:00+00:00,6.756777e-05,0.0,0.0,0.0
2025-12-28 00:00:00+00:00,0.0001728442,0.0,0.0,0.0
2025-12-28 01:00:00+00:00,0.0001728442,0.0,-0.0,-0.0
2025-12-28 02:00:00+00:00,0.0001728442,0.0,0.0,0.0
2025-12-28 03:00:00+00:00,0.0001728442,0.0,-0.0,-0.0
2025-12-28 04:00:00+00:00,0.0001728442,0.0,-0.0,-0.0
2025-12-28 05:00:00+00:00,0.0001728442,0.0,-0.0,-0.0
2025-12-28 06:00:00+00:00,0.0001728442,0.0,0.0,0.0
2025-12-28 07:00:00+00:00,0.0001728442,0.0,0.0,0.0
2025-12-28 08:00:00+00:00,-0.0004571235,0.0,0.0,0.0
2025-12-28 09:00:00+00:00,-0.0004571235,0.0,-0.0,-0.0
2025-12-28 10:00:00+00:00,-0.0004571235,0.0,0.0,0.0
2025-12-28 11:00:00+00:00,-0.0004571235,0.0,0.0,0.0
2025-12-28 12:00:00+00:00,-0.0004571235,0.0,-0.0,-0.0
2025-12-28 13:00:00+00:00,-0.0004571235,0.0,0.0,0.0
2025-12-28 14:00:00+00:00,-0.0004571235,0.0,0.0,0.0
2025-12-28 15:00:00+00:00,-0.0004571235,0.0,-0.0,-0.0
2025-12-28 16:00:00+00:00,-0.000531049,0.0,-0.0,-0.0
2025-12-28 17:00:00+00:00,-0.000531049,0.0,-0.0,-0.0
2025-12-28 18:00:00+00:00,-0.000531049,0.0,-0.0,-0.0
2025-12-28 19:00:00+00:00,-0.00041533523,0.0,-0.0,-0.0
2025-12-28 20:00:00+00:00,-0.0005016518,0.0,-0.0,-0.0
2025-12-28 21:00:00+00:00,-0.000531049,0.0,0.0,0.0
2025-12-28 22:00:00+00:00,-0.000531049,0.0,0.0,0.0
2025-12-28 23:00:00+00:00,5.2420683e-06,0.0,0.0,0.0
2025-12-29 00:00:00+00:00,-4.0702773e-05,0.0,0.0,0.0
2025-12-29 01:00:00+00:00,0.0010694889,0.0,0.0,0.0
2025-12-29 02:00:00+00:00,0.0012662901,0.0,0.0,0.0
2025-12-29 03:00:00+00:00,0.0014319549,0.0,0.0,0.0
2025-12-29 04:00:00+00:00,0.0010672105,0.0,0.0,0.0
2025-12-29 05:00:00+00:00,0.00082746736,0.0,-0.0,-0.0
2025-12-29 06:00:00+00:00,0.00091697706,0.0,-0.0,-0.0
2025-12-29 07:00:00+00:00,0.0009774261,0.0,-0.0,-0.0
2025-12-29 08:00:00+00:00,-0.00021285789,0.0,-0.0,-0.0
2025-12-29 09:00:00+00:00,0.00024298542,0.0,-0.0,-0.0
2025-12-29 10:00:00+00:00,-0.0005200826,0.0,-0.0,-0.0
2025-12-29 11:00:00+00:00,-0.0003777736,0.0,-0.0,-0.0
2025-12-29 12:00:00+00:00,-0.0004934874,0.0,-0.0,-0.0
2025-12-29 13:00:00+00:00,-0.0004934874,0.0,0.0,0.0
2025-12-29 14:00:00+00:00,-0.0005804504,0.0,0.0,0.0
2025-12-29 15:00:00+00:00,-0.00070527586,0.0,0.0,0.0
2025-12-29 16:00:00+00:00,-0.0006665709,0.0,-0.0,-0.0
2025-12-29 17:00:00+00:00,-0.0006665709,0.0,0.0,0.0
2025-12-29 18:00:00+00:00,-0.0006665709,0.0,-0.0,-0.0
2025-12-29 19:00:00+00:00,-0.0006665709,0.0,-0.0,-0.0
2025-12-29 20:00:00+00:00,-0.0005480057,0.0,-0.0,-0.0
2025-12-29 21:00:00+00:00,-0.00057740277,0.0,0.0,0.0
2025-12-29 22:00:00+00:00,-0.0006665709,0.0,0.0,0.0
2025-12-29 23:00:00+00:00,-0.0006291957,0.0,-0.0,-0.0
2025-12-30 00:00:00+00:00,-0.0009799576,0.0,0.0,0.0
2025-12-30 01:00:00+00:00,-0.0009799576,0.0,0.0,0.0
2025-12-30 02:00:00+00:00,-0.0009505605,0.0,-0.0,-0.0
2025-12-30 03:00:00+00:00,-0.00084955577,0.0,0.0,0.0
2025-12-30 04:00:00+00:00,-0.00084955577,0.0,-0.0,-0.0
2025-12-30 05:00:00+00:00,-0.00084955577,0.0,-0.0,-0.0
2025-12-30 06:00:00+00:00,-0.0009799576,0.0,0.0,0.0
2025-12-30 07:00:00+00:00,-0.0009799576,0.0,0.0,0.0
2025-12-30 08:00:00+00:00,-0.00059573003,0.0,0.0,0.0
2025-12-30 09:00:00+00:00,-5.943892e-05,0.0,0.0,0.0
2025-12-30 10:00:00+00:00,-5.943892e-05,0.0,-0.0,-0.0
2025-12-30 11:00:00+00:00,-0.000121874946,0.0,-0.0,-0.0
2025-12-30 12:00:00+00:00,-5.943892e-05,0.0,0.0,0.0
2025-12-30 13:00:00+00:00,-5.943892e-05,0.0,0.0,0.0
2025-12-30 14:00:00+00:00,0.0007122471,0.0,0.0,0.0
2025-12-30 15:00:00+00:00,0.0007045814,0.0,0.0,0.0
2025-12-30 16:00:00+00:00,-6.1481995e-05,0.0,-0.0,-0.0
2025-12-30 17:00:00+00:00,-5.943892e-05,0.0,-0.0,-0.0
2025-12-30 18:00:00+00:00,-5.943892e-05,0.0,-0.0,-0.0
2025-12-30 19:00:00+00:00,-5.943892e-05,0.0,-0.0,-0.0
2025-12-30 20:00:00+00:00,-4.4345456e-05,0.0,-0.0,-0.0
2025-12-30 21:00:00+00:00,-4.4345456e-05,0.0,0.0,0.0
2025-12-30 22:00:00+00:00,-5.943892e-05,0.0,0.0,0.0
2025-12-30 23:00:00+00:00,-5.943892e-05,0.0,0.0,0.0
2025-12-31 00:00:00+00:00,0.00044357067,0.0,-0.0,-0.0
2025-12-31 01:00:00+00:00,0.00046585262,0.0,0.0,0.0
2025-12-31 02:00:00+00:00,0.00044357067,0.0,0.0,0.0
2025-12-31 03:00:00+00:00,0.00044357067,0.0,-0.0,-0.0
2025-12-31 04:00:00+00:00,0.00044357067,0.0,-0.0,-0.0
2025-12-31 05:00:00+00:00,0.00044357067,0.0,0.0,0.0
2025-12-31 06:00:00+00:00,0.00044357067,0.0,0.0,0.0
2025-12-31 07:00:00+00:00,0.00044357067,0.0,0.0,0.0
2025-12-31 08:00:00+00:00,0.0009211721,0.0,-0.0,-0.0
2025-12-31 09:00:00+00:00,0.00089889014,0.0,0.0,0.0
2025-12-31 10:00:00+00:00,0.00089889014,0.0,0.0,0.0
2025-12-31 11:00:00+00:00,0.000960207,0.0,0.0,0.0
2025-12-31 12:00:00+00:00,0.001008135,0.0,-0.0,-0.0
2025-12-31 13:00:00+00:00,0.000985853,0.0,0.0,0.0
2025-12-31 14:00:00+00:00,0.000985853,0.0,-0.0,-0.0
2025-12-31 15:00:00+00:00,0.0011041499,0.0,-0.0,-0.0
2025-12-31 16:00:00+00:00,0.0006546506,0.0,-0.0,-0.0
2025-12-31 17:00:00+00:00,0.0006546506,0.0,-0.0,-0.0
2025-12-31 18:00:00+00:00,0.0006546506,0.0,0.0,0.0
2025-12-31 19:00:00+00:00,0.0006840477,0.0,-0.0,-0.0
2025-12-31 20:00:00+00:00,0.0006546506,0.0,0.0,0.0
2025-12-31 21:00:00+00:00,0.000617275,0.0,0.0,0.0
2025-12-31 22:00:00+00:00,0.000617275,0.0,-0.0,-0.0
2025-12-31 23:00:00+00:00,0.000617275,0.0,-0.0,-0.0
2026-01-01 00:00:00+00:00,-0.0006139084,0.0,0.0,0.0
2026-01-01 01:00:00+00:00,-0.00045307548,0.0,0.0,0.0
2026-01-01 02:00:00+00:00,-0.00045307548,0.0,-0.0,-0.0
2026-01-01 03:00:00+00:00,-0.0006583444,0.0,-0.0,-0.0
2026-01-01 04:00:00+00:00,-0.0006726276,0.0,-0.0,-0.0
2026-01-01 05:00:00+00:00,-0.0006726276,0.0,0.0,0.0
2026-01-01 06:00:00+00:00,-0.0006726276,0.0,-0.0,-0.0
2026-01-01 07:00:00+00:00,-0.0006726276,0.0,-0.0,-0.0
2026-01-01 08:00:00+00:00,-0.0006583444,0.0,0.0,0.0
2026-01-01 09:00:00+00:00,-0.0004975115,0.0,0.0,0.0
2026-01-01 10:00:00+00:00,-0.0006583444,0.0,-0.0,-0.0
2026-01-01 11:00:00+00:00,-0.0004975115,0.0,0.0,0.0
2026-01-01 12:00:00+00:00,-0.0004975115,0.0,-0.0,-0.0
2026-01-01 13:00:00+00:00,-0.0004975115,0.0,-0.0,-0.0
2026-01-01 14:00:00+00:00,-0.0004975115,0.0,0.0,0.0
2026-01-01 15:00:00+00:00,-0.0004975115,0.0,0.0,0.0
2026-01-01 16:00:00+00:00,-0.0004975115,0.0,-0.0,-0.0
2026-01-01 17:00:00+00:00,-0.0004975115,0.0,0.0,0.0
2026-01-01 18:00:00+00:00,-0.0004975115,0.0,-0.0,-0.0
2026-01-01 19:00:00+00:00,-0.0004975115,0.0,0.0,0.0
2026-01-01 20:00:00+00:00,-0.0004975115,0.0,-0.0,-0.0
2026-01-01 21:00:00+00:00,-0.0004975115,0.0,0.0,0.0
2026-01-01 22:00:00+00:00,-0.0004975115,0.0,0.0,0.0
2026-01-01 23:00:00+00:00,-0.00042854642,0.0,0.0,0.0
2026-01-02 00:00:00+00:00,-0.00042854642,0.0,-0.0,-0.0
2026-01-02 01:00:00+00:00,-0.0004975115,0.0,-0.0,-0.0
2026-01-02 02:00:00+00:00,-0.0003608152,0.0,0.0,0.0
2026-01-02 03:00:00+00:00,-0.00029185016,0.0,0.0,0.0
2026-01-02 04:00:00+00:00,-0.0003608152,0.0,-0.0,-0.0
2026-01-02 05:00:00+00:00,-0.0003608152,0.0,0.0,0.0
2026-01-02 06:00:00+00:00,-0.0003608152,0.0,0.0,0.0
2026-01-02 07:00:00+00:00,-0.0003608152,0.0,-0.0,-0.0
2026-01-02 08:00:00+00:00,0.00037811737,0.0,0.0,0.0
2026-01-02 09:00:00+00:00,0.00079540466,0.0,0.0,0.0
2026-01-02 10:00:00+00:00,0.0010822975,0.0,0.0,0.0
2026-01-02 11:00:00+00:00,0.0004470824,0.0,-0.0,-0.0
2026-01-02 12:00:00+00:00,0.00037811737,0.0,-0.0,-0.0
2026-01-02 13:00:00+00:00,0.00037811737,0.0,-0.0,-0.0
2026-01-02 14:00:00+00:00,-0.00018983317,0.0,0.0,0.0
2026-01-02 15:00:00+00:00,0.00037811737,0.0,-0.0,-0.0
2026-01-02 16:00:00+00:00,0.0005781817,0.0,0.0,0.0
2026-01-02 17:00:00+00:00,0.0007023883,0.0,-0.0,-0.0
2026-01-02 18:00:00+00:00,-0.00051509676,0.0,-0.0,-0.0
2026-01-02 19:00:00+00:00,-0.00051509676,0.0,0.0,0.0
2026-01-02 20:00:00+00:00,-0.0005568272,0.0,-0.0,-0.0
2026-01-02 21:00:00+00:00,-0.0005568272,0.0,0.0,0.0
2026-01-02 22:00:00+00:00,-0.00040254553,0.0,0.0,0.0
2026-01-02 23:00:00+00:00,-0.00040254553,0.0,-0.0,-0.0
2026-01-03 00:00:00+00:00,0.0005940892,0.0,0.0,0.0
2026-01-03 01:00:00+00:00,0.0005451866,0.0,0.0,0.0
2026-01-03 02:00:00+00:00,0.0005451866,0.0,0.0,0.0
2026-01-03 03:00:00+00:00,0.00063581957,0.0,-0.0,-0.0
2026-01-03 04:00:00+00:00,0.00063581957,0.0,-0.0,-0.0
2026-01-03 05:00:00+00:00,0.0005869169,0.0,-0.0,-0.0
2026-01-03 06:00:00+00:00,0.0005869169,0.0,-0.0,-0.0
2026-01-03 07:00:00+00:00,0.0005519922,0.0,-0.0,-0.0
2026-01-03 08:00:00+00:00,0.0005519922,0.0,0.0,0.0
2026-01-03 09:00:00+00:00,0.0005519922,0.0,0.0,0.0
2026-01-03 10:00:00+00:00,0.0005869169,0.0,-0.0,-0.0
2026-01-03 11:00:00+00:00,0.0005869169,0.0,-0.0,-0.0
2026-01-03 12:00:00+00:00,0.0005869169,0.0,0.0,0.0
2026-01-03 13:00:00+00:00,0.0005869169,0.0,-0.0,-0.0
2026-01-03 14:00:00+00:00,0.0005869169,0.0,0.0,0.0
2026-01-03 15:00:00+00:00,0.00063581957,0.0,-0.0,-0.0
2026-01-03 16:00:00+00:00,0.00063581957,0.0,0.0,0.0
2026-01-03 17:00:00+00:00,0.00063581957,0.0,-0.0,-0.0
2026-01-03 18:00:00+00:00,0.00063581957,0.0,0.0,0.0
2026-01-03 19:00:00+00:00,0.00063581957,0.0,-0.0,-0.0
2026-01-03 20:00:00+00:00,0.00063581957,0.0,0.0,0.0
2026-01-03 21:00:00+00:00,0.00063581957,0.0,0.0,0.0
2026-01-03 22:00:00+00:00,0.0007047844,0.0,0.0,0.0
2026-01-03 23:00:00+00:00,0.0007047844,0.0,0.0,0.0
2026-01-04 00:00:00+00:00,0.0006017934,0.0,0.0,0.0
2026-01-04 01:00:00+00:00,0.0007459747,0.0,-0.0,-0.0
2026-01-04 02:00:00+00:00,0.00045908146,0.0,-0.0,-0.0
2026-01-04 03:00:00+00:00,0.00070345995,0.0,0.0,0.0
2026-01-04 04:00:00+00:00,0.0007459747,0.0,0.0,0.0
2026-01-04 05:00:00+00:00,0.0007459747,0.0,0.0,0.0
2026-01-04 06:00:00+00:00,4.1794443e-05,0.0,-0.0,-0.0
2026-01-04 07:00:00+00:00,0.00045908146,0.0,0.0,0.0
2026-01-04 08:00:00+00:00,4.1794443e-05,0.0,-0.0,-0.0
2026-01-04 09:00:00+00:00,0.00011075946,0.0,0.0,0.0
2026-01-04 10:00:00+00:00,0.00014077993,0.0,0.0,0.0
2026-01-04 11:00:00+00:00,4.1794443e-05,0.0,-0.0,-0.0
2026-01-04 12:00:00+00:00,4.1794443e-05,0.0,-0.0,-0.0
2026-01-04 13:00:00+00:00,4.1794443e-05,0.0,0.0,0.0
2026-01-04 14:00:00+00:00,4.1794443e-05,0.0,0.0,0.0
2026-01-04 15:00:00+00:00,4.1794443e-05,0.0,-0.0,-0.0
2026-01-04 16:00:00+00:00,4.1794443e-05,0.0,-0.0,-0.0
2026-01-04 17:00:00+00:00,4.1794443e-05,0.0,0.0,0.0
2026-01-04 18:00:00+00:00,4.1794443e-05,0.0,-0.0,-0.0
2026-01-04 19:00:00+00:00,4.1794443e-05,0.0,-0.0,-0.0
2026-01-04 20:00:00+00:00,4.1794443e-05,0.0,0.0,0.0
2026-01-04 21:00:00+00:00,4.1794443e-05,0.0,-0.0,-0.0
2026-01-04 22:00:00+00:00,4.1794443e-05,0.0,-0.0,-0.0
2026-01-04 23:00:00+00:00,4.1794443e-05,0.0,0.0,0.0
2026-01-05 00:00:00+00:00,0.0008999138,0.0,0.0,0.0
2026-01-05 01:00:00+00:00,0.0009042593,0.0,0.0,0.0
2026-01-05 02:00:00+00:00,0.0013523726,0.0,0.0,0.0
2026-01-05 03:00:00+00:00,0.0011157366,0.0,-0.0,-0.0
2026-01-05 04:00:00+00:00,0.00034000212,0.0,-0.0,-0.0
2026-01-05 05:00:00+00:00,0.00027103713,0.0,-0.0,-0.0
2026-01-05 06:00:00+00:00,0.00027103713,0.0,0.0,0.0
2026-01-05 07:00:00+00:00,0.00027103713,0.0,0.0,0.0
2026-01-05 08:00:00+00:00,0.00027784283,0.0,-0.0,-0.0
2026-01-05 09:00:00+00:00,0.00027103713,0.0,0.0,0.0
2026-01-05 10:00:00+00:00,0.0010187118,0.0,0.0,0.0
2026-01-05 11:00:00+00:00,0.0010732219,0.0,0.0,0.0
2026-01-05 12:00:00+00:00,0.00027103713,0.0,-0.0,-0.0
2026-01-05 13:00:00+00:00,0.00027103713,0.0,-0.0,-0.0
2026-01-05 14:00:00+00:00,0.00076202693,0.0,0.0,0.0
2026-01-05 15:00:00+00:00,0.0015498874,0.0,0.0,0.0
2026-01-05 16:00:00+00:00,0.00077438384,0.0,-0.0,-0.0
2026-01-05 17:00:00+00:00,0.0023744344,0.0,0.0,0.0
2026-01-05 18:00:00+00:00,0.002236198,0.0,0.0,0.0
2026-01-05 19:00:00+00:00,0.0019927837,0.0,-0.0,-0.0
2026-01-05 20:00:00+00:00,0.0010069762,0.0,-0.0,-0.0
2026-01-05 21:00:00+00:00,0.0005606282,0.0,-0.0,-0.0
2026-01-05 22:00:00+00:00,0.0005606282,0.0,0.0,0.0
2026-01-05 23:00:00+00:00,0.00053758477,0.0,-0.0,-0.0
2026-01-06 00:00:00+00:00,0.00079964387,0.0,0.0,0.0
2026-01-06 01:00:00+00:00,0.00081626617,0.0,-0.0,-0.0
2026-01-06 02:00:00+00:00,0.00076854567,0.0,-0.0,-0.0
2026-01-06 03:00:00+00:00,0.00080946053,0.0,0.0,0.0
2026-01-06 04:00:00+00:00,0.00080946053,0.0,0.0,0.0
2026-01-06 05:00:00+00:00,0.00066894124,0.0,-0.0,-0.0
2026-01-06 06:00:00+00:00,0.00076174,0.0,0.0,0.0
2026-01-06 07:00:00+00:00,0.0006757469,0.0,-0.0,-0.0
2026-01-06 08:00:00+00:00,0.00066894124,0.0,-0.0,-0.0
2026-01-06 09:00:00+00:00,0.00066894124,0.0,0.0,0.0
2026-01-06 10:00:00+00:00,0.00066894124,0.0,0.0,0.0
2026-01-06 11:00:00+00:00,0.00066894124,0.0,0.0,0.0
2026-01-06 12:00:00+00:00,0.00066894124,0.0,0.0,0.0
2026-01-06 13:00:00+00:00,0.00066894124,0.0,-0.0,-0.0
2026-01-06 14:00:00+00:00,0.00066894124,0.0,0.0,0.0
2026-01-06 15:00:00+00:00,0.00066894124,0.0,-0.0,-0.0
2026-01-06 16:00:00+00:00,0.0003350666,0.0,-0.0,-0.0
2026-01-06 17:00:00+00:00,0.0005641676,0.0,-0.0,-0.0
2026-01-06 18:00:00+00:00,0.00081594364,0.0,0.0,0.0
2026-01-06 19:00:00+00:00,0.00081594364,0.0,0.0,0.0
2026-01-06 20:00:00+00:00,0.0008590639,0.0,0.0,0.0
2026-01-06 21:00:00+00:00,0.0005947416,0.0,0.0,0.0
2026-01-06 22:00:00+00:00,0.00045650513,0.0,0.0,0.0
2026-01-06 23:00:00+00:00,0.0003933277,0.0,0.0,0.0
2026-01-07 00:00:00+00:00,0.001292617,0.0,-0.0,-0.0
2026-01-07 01:00:00+00:00,0.0013288226,0.0,-0.0,-0.0
2026-01-07 02:00:00+00:00,0.0014026414,0.0,0.0,0.0
2026-01-07 03:00:00+00:00,0.0014408015,0.0,-0.0,-0.0
2026-01-07 04:00:00+00:00,0.0014476073,0.0,-0.0,-0.0
2026-01-07 05:00:00+00:00,0.0013775538,0.0,-0.0,-0.0
2026-01-07 06:00:00+00:00,0.0013394641,0.0,0.0,0.0
2026-01-07 07:00:00+00:00,0.0012274854,0.0,0.0,0.0
2026-01-07 08:00:00+00:00,0.0008475716,0.0,-0.0,-0.0
2026-01-07 09:00:00+00:00,0.00097584835,0.0,-0.0,-0.0
2026-01-07 10:00:00+00:00,0.00080027716,0.0,0.0,0.0
2026-01-07 11:00:00+00:00,0.00079347147,0.0,0.0,0.0
2026-01-07 12:00:00+00:00,0.00080027716,0.0,-0.0,-0.0
2026-01-07 13:00:00+00:00,0.00080027716,0.0,0.0,0.0
2026-01-07 14:00:00+00:00,0.0008543773,0.0,-0.0,-0.0
2026-01-07 15:00:00+00:00,0.0008475716,0.0,-0.0,-0.0
2026-01-07 16:00:00+00:00,0.0008543773,0.0,-0.0,-0.0
2026-01-07 17:00:00+00:00,0.00041177918,0.0,-0.0,-0.0
2026-01-07 18:00:00+00:00,0.00041177918,0.0,-0.0,-0.0
2026-01-07 19:00:00+00:00,0.00035767903,0.0,0.0,0.0
2026-01-07 20:00:00+00:00,0.00035767903,0.0,-0.0,-0.0
2026-01-07 21:00:00+00:00,0.00039260378,0.0,0.0,0.0
2026-01-07 22:00:00+00:00,0.00039260378,0.0,0.0,0.0
2026-01-07 23:00:00+00:00,0.00039260378,0.0,0.0,0.0
2026-01-08 00:00:00+00:00,-0.00045307548,0.0,0.0,0.0
2026-01-08 01:00:00+00:00,-0.00045307548,0.0,0.0,0.0
2026-01-08 02:00:00+00:00,-0.00045307548,0.0,-0.0,-0.0
2026-01-08 03:00:00+00:00,-0.00045307548,0.0,-0.0,-0.0
2026-01-08 04:00:00+00:00,-0.00045307548,0.0,0.0,0.0
2026-01-08 05:00:00+00:00,-0.00044626984,0.0,-0.0,-0.0
2026-01-08 06:00:00+00:00,-0.00043609977,0.0,-0.0,-0.0
2026-01-08 07:00:00+00:00,-0.00037236777,0.0,0.0,0.0
2026-01-08 08:00:00+00:00,-0.00031440248,0.0,-0.0,-0.0
2026-01-08 09:00:00+00:00,-0.0005856558,0.0,-0.0,-0.0
2026-01-08 10:00:00+00:00,-0.00042482294,0.0,0.0,0.0
2026-01-08 11:00:00+00:00,-0.00042482294,0.0,-0.0,-0.0
2026-01-08 12:00:00+00:00,-0.0006556388,0.0,-0.0,-0.0
2026-01-08 13:00:00+00:00,-0.0006488331,0.0,-0.0,-0.0
2026-01-08 14:00:00+00:00,-0.00049480575,0.0,0.0,0.0
2026-01-08 15:00:00+00:00,-0.00048547072,0.0,0.0,0.0
2026-01-08 16:00:00+00:00,-0.00082163623,0.0,0.0,0.0
2026-01-08 17:00:00+00:00,-0.0010053035,0.0,0.0,0.0
2026-01-08 18:00:00+00:00,-0.00082163623,0.0,-0.0,-0.0
2026-01-08 19:00:00+00:00,-0.00082163623,0.0,-0.0,-0.0
2026-01-08 20:00:00+00:00,-0.00082163623,0.0,-0.0,-0.0
2026-01-08 21:00:00+00:00,-0.00082163623,0.0,0.0,0.0
2026-01-08 22:00:00+00:00,-0.00082163623,0.0,-0.0,-0.0
2026-01-08 23:00:00+00:00,-0.00082163623,0.0,-0.0,-0.0
2026-01-09 00:00:00+00:00,-0.0004516857,0.0,0.0,0.0
2026-01-09 01:00:00+00:00,-0.0004516857,0.0,-0.0,-0.0
2026-01-09 02:00:00+00:00,-0.0004516857,0.0,-0.0,-0.0
2026-01-09 03:00:00+00:00,-0.0004516857,0.0,0.0,0.0
2026-01-09 04:00:00+00:00,-0.0004516857,0.0,-0.0,-0.0
2026-01-09 05:00:00+00:00,-0.00045307548,0.0,0.0,0.0
2026-01-09 06:00:00+00:00,-0.00045307548,0.0,0.0,0.0
2026-01-09 07:00:00+00:00,-0.00045307548,0.0,-0.0,-0.0
2026-01-09 08:00:00+00:00,9.054832e-05,0.0,-0.0,-0.0
2026-01-09 09:00:00+00:00,0.00029266273,0.0,0.0,0.0
2026-01-09 10:00:00+00:00,0.00029266273,0.0,0.0,0.0
2026-01-09 11:00:00+00:00,0.00029266273,0.0,-0.0,-0.0
2026-01-09 12:00:00+00:00,0.00029266273,0.0,0.0,0.0
2026-01-09 13:00:00+00:00,0.00028585707,0.0,0.0,0.0
2026-01-09 14:00:00+00:00,0.00028585707,0.0,-0.0,-0.0
2026-01-09 15:00:00+00:00,1.6051134e-05,0.0,0.0,0.0
2026-01-09 16:00:00+00:00,0.00015005449,0.0,0.0,0.0
2026-01-09 17:00:00+00:00,7.203136e-05,0.0,-0.0,-0.0
2026-01-09 18:00:00+00:00,0.00025708813,0.0,-0.0,-0.0
2026-01-09 19:00:00+00:00,0.00025708813,0.0,-0.0,-0.0
2026-01-09 20:00:00+00:00,0.00025708813,0.0,-0.0,-0.0
2026-01-09 21:00:00+00:00,0.00020071647,0.0,0.0,0.0
2026-01-09 22:00:00+00:00,0.00020071647,0.0,0.0,0.0
2026-01-09 23:00:00+00:00,0.00020071647,0.0,0.0,0.0
2026-01-10 00:00:00+00:00,0.0004960463,0.0,-0.0,-0.0
2026-01-10 01:00:00+00:00,0.0005377769,0.0,0.0,0.0
2026-01-10 02:00:00+00:00,0.0005377769,0.0,0.0,0.0
2026-01-10 03:00:00+00:00,0.0005377769,0.0,-0.0,-0.0
2026-01-10 04:00:00+00:00,0.0005377769,0.0,-0.0,-0.0
2026-01-10 05:00:00+00:00,0.0005377769,0.0,0.0,0.0
2026-01-10 06:00:00+00:00,0.0005377769,0.0,-0.0,-0.0
2026-01-10 07:00:00+00:00,0.0005377769,0.0,0.0,0.0
2026-01-10 08:00:00+00:00,-0.0008224925,0.0,0.0,0.0
2026-01-10 09:00:00+00:00,-0.0008224925,0.0,0.0,0.0
2026-01-10 10:00:00+00:00,-0.0008224925,0.0,0.0,0.0
2026-01-10 11:00:00+00:00,-0.0008224925,0.0,-0.0,-0.0
2026-01-10 12:00:00+00:00,-0.0008224925,0.0,0.0,0.0
2026-01-10 13:00:00+00:00,-0.0008224925,0.0,-0.0,-0.0
2026-01-10 14:00:00+00:00,-0.0008224925,0.0,-0.0,-0.0
2026-01-10 15:00:00+00:00,-0.0008224925,0.0,0.0,0.0
2026-01-10 16:00:00+00:00,-9.936838e-05,0.0,0.0,0.0
2026-01-10 17:00:00+00:00,-9.936838e-05,0.0,-0.0,-0.0
2026-01-10 18:00:00+00:00,-9.936838e-05,0.0,0.0,0.0
2026-01-10 19:00:00+00:00,-0.00014380441,0.0,0.0,0.0
2026-01-10 20:00:00+00:00,-0.00014380441,0.0,-0.0,-0.0
2026-01-10 21:00:00+00:00,-0.00014380441,0.0,-0.0,-0.0
2026-01-10 22:00:00+00:00,-0.00014380441,0.0,-0.0,-0.0
2026-01-10 23:00:00+00:00,-0.00014380441,0.0,0.0,0.0
2026-01-11 00:00:00+00:00,-0.00014380441,0.0,0.0,0.0
2026-01-11 01:00:00+00:00,-0.00014380441,0.0,-0.0,-0.0
2026-01-11 02:00:00+00:00,-0.00014380441,0.0,0.0,0.0
2026-01-11 03:00:00+00:00,-0.00014380441,0.0,0.0,0.0
2026-01-11 04:00:00+00:00,-0.00014380441,0.0,0.0,0.0
2026-01-11 05:00:00+00:00,-0.00014380441,0.0,-0.0,-0.0
2026-01-11 06:00:00+00:00,-0.00014380441,0.0,-0.0,-0.0
2026-01-11 07:00:00+00:00,-0.00014380441,0.0,-0.0,-0.0
2026-01-11 08:00:00+00:00,-0.00014380441,0.0,0.0,0.0
2026-01-11 09:00:00+00:00,-0.00014380441,0.0,-0.0,-0.0
2026-01-11 10:00:00+00:00,-0.00014380441,0.0,-0.0,-0.0
2026-01-11 11:00:00+00:00,-0.00014380441,0.0,0.0,0.0
2026-01-11 12:00:00+00:00,-0.00014380441,0.0,0.0,0.0
2026-01-11 13:00:00+00:00,-0.00014380441,0.0,-0.0,-0.0
2026-01-11 14:00:00+00:00,-0.00014380441,0.0,0.0,0.0
2026-01-11 15:00:00+00:00,-0.00014380441,0.0,-0.0,-0.0
2026-01-11 16:00:00+00:00,-0.00014380441,0.0,0.0,0.0
2026-01-11 17:00:00+00:00,-0.00014380441,0.0,-0.0,-0.0
2026-01-11 18:00:00+00:00,-0.00014380441,0.0,-0.0,-0.0
2026-01-11 19:00:00+00:00,-0.00014380441,0.0,-0.0,-0.0
2026-01-11 20:00:00+00:00,-0.00014380441,0.0,0.0,0.0
2026-01-11 21:00:00+00:00,-0.00014380441,0.0,0.0,0.0
2026-01-11 22:00:00+00:00,-0.00013699871,0.0,-0.0,-0.0
2026-01-11 23:00:00+00:00,-0.00014380441,0.0,0.0,0.0
2026-01-12 00:00:00+00:00,0.0006794632,0.0,0.0,0.0
2026-01-12 01:00:00+00:00,4.2547472e-05,0.0,0.0,0.0
2026-01-12 02:00:00+00:00,0.0011794383,0.0,0.0,0.0
2026-01-12 03:00:00+00:00,0.0006794632,0.0,-0.0,-0.0
2026-01-12 04:00:00+00:00,0.0007239386,0.0,0.0,0.0
2026-01-12 05:00:00+00:00,0.0007484282,0.0,-0.0,-0.0
2026-01-12 06:00:00+00:00,0.0006794632,0.0,-0.0,-0.0
2026-01-12 07:00:00+00:00,0.00071074715,0.0,-0.0,-0.0
2026-01-12 08:00:00+00:00,0.00059293304,0.0,-0.0,-0.0
2026-01-12 09:00:00+00:00,0.00059293304,0.0,-0.0,-0.0
2026-01-12 10:00:00+00:00,0.00059293304,0.0,-0.0,-0.0
2026-01-12 11:00:00+00:00,0.00059293304,0.0,0.0,0.0
2026-01-12 12:00:00+00:00,0.00059293304,0.0,0.0,0.0
2026-01-12 13:00:00+00:00,0.00059293304,0.0,-0.0,-0.0
2026-01-12 14:00:00+00:00,0.0005861273,0.0,0.0,0.0
2026-01-12 15:00:00+00:00,0.00059546233,0.0,0.0,0.0
2026-01-12 16:00:00+00:00,0.00061693974,0.0,0.0,0.0
2026-01-12 17:00:00+00:00,0.000680853,0.0,-0.0,-0.0
2026-01-12 18:00:00+00:00,0.000680853,0.0,0.0,0.0
2026-01-12 19:00:00+00:00,0.000680853,0.0,0.0,0.0
2026-01-12 20:00:00+00:00,0.00052657136,0.0,-0.0,-0.0
2026-01-12 21:00:00+00:00,0.00068765867,0.0,-0.0,-0.0
2026-01-12 22:00:00+00:00,0.00068765867,0.0,0.0,0.0
2026-01-12 23:00:00+00:00,0.000680853,0.0,0.0,0.0
2026-01-13 00:00:00+00:00,0.00053363485,0.0,0.0,0.0
2026-01-13 01:00:00+00:00,0.0005404405,0.0,-0.0,-0.0
2026-01-13 02:00:00+00:00,0.0004905146,0.0,-0.0,-0.0
2026-01-13 03:00:00+00:00,0.0005322451,0.0,0.0,0.0
2026-01-13 04:00:00+00:00,0.0005322451,0.0,0.0,0.0
2026-01-13 05:00:00+00:00,0.0004905146,0.0,0.0,0.0
2026-01-13 06:00:00+00:00,0.0004905146,0.0,0.0,0.0
2026-01-13 07:00:00+00:00,0.0005322451,0.0,-0.0,-0.0
2026-01-13 08:00:00+00:00,-6.1779916e-05,0.0,0.0,0.0
2026-01-13 09:00:00+00:00,-6.1779916e-05,0.0,0.0,0.0
2026-01-13 10:00:00+00:00,-6.1779916e-05,0.0,-0.0,-0.0
2026-01-13 11:00:00+00:00,-6.1779916e-05,0.0,-0.0,-0.0
2026-01-13 12:00:00+00:00,-6.1779916e-05,0.0,0.0,0.0
2026-01-13 13:00:00+00:00,-6.1779916e-05,0.0,-0.0,-0.0
2026-01-13 14:00:00+00:00,-6.1779916e-05,0.0,0.0,0.0
2026-01-13 15:00:00+00:00,0.0009719541,0.0,0.0,0.0
2026-01-13 16:00:00+00:00,0.00038571996,0.0,-0.0,-0.0
2026-01-13 17:00:00+00:00,0.00010326829,0.0,-0.0,-0.0
2026-01-13 18:00:00+00:00,0.0008554961,0.0,0.0,0.0
2026-01-13 19:00:00+00:00,0.0011322118,0.0,0.0,0.0
2026-01-13 20:00:00+00:00,0.0010361738,0.0,0.0,0.0
2026-01-13 21:00:00+00:00,-0.00022023497,0.0,-0.0,-0.0
2026-01-13 22:00:00+00:00,0.0016391319,0.0,0.0,0.0
2026-01-13 23:00:00+00:00,0.0011527417,0.0,-0.0,-0.0
2026-01-14 00:00:00+00:00,0.0018195831,0.0,-0.0,-0.0
2026-01-14 01:00:00+00:00,0.001828729,0.0,-0.0,-0.0
2026-01-14 02:00:00+00:00,0.0018077272,0.0,0.0,0.0
2026-01-14 03:00:00+00:00,0.0018457149,0.0,0.0,0.0
2026-01-14 04:00:00+00:00,0.00092846906,0.0,-0.0,-0.0
2026-01-14 05:00:00+00:00,0.0011473928,0.0,-0.0,-0.0
2026-01-14 06:00:00+00:00,0.0012019029,0.0,0.0,0.0
2026-01-14 07:00:00+00:00,0.0010187916,0.0,0.0,0.0
2026-01-14 08:00:00+00:00,0.001015768,0.0,-0.0,-0.0
2026-01-14 09:00:00+00:00,0.0011153724,0.0,0.0,0.0
2026-01-14 10:00:00+00:00,0.0009965878,0.0,-0.0,-0.0
2026-01-14 11:00:00+00:00,0.001015768,0.0,-0.0,-0.0
2026-01-14 12:00:00+00:00,0.0011085666,0.0,0.0,0.0
2026-01-14 13:00:00+00:00,0.001015768,0.0,-0.0,-0.0
2026-01-14 14:00:00+00:00,0.0029667849,0.0,0.0,0.0
2026-01-14 15:00:00+00:00,0.0029854174,0.0,0.0,0.0
2026-01-14 16:00:00+00:00,0.00338864,0.0,0.0,0.0
2026-01-14 17:00:00+00:00,0.0032411506,0.0,-0.0,-0.0
2026-01-14 18:00:00+00:00,0.0018797487,0.0,-0.0,-0.0
2026-01-14 19:00:00+00:00,0.0032010772,0.0,0.0,0.0
2026-01-14 20:00:00+00:00,0.0030780332,0.0,0.0,0.0
2026-01-14 21:00:00+00:00,0.00292744,0.0,-0.0,-0.0
2026-01-14 22:00:00+00:00,0.0012695991,0.0,-0.0,-0.0
2026-01-14 23:00:00+00:00,0.001381835,0.0,0.0,0.0
2026-01-15 00:00:00+00:00,0.00082980545,0.0,0.0,0.0
2026-01-15 01:00:00+00:00,0.00072437525,0.0,-0.0,-0.0
2026-01-15 02:00:00+00:00,0.00055809686,0.0,-0.0,-0.0
2026-01-15 03:00:00+00:00,0.0004487201,0.0,-0.0,-0.0
2026-01-15 04:00:00+00:00,0.00055809686,0.0,0.0,0.0
2026-01-15 05:00:00+00:00,0.00055809686,0.0,0.0,0.0
2026-01-15 06:00:00+00:00,0.000489635,0.0,-0.0,-0.0
2026-01-15 07:00:00+00:00,0.00082980545,0.0,0.0,0.0
2026-01-15 08:00:00+00:00,0.0008724175,0.0,-0.0,-0.0
2026-01-15 09:00:00+00:00,0.0010188074,0.0,0.0,0.0
2026-01-15 10:00:00+00:00,0.0008724175,0.0,-0.0,-0.0
2026-01-15 11:00:00+00:00,0.00045714332,0.0,-0.0,-0.0
2026-01-15 12:00:00+00:00,0.0008724175,0.0,0.0,0.0
2026-01-15 13:00:00+00:00,0.0008724175,0.0,-0.0,-0.0
2026-01-15 14:00:00+00:00,7.10696e-05,0.0,-0.0,-0.0
2026-01-15 15:00:00+00:00,0.0008883393,0.0,0.0,0.0
2026-01-15 16:00:00+00:00,0.00071502384,0.0,-0.0,-0.0
2026-01-15 17:00:00+00:00,0.00037434357,0.0,-0.0,-0.0
2026-01-15 18:00:00+00:00,0.00060912647,0.0,-0.0,-0.0
2026-01-15 19:00:00+00:00,0.00065049634,0.0,-0.0,-0.0
2026-01-15 20:00:00+00:00,0.00045117576,0.0,-0.0,-0.0
2026-01-15 21:00:00+00:00,0.000494296,0.0,0.0,0.0
2026-01-15 22:00:00+00:00,0.00028082012,0.0,-0.0,-0.0
2026-01-15 23:00:00+00:00,0.00028082012,0.0,0.0,0.0
2026-01-16 00:00:00+00:00,0.0002930292,0.0,0.0,0.0
2026-01-16 01:00:00+00:00,0.0002930292,0.0,0.0,0.0
2026-01-16 02:00:00+00:00,0.00033475965,0.0,-0.0,-0.0
2026-01-16 03:00:00+00:00,0.00033475965,0.0,-0.0,-0.0
2026-01-16 04:00:00+00:00,0.00033475965,0.0,-0.0,-0.0
2026-01-16 05:00:00+00:00,0.00033475965,0.0,0.0,0.0
2026-01-16 06:00:00+00:00,0.00033475965,0.0,0.0,0.0
2026-01-16 07:00:00+00:00,0.00033475965,0.0,-0.0,-0.0
2026-01-16 08:00:00+00:00,-0.0004041729,0.0,0.0,0.0
2026-01-16 09:00:00+00:00,-0.0004041729,0.0,-0.0,-0.0
2026-01-16 10:00:00+00:00,-0.0004041729,0.0,-0.0,-0.0
2026-01-16 11:00:00+00:00,-0.0004041729,0.0,0.0,0.0
2026-01-16 12:00:00+00:00,-0.0004041729,0.0,0.0,0.0
2026-01-16 13:00:00+00:00,-0.0004041729,0.0,-0.0,-0.0
2026-01-16 14:00:00+00:00,-0.0004041729,0.0,-0.0,-0.0
2026-01-16 15:00:00+00:00,-0.0010831855,0.0,-0.0,-0.0
2026-01-16 16:00:00+00:00,-0.00045307548,0.0,0.0,0.0
2026-01-16 17:00:00+00:00,-0.00045307548,0.0,0.0,0.0
2026-01-16 18:00:00+00:00,-0.00045307548,0.0,-0.0,-0.0
2026-01-16 19:00:00+00:00,-0.00045307548,0.0,-0.0,-0.0
2026-01-16 20:00:00+00:00,-0.00045307548,0.0,0.0,0.0
2026-01-16 21:00:00+00:00,-0.00045307548,0.0,-0.0,-0.0
2026-01-16 22:00:00+00:00,-0.00045307548,0.0,0.0,0.0
2026-01-16 23:00:00+00:00,-0.00045307548,0.0,0.0,0.0
2026-01-17 00:00:00+00:00,0.00049465656,0.0,0.0,0.0
2026-01-17 01:00:00+00:00,0.00049465656,0.0,-0.0,-0.0
2026-01-17 02:00:00+00:00,0.00049465656,0.0,-0.0,-0.0
2026-01-17 03:00:00+00:00,0.00049465656,0.0,0.0,0.0
2026-01-17 04:00:00+00:00,0.00049465656,0.0,-0.0,-0.0
2026-01-17 05:00:00+00:00,0.00049465656,0.0,0.0,0.0
2026-01-17 06:00:00+00:00,0.00049465656,0.0,-0.0,-0.0
2026-01-17 07:00:00+00:00,0.00049465656,0.0,-0.0,-0.0
2026-01-17 08:00:00+00:00,0.0004756417,0.0,0.0,0.0
2026-01-17 09:00:00+00:00,0.0004756417,0.0,0.0,0.0
2026-01-17 10:00:00+00:00,0.0004756417,0.0,-0.0,-0.0
2026-01-17 11:00:00+00:00,0.0004756417,0.0,0.0,0.0
2026-01-17 12:00:00+00:00,0.0004756417,0.0,-0.0,-0.0
2026-01-17 13:00:00+00:00,0.0004756417,0.0,0.0,0.0
2026-01-17 14:00:00+00:00,0.0004312057,0.0,0.0,0.0
2026-01-17 15:00:00+00:00,0.0004312057,0.0,0.0,0.0
2026-01-17 16:00:00+00:00,0.0004312057,0.0,-0.0,-0.0
2026-01-17 17:00:00+00:00,0.0004312057,0.0,0.0,0.0
2026-01-17 18:00:00+00:00,0.0004312057,0.0,0.0,0.0
2026-01-17 19:00:00+00:00,0.0004312057,0.0,-0.0,-0.0
2026-01-17 20:00:00+00:00,0.0004312057,0.0,0.0,0.0
2026-01-17 21:00:00+00:00,0.0004312057,0.0,-0.0,-0.0
2026-01-17 22:00:00+00:00,0.0004312057,0.0,-0.0,-0.0
2026-01-17 23:00:00+00:00,0.0004312057,0.0,-0.0,-0.0
2026-01-18 00:00:00+00:00,0.00052454195,0.0,-0.0,-0.0
2026-01-18 01:00:00+00:00,0.00052454195,0.0,-0.0,-0.0
2026-01-18 02:00:00+00:00,0.00052454195,0.0,0.0,0.0
2026-01-18 03:00:00+00:00,0.00052454195,0.0,0.0,0.0
2026-01-18 04:00:00+00:00,0.00052454195,0.0,-0.0,-0.0
2026-01-18 05:00:00+00:00,0.00052454195,0.0,0.0,0.0
2026-01-18 06:00:00+00:00,0.00052454195,0.0,-0.0,-0.0
2026-01-18 07:00:00+00:00,0.00052454195,0.0,-0.0,-0.0
2026-01-18 08:00:00+00:00,-6.9483074e-05,0.0,0.0,0.0
2026-01-18 09:00:00+00:00,-6.9483074e-05,0.0,0.0,0.0
2026-01-18 10:00:00+00:00,-6.9483074e-05,0.0,-0.0,-0.0
2026-01-18 11:00:00+00:00,-6.9483074e-05,0.0,-0.0,-0.0
2026-01-18 12:00:00+00:00,-6.9483074e-05,0.0,-0.0,-0.0
2026-01-18 13:00:00+00:00,-6.9483074e-05,0.0,0.0,0.0
2026-01-18 14:00:00+00:00,-6.9483074e-05,0.0,-0.0,-0.0
2026-01-18 15:00:00+00:00,-6.9483074e-05,0.0,0.0,0.0
2026-01-18 16:00:00+00:00,-6.9483074e-05,0.0,0.0,0.0
2026-01-18 17:00:00+00:00,-6.9483074e-05,0.0,0.0,0.0
2026-01-18 18:00:00+00:00,-6.9483074e-05,0.0,0.0,0.0
2026-01-18 19:00:00+00:00,-6.9483074e-05,0.0,-0.0,-0.0
2026-01-18 20:00:00+00:00,-6.9483074e-05,0.0,-0.0,-0.0
2026-01-18 21:00:00+00:00,-6.9483074e-05,0.0,0.0,0.0
2026-01-18 22:00:00+00:00,-6.9483074e-05,0.0,0.0,0.0
2026-01-18 23:00:00+00:00,-0.0012149926,0.0,-0.0,-0.0
2026-01-19 00:00:00+00:00,-0.0022383018,0.0,-0.0,-0.0
2026-01-19 01:00:00+00:00,-0.00160669,0.0,-0.0,-0.0
2026-01-19 02:00:00+00:00,-0.0015393896,0.0,-0.0,-0.0
2026-01-19 03:00:00+00:00,-0.000710589,0.0,0.0,0.0
2026-01-19 04:00:00+00:00,-0.0007778892,0.0,-0.0,-0.0
2026-01-19 05:00:00+00:00,-0.00062719925,0.0,-0.0,-0.0
2026-01-19 06:00:00+00:00,-0.00042275197,0.0,0.0,0.0
2026-01-19 07:00:00+00:00,-0.00020548866,0.0,0.0,0.0
2026-01-19 08:00:00+00:00,0.00096726033,0.0,0.0,0.0
2026-01-19 09:00:00+00:00,0.00096726033,0.0,-0.0,-0.0
2026-01-19 10:00:00+00:00,0.00096726033,0.0,0.0,0.0
2026-01-19 11:00:00+00:00,0.00096726033,0.0,0.0,0.0
2026-01-19 12:00:00+00:00,0.00096726033,0.0,-0.0,-0.0
2026-01-19 13:00:00+00:00,0.00096726033,0.0,-0.0,-0.0
2026-01-19 14:00:00+00:00,0.0005906011,0.0,-0.0,-0.0
2026-01-19 15:00:00+00:00,0.00096726033,0.0,0.0,0.0
2026-01-19 16:00:00+00:00,0.00096726033,0.0,0.0,0.0
2026-01-19 17:00:00+00:00,0.00096726033,0.0,-0.0,-0.0
2026-01-19 18:00:00+00:00,0.00096726033,0.0,-0.0,-0.0
2026-01-19 19:00:00+00:00,0.00096726033,0.0,0.0,0.0
2026-01-19 20:00:00+00:00,0.00096726033,0.0,0.0,0.0
2026-01-19 21:00:00+00:00,0.00096726033,0.0,-0.0,-0.0
2026-01-19 22:00:00+00:00,0.0007514046,0.0,-0.0,-0.0
2026-01-19 23:00:00+00:00,0.00038393107,0.0,0.0,0.0
2026-01-20 00:00:00+00:00,-0.00023689622,0.0,0.0,0.0
2026-01-20 01:00:00+00:00,-0.00023689622,0.0,0.0,0.0
2026-01-20 02:00:00+00:00,-0.0002300905,0.0,-0.0,-0.0
2026-01-20 03:00:00+00:00,-0.0002300905,0.0,-0.0,-0.0
2026-01-20 04:00:00+00:00,-0.0002300905,0.0,-0.0,-0.0
2026-01-20 05:00:00+00:00,-0.00060240173,0.0,-0.0,-0.0
2026-01-20 06:00:00+00:00,-0.0014545018,0.0,-0.0,-0.0
2026-01-20 07:00:00+00:00,-0.0008581242,0.0,0.0,0.0
2026-01-20 08:00:00+00:00,-0.00081551215,0.0,-0.0,-0.0
2026-01-20 09:00:00+00:00,-0.00081551215,0.0,-0.0,-0.0
2026-01-20 10:00:00+00:00,-0.00055978954,0.0,0.0,0.0
2026-01-20 11:00:00+00:00,-0.0005665952,0.0,-0.0,-0.0
2026-01-20 12:00:00+00:00,-0.0003808213,0.0,0.0,0.0
2026-01-20 13:00:00+00:00,-0.00090737425,0.0,-0.0,-0.0
2026-01-20 14:00:00+00:00,-0.00084698567,0.0,-0.0,-0.0
2026-01-20 15:00:00+00:00,-0.00085379137,0.0,0.0,0.0
2026-01-20 16:00:00+00:00,-0.0006711677,0.0,-0.0,-0.0
2026-01-20 17:00:00+00:00,-0.0015690202,0.0,-0.0,-0.0
2026-01-20 18:00:00+00:00,-0.0015690202,0.0,-0.0,-0.0
2026-01-20 19:00:00+00:00,-0.0017638406,0.0,0.0,0.0
2026-01-20 20:00:00+00:00,-0.00092349533,0.0,0.0,0.0
2026-01-20 21:00:00+00:00,-0.00077040546,0.0,-0.0,-0.0
2026-01-20 22:00:00+00:00,-0.00091398717,0.0,-0.0,-0.0
2026-01-20 23:00:00+00:00,-0.0017080482,0.0,-0.0,-0.0
2026-01-21 00:00:00+00:00,-6.267519e-05,0.0,0.0,0.0
2026-01-21 01:00:00+00:00,-6.267519e-05,0.0,0.0,0.0
2026-01-21 02:00:00+00:00,-6.267519e-05,0.0,0.0,0.0
2026-01-21 03:00:00+00:00,6.490874e-05,0.0,0.0,0.0
2026-01-21 04:00:00+00:00,-0.00014755323,0.0,0.0,0.0
2026-01-21 05:00:00+00:00,9.07937e-05,0.0,0.0,0.0
2026-01-21 06:00:00+00:00,-0.00034707095,0.0,-0.0,-0.0
2026-01-21 07:00:00+00:00,-0.00034707095,0.0,-0.0,-0.0
2026-01-21 08:00:00+00:00,-0.00034707095,0.0,-0.0,-0.0
2026-01-21 09:00:00+00:00,-0.00034707095,0.0,-0.0,-0.0
2026-01-21 10:00:00+00:00,-0.00034707095,0.0,0.0,0.0
2026-01-21 11:00:00+00:00,-0.00074158056,0.0,-0.0,-0.0
2026-01-21 12:00:00+00:00,-0.0006093632,0.0,-0.0,-0.0
2026-01-21 13:00:00+00:00,-0.0008486909,0.0,-0.0,-0.0
2026-01-21 14:00:00+00:00,0.00029220738,0.0,0.0,0.0
2026-01-21 15:00:00+00:00,2.3794037e-05,0.0,0.0,0.0
2026-01-21 16:00:00+00:00,-0.0051038186,0.0,-0.0,-0.0
2026-01-21 17:00:00+00:00,-0.005484539,0.0,0.0,0.0
2026-01-21 18:00:00+00:00,-0.0053253174,0.0,0.0,0.0
2026-01-21 19:00:00+00:00,-0.0037167966,0.0,0.0,0.0
2026-01-21 20:00:00+00:00,-0.0037102462,0.0,-0.0,-0.0
2026-01-21 21:00:00+00:00,-0.0032106438,0.0,0.0,0.0
2026-01-21 22:00:00+00:00,0.0008113069,0.0,-0.0,-0.0
2026-01-21 23:00:00+00:00,-0.00060323346,0.0,-0.0,-0.0
2026-01-22 00:00:00+00:00,-0.0015285888,0.0,0.0,0.0
2026-01-22 01:00:00+00:00,-0.0016395908,0.0,0.0,0.0
2026-01-22 02:00:00+00:00,-0.0016395908,0.0,-0.0,-0.0
2026-01-22 03:00:00+00:00,-0.0015227776,0.0,-0.0,-0.0
2026-01-22 04:00:00+00:00,-0.0015227776,0.0,0.0,0.0
2026-01-22 05:00:00+00:00,-0.0015227776,0.0,0.0,0.0
2026-01-22 06:00:00+00:00,-0.0015763605,0.0,0.0,0.0
2026-01-22 07:00:00+00:00,-0.0013785814,0.0,-0.0,-0.0
2026-01-22 08:00:00+00:00,-0.0014241391,0.0,0.0,0.0
2026-01-22 09:00:00+00:00,-0.001295927,0.0,0.0,0.0
2026-01-22 10:00:00+00:00,-0.0014127402,0.0,0.0,0.0
2026-01-22 11:00:00+00:00,-0.0014127402,0.0,-0.0,-0.0
2026-01-22 12:00:00+00:00,-0.0014127402,0.0,0.0,0.0
2026-01-22 13:00:00+00:00,-0.0014127402,0.0,-0.0,-0.0
2026-01-22 14:00:00+00:00,-0.0012756538,0.0,-0.0,-0.0
2026-01-22 15:00:00+00:00,-0.0012092787,0.0,-0.0,-0.0
2026-01-22 16:00:00+00:00,-0.0005159139,0.0,0.0,0.0
2026-01-22 17:00:00+00:00,-0.000582362,0.0,0.0,0.0
2026-01-22 18:00:00+00:00,-0.00042757977,0.0,-0.0,-0.0
2026-01-22 19:00:00+00:00,-0.0007413082,0.0,0.0,0.0
2026-01-22 20:00:00+00:00,-0.0007413082,0.0,-0.0,-0.0
2026-01-22 21:00:00+00:00,-0.0006816657,0.0,-0.0,-0.0
2026-01-22 22:00:00+00:00,-0.0007413082,0.0,0.0,0.0
2026-01-22 23:00:00+00:00,-0.0007413082,0.0,0.0,0.0
2026-01-23 00:00:00+00:00,-0.0007413082,0.0,-0.0,-0.0
2026-01-23 01:00:00+00:00,-0.0007948911,0.0,0.0,0.0
2026-01-23 02:00:00+00:00,-0.0007413082,0.0,-0.0,-0.0
2026-01-23 03:00:00+00:00,-0.0007948911,0.0,0.0,0.0
2026-01-23 04:00:00+00:00,-0.0007948911,0.0,0.0,0.0
2026-01-23 05:00:00+00:00,-0.0007413082,0.0,-0.0,-0.0
2026-01-23 06:00:00+00:00,-0.0007413082,0.0,-0.0,-0.0
2026-01-23 07:00:00+00:00,-0.0007413082,0.0,0.0,0.0
2026-01-23 08:00:00+00:00,-0.0007413082,0.0,-0.0,-0.0
2026-01-23 09:00:00+00:00,-0.0007412351,0.0,-0.0,-0.0
2026-01-23 10:00:00+00:00,-0.00067486,0.0,0.0,0.0
2026-01-23 11:00:00+00:00,-0.0008076833,0.0,0.0,0.0
2026-01-23 12:00:00+00:00,-0.0008076833,0.0,0.0,0.0
2026-01-23 13:00:00+00:00,-0.0008076833,0.0,0.0,0.0
2026-01-23 14:00:00+00:00,-0.0007480408,0.0,-0.0,-0.0
2026-01-23 15:00:00+00:00,-0.00085193117,0.0,0.0,0.0
2026-01-23 16:00:00+00:00,-0.00086126616,0.0,0.0,0.0
2026-01-23 17:00:00+00:00,-0.0017819171,0.0,0.0,0.0
2026-01-23 18:00:00+00:00,-0.00090682413,0.0,-0.0,-0.0
2026-01-23 19:00:00+00:00,-0.0008436468,0.0,-0.0,-0.0
2026-01-23 20:00:00+00:00,-0.00083179434,0.0,-0.0,-0.0
2026-01-23 21:00:00+00:00,-0.00089497166,0.0,-0.0,-0.0
2026-01-23 22:00:00+00:00,-0.00094174885,0.0,0.0,0.0
2026-01-23 23:00:00+00:00,-0.00090001844,0.0,-0.0,-0.0
2026-01-24 00:00:00+00:00,0.000101296355,0.0,-0.0,-0.0
2026-01-24 01:00:00+00:00,4.090782e-05,0.0,0.0,0.0
2026-01-24 02:00:00+00:00,4.090782e-05,0.0,0.0,0.0
2026-01-24 03:00:00+00:00,4.090782e-05,0.0,0.0,0.0
2026-01-24 04:00:00+00:00,4.090782e-05,0.0,0.0,0.0
2026-01-24 05:00:00+00:00,4.090782e-05,0.0,-0.0,-0.0
2026-01-24 06:00:00+00:00,4.090782e-05,0.0,-0.0,-0.0
2026-01-24 07:00:00+00:00,4.090782e-05,0.0,-0.0,-0.0
2026-01-24 08:00:00+00:00,-0.0005531172,0.0,0.0,0.0
2026-01-24 09:00:00+00:00,-0.0005531172,0.0,-0.0,-0.0
2026-01-24 10:00:00+00:00,-0.0005531172,0.0,0.0,0.0
2026-01-24 11:00:00+00:00,-0.0005531172,0.0,-0.0,-0.0
2026-01-24 12:00:00+00:00,-0.0005531172,0.0,-0.0,-0.0
2026-01-24 13:00:00+00:00,-0.0004995343,0.0,-0.0,-0.0
2026-01-24 14:00:00+00:00,-0.0005531172,0.0,0.0,0.0
2026-01-24 15:00:00+00:00,-0.0004995343,0.0,-0.0,-0.0
2026-01-24 16:00:00+00:00,-0.00050250324,0.0,0.0,0.0
2026-01-24 17:00:00+00:00,-0.00055608613,0.0,0.0,0.0
2026-01-24 18:00:00+00:00,-0.00055608613,0.0,-0.0,-0.0
2026-01-24 19:00:00+00:00,-0.0005469393,0.0,-0.0,-0.0
2026-01-24 20:00:00+00:00,-0.00060052215,0.0,0.0,0.0
2026-01-24 21:00:00+00:00,-0.00060052215,0.0,0.0,0.0
2026-01-24 22:00:00+00:00,-0.00060052215,0.0,0.0,0.0
2026-01-24 23:00:00+00:00,-0.0005469393,0.0,-0.0,-0.0
2026-01-25 00:00:00+00:00,-0.00060052215,0.0,0.0,0.0
2026-01-25 01:00:00+00:00,-0.0005469393,0.0,-0.0,-0.0
2026-01-25 02:00:00+00:00,-0.0005469393,0.0,-0.0,-0.0
2026-01-25 03:00:00+00:00,-0.0005469393,0.0,-0.0,-0.0
2026-01-25 04:00:00+00:00,-0.0005469393,0.0,0.0,0.0
2026-01-25 05:00:00+00:00,-0.0005469393,0.0,-0.0,-0.0
2026-01-25 06:00:00+00:00,-0.0005469393,0.0,-0.0,-0.0
2026-01-25 07:00:00+00:00,-0.0005401336,0.0,-0.0,-0.0
2026-01-25 08:00:00+00:00,0.000113533846,0.0,-0.0,-0.0
2026-01-25 09:00:00+00:00,0.000113533846,0.0,0.0,0.0
2026-01-25 10:00:00+00:00,4.7085676e-05,0.0,0.0,0.0
2026-01-25 11:00:00+00:00,4.7085676e-05,0.0,-0.0,-0.0
2026-01-25 12:00:00+00:00,4.7085676e-05,0.0,0.0,0.0
2026-01-25 13:00:00+00:00,4.7085676e-05,0.0,0.0,0.0
2026-01-25 14:00:00+00:00,4.7085676e-05,0.0,-0.0,-0.0
2026-01-25 15:00:00+00:00,0.00010672818,0.0,-0.0,-0.0
2026-01-25 16:00:00+00:00,-0.0011174072,0.0,-0.0,-0.0
2026-01-25 17:00:00+00:00,-0.00048049123,0.0,-0.0,-0.0
2026-01-25 18:00:00+00:00,-0.0011174072,0.0,-0.0,-0.0
2026-01-25 19:00:00+00:00,-0.0017518661,0.0,-0.0,-0.0
2026-01-25 20:00:00+00:00,-0.000470294,0.0,0.0,0.0
2026-01-25 21:00:00+00:00,-0.000470294,0.0,-0.0,-0.0
2026-01-25 22:00:00+00:00,-0.000470294,0.0,-0.0,-0.0
2026-01-25 23:00:00+00:00,-0.000518953,0.0,0.0,0.0
2026-01-26 00:00:00+00:00,-0.00029042683,0.0,0.0,0.0
2026-01-26 01:00:00+00:00,-0.0004439731,0.0,0.0,0.0
2026-01-26 02:00:00+00:00,-0.00034766414,0.0,-0.0,-0.0
2026-01-26 03:00:00+00:00,-0.00038939455,0.0,-0.0,-0.0
2026-01-26 04:00:00+00:00,-0.0003462744,0.0,0.0,0.0
2026-01-26 05:00:00+00:00,-0.0003462744,0.0,0.0,0.0
2026-01-26 06:00:00+00:00,-0.0003462744,0.0,0.0,0.0
2026-01-26 07:00:00+00:00,-0.0003462744,0.0,0.0,0.0
2026-01-26 08:00:00+00:00,0.0002046305,0.0,-0.0,-0.0
2026-01-26 09:00:00+00:00,0.0002046305,0.0,-0.0,-0.0
2026-01-26 10:00:00+00:00,0.0002046305,0.0,0.0,0.0
2026-01-26 11:00:00+00:00,0.0002046305,0.0,-0.0,-0.0
2026-01-26 12:00:00+00:00,0.0002046305,0.0,-0.0,-0.0
2026-01-26 13:00:00+00:00,0.0002046305,0.0,0.0,0.0
2026-01-26 14:00:00+00:00,0.00014498802,0.0,0.0,0.0
2026-01-26 15:00:00+00:00,0.00018137561,0.0,-0.0,-0.0
2026-01-26 16:00:00+00:00,0.0002477507,0.0,-0.0,-0.0
2026-01-26 17:00:00+00:00,0.0002477507,0.0,0.0,0.0
2026-01-26 18:00:00+00:00,0.00013106811,0.0,0.0,0.0
2026-01-26 19:00:00+00:00,3.305504e-05,0.0,-0.0,-0.0
2026-01-26 20:00:00+00:00,9.950321e-05,0.0,-0.0,-0.0
2026-01-26 21:00:00+00:00,3.305504e-05,0.0,0.0,0.0
2026-01-26 22:00:00+00:00,3.305504e-05,0.0,0.0,0.0
2026-01-26 23:00:00+00:00,3.305504e-05,0.0,0.0,0.0
2026-01-27 00:00:00+00:00,8.737975e-05,0.0,0.0,0.0
2026-01-27 01:00:00+00:00,3.379688e-05,0.0,0.0,0.0
2026-01-27 02:00:00+00:00,3.379688e-05,0.0,0.0,0.0
2026-01-27 03:00:00+00:00,3.379688e-05,0.0,-0.0,-0.0
2026-01-27 04:00:00+00:00,7.5527314e-05,0.0,-0.0,-0.0
2026-01-27 05:00:00+00:00,7.5527314e-05,0.0,-0.0,-0.0
2026-01-27 06:00:00+00:00,0.00017466802,0.0,-0.0,-0.0
2026-01-27 07:00:00+00:00,0.00017466802,0.0,-0.0,-0.0
2026-01-27 08:00:00+00:00,-0.00041255128,0.0,-0.0,-0.0
2026-01-27 09:00:00+00:00,-0.00041255128,0.0,-0.0,-0.0
2026-01-27 10:00:00+00:00,-0.00041255128,0.0,-0.0,-0.0
2026-01-27 11:00:00+00:00,-0.00041255128,0.0,0.0,0.0
2026-01-27 12:00:00+00:00,-0.00041935695,0.0,0.0,0.0
2026-01-27 13:00:00+00:00,-0.00041935695,0.0,-0.0,-0.0
2026-01-27 14:00:00+00:00,-0.00041935695,0.0,-0.0,-0.0
2026-01-27 15:00:00+00:00,-0.00041935695,0.0,0.0,0.0
2026-01-27 16:00:00+00:00,-0.00046360487,0.0,0.0,0.0
2026-01-27 17:00:00+00:00,-0.00024923496,0.0,-0.0,-0.0
2026-01-27 18:00:00+00:00,-0.0003584292,0.0,0.0,0.0
2026-01-27 19:00:00+00:00,-0.00036776418,0.0,0.0,0.0
2026-01-27 20:00:00+00:00,-0.00059660646,0.0,0.0,0.0
2026-01-27 21:00:00+00:00,-0.00036776418,0.0,-0.0,-0.0
2026-01-27 22:00:00+00:00,-0.00036776418,0.0,0.0,0.0
2026-01-27 23:00:00+00:00,-0.00036776418,0.0,-0.0,-0.0
2026-01-28 00:00:00+00:00,-9.603858e-07,0.0,0.0,0.0
2026-01-28 01:00:00+00:00,-9.603858e-07,0.0,-0.0,-0.0
2026-01-28 02:00:00+00:00,-9.603858e-07,0.0,-0.0,-0.0
2026-01-28 03:00:00+00:00,-9.603858e-07,0.0,-0.0,-0.0
2026-01-28 04:00:00+00:00,-9.603858e-07,0.0,-0.0,-0.0
2026-01-28 05:00:00+00:00,-9.603858e-07,0.0,0.0,0.0
2026-01-28 06:00:00+00:00,-9.603858e-07,0.0,0.0,0.0
2026-01-28 07:00:00+00:00,-9.603858e-07,0.0,-0.0,-0.0
2026-01-28 08:00:00+00:00,-9.603858e-07,0.0,-0.0,-0.0
2026-01-28 09:00:00+00:00,8.374594e-06,0.0,0.0,0.0
2026-01-28 10:00:00+00:00,-9.603858e-07,0.0,-0.0,-0.0
2026-01-28 11:00:00+00:00,-9.641674e-05,0.0,0.0,0.0
2026-01-28 12:00:00+00:00,0.0001324254,0.0,-0.0,-0.0
2026-01-28 13:00:00+00:00,0.000196757,0.0,0.0,0.0
2026-01-28 14:00:00+00:00,0.00040440133,0.0,-0.0,-0.0
2026-01-28 15:00:00+00:00,0.00028792818,0.0,-0.0,-0.0
2026-01-28 16:00:00+00:00,0.0005063765,0.0,0.0,0.0
2026-01-28 17:00:00+00:00,0.00017461335,0.0,0.0,0.0
2026-01-28 18:00:00+00:00,0.00023893463,0.0,-0.0,-0.0
2026-01-28 19:00:00+00:00,0.00018256299,0.0,-0.0,-0.0
2026-01-28 20:00:00+00:00,0.00013944278,0.0,-0.0,-0.0
2026-01-28 21:00:00+00:00,0.00013263711,0.0,0.0,0.0
2026-01-28 22:00:00+00:00,0.00013263711,0.0,-0.0,-0.0
2026-01-28 23:00:00+00:00,0.00013944278,0.0,-0.0,-0.0
2026-01-29 00:00:00+00:00,-0.00062101934,0.0,-0.0,-0.0
2026-01-29 01:00:00+00:00,-0.0006631163,0.0,-0.0,-0.0
2026-01-29 02:00:00+00:00,-0.00043742734,0.0,-0.0,-0.0
2026-01-29 03:00:00+00:00,-0.0006199962,0.0,0.0,0.0
2026-01-29 04:00:00+00:00,-0.0006199962,0.0,0.0,0.0
2026-01-29 05:00:00+00:00,-0.0006199962,0.0,-0.0,-0.0
2026-01-29 06:00:00+00:00,-0.0006199962,0.0,0.0,0.0
2026-01-29 07:00:00+00:00,-0.0006268019,0.0,0.0,0.0
2026-01-29 08:00:00+00:00,-0.0006268019,0.0,-0.0,-0.0
2026-01-29 09:00:00+00:00,-0.0006163392,0.0,-0.0,-0.0
2026-01-29 10:00:00+00:00,-0.000669922,0.0,0.0,0.0
2026-01-29 11:00:00+00:00,-0.0006163392,0.0,-0.0,-0.0
2026-01-29 12:00:00+00:00,-0.000669922,0.0,0.0,0.0
2026-01-29 13:00:00+00:00,-0.000669922,0.0,-0.0,-0.0
2026-01-29 14:00:00+00:00,-0.00018999515,0.0,-0.0,-0.0
2026-01-29 15:00:00+00:00,-0.0024252455,0.0,-0.0,-0.0
2026-01-29 16:00:00+00:00,-0.0008518634,0.0,0.0,0.0
2026-01-29 17:00:00+00:00,-0.0016431808,0.0,-0.0,-0.0
2026-01-29 18:00:00+00:00,-0.0008776707,0.0,-0.0,-0.0
2026-01-29 19:00:00+00:00,-0.0005354299,0.0,0.0,0.0
2026-01-29 20:00:00+00:00,-0.0005382141,0.0,0.0,0.0
2026-01-29 21:00:00+00:00,-6.547588e-05,0.0,0.0,0.0
2026-01-29 22:00:00+00:00,0.00019563518,0.0,0.0,0.0
2026-01-29 23:00:00+00:00,0.00011819118,0.0,0.0,0.0
2026-01-30 00:00:00+00:00,-3.0042662e-05,0.0,-0.0,-0.0
2026-01-30 01:00:00+00:00,-0.0036477922,0.0,-0.0,-0.0
2026-01-30 02:00:00+00:00,-0.003589329,0.0,-0.0,-0.0
2026-01-30 03:00:00+00:00,-0.001853906,0.0,0.0,0.0
2026-01-30 04:00:00+00:00,-0.001422363,0.0,0.0,0.0
2026-01-30 05:00:00+00:00,-0.001422363,0.0,-0.0,-0.0
2026-01-30 06:00:00+00:00,-0.0015922397,0.0,-0.0,-0.0
2026-01-30 07:00:00+00:00,-0.0024085504,0.0,0.0,0.0
2026-01-30 08:00:00+00:00,-0.0014992626,0.0,-0.0,-0.0
2026-01-30 09:00:00+00:00,-0.0014992626,0.0,-0.0,-0.0
2026-01-30 10:00:00+00:00,-0.0016160759,0.0,0.0,0.0
2026-01-30 11:00:00+00:00,-0.0016160759,0.0,0.0,0.0
2026-01-30 12:00:00+00:00,-0.0016160759,0.0,-0.0,-0.0
2026-01-30 13:00:00+00:00,-0.0016160759,0.0,-0.0,-0.0
2026-01-30 14:00:00+00:00,-0.0013958703,0.0,0.0,0.0
2026-01-30 15:00:00+00:00,-0.0012545127,0.0,-0.0,-0.0
2026-01-30 16:00:00+00:00,-0.0016273345,0.0,0.0,0.0
2026-01-30 17:00:00+00:00,-0.0009934145,0.0,-0.0,-0.0
2026-01-30 18:00:00+00:00,-0.000936762,0.0,0.0,0.0
2026-01-30 19:00:00+00:00,-0.0010749985,0.0,0.0,0.0
2026-01-30 20:00:00+00:00,-0.0011101078,0.0,-0.0,-0.0
2026-01-30 21:00:00+00:00,-0.0010044639,0.0,0.0,0.0
2026-01-30 22:00:00+00:00,-0.0010044639,0.0,-0.0,-0.0
2026-01-30 23:00:00+00:00,-0.0010044639,0.0,0.0,0.0
2026-01-31 00:00:00+00:00,-0.0008133304,0.0,-0.0,-0.0
2026-01-31 01:00:00+00:00,-0.00014130464,0.0,-0.0,-0.0
2026-01-31 02:00:00+00:00,-0.00014130464,0.0,0.0,0.0
2026-01-31 03:00:00+00:00,-0.0001366001,0.0,-0.0,-0.0
2026-01-31 04:00:00+00:00,-8.5786225e-05,0.0,-0.0,-0.0
2026-01-31 05:00:00+00:00,-8.5786225e-05,0.0,0.0,0.0
2026-01-31 06:00:00+00:00,-8.5786225e-05,0.0,-0.0,-0.0
2026-01-31 07:00:00+00:00,-8.342147e-06,0.0,-0.0,-0.0
2026-01-31 08:00:00+00:00,-0.002068849,0.0,-0.0,-0.0
2026-01-31 09:00:00+00:00,-0.0029346037,0.0,0.0,0.0
2026-01-31 10:00:00+00:00,-0.0019435721,0.0,0.0,0.0
2026-01-31 11:00:00+00:00,-0.0029346037,0.0,-0.0,-0.0
2026-01-31 12:00:00+00:00,-0.002957037,0.0,-0.0,-0.0
2026-01-31 13:00:00+00:00,-0.002957037,0.0,-0.0,-0.0
2026-01-31 14:00:00+00:00,-0.0038592033,0.0,-0.0,-0.0
2026-01-31 15:00:00+00:00,-0.0032838555,0.0,-0.0,-0.0
2026-01-31 16:00:00+00:00,-0.0030349407,0.0,-0.0,-0.0
2026-01-31 17:00:00+00:00,-0.0019855788,0.0,-0.0,-0.0
2026-01-31 18:00:00+00:00,-0.003966119,0.0,-0.0,-0.0
2026-01-31 19:00:00+00:00,-0.004739531,0.0,-0.0,-0.0
2026-01-31 20:00:00+00:00,-0.0015218477,0.0,0.0,0.0
2026-01-31 21:00:00+00:00,-0.0021515873,0.0,0.0,0.0
2026-01-31 22:00:00+00:00,-0.0021515873,0.0,-0.0,-0.0
2026-01-31 23:00:00+00:00,-0.0013338255,0.0,0.0,0.0
2026-02-01 00:00:00+00:00,-0.0023975014,0.0,0.0,0.0
2026-02-01 01:00:00+00:00,-0.0019972578,0.0,-0.0,-0.0
2026-02-01 02:00:00+00:00,7.132599e-05,0.0,0.0,0.0
2026-02-01 03:00:00+00:00,0.00023592757,0.0,-0.0,-0.0
2026-02-01 04:00:00+00:00,0.00023592757,0.0,0.0,0.0
2026-02-01 05:00:00+00:00,0.0020272762,0.0,-0.0,-0.0
2026-02-01 06:00:00+00:00,0.0001664863,0.0,-0.0,-0.0
2026-02-01 07:00:00+00:00,0.00019174632,0.0,0.0,0.0
2026-02-01 08:00:00+00:00,0.0032872807,0.0,0.0,0.0
2026-02-01 09:00:00+00:00,0.0027799422,0.0,0.0,0.0
2026-02-01 10:00:00+00:00,0.0020910357,0.0,-0.0,-0.0
2026-02-01 11:00:00+00:00,0.0030791443,0.0,0.0,0.0
2026-02-01 12:00:00+00:00,0.0017827047,0.0,-0.0,-0.0
2026-02-01 13:00:00+00:00,0.0018202319,0.0,-0.0,-0.0
2026-02-01 14:00:00+00:00,0.0008958633,0.0,-0.0,-0.0
2026-02-01 15:00:00+00:00,0.0005917733,0.0,-0.0,-0.0
2026-02-01 16:00:00+00:00,0.000149959,0.0,-0.0,-0.0
2026-02-01 17:00:00+00:00,-0.0022217955,0.0,0.0,0.0
2026-02-01 18:00:00+00:00,-0.00059648056,0.0,0.0,0.0
2026-02-01 19:00:00+00:00,-0.002060187,0.0,-0.0,-0.0
2026-02-01 20:00:00+00:00,-0.0017720134,0.0,-0.0,-0.0
2026-02-01 21:00:00+00:00,-0.0023759946,0.0,-0.0,-0.0
2026-02-01 22:00:00+00:00,-0.0024333315,0.0,0.0,0.0
2026-02-01 23:00:00+00:00,-0.0027858827,0.0,-0.0,-0.0
2026-02-02 00:00:00+00:00,-0.0023436148,0.0,0.0,0.0
2026-02-02 01:00:00+00:00,-0.00059085514,0.0,-0.0,-0.0
2026-02-02 02:00:00+00:00,-0.00031575558,0.0,-0.0,-0.0
2026-02-02 03:00:00+00:00,0.0002943646,0.0,-0.0,-0.0
2026-02-02 04:00:00+00:00,-0.00020048025,0.0,-0.0,-0.0
2026-02-02 05:00:00+00:00,-0.00052877876,0.0,-0.0,-0.0
2026-02-02 06:00:00+00:00,0.0002759696,0.0,0.0,0.0
2026-02-02 07:00:00+00:00,0.00131337,0.0,0.0,0.0
2026-02-02 08:00:00+00:00,0.0028294902,0.0,0.0,0.0
2026-02-02 09:00:00+00:00,0.0032408184,0.0,0.0,0.0
2026-02-02 10:00:00+00:00,0.003256583,0.0,-0.0,-0.0
2026-02-02 11:00:00+00:00,0.0028659687,0.0,0.0,0.0
2026-02-02 12:00:00+00:00,0.0027992,0.0,0.0,0.0
2026-02-02 13:00:00+00:00,0.0017578506,0.0,0.0,0.0
2026-02-02 14:00:00+00:00,0.0035454573,0.0,-0.0,-0.0
2026-02-02 15:00:00+00:00,0.0010569533,0.0,0.0,0.0
2026-02-02 16:00:00+00:00,0.00303343,0.0,0.0,0.0
2026-02-02 17:00:00+00:00,0.0016485438,0.0,0.0,0.0
2026-02-02 18:00:00+00:00,0.004187174,0.0,-0.0,-0.0
2026-02-02 19:00:00+00:00,0.0039719045,0.0,-0.0,-0.0
2026-02-02 20:00:00+00:00,0.002706727,0.0,-0.0,-0.0
2026-02-02 21:00:00+00:00,0.002770064,0.0,0.0,0.0
2026-02-02 22:00:00+00:00,0.002394452,0.0,0.0,0.0
2026-02-02 23:00:00+00:00,0.0009277532,0.0,-0.0,-0.0
2026-02-03 00:00:00+00:00,0.0009810806,0.0,0.0,0.0
2026-02-03 01:00:00+00:00,0.0009810806,0.0,-0.0,-0.0
2026-02-03 02:00:00+00:00,0.0006977234,0.0,-0.0,-0.0
2026-02-03 03:00:00+00:00,0.0019972108,0.0,0.0,0.0
2026-02-03 04:00:00+00:00,0.001912606,0.0,0.0,0.0
2026-02-03 05:00:00+00:00,0.0019569022,0.0,-0.0,-0.0
2026-02-03 06:00:00+00:00,0.0025473367,0.0,0.0,0.0
2026-02-03 07:00:00+00:00,0.0024077718,0.0,0.0,0.0
2026-02-03 08:00:00+00:00,0.0021316146,0.0,-0.0,-0.0
2026-02-03 09:00:00+00:00,0.0015405911,0.0,-0.0,-0.0
2026-02-03 10:00:00+00:00,0.0018057378,0.0,-0.0,-0.0
2026-02-03 11:00:00+00:00,0.0017654768,0.0,-0.0,-0.0
2026-02-03 12:00:00+00:00,0.0017654768,0.0,0.0,0.0
2026-02-03 13:00:00+00:00,0.001722642,0.0,-0.0,-0.0
2026-02-03 14:00:00+00:00,0.0027385557,0.0,-0.0,-0.0
2026-02-03 15:00:00+00:00,0.002477727,0.0,0.0,0.0
2026-02-03 16:00:00+00:00,0.00051353197,0.0,0.0,0.0
2026-02-03 17:00:00+00:00,0.0014854065,0.0,-0.0,-0.0
2026-02-03 18:00:00+00:00,-0.0027108495,0.0,-0.0,-0.0
2026-02-03 19:00:00+00:00,-0.0032743642,0.0,0.0,0.0
2026-02-03 20:00:00+00:00,-0.0014038928,0.0,0.0,0.0
2026-02-03 21:00:00+00:00,-0.0026788812,0.0,-0.0,-0.0
2026-02-03 22:00:00+00:00,-0.0018990724,0.0,-0.0,-0.0
2026-02-03 23:00:00+00:00,-0.0011180468,0.0,0.0,0.0
2026-02-04 00:00:00+00:00,0.00043931935,0.0,0.0,0.0
2026-02-04 01:00:00+00:00,0.0019645528,0.0,0.0,0.0
2026-02-04 02:00:00+00:00,0.00092684734,0.0,-0.0,-0.0
2026-02-04 03:00:00+00:00,0.0022644484,0.0,0.0,0.0
2026-02-04 04:00:00+00:00,0.002583381,0.0,-0.0,-0.0
2026-02-04 05:00:00+00:00,0.0022094038,0.0,-0.0,-0.0
2026-02-04 06:00:00+00:00,0.0021958803,0.0,0.0,0.0
2026-02-04 07:00:00+00:00,0.002608641,0.0,-0.0,-0.0
2026-02-04 08:00:00+00:00,0.0026403263,0.0,0.0,0.0
2026-02-04 09:00:00+00:00,0.0021747164,0.0,-0.0,-0.0
2026-02-04 10:00:00+00:00,0.002310872,0.0,0.0,0.0
2026-02-04 11:00:00+00:00,0.0017442046,0.0,-0.0,-0.0
2026-02-04 12:00:00+00:00,0.0020006555,0.0,0.0,0.0
2026-02-04 13:00:00+00:00,0.0031251244,0.0,-0.0,-0.0
2026-02-04 14:00:00+00:00,0.0010953523,0.0,-0.0,-0.0
2026-02-04 15:00:00+00:00,0.0040028826,0.0,-0.0,-0.0
2026-02-04 16:00:00+00:00,0.0028714398,0.0,-0.0,-0.0
2026-02-04 17:00:00+00:00,0.0013651234,0.0,-0.0,-0.0
2026-02-04 18:00:00+00:00,0.0010162375,0.0,0.0,0.0
2026-02-04 19:00:00+00:00,0.0016998727,0.0,0.0,0.0
2026-02-04 20:00:00+00:00,-0.0005506563,0.0,-0.0,-0.0
2026-02-04 21:00:00+00:00,0.0033760704,0.0,-0.0,-0.0
2026-02-04 22:00:00+00:00,0.0021762608,0.0,-0.0,-0.0
2026-02-04 23:00:00+00:00,0.0019222851,0.0,0.0,0.0
2026-02-05 00:00:00+00:00,0.0005562354,0.0,-0.0,-0.0
2026-02-05 01:00:00+00:00,0.00458832,0.0,-0.0,-0.0
2026-02-05 02:00:00+00:00,0.0055610985,0.0,-0.0,-0.0
2026-02-05 03:00:00+00:00,0.0060941125,1.0,-0.004022776151456608,-0.0044227761514566075
2026-02-05 04:00:00+00:00,0.006151721,1.0,-0.004574508875839323,-0.004574508875839323
2026-02-05 05:00:00+00:00,0.0053671845,1.0,-0.002515760541361267,-0.002515760541361267
2026-02-05 06:00:00+00:00,0.0051968955,1.0,0.003062455707554479,0.003062455707554479
2026-02-05 07:00:00+00:00,0.005308481,1.0,-0.002754141083097905,-0.002754141083097905
2026-02-05 08:00:00+00:00,0.005529326,1.0,0.004307212445567296,0.004307212445567296
2026-02-05 09:00:00+00:00,0.004587691,1.0,0.007192249042183407,0.007192249042183407
2026-02-05 10:00:00+00:00,0.006880698,0.0,-0.0008,-0.0012000000000000001
2026-02-05 11:00:00+00:00,0.006814166,1.0,-0.0084432887180653,-0.0088432887180653
2026-02-05 12:00:00+00:00,0.0014200702,1.0,-0.010616258057172256,-0.010616258057172256
2026-02-05 13:00:00+00:00,-0.0014851086,0.0,-0.0008,-0.0012000000000000001
2026-02-05 14:00:00+00:00,-0.0015753021,0.0,-0.0,-0.0
2026-02-05 15:00:00+00:00,-0.0050740857,0.0,-0.0,-0.0
2026-02-05 16:00:00+00:00,-0.0021779942,0.0,0.0,0.0
2026-02-05 17:00:00+00:00,-0.0048564184,0.0,-0.0,-0.0
2026-02-05 18:00:00+00:00,-0.0065859356,0.0,0.0,0.0
2026-02-05 19:00:00+00:00,-0.003520853,0.0,-0.0,-0.0
2026-02-05 20:00:00+00:00,-0.005023599,0.0,-0.0,-0.0
2026-02-05 21:00:00+00:00,-0.0030294105,0.0,-0.0,-0.0
2026-02-05 22:00:00+00:00,-0.0055356347,0.0,0.0,0.0
2026-02-05 23:00:00+00:00,-0.004420982,0.0,-0.0,-0.0
2026-02-06 00:00:00+00:00,-0.0024399697,0.0,0.0,0.0
2026-02-06 01:00:00+00:00,-0.0009369865,0.0,0.0,0.0
2026-02-06 02:00:00+00:00,-0.0028018965,0.0,-0.0,-0.0
2026-02-06 03:00:00+00:00,0.0043898695,0.0,-0.0,-0.0
2026-02-06 04:00:00+00:00,0.00022745393,0.0,0.0,0.0
2026-02-06 05:00:00+00:00,-0.0012653465,0.0,0.0,0.0
2026-02-06 06:00:00+00:00,0.00607893,0.0,-0.0,-0.0
2026-02-06 07:00:00+00:00,0.007060013,1.0,-0.0029001545861587533,-0.0033001545861587535
2026-02-06 08:00:00+00:00,0.014639175,1.0,0.0007370849028563939,0.0007370849028563939
2026-02-06 09:00:00+00:00,0.01354707,1.0,0.013998436394084157,0.013998436394084157
2026-02-06 10:00:00+00:00,0.011947576,1.0,0.002608051656150856,0.002608051656150856
2026-02-06 11:00:00+00:00,0.0052771824,1.0,0.0099606548823441,0.0099606548823441
2026-02-06 12:00:00+00:00,-5.9434524e-06,1.0,-0.0009536524890330078,-0.0009536524890330078
2026-02-06 13:00:00+00:00,-0.00081449864,0.0,-0.0008,-0.0012000000000000001
2026-02-06 14:00:00+00:00,-0.0041204975,0.0,0.0,0.0
2026-02-06 15:00:00+00:00,-0.010062523,0.0,0.0,0.0
2026-02-06 16:00:00+00:00,-0.0060483227,0.0,0.0,0.0
2026-02-06 17:00:00+00:00,-0.00148133,0.0,0.0,0.0
2026-02-06 18:00:00+00:00,-0.00032704644,0.0,-0.0,-0.0
2026-02-06 19:00:00+00:00,-0.0007677287,0.0,0.0,0.0
2026-02-06 20:00:00+00:00,-0.004844392,0.0,-0.0,-0.0
2026-02-06 21:00:00+00:00,-0.0045359903,0.0,0.0,0.0
2026-02-06 22:00:00+00:00,-0.004398025,0.0,0.0,0.0
2026-02-06 23:00:00+00:00,-0.002221941,0.0,-0.0,-0.0
2026-02-07 00:00:00+00:00,0.009765453,0.0,0.0,0.0
2026-02-07 01:00:00+00:00,0.010324328,1.0,0.006551563494481405,0.006151563494481406
2026-02-07 02:00:00+00:00,0.010367836,1.0,-0.0015916264263940993,-0.0015916264263940993
2026-02-07 03:00:00+00:00,0.00920716,1.0,0.008078897595244605,0.008078897595244605
2026-02-07 04:00:00+00:00,0.009352674,1.0,-0.002234539147461412,-0.002234539147461412
2026-02-07 05:00:00+00:00,0.009518469,1.0,-0.008541087281400461,-0.008541087281400461
2026-02-07 06:00:00+00:00,0.008070023,1.0,-0.019836120277334945,-0.019836120277334945
2026-02-07 07:00:00+00:00,0.008273034,1.0,-0.009938370753168835,-0.009938370753168835
2026-02-07 08:00:00+00:00,0.0042870855,1.0,0.006078807424339387,0.006078807424339387
2026-02-07 09:00:00+00:00,0.0054038763,0.0,-0.0008,-0.0012000000000000001
2026-02-07 10:00:00+00:00,0.005304494,1.0,-0.0030405788504624712,-0.0034405788504624714
2026-02-07 11:00:00+00:00,0.005157645,1.0,-0.00028989857964412113,-0.00028989857964412113
2026-02-07 12:00:00+00:00,0.004376544,1.0,0.015508919542327693,0.015508919542327693
2026-02-07 13:00:00+00:00,0.0060965796,0.0,-0.0008,-0.0012000000000000001
2026-02-07 14:00:00+00:00,0.00437758,1.0,-0.007270922117261524,-0.0076709221172615236
2026-02-07 15:00:00+00:00,0.0059866216,0.0,-0.0008,-0.0012000000000000001
2026-02-07 16:00:00+00:00,0.004915289,1.0,-0.0036325328737553645,-0.004032532873755364
2026-02-07 17:00:00+00:00,0.0064864107,1.0,0.0033369943546761593,0.0033369943546761593
2026-02-07 18:00:00+00:00,0.004341032,1.0,0.004637455660746914,0.004637455660746914
2026-02-07 19:00:00+00:00,0.0061009084,0.0,-0.0008,-0.0012000000000000001
2026-02-07 20:00:00+00:00,0.0037957088,1.0,0.002878898897339966,0.002478898897339966
2026-02-07 21:00:00+00:00,0.0044208057,0.0,-0.0008,-0.0012000000000000001
2026-02-07 22:00:00+00:00,0.005136769,0.0,-0.0,-0.0
2026-02-07 23:00:00+00:00,0.0044815317,1.0,-0.002443404326478137,-0.0028434043264781374
2026-02-08 00:00:00+00:00,0.0028181425,0.0,-0.0008,-0.0012000000000000001
2026-02-08 01:00:00+00:00,0.0032577452,0.0,0.0,0.0
2026-02-08 02:00:00+00:00,0.0034996504,0.0,-0.0,-0.0
2026-02-08 03:00:00+00:00,0.0049175243,0.0,-0.0,-0.0
2026-02-08 04:00:00+00:00,0.0022457675,1.0,0.0026561794954586223,0.002256179495458622
2026-02-08 05:00:00+00:00,0.00078768417,0.0,-0.0008,-0.0012000000000000001
2026-02-08 06:00:00+00:00,0.00015794512,0.0,0.0,0.0
2026-02-08 07:00:00+00:00,0.00042946328,0.0,0.0,0.0
2026-02-08 08:00:00+00:00,-0.0016653555,0.0,0.0,0.0
2026-02-08 09:00:00+00:00,-0.00038174633,0.0,-0.0,-0.0
2026-02-08 10:00:00+00:00,-0.0010360172,0.0,0.0,0.0
2026-02-08 11:00:00+00:00,-0.002450996,0.0,0.0,0.0
2026-02-08 12:00:00+00:00,-0.0020125392,0.0,0.0,0.0
2026-02-08 13:00:00+00:00,-0.002024034,0.0,0.0,0.0
2026-02-08 14:00:00+00:00,-0.0024261829,0.0,-0.0,-0.0
2026-02-08 15:00:00+00:00,-0.002831431,0.0,-0.0,-0.0
2026-02-08 16:00:00+00:00,0.0004057501,0.0,0.0,0.0
2026-02-08 17:00:00+00:00,-0.00027795433,0.0,0.0,0.0
2026-02-08 18:00:00+00:00,-0.0008240365,0.0,0.0,0.0
2026-02-08 19:00:00+00:00,-0.0013386082,0.0,0.0,0.0
2026-02-08 20:00:00+00:00,0.0010553933,0.0,-0.0,-0.0
2026-02-08 21:00:00+00:00,0.0010806533,0.0,-0.0,-0.0
2026-02-08 22:00:00+00:00,-7.406681e-05,0.0,0.0,0.0
2026-02-08 23:00:00+00:00,0.0024123152,0.0,-0.0,-0.0
2026-02-09 00:00:00+00:00,0.0036054526,0.0,0.0,0.0
2026-02-09 01:00:00+00:00,0.0032866113,0.0,-0.0,-0.0
2026-02-09 02:00:00+00:00,0.0033970363,0.0,0.0,0.0
2026-02-09 03:00:00+00:00,0.0020262597,0.0,0.0,0.0
2026-02-09 04:00:00+00:00,0.0037336182,0.0,-0.0,-0.0
2026-02-09 05:00:00+00:00,0.0027625458,0.0,0.0,0.0
2026-02-09 06:00:00+00:00,0.0031844638,0.0,-0.0,-0.0
2026-02-09 07:00:00+00:00,0.0031844638,0.0,-0.0,-0.0
2026-02-09 08:00:00+00:00,0.0020318963,0.0,-0.0,-0.0
2026-02-09 09:00:00+00:00,0.0012546032,0.0,-0.0,-0.0
2026-02-09 10:00:00+00:00,0.0016340347,0.0,-0.0,-0.0
2026-02-09 11:00:00+00:00,0.0023535874,0.0,0.0,0.0
2026-02-09 12:00:00+00:00,0.002871204,0.0,0.0,0.0
2026-02-09 13:00:00+00:00,0.0026927863,0.0,-0.0,-0.0
2026-02-09 14:00:00+00:00,0.0026979146,0.0,0.0,0.0
2026-02-09 15:00:00+00:00,0.0019381518,0.0,0.0,0.0
2026-02-09 16:00:00+00:00,0.0013619107,0.0,0.0,0.0
2026-02-09 17:00:00+00:00,0.0014084354,0.0,0.0,0.0
2026-02-09 18:00:00+00:00,0.0022964724,0.0,-0.0,-0.0
2026-02-09 19:00:00+00:00,0.001584893,0.0,0.0,0.0
2026-02-09 20:00:00+00:00,0.0019087937,0.0,-0.0,-0.0
2026-02-09 21:00:00+00:00,0.004504882,0.0,-0.0,-0.0
2026-02-09 22:00:00+00:00,0.0043253456,0.0,-0.0,-0.0
2026-02-09 23:00:00+00:00,0.0011314013,0.0,-0.0,-0.0
2026-02-10 00:00:00+00:00,0.0015957992,0.0,0.0,0.0
2026-02-10 01:00:00+00:00,0.0015514047,0.0,0.0,0.0
2026-02-10 02:00:00+00:00,0.0020555176,0.0,-0.0,-0.0
2026-02-10 03:00:00+00:00,0.004167966,0.0,-0.0,-0.0
2026-02-10 04:00:00+00:00,0.0036083804,0.0,0.0,0.0
2026-02-10 05:00:00+00:00,0.004130062,0.0,-0.0,-0.0
2026-02-10 06:00:00+00:00,0.004130062,0.0,-0.0,-0.0
2026-02-10 07:00:00+00:00,0.0032720193,0.0,0.0,0.0
2026-02-10 08:00:00+00:00,0.0016378274,0.0,0.0,0.0
2026-02-10 09:00:00+00:00,0.00063471514,0.0,0.0,0.0
2026-02-10 10:00:00+00:00,0.00058702537,0.0,-0.0,-0.0
2026-02-10 11:00:00+00:00,0.00079667516,0.0,-0.0,-0.0
2026-02-10 12:00:00+00:00,0.00065445126,0.0,0.0,0.0
2026-02-10 13:00:00+00:00,0.0005665002,0.0,0.0,0.0
2026-02-10 14:00:00+00:00,0.00069471233,0.0,-0.0,-0.0
2026-02-10 15:00:00+00:00,0.0011929864,0.0,0.0,0.0
2026-02-10 16:00:00+00:00,0.001299929,0.0,0.0,0.0
2026-02-10 17:00:00+00:00,0.00086393487,0.0,0.0,0.0
2026-02-10 18:00:00+00:00,0.0036270001,0.0,-0.0,-0.0
2026-02-10 19:00:00+00:00,0.0040551834,0.0,0.0,0.0
2026-02-10 20:00:00+00:00,0.004271859,0.0,-0.0,-0.0
2026-02-10 21:00:00+00:00,0.0039854515,0.0,-0.0,-0.0
2026-02-10 22:00:00+00:00,0.0039854515,0.0,0.0,0.0
2026-02-10 23:00:00+00:00,0.004075646,0.0,0.0,0.0
2026-02-11 00:00:00+00:00,0.0018283817,0.0,0.0,0.0
2026-02-11 01:00:00+00:00,0.0035907964,0.0,-0.0,-0.0
2026-02-11 02:00:00+00:00,0.003741483,0.0,-0.0,-0.0
2026-02-11 03:00:00+00:00,0.004112247,0.0,-0.0,-0.0
2026-02-11 04:00:00+00:00,0.0052287434,0.0,-0.0,-0.0
2026-02-11 05:00:00+00:00,0.005222117,1.0,-0.0034795442702165494,-0.0038795442702165496
2026-02-11 06:00:00+00:00,0.0067585455,1.0,-0.008606485591039048,-0.008606485591039048
2026-02-11 07:00:00+00:00,0.005794917,1.0,0.003174222914295921,0.003174222914295921
2026-02-11 08:00:00+00:00,0.005924661,1.0,-0.000657621044776119,-0.000657621044776119
2026-02-11 09:00:00+00:00,0.005882421,1.0,-0.0015190372559943377,-0.0015190372559943377
2026-02-11 10:00:00+00:00,0.006364833,1.0,-0.00512501383723829,-0.00512501383723829
2026-02-11 11:00:00+00:00,0.0046179723,1.0,0.007773734700628587,0.007773734700628587
2026-02-11 12:00:00+00:00,0.0031543479,0.0,-0.0008,-0.0012000000000000001
2026-02-11 13:00:00+00:00,0.0030693053,0.0,0.0,0.0
2026-02-11 14:00:00+00:00,0.0048258347,0.0,-0.0,-0.0
2026-02-11 15:00:00+00:00,0.0047791144,1.0,-0.0018606987089822883,-0.0022606987089822885
2026-02-11 16:00:00+00:00,0.006930505,0.0,-0.0008,-0.0012000000000000001
2026-02-11 17:00:00+00:00,0.0055835927,1.0,0.006488510483577814,0.006088510483577815
2026-02-11 18:00:00+00:00,0.0036357201,1.0,0.01128154840417439,0.01128154840417439
2026-02-11 19:00:00+00:00,0.0033343276,0.0,-0.0008,-0.0012000000000000001
2026-02-11 20:00:00+00:00,0.003201242,0.0,-0.0,-0.0
2026-02-11 21:00:00+00:00,0.0017847593,0.0,0.0,0.0
2026-02-11 22:00:00+00:00,0.0035426738,0.0,-0.0,-0.0
2026-02-11 23:00:00+00:00,0.0038043144,0.0,-0.0,-0.0
2026-02-12 00:00:00+00:00,0.0026994017,0.0,0.0,0.0
2026-02-12 01:00:00+00:00,0.0026643486,0.0,0.0,0.0
2026-02-12 02:00:00+00:00,0.00244087,0.0,-0.0,-0.0
2026-02-12 03:00:00+00:00,0.00097016746,0.0,0.0,0.0
2026-02-12 04:00:00+00:00,0.0013285958,0.0,-0.0,-0.0
2026-02-12 05:00:00+00:00,0.00078025355,0.0,0.0,0.0
2026-02-12 06:00:00+00:00,0.0007549935,0.0,-0.0,-0.0
2026-02-12 07:00:00+00:00,0.00070056383,0.0,0.0,0.0
2026-02-12 08:00:00+00:00,-0.0005661917,0.0,-0.0,-0.0
2026-02-12 09:00:00+00:00,-0.00078446063,0.0,0.0,0.0
2026-02-12 10:00:00+00:00,-0.0015741144,0.0,0.0,0.0
2026-02-12 11:00:00+00:00,-0.0017248011,0.0,0.0,0.0
2026-02-12 12:00:00+00:00,-0.0017248011,0.0,-0.0,-0.0
2026-02-12 13:00:00+00:00,-0.0023541385,0.0,0.0,0.0
2026-02-12 14:00:00+00:00,-0.00033362996,0.0,-0.0,-0.0
2026-02-12 15:00:00+00:00,-0.00058484985,0.0,-0.0,-0.0
2026-02-12 16:00:00+00:00,-0.000109004,0.0,0.0,0.0
2026-02-12 17:00:00+00:00,-0.0009520257,0.0,-0.0,-0.0
2026-02-12 18:00:00+00:00,0.00018741439,0.0,0.0,0.0
2026-02-12 19:00:00+00:00,-0.00047517536,0.0,0.0,0.0
2026-02-12 20:00:00+00:00,-0.0006224298,0.0,-0.0,-0.0
2026-02-12 21:00:00+00:00,0.0014035108,0.0,0.0,0.0
2026-02-12 22:00:00+00:00,0.0002997082,0.0,0.0,0.0
2026-02-12 23:00:00+00:00,-6.257108e-05,0.0,-0.0,-0.0
2026-02-13 00:00:00+00:00,0.00015150181,0.0,-0.0,-0.0
2026-02-13 01:00:00+00:00,0.0006697155,0.0,0.0,0.0
2026-02-13 02:00:00+00:00,4.5585275e-05,0.0,0.0,0.0
2026-02-13 03:00:00+00:00,3.7227433e-05,0.0,-0.0,-0.0
2026-02-13 04:00:00+00:00,7.0845315e-05,0.0,-0.0,-0.0
2026-02-13 05:00:00+00:00,7.0845315e-05,0.0,-0.0,-0.0
2026-02-13 06:00:00+00:00,0.00029940592,0.0,0.0,0.0
2026-02-13 07:00:00+00:00,0.0002334466,0.0,-0.0,-0.0
2026-02-13 08:00:00+00:00,0.0003013557,0.0,0.0,0.0
2026-02-13 09:00:00+00:00,0.00021077754,0.0,0.0,0.0
2026-02-13 10:00:00+00:00,0.00021077754,0.0,0.0,0.0
2026-02-13 11:00:00+00:00,-2.4548071e-05,0.0,0.0,0.0
2026-02-13 12:00:00+00:00,0.00021077754,0.0,-0.0,-0.0
2026-02-13 13:00:00+00:00,-0.0001076439,0.0,0.0,0.0
2026-02-13 14:00:00+00:00,-0.00057621486,0.0,0.0,0.0
2026-02-13 15:00:00+00:00,-0.0007693733,0.0,0.0,0.0
2026-02-13 16:00:00+00:00,-0.0012325866,0.0,0.0,0.0
2026-02-13 17:00:00+00:00,-0.0009916386,0.0,0.0,0.0
2026-02-13 18:00:00+00:00,-0.0018146697,0.0,0.0,0.0
2026-02-13 19:00:00+00:00,-0.001818904,0.0,-0.0,-0.0
2026-02-13 20:00:00+00:00,-0.0023929968,0.0,-0.0,-0.0
2026-02-13 21:00:00+00:00,-0.0029043916,0.0,0.0,0.0
2026-02-13 22:00:00+00:00,-0.0023685237,0.0,0.0,0.0
2026-02-13 23:00:00+00:00,-0.0026235674,0.0,-0.0,-0.0
2026-02-14 00:00:00+00:00,-0.0027287235,0.0,0.0,0.0
2026-02-14 01:00:00+00:00,-0.0021460191,0.0,-0.0,-0.0
2026-02-14 02:00:00+00:00,-0.002029034,0.0,-0.0,-0.0
2026-02-14 03:00:00+00:00,-0.0022528635,0.0,0.0,0.0
2026-02-14 04:00:00+00:00,-0.002169609,0.0,-0.0,-0.0
2026-02-14 05:00:00+00:00,-0.0024144968,0.0,-0.0,-0.0
2026-02-14 06:00:00+00:00,-0.0024144968,0.0,0.0,0.0
2026-02-14 07:00:00+00:00,-0.0028194068,0.0,0.0,0.0
2026-02-14 08:00:00+00:00,-0.0017865663,0.0,0.0,0.0
2026-02-14 09:00:00+00:00,-0.0017865663,0.0,-0.0,-0.0
2026-02-14 10:00:00+00:00,-0.0020037806,0.0,-0.0,-0.0
2026-02-14 11:00:00+00:00,-0.0015900575,0.0,0.0,0.0
2026-02-14 12:00:00+00:00,-0.0014558464,0.0,-0.0,-0.0
2026-02-14 13:00:00+00:00,-0.001108327,0.0,-0.0,-0.0
2026-02-14 14:00:00+00:00,-0.0014384262,0.0,0.0,0.0
2026-02-14 15:00:00+00:00,-0.0006413244,0.0,0.0,0.0
2026-02-14 16:00:00+00:00,-0.00060608896,0.0,0.0,0.0
2026-02-14 17:00:00+00:00,-0.0008520231,0.0,-0.0,-0.0
2026-02-14 18:00:00+00:00,-0.0010450686,0.0,0.0,0.0
2026-02-14 19:00:00+00:00,-0.0010450686,0.0,0.0,0.0
2026-02-14 20:00:00+00:00,-0.0010977281,0.0,0.0,0.0
2026-02-14 21:00:00+00:00,-0.0010703285,0.0,-0.0,-0.0
2026-02-14 22:00:00+00:00,-0.0010553052,0.0,0.0,0.0
2026-02-14 23:00:00+00:00,-0.0011111601,0.0,-0.0,-0.0
2026-02-15 00:00:00+00:00,-0.0008643152,0.0,0.0,0.0
2026-02-15 01:00:00+00:00,-0.0008643152,0.0,-0.0,-0.0
2026-02-15 02:00:00+00:00,-0.00082405406,0.0,-0.0,-0.0
2026-02-15 03:00:00+00:00,-0.001090541,0.0,0.0,0.0
2026-02-15 04:00:00+00:00,-0.0010652809,0.0,0.0,0.0
2026-02-15 05:00:00+00:00,-0.0011485353,0.0,0.0,0.0
2026-02-15 06:00:00+00:00,-0.0011963476,0.0,0.0,0.0
2026-02-15 07:00:00+00:00,-0.00042558732,0.0,0.0,0.0
2026-02-15 08:00:00+00:00,-0.00020457803,0.0,-0.0,-0.0
2026-02-15 09:00:00+00:00,-0.00020457803,0.0,-0.0,-0.0
2026-02-15 10:00:00+00:00,-0.00015143667,0.0,0.0,0.0
2026-02-15 11:00:00+00:00,-0.00015143667,0.0,-0.0,-0.0
2026-02-15 12:00:00+00:00,0.00063412316,0.0,-0.0,-0.0
2026-02-15 13:00:00+00:00,0.0001421861,0.0,-0.0,-0.0
2026-02-15 14:00:00+00:00,0.00058283604,0.0,0.0,0.0
2026-02-15 15:00:00+00:00,0.0006768088,0.0,-0.0,-0.0
2026-02-15 16:00:00+00:00,0.0006768088,0.0,0.0,0.0
2026-02-15 17:00:00+00:00,0.0006768088,0.0,-0.0,-0.0
2026-02-15 18:00:00+00:00,0.00024177508,0.0,-0.0,-0.0
2026-02-15 19:00:00+00:00,0.00010212725,0.0,-0.0,-0.0
2026-02-15 20:00:00+00:00,0.00024177508,0.0,0.0,0.0
2026-02-15 21:00:00+00:00,0.00011431395,0.0,0.0,0.0
2026-02-15 22:00:00+00:00,7.348234e-05,0.0,0.0,0.0
2026-02-15 23:00:00+00:00,7.348234e-05,0.0,-0.0,-0.0
2026-02-16 00:00:00+00:00,0.0010293067,0.0,0.0,0.0
2026-02-16 01:00:00+00:00,0.0010293067,0.0,-0.0,-0.0
2026-02-16 02:00:00+00:00,0.0010293067,0.0,-0.0,-0.0
2026-02-16 03:00:00+00:00,0.001156768,0.0,0.0,0.0
2026-02-16 04:00:00+00:00,0.0011165069,0.0,0.0,0.0
2026-02-16 05:00:00+00:00,0.0014757004,0.0,-0.0,-0.0
2026-02-16 06:00:00+00:00,0.0014757004,0.0,0.0,0.0
2026-02-16 07:00:00+00:00,0.0014354393,0.0,0.0,0.0
2026-02-16 08:00:00+00:00,0.0010875931,0.0,0.0,0.0
2026-02-16 09:00:00+00:00,0.0010875931,0.0,0.0,0.0
2026-02-16 10:00:00+00:00,0.0010875931,0.0,-0.0,-0.0
2026-02-16 11:00:00+00:00,0.0010875931,0.0,0.0,0.0
2026-02-16 12:00:00+00:00,0.0012275012,0.0,0.0,0.0
2026-02-16 13:00:00+00:00,0.0012105929,0.0,-0.0,-0.0
2026-02-16 14:00:00+00:00,0.0015123859,0.0,0.0,0.0
2026-02-16 15:00:00+00:00,0.0017732098,0.0,-0.0,-0.0
2026-02-16 16:00:00+00:00,0.00182145,0.0,0.0,0.0
2026-02-16 17:00:00+00:00,0.00182145,0.0,0.0,0.0
2026-02-16 18:00:00+00:00,0.0022726504,0.0,-0.0,-0.0
2026-02-16 19:00:00+00:00,0.0022726504,0.0,0.0,0.0
2026-02-16 20:00:00+00:00,0.0020424754,0.0,0.0,0.0
2026-02-16 21:00:00+00:00,0.0014133712,0.0,0.0,0.0
2026-02-16 22:00:00+00:00,0.0015624533,0.0,-0.0,-0.0
2026-02-16 23:00:00+00:00,0.0013725396,0.0,0.0,0.0
2026-02-17 00:00:00+00:00,0.00049629336,0.0,-0.0,-0.0
2026-02-17 01:00:00+00:00,0.0007559484,0.0,-0.0,-0.0
2026-02-17 02:00:00+00:00,0.00052155345,0.0,0.0,0.0
2026-02-17 03:00:00+00:00,0.0005618146,0.0,-0.0,-0.0
2026-02-17 04:00:00+00:00,0.0007114671,0.0,0.0,0.0
2026-02-17 05:00:00+00:00,0.00053655455,0.0,-0.0,-0.0
2026-02-17 06:00:00+00:00,0.0005618146,0.0,0.0,0.0
2026-02-17 07:00:00+00:00,0.00052155345,0.0,-0.0,-0.0
2026-02-17 08:00:00+00:00,0.00045045817,0.0,-0.0,-0.0
2026-02-17 09:00:00+00:00,0.00041019704,0.0,-0.0,-0.0
2026-02-17 10:00:00+00:00,0.0003919461,0.0,-0.0,-0.0
2026-02-17 11:00:00+00:00,0.0005035995,0.0,0.0,0.0
2026-02-17 12:00:00+00:00,0.00083009567,0.0,0.0,0.0
2026-02-17 13:00:00+00:00,0.0002651031,0.0,0.0,0.0
2026-02-17 14:00:00+00:00,0.0010773023,0.0,-0.0,-0.0
2026-02-17 15:00:00+00:00,0.001072116,0.0,0.0,0.0
2026-02-17 16:00:00+00:00,0.0004898398,0.0,0.0,0.0
2026-02-17 17:00:00+00:00,0.000530101,0.0,-0.0,-0.0
2026-02-17 18:00:00+00:00,0.00013212035,0.0,0.0,0.0
2026-02-17 19:00:00+00:00,0.00013212035,0.0,-0.0,-0.0
2026-02-17 20:00:00+00:00,0.0004898398,0.0,-0.0,-0.0
2026-02-17 21:00:00+00:00,0.0004898398,0.0,-0.0,-0.0
2026-02-17 22:00:00+00:00,0.00044900822,0.0,-0.0,-0.0
2026-02-17 23:00:00+00:00,0.00044900822,0.0,-0.0,-0.0
2026-02-18 00:00:00+00:00,0.0009413964,0.0,-0.0,-0.0
2026-02-18 01:00:00+00:00,0.0009413964,0.0,-0.0,-0.0
2026-02-18 02:00:00+00:00,0.00096665643,0.0,0.0,0.0
2026-02-18 03:00:00+00:00,0.00081393507,0.0,0.0,0.0
2026-02-18 04:00:00+00:00,0.00081393507,0.0,0.0,0.0
2026-02-18 05:00:00+00:00,0.0008391951,0.0,-0.0,-0.0
2026-02-18 06:00:00+00:00,0.00081393507,0.0,0.0,0.0
2026-02-18 07:00:00+00:00,0.00076565694,0.0,0.0,0.0
2026-02-18 08:00:00+00:00,0.00076565694,0.0,0.0,0.0
2026-02-18 09:00:00+00:00,0.00079091697,0.0,0.0,0.0
2026-02-18 10:00:00+00:00,0.00076565694,0.0,-0.0,-0.0
2026-02-18 11:00:00+00:00,0.00081393507,0.0,-0.0,-0.0
2026-02-18 12:00:00+00:00,0.0008541962,0.0,0.0,0.0
2026-02-18 13:00:00+00:00,0.0008541962,0.0,-0.0,-0.0
2026-02-18 14:00:00+00:00,0.00065596076,0.0,-0.0,-0.0
2026-02-18 15:00:00+00:00,0.0006967923,0.0,0.0,0.0
2026-02-18 16:00:00+00:00,0.001292175,0.0,-0.0,-0.0
2026-02-18 17:00:00+00:00,0.00065848103,0.0,0.0,0.0
2026-02-18 18:00:00+00:00,0.0012520115,0.0,-0.0,-0.0
2026-02-18 19:00:00+00:00,0.0011524463,0.0,-0.0,-0.0
2026-02-18 20:00:00+00:00,0.0011524463,0.0,0.0,0.0
2026-02-18 21:00:00+00:00,0.0011549334,0.0,0.0,0.0
2026-02-18 22:00:00+00:00,0.0007636869,0.0,0.0,0.0
2026-02-18 23:00:00+00:00,0.00084399106,0.0,0.0,0.0
2026-02-19 00:00:00+00:00,4.707498e-05,0.0,0.0,0.0
2026-02-19 01:00:00+00:00,-0.00014283882,0.0,0.0,0.0
2026-02-19 02:00:00+00:00,4.707498e-05,0.0,-0.0,-0.0
2026-02-19 03:00:00+00:00,4.707498e-05,0.0,0.0,0.0
2026-02-19 04:00:00+00:00,4.707498e-05,0.0,-0.0,-0.0
2026-02-19 05:00:00+00:00,4.707498e-05,0.0,0.0,0.0
2026-02-19 06:00:00+00:00,7.233502e-05,0.0,0.0,0.0
2026-02-19 07:00:00+00:00,7.233502e-05,0.0,0.0,0.0
2026-02-19 08:00:00+00:00,1.7899447e-05,0.0,-0.0,-0.0
2026-02-19 09:00:00+00:00,-7.267862e-05,0.0,-0.0,-0.0
2026-02-19 10:00:00+00:00,-0.00015987873,0.0,-0.0,-0.0
2026-02-19 11:00:00+00:00,-0.00014487763,0.0,-0.0,-0.0
2026-02-19 12:00:00+00:00,-0.00034070024,0.0,0.0,0.0
2026-02-19 13:00:00+00:00,-0.00015638297,0.0,-0.0,-0.0
2026-02-19 14:00:00+00:00,0.0004155153,0.0,0.0,0.0
2026-02-19 15:00:00+00:00,0.00054354715,0.0,-0.0,-0.0
2026-02-19 16:00:00+00:00,0.0008061582,0.0,0.0,0.0
2026-02-19 17:00:00+00:00,0.00039644752,0.0,0.0,0.0
2026-02-19 18:00:00+00:00,0.0005759833,0.0,0.0,0.0
2026-02-19 19:00:00+00:00,6.873167e-05,0.0,0.0,0.0
2026-02-19 20:00:00+00:00,6.873167e-05,0.0,0.0,0.0
2026-02-19 21:00:00+00:00,6.873167e-05,0.0,-0.0,-0.0
2026-02-19 22:00:00+00:00,2.7900089e-05,0.0,-0.0,-0.0
2026-02-19 23:00:00+00:00,5.316011e-05,0.0,0.0,0.0
2026-02-20 00:00:00+00:00,-6.443736e-05,0.0,0.0,0.0
2026-02-20 01:00:00+00:00,-6.443736e-05,0.0,0.0,0.0
2026-02-20 02:00:00+00:00,-6.443736e-05,0.0,-0.0,-0.0
2026-02-20 03:00:00+00:00,-6.443736e-05,0.0,0.0,0.0
2026-02-20 04:00:00+00:00,-6.443736e-05,0.0,-0.0,-0.0
2026-02-20 05:00:00+00:00,-0.0003017802,0.0,0.0,0.0
2026-02-20 06:00:00+00:00,-0.0003017802,0.0,0.0,0.0
2026-02-20 07:00:00+00:00,-0.0003017802,0.0,-0.0,-0.0
2026-02-20 08:00:00+00:00,-0.0003017802,0.0,0.0,0.0
2026-02-20 09:00:00+00:00,0.00047027133,0.0,0.0,0.0
2026-02-20 10:00:00+00:00,-0.00030910393,0.0,-0.0,-0.0
2026-02-20 11:00:00+00:00,-4.0449086e-05,0.0,-0.0,-0.0
2026-02-20 12:00:00+00:00,-0.00018027551,0.0,0.0,0.0
2026-02-20 13:00:00+00:00,0.00046680242,0.0,-0.0,-0.0
2026-02-20 14:00:00+00:00,0.00036723717,0.0,0.0,0.0
2026-02-20 15:00:00+00:00,0.0004080688,0.0,0.0,0.0
2026-02-20 16:00:00+00:00,0.00032955725,0.0,0.0,0.0
2026-02-20 17:00:00+00:00,0.00030429717,0.0,-0.0,-0.0
2026-02-20 18:00:00+00:00,0.00030429717,0.0,0.0,0.0
2026-02-20 19:00:00+00:00,-0.00020295434,0.0,-0.0,-0.0
2026-02-20 20:00:00+00:00,-0.00020295434,0.0,0.0,0.0
2026-02-20 21:00:00+00:00,-0.00020295434,0.0,0.0,0.0
2026-02-20 22:00:00+00:00,-0.00029159835,0.0,0.0,0.0
2026-02-20 23:00:00+00:00,-0.00026633832,0.0,-0.0,-0.0
2026-02-21 00:00:00+00:00,-1.1125587e-05,0.0,-0.0,-0.0
2026-02-21 01:00:00+00:00,-0.00011526194,0.0,0.0,0.0
2026-02-21 02:00:00+00:00,-0.00011526194,0.0,0.0,0.0
2026-02-21 03:00:00+00:00,-1.1125587e-05,0.0,-0.0,-0.0
2026-02-21 04:00:00+00:00,-1.1125587e-05,0.0,0.0,0.0
2026-02-21 05:00:00+00:00,-1.1125587e-05,0.0,0.0,0.0
2026-02-21 06:00:00+00:00,-1.1125587e-05,0.0,-0.0,-0.0
2026-02-21 07:00:00+00:00,-1.1125587e-05,0.0,0.0,0.0
2026-02-21 08:00:00+00:00,-5.8937992e-05,0.0,0.0,0.0
2026-02-21 09:00:00+00:00,-5.8937992e-05,0.0,0.0,0.0
2026-02-21 10:00:00+00:00,-5.8937992e-05,0.0,0.0,0.0
2026-02-21 11:00:00+00:00,-0.00014052197,0.0,-0.0,-0.0
2026-02-21 12:00:00+00:00,-0.00014052197,0.0,0.0,0.0
2026-02-21 13:00:00+00:00,-0.00010528646,0.0,0.0,0.0
2026-02-21 14:00:00+00:00,-8.002644e-05,0.0,0.0,0.0
2026-02-21 15:00:00+00:00,-0.00012244914,0.0,0.0,0.0
2026-02-21 16:00:00+00:00,4.0439318e-05,0.0,-0.0,-0.0
2026-02-21 17:00:00+00:00,4.0439318e-05,0.0,0.0,0.0
2026-02-21 18:00:00+00:00,4.0439318e-05,0.0,0.0,0.0
2026-02-21 19:00:00+00:00,4.0439318e-05,0.0,-0.0,-0.0
2026-02-21 20:00:00+00:00,1.517929e-05,0.0,-0.0,-0.0
2026-02-21 21:00:00+00:00,1.517929e-05,0.0,0.0,0.0
2026-02-21 22:00:00+00:00,-2.565229e-05,0.0,-0.0,-0.0
2026-02-21 23:00:00+00:00,1.4608826e-05,0.0,-0.0,-0.0
2026-02-22 00:00:00+00:00,-6.502534e-05,0.0,-0.0,-0.0
2026-02-22 01:00:00+00:00,-6.502534e-05,0.0,0.0,0.0
2026-02-22 02:00:00+00:00,-0.00010528646,0.0,-0.0,-0.0
2026-02-22 03:00:00+00:00,-0.00010528646,0.0,0.0,0.0
2026-02-22 04:00:00+00:00,-0.00010528646,0.0,-0.0,-0.0
2026-02-22 05:00:00+00:00,-0.00010528646,0.0,-0.0,-0.0
2026-02-22 06:00:00+00:00,-0.00010528646,0.0,0.0,0.0
2026-02-22 07:00:00+00:00,-0.00010528646,0.0,-0.0,-0.0
2026-02-22 08:00:00+00:00,-0.00010528646,0.0,-0.0,-0.0
2026-02-22 09:00:00+00:00,-0.00010528646,0.0,0.0,0.0
2026-02-22 10:00:00+00:00,-0.00010528646,0.0,0.0,0.0
2026-02-22 11:00:00+00:00,-0.00010528646,0.0,0.0,0.0
2026-02-22 12:00:00+00:00,-0.00010528646,0.0,-0.0,-0.0
2026-02-22 13:00:00+00:00,-9.195941e-06,0.0,-0.0,-0.0
2026-02-22 14:00:00+00:00,3.1065214e-05,0.0,-0.0,-0.0
2026-02-22 15:00:00+00:00,-1.6176735e-05,0.0,0.0,0.0
2026-02-22 16:00:00+00:00,7.189681e-05,0.0,-0.0,-0.0
2026-02-22 17:00:00+00:00,7.189681e-05,0.0,-0.0,-0.0
2026-02-22 18:00:00+00:00,0.00020136715,0.0,0.0,0.0
2026-02-22 19:00:00+00:00,7.390588e-05,0.0,0.0,0.0
2026-02-22 20:00:00+00:00,7.390588e-05,0.0,-0.0,-0.0
2026-02-22 21:00:00+00:00,-5.5490502e-05,0.0,0.0,0.0
2026-02-22 22:00:00+00:00,-9.4604715e-05,0.0,0.0,0.0
2026-02-22 23:00:00+00:00,-9.4604715e-05,0.0,-0.0,-0.0
2026-02-23 00:00:00+00:00,0.0015151153,0.0,-0.0,-0.0
2026-02-23 01:00:00+00:00,0.0011288333,0.0,-0.0,-0.0
2026-02-23 02:00:00+00:00,-0.0013099611,0.0,0.0,0.0
2026-02-23 03:00:00+00:00,-0.00097334816,0.0,0.0,0.0
2026-02-23 04:00:00+00:00,-0.00060982996,0.0,-0.0,-0.0
2026-02-23 05:00:00+00:00,-0.0014451529,0.0,0.0,0.0
2026-02-23 06:00:00+00:00,-0.001036086,0.0,0.0,0.0
2026-02-23 07:00:00+00:00,0.00071292225,0.0,0.0,0.0
2026-02-23 08:00:00+00:00,0.0006632705,0.0,0.0,0.0
2026-02-23 09:00:00+00:00,0.00090319104,0.0,0.0,0.0
2026-02-23 10:00:00+00:00,0.0010719066,0.0,-0.0,-0.0
2026-02-23 11:00:00+00:00,0.0013151696,0.0,-0.0,-0.0
2026-02-23 12:00:00+00:00,0.00062678807,0.0,0.0,0.0
2026-02-23 13:00:00+00:00,0.0006520481,0.0,-0.0,-0.0
2026-02-23 14:00:00+00:00,0.0006520481,0.0,-0.0,-0.0
2026-02-23 15:00:00+00:00,0.00091427105,0.0,-0.0,-0.0
2026-02-23 16:00:00+00:00,0.0010968312,0.0,-0.0,-0.0
2026-02-23 17:00:00+00:00,0.0008903393,0.0,-0.0,-0.0
2026-02-23 18:00:00+00:00,0.0011946606,0.0,-0.0,-0.0
2026-02-23 19:00:00+00:00,0.0017323828,0.0,-0.0,-0.0
2026-02-23 20:00:00+00:00,0.0010527592,0.0,0.0,0.0
2026-02-23 21:00:00+00:00,0.0012634385,0.0,0.0,0.0
2026-02-23 22:00:00+00:00,0.0012455863,0.0,0.0,0.0
2026-02-23 23:00:00+00:00,0.0012455863,0.0,-0.0,-0.0
2026-02-24 00:00:00+00:00,0.0003617453,0.0,0.0,0.0
2026-02-24 01:00:00+00:00,0.0008304485,0.0,-0.0,-0.0
2026-02-24 02:00:00+00:00,0.00092079706,0.0,-0.0,-0.0
2026-02-24 03:00:00+00:00,0.001846656,0.0,-0.0,-0.0
2026-02-24 04:00:00+00:00,0.001846656,0.0,-0.0,-0.0
2026-02-24 05:00:00+00:00,0.001591129,0.0,-0.0,-0.0
2026-02-24 06:00:00+00:00,0.0009282537,0.0,-0.0,-0.0
2026-02-24 07:00:00+00:00,0.0010601309,0.0,0.0,0.0
2026-02-24 08:00:00+00:00,-0.00047185973,0.0,0.0,0.0
2026-02-24 09:00:00+00:00,-0.00064266665,0.0,-0.0,-0.0
2026-02-24 10:00:00+00:00,-0.0010061841,0.0,0.0,0.0
2026-02-24 11:00:00+00:00,-0.0010061841,0.0,-0.0,-0.0
2026-02-24 12:00:00+00:00,-0.00064266665,0.0,-0.0,-0.0
2026-02-24 13:00:00+00:00,-0.00064266665,0.0,-0.0,-0.0
2026-02-24 14:00:00+00:00,-0.0012174945,0.0,0.0,0.0
2026-02-24 15:00:00+00:00,-0.00045944503,0.0,0.0,0.0
2026-02-24 16:00:00+00:00,0.00033005548,0.0,0.0,0.0
2026-02-24 17:00:00+00:00,0.00019797655,0.0,-0.0,-0.0
2026-02-24 18:00:00+00:00,5.6652163e-05,0.0,0.0,0.0
2026-02-24 19:00:00+00:00,5.6652163e-05,0.0,0.0,0.0
2026-02-24 20:00:00+00:00,0.00014969848,0.0,0.0,0.0
2026-02-24 21:00:00+00:00,0.0011825274,0.0,-0.0,-0.0
2026-02-24 22:00:00+00:00,0.00015714497,0.0,0.0,0.0
2026-02-24 23:00:00+00:00,0.00015714497,0.0,-0.0,-0.0
2026-02-25 00:00:00+00:00,0.0003814247,0.0,0.0,0.0
2026-02-25 01:00:00+00:00,0.00056600914,0.0,0.0,0.0
2026-02-25 02:00:00+00:00,0.00013602966,0.0,-0.0,-0.0
2026-02-25 03:00:00+00:00,0.0015793106,0.0,-0.0,-0.0
2026-02-25 04:00:00+00:00,0.0015793106,0.0,0.0,0.0
2026-02-25 05:00:00+00:00,0.0021255545,0.0,-0.0,-0.0
2026-02-25 06:00:00+00:00,0.0018610735,0.0,0.0,0.0
2026-02-25 07:00:00+00:00,0.0014678204,0.0,0.0,0.0
2026-02-25 08:00:00+00:00,0.0019152767,0.0,0.0,0.0
2026-02-25 09:00:00+00:00,0.0012741027,0.0,0.0,0.0
2026-02-25 10:00:00+00:00,0.0015055661,0.0,-0.0,-0.0
2026-02-25 11:00:00+00:00,0.0013925062,0.0,0.0,0.0
2026-02-25 12:00:00+00:00,-0.0003976786,0.0,0.0,0.0
2026-02-25 13:00:00+00:00,-0.0005538469,0.0,0.0,0.0
2026-02-25 14:00:00+00:00,0.0013271115,0.0,0.0,0.0
2026-02-25 15:00:00+00:00,0.001451773,0.0,0.0,0.0
2026-02-25 16:00:00+00:00,0.0009117697,0.0,0.0,0.0
2026-02-25 17:00:00+00:00,0.0009117697,0.0,0.0,0.0
2026-02-25 18:00:00+00:00,0.0009943711,0.0,0.0,0.0
2026-02-25 19:00:00+00:00,0.0021354526,0.0,-0.0,-0.0
2026-02-25 20:00:00+00:00,0.0021354526,0.0,0.0,0.0
2026-02-25 21:00:00+00:00,0.00199381,0.0,-0.0,-0.0
2026-02-25 22:00:00+00:00,0.00015362135,0.0,-0.0,-0.0
2026-02-25 23:00:00+00:00,0.0001994554,0.0,-0.0,-0.0
2026-02-26 00:00:00+00:00,-0.0013917382,0.0,0.0,0.0
2026-02-26 01:00:00+00:00,0.00015240246,0.0,-0.0,-0.0
2026-02-26 02:00:00+00:00,8.2544764e-05,0.0,0.0,0.0
2026-02-26 03:00:00+00:00,-0.0005378303,0.0,-0.0,-0.0
2026-02-26 04:00:00+00:00,-0.0009377101,0.0,0.0,0.0
2026-02-26 05:00:00+00:00,-0.0012633528,0.0,-0.0,-0.0
2026-02-26 06:00:00+00:00,-0.0019998446,0.0,-0.0,-0.0
2026-02-26 07:00:00+00:00,-0.0013287307,0.0,-0.0,-0.0
2026-02-26 08:00:00+00:00,-0.0006216953,0.0,0.0,0.0
2026-02-26 09:00:00+00:00,-0.0013915624,0.0,0.0,0.0
2026-02-26 10:00:00+00:00,-0.0014102707,0.0,-0.0,-0.0
2026-02-26 11:00:00+00:00,-0.00086205214,0.0,-0.0,-0.0
2026-02-26 12:00:00+00:00,-0.00045899485,0.0,0.0,0.0
2026-02-26 13:00:00+00:00,-0.00022640677,0.0,-0.0,-0.0
2026-02-26 14:00:00+00:00,-0.00012873925,0.0,-0.0,-0.0
2026-02-26 15:00:00+00:00,-0.0005612946,0.0,-0.0,-0.0
2026-02-26 16:00:00+00:00,0.00018624347,0.0,-0.0,-0.0
2026-02-26 17:00:00+00:00,0.00028749873,0.0,0.0,0.0
2026-02-26 18:00:00+00:00,0.0013095087,0.0,0.0,0.0
2026-02-26 19:00:00+00:00,0.0010527562,0.0,0.0,0.0
2026-02-26 20:00:00+00:00,0.0009503149,0.0,-0.0,-0.0
2026-02-26 21:00:00+00:00,0.0009503149,0.0,0.0,0.0
2026-02-26 22:00:00+00:00,0.0003997929,0.0,0.0,0.0
2026-02-26 23:00:00+00:00,0.00044605744,0.0,-0.0,-0.0
2026-02-27 00:00:00+00:00,0.0005291532,0.0,0.0,0.0
2026-02-27 01:00:00+00:00,-0.00037804552,0.0,0.0,0.0
2026-02-27 02:00:00+00:00,-0.00037804552,0.0,-0.0,-0.0
2026-02-27 03:00:00+00:00,-0.00027560434,0.0,0.0,0.0
2026-02-27 04:00:00+00:00,-6.006892e-05,0.0,0.0,0.0
2026-02-27 05:00:00+00:00,-6.006892e-05,0.0,-0.0,-0.0
2026-02-27 06:00:00+00:00,-8.5328946e-05,0.0,-0.0,-0.0
2026-02-27 07:00:00+00:00,-0.00013360706,0.0,0.0,0.0
2026-02-27 08:00:00+00:00,9.250438e-06,0.0,0.0,0.0
2026-02-27 09:00:00+00:00,-8.428702e-05,0.0,-0.0,-0.0
2026-02-27 10:00:00+00:00,0.0015539391,0.0,-0.0,-0.0
2026-02-27 11:00:00+00:00,0.002143377,0.0,-0.0,-0.0
2026-02-27 12:00:00+00:00,0.002468465,0.0,-0.0,-0.0
2026-02-27 13:00:00+00:00,0.0014708736,0.0,0.0,0.0
2026-02-27 14:00:00+00:00,0.0020481367,0.0,-0.0,-0.0
2026-02-27 15:00:00+00:00,0.001478854,0.0,0.0,0.0
2026-02-27 16:00:00+00:00,0.004466287,0.0,0.0,0.0
2026-02-27 17:00:00+00:00,0.0031991533,0.0,0.0,0.0
2026-02-27 18:00:00+00:00,0.005525939,0.0,-0.0,-0.0
2026-02-27 19:00:00+00:00,0.0038929787,1.0,0.0004345905938289103,3.459059382891023e-05
2026-02-27 20:00:00+00:00,0.003852717,0.0,-0.0008,-0.0012000000000000001
2026-02-27 21:00:00+00:00,0.0036333236,0.0,-0.0,-0.0
2026-02-27 22:00:00+00:00,0.003593062,0.0,0.0,0.0
2026-02-27 23:00:00+00:00,0.0029578335,0.0,0.0,0.0
2026-02-28 00:00:00+00:00,0.0012259174,0.0,0.0,0.0
2026-02-28 01:00:00+00:00,0.0003304445,0.0,-0.0,-0.0
2026-02-28 02:00:00+00:00,0.0003304445,0.0,0.0,0.0
2026-02-28 03:00:00+00:00,0.0008997283,0.0,-0.0,-0.0
2026-02-28 04:00:00+00:00,0.0010499455,0.0,-0.0,-0.0
2026-02-28 05:00:00+00:00,0.0011755913,0.0,-0.0,-0.0
2026-02-28 06:00:00+00:00,0.0047351713,0.0,-0.0,-0.0
2026-02-28 07:00:00+00:00,0.0037088834,0.0,0.0,0.0
2026-02-28 08:00:00+00:00,0.0031907184,0.0,0.0,0.0
2026-02-28 09:00:00+00:00,0.0031907184,0.0,0.0,0.0
2026-02-28 10:00:00+00:00,0.0005027591,0.0,0.0,0.0
2026-02-28 11:00:00+00:00,0.00023943924,0.0,-0.0,-0.0
2026-02-28 12:00:00+00:00,0.0018993426,0.0,0.0,0.0
2026-02-28 13:00:00+00:00,0.0020800605,0.0,0.0,0.0
2026-02-28 14:00:00+00:00,0.002186322,0.0,-0.0,-0.0
2026-02-28 15:00:00+00:00,0.0019239082,0.0,0.0,0.0
2026-02-28 16:00:00+00:00,0.0017030563,0.0,0.0,0.0
2026-02-28 17:00:00+00:00,0.0012719508,0.0,0.0,0.0
2026-02-28 18:00:00+00:00,0.0007063339,0.0,0.0,0.0
2026-02-28 19:00:00+00:00,0.00046983757,0.0,0.0,0.0
2026-02-28 20:00:00+00:00,-0.00030311296,0.0,0.0,0.0
2026-02-28 21:00:00+00:00,-0.00030311296,0.0,-0.0,-0.0
2026-02-28 22:00:00+00:00,-0.00020067167,0.0,0.0,0.0
2026-02-28 23:00:00+00:00,-1.6227182e-06,0.0,-0.0,-0.0
2026-03-01 00:00:00+00:00,0.000507265,0.0,0.0,0.0
2026-03-01 01:00:00+00:00,0.00075222645,0.0,0.0,0.0
2026-03-01 02:00:00+00:00,-8.832086e-05,0.0,0.0,0.0
2026-03-01 03:00:00+00:00,-0.00020186759,0.0,-0.0,-0.0
2026-03-01 04:00:00+00:00,0.0006464463,0.0,-0.0,-0.0
2026-03-01 05:00:00+00:00,0.00042863702,0.0,-0.0,-0.0
2026-03-01 06:00:00+00:00,-0.0018225389,0.0,-0.0,-0.0
2026-03-01 07:00:00+00:00,-0.0016514407,0.0,0.0,0.0
2026-03-01 08:00:00+00:00,-0.001158905,0.0,-0.0,-0.0
2026-03-01 09:00:00+00:00,-0.0005228796,0.0,-0.0,-0.0
2026-03-01 10:00:00+00:00,-0.0003690582,0.0,0.0,0.0
2026-03-01 11:00:00+00:00,-0.0006225455,0.0,0.0,0.0
2026-03-01 12:00:00+00:00,-0.0003498301,0.0,-0.0,-0.0
2026-03-01 13:00:00+00:00,0.00069734623,0.0,0.0,0.0
2026-03-01 14:00:00+00:00,-0.0003498301,0.0,-0.0,-0.0
2026-03-01 15:00:00+00:00,7.850701e-05,0.0,-0.0,-0.0
2026-03-01 16:00:00+00:00,0.001208106,0.0,-0.0,-0.0
2026-03-01 17:00:00+00:00,0.0010323593,0.0,-0.0,-0.0
2026-03-01 18:00:00+00:00,0.00094070693,0.0,0.0,0.0
2026-03-01 19:00:00+00:00,0.00065152126,0.0,-0.0,-0.0
2026-03-01 20:00:00+00:00,0.0015630313,0.0,-0.0,-0.0
2026-03-01 21:00:00+00:00,0.0010665943,0.0,0.0,0.0
2026-03-01 22:00:00+00:00,0.001387285,0.0,-0.0,-0.0
2026-03-01 23:00:00+00:00,0.0010665943,0.0,0.0,0.0
2026-03-02 00:00:00+00:00,0.0018008284,0.0,0.0,0.0
2026-03-02 01:00:00+00:00,0.001812772,0.0,0.0,0.0
2026-03-02 02:00:00+00:00,0.0019085206,0.0,-0.0,-0.0
2026-03-02 03:00:00+00:00,0.001850195,0.0,0.0,0.0
2026-03-02 04:00:00+00:00,0.0020479064,0.0,0.0,0.0
2026-03-02 05:00:00+00:00,0.0020671345,0.0,-0.0,-0.0
2026-03-02 06:00:00+00:00,0.0017335773,0.0,-0.0,-0.0
2026-03-02 07:00:00+00:00,0.0018994273,0.0,-0.0,-0.0
2026-03-02 08:00:00+00:00,0.0011367823,0.0,0.0,0.0
2026-03-02 09:00:00+00:00,0.0006037989,0.0,-0.0,-0.0
2026-03-02 10:00:00+00:00,0.00050413294,0.0,0.0,0.0
2026-03-02 11:00:00+00:00,0.00050413294,0.0,0.0,0.0
2026-03-02 12:00:00+00:00,0.0005890012,0.0,-0.0,-0.0
2026-03-02 13:00:00+00:00,0.0007698119,0.0,-0.0,-0.0
2026-03-02 14:00:00+00:00,0.0003783008,0.0,0.0,0.0
2026-03-02 15:00:00+00:00,-0.0017534363,0.0,0.0,0.0
2026-03-02 16:00:00+00:00,-0.0011309234,0.0,0.0,0.0
2026-03-02 17:00:00+00:00,-0.002418715,0.0,-0.0,-0.0
2026-03-02 18:00:00+00:00,-0.0017722268,0.0,-0.0,-0.0
2026-03-02 19:00:00+00:00,-0.001192371,0.0,0.0,0.0
2026-03-02 20:00:00+00:00,-0.0010825433,0.0,0.0,0.0
2026-03-02 21:00:00+00:00,-0.0018092686,0.0,0.0,0.0
2026-03-02 22:00:00+00:00,-0.0014148504,0.0,0.0,0.0
2026-03-02 23:00:00+00:00,-0.00044626583,0.0,-0.0,-0.0
2026-03-03 00:00:00+00:00,-0.0007175988,0.0,0.0,0.0
2026-03-03 01:00:00+00:00,-0.00012535088,0.0,-0.0,-0.0
2026-03-03 02:00:00+00:00,0.00023947297,0.0,-0.0,-0.0
2026-03-03 03:00:00+00:00,0.0005142882,0.0,-0.0,-0.0
2026-03-03 04:00:00+00:00,0.00063812884,0.0,-0.0,-0.0
2026-03-03 05:00:00+00:00,0.00063812884,0.0,-0.0,-0.0
2026-03-03 06:00:00+00:00,0.00061992474,0.0,0.0,0.0
2026-03-03 07:00:00+00:00,0.00061992474,0.0,0.0,0.0
2026-03-03 08:00:00+00:00,0.0007965408,0.0,-0.0,-0.0
2026-03-03 09:00:00+00:00,0.00015596581,0.0,-0.0,-0.0
2026-03-03 10:00:00+00:00,0.0004336844,0.0,0.0,0.0
2026-03-03 11:00:00+00:00,0.00047090158,0.0,0.0,0.0
2026-03-03 12:00:00+00:00,0.0011613993,0.0,0.0,0.0
2026-03-03 13:00:00+00:00,0.0009845934,0.0,-0.0,-0.0
2026-03-03 14:00:00+00:00,0.0005002122,0.0,-0.0,-0.0
2026-03-03 15:00:00+00:00,0.0010173453,0.0,0.0,0.0
2026-03-03 16:00:00+00:00,0.00089930644,0.0,0.0,0.0
2026-03-03 17:00:00+00:00,-9.686861e-05,0.0,0.0,0.0
2026-03-03 18:00:00+00:00,0.00032669774,0.0,0.0,0.0
2026-03-03 19:00:00+00:00,0.00051389245,0.0,-0.0,-0.0
2026-03-03 20:00:00+00:00,0.0011683546,0.0,-0.0,-0.0
2026-03-03 21:00:00+00:00,0.00073359057,0.0,-0.0,-0.0
2026-03-03 22:00:00+00:00,0.0007143626,0.0,0.0,0.0
2026-03-03 23:00:00+00:00,0.0006378421,0.0,0.0,0.0
2026-03-04 00:00:00+00:00,0.0013633725,0.0,0.0,0.0
2026-03-04 01:00:00+00:00,0.0014773807,0.0,0.0,0.0
2026-03-04 02:00:00+00:00,0.0011935154,0.0,-0.0,-0.0
2026-03-04 03:00:00+00:00,0.0017280715,0.0,-0.0,-0.0
2026-03-04 04:00:00+00:00,0.0016899819,0.0,0.0,0.0
2026-03-04 05:00:00+00:00,0.0018386526,0.0,0.0,0.0
2026-03-04 06:00:00+00:00,0.0018386526,0.0,0.0,0.0
2026-03-04 07:00:00+00:00,0.0009009443,0.0,0.0,0.0
2026-03-04 08:00:00+00:00,0.0005909891,0.0,0.0,0.0
2026-03-04 09:00:00+00:00,0.0010455712,0.0,0.0,0.0
2026-03-04 10:00:00+00:00,0.0008297087,0.0,-0.0,-0.0
2026-03-04 11:00:00+00:00,0.00070624123,0.0,-0.0,-0.0
2026-03-04 12:00:00+00:00,0.0009957078,0.0,0.0,0.0
2026-03-04 13:00:00+00:00,0.0009969621,0.0,0.0,0.0
2026-03-04 14:00:00+00:00,0.000724998,0.0,0.0,0.0
2026-03-04 15:00:00+00:00,0.0020560492,0.0,0.0,0.0
2026-03-04 16:00:00+00:00,0.0023590184,0.0,-0.0,-0.0
2026-03-04 17:00:00+00:00,0.0021444932,0.0,-0.0,-0.0
2026-03-04 18:00:00+00:00,0.0019706122,0.0,0.0,0.0
2026-03-04 19:00:00+00:00,0.0020781083,0.0,-0.0,-0.0
2026-03-04 20:00:00+00:00,0.0020000765,0.0,-0.0,-0.0
2026-03-04 21:00:00+00:00,0.0013067905,0.0,0.0,0.0
2026-03-04 22:00:00+00:00,0.0013991062,0.0,-0.0,-0.0
2026-03-04 23:00:00+00:00,0.0014514368,0.0,-0.0,-0.0
2026-03-05 00:00:00+00:00,0.00048508344,0.0,0.0,0.0
2026-03-05 01:00:00+00:00,0.0002530775,0.0,-0.0,-0.0
2026-03-05 02:00:00+00:00,-0.00035665548,0.0,-0.0,-0.0
2026-03-05 03:00:00+00:00,-0.0011319746,0.0,0.0,0.0
2026-03-05 04:00:00+00:00,-4.9846258e-05,0.0,0.0,0.0
2026-03-05 05:00:00+00:00,-0.00085704925,0.0,-0.0,-0.0
2026-03-05 06:00:00+00:00,-0.0004915071,0.0,0.0,0.0
2026-03-05 07:00:00+00:00,0.00010110635,0.0,-0.0,-0.0
2026-03-05 08:00:00+00:00,0.0009331437,0.0,0.0,0.0
2026-03-05 09:00:00+00:00,0.0011596204,0.0,0.0,0.0
2026-03-05 10:00:00+00:00,0.0015668328,0.0,0.0,0.0
2026-03-05 11:00:00+00:00,0.0007685872,0.0,-0.0,-0.0
2026-03-05 12:00:00+00:00,0.0013969786,0.0,-0.0,-0.0
2026-03-05 13:00:00+00:00,0.0014148479,0.0,-0.0,-0.0
2026-03-05 14:00:00+00:00,0.0010083565,0.0,0.0,0.0
2026-03-05 15:00:00+00:00,0.0010631044,0.0,-0.0,-0.0
2026-03-05 16:00:00+00:00,0.0009467496,0.0,-0.0,-0.0
2026-03-05 17:00:00+00:00,0.0015494302,0.0,-0.0,-0.0
2026-03-05 18:00:00+00:00,0.0017205534,0.0,0.0,0.0
2026-03-05 19:00:00+00:00,0.0017397815,0.0,-0.0,-0.0
2026-03-05 20:00:00+00:00,0.0012695047,0.0,0.0,0.0
2026-03-05 21:00:00+00:00,0.0012603631,0.0,-0.0,-0.0
2026-03-05 22:00:00+00:00,0.00079008646,0.0,0.0,0.0
2026-03-05 23:00:00+00:00,0.00077744847,0.0,-0.0,-0.0
2026-03-06 00:00:00+00:00,0.00084982946,0.0,0.0,0.0
2026-03-06 01:00:00+00:00,0.00084982946,0.0,0.0,0.0
2026-03-06 02:00:00+00:00,0.00084982946,0.0,-0.0,-0.0
2026-03-06 03:00:00+00:00,0.0008690575,0.0,-0.0,-0.0
2026-03-06 04:00:00+00:00,0.0012280416,0.0,-0.0,-0.0
2026-03-06 05:00:00+00:00,0.0008144163,0.0,-0.0,-0.0
2026-03-06 06:00:00+00:00,0.0007577652,0.0,0.0,0.0
2026-03-06 07:00:00+00:00,0.00046145622,0.0,0.0,0.0
2026-03-06 08:00:00+00:00,0.00054995855,0.0,0.0,0.0
2026-03-06 09:00:00+00:00,0.0019823438,0.0,-0.0,-0.0
2026-03-06 10:00:00+00:00,0.0018020002,0.0,-0.0,-0.0
2026-03-06 11:00:00+00:00,0.0017828355,0.0,-0.0,-0.0
2026-03-06 12:00:00+00:00,0.0019717885,0.0,-0.0,-0.0
2026-03-06 13:00:00+00:00,0.0029105784,0.0,-0.0,-0.0
2026-03-06 14:00:00+00:00,0.0035634022,0.0,-0.0,-0.0
2026-03-06 15:00:00+00:00,0.0034707785,0.0,0.0,0.0
2026-03-06 16:00:00+00:00,0.002672725,0.0,0.0,0.0
2026-03-06 17:00:00+00:00,0.0026227536,0.0,-0.0,-0.0
2026-03-06 18:00:00+00:00,0.0029408515,0.0,0.0,0.0
2026-03-06 19:00:00+00:00,0.0029408515,0.0,-0.0,-0.0
2026-03-06 20:00:00+00:00,0.00311226,0.0,-0.0,-0.0
2026-03-06 21:00:00+00:00,0.0024104665,0.0,0.0,0.0
2026-03-06 22:00:00+00:00,0.0024886024,0.0,0.0,0.0
2026-03-06 23:00:00+00:00,0.0023111282,0.0,-0.0,-0.0
2026-03-07 00:00:00+00:00,0.0020619007,0.0,0.0,0.0
2026-03-07 01:00:00+00:00,0.0020246743,0.0,-0.0,-0.0
2026-03-07 02:00:00+00:00,0.002054608,0.0,0.0,0.0
2026-03-07 03:00:00+00:00,0.0025389674,0.0,-0.0,-0.0
2026-03-07 04:00:00+00:00,0.0022260048,0.0,-0.0,-0.0
2026-03-07 05:00:00+00:00,0.0021481204,0.0,-0.0,-0.0
2026-03-07 06:00:00+00:00,0.0028382565,0.0,-0.0,-0.0
2026-03-07 07:00:00+00:00,0.0036946812,0.0,0.0,0.0
2026-03-07 08:00:00+00:00,0.00015361811,0.0,-0.0,-0.0
2026-03-07 09:00:00+00:00,2.3129425e-05,0.0,0.0,0.0
2026-03-07 10:00:00+00:00,7.644349e-05,0.0,-0.0,-0.0
2026-03-07 11:00:00+00:00,9.943507e-05,0.0,0.0,0.0
2026-03-07 12:00:00+00:00,1.4701742e-05,0.0,-0.0,-0.0
2026-03-07 13:00:00+00:00,-0.00048690784,0.0,-0.0,-0.0
2026-03-07 14:00:00+00:00,-0.00058265636,0.0,0.0,0.0
2026-03-07 15:00:00+00:00,-0.0013143129,0.0,-0.0,-0.0
2026-03-07 16:00:00+00:00,-0.0009713872,0.0,0.0,0.0
2026-03-07 17:00:00+00:00,-0.0011737611,0.0,-0.0,-0.0
2026-03-07 18:00:00+00:00,-0.0003870028,0.0,-0.0,-0.0
2026-03-07 19:00:00+00:00,0.00012815972,0.0,-0.0,-0.0
2026-03-07 20:00:00+00:00,-0.0005973749,0.0,0.0,0.0
2026-03-07 21:00:00+00:00,-0.0005973749,0.0,0.0,0.0
2026-03-07 22:00:00+00:00,-0.00059389154,0.0,-0.0,-0.0
2026-03-07 23:00:00+00:00,-0.0008250443,0.0,0.0,0.0
2026-03-08 00:00:00+00:00,-0.00035572614,0.0,0.0,0.0
2026-03-08 01:00:00+00:00,-0.0006791441,0.0,0.0,0.0
2026-03-08 02:00:00+00:00,9.7794895e-05,0.0,-0.0,-0.0
2026-03-08 03:00:00+00:00,-0.00023955025,0.0,0.0,0.0
2026-03-08 04:00:00+00:00,0.00027405977,0.0,-0.0,-0.0
2026-03-08 05:00:00+00:00,-0.0006472781,0.0,0.0,0.0
2026-03-08 06:00:00+00:00,-0.0006472781,0.0,0.0,0.0
2026-03-08 07:00:00+00:00,-0.0001988464,0.0,0.0,0.0
2026-03-08 08:00:00+00:00,-0.0004889284,0.0,0.0,0.0
2026-03-08 09:00:00+00:00,-0.00054840336,0.0,0.0,0.0
2026-03-08 10:00:00+00:00,-0.0009349284,0.0,0.0,0.0
2026-03-08 11:00:00+00:00,-0.0005329581,0.0,-0.0,-0.0
2026-03-08 12:00:00+00:00,-0.00030528885,0.0,-0.0,-0.0
2026-03-08 13:00:00+00:00,-0.0005329581,0.0,-0.0,-0.0
2026-03-08 14:00:00+00:00,-0.00077157246,0.0,0.0,0.0
2026-03-08 15:00:00+00:00,4.84947e-05,0.0,-0.0,-0.0
2026-03-08 16:00:00+00:00,0.000107969645,0.0,0.0,0.0
2026-03-08 17:00:00+00:00,0.00043516883,0.0,0.0,0.0
2026-03-08 18:00:00+00:00,0.00019339849,0.0,-0.0,-0.0
2026-03-08 19:00:00+00:00,0.0002838892,0.0,0.0,0.0
2026-03-08 20:00:00+00:00,-4.330999e-05,0.0,-0.0,-0.0
2026-03-08 21:00:00+00:00,0.00022526442,0.0,-0.0,-0.0
2026-03-08 22:00:00+00:00,0.00054119417,0.0,-0.0,-0.0
2026-03-08 23:00:00+00:00,0.0008490863,0.0,-0.0,-0.0
2026-03-09 00:00:00+00:00,0.0013876774,0.0,0.0,0.0
2026-03-09 01:00:00+00:00,0.0014489632,0.0,-0.0,-0.0
2026-03-09 02:00:00+00:00,0.0013876774,0.0,0.0,0.0
2026-03-09 03:00:00+00:00,0.0014144894,0.0,0.0,0.0
2026-03-09 04:00:00+00:00,0.0017325914,0.0,-0.0,-0.0
2026-03-09 05:00:00+00:00,0.0015512166,0.0,0.0,0.0
2026-03-09 06:00:00+00:00,0.0015951179,0.0,-0.0,-0.0
2026-03-09 07:00:00+00:00,0.0016884919,0.0,0.0,0.0
2026-03-09 08:00:00+00:00,0.0013963393,0.0,0.0,0.0
2026-03-09 09:00:00+00:00,0.0017259347,0.0,0.0,0.0
2026-03-09 10:00:00+00:00,0.0014669881,0.0,-0.0,-0.0
2026-03-09 11:00:00+00:00,0.0016160174,0.0,0.0,0.0
2026-03-09 12:00:00+00:00,0.001081465,0.0,0.0,0.0
2026-03-09 13:00:00+00:00,0.0015760033,0.0,0.0,0.0
2026-03-09 14:00:00+00:00,0.0019010474,0.0,0.0,0.0
2026-03-09 15:00:00+00:00,0.0016768501,0.0,-0.0,-0.0
2026-03-09 16:00:00+00:00,0.0013229785,0.0,0.0,0.0
2026-03-09 17:00:00+00:00,0.0012115508,0.0,-0.0,-0.0
2026-03-09 18:00:00+00:00,0.001576374,0.0,-0.0,-0.0
2026-03-09 19:00:00+00:00,0.0012849458,0.0,0.0,0.0
2026-03-09 20:00:00+00:00,0.0008345421,0.0,-0.0,-0.0
2026-03-09 21:00:00+00:00,0.0004950948,0.0,-0.0,-0.0
2026-03-09 22:00:00+00:00,0.0008568788,0.0,-0.0,-0.0
2026-03-09 23:00:00+00:00,0.0009515002,0.0,-0.0,-0.0
2026-03-10 00:00:00+00:00,0.00041566943,0.0,0.0,0.0
2026-03-10 01:00:00+00:00,-9.382631e-05,0.0,0.0,0.0
2026-03-10 02:00:00+00:00,-0.0011876874,0.0,0.0,0.0
2026-03-10 03:00:00+00:00,0.0009996495,0.0,-0.0,-0.0
2026-03-10 04:00:00+00:00,2.3700872e-05,0.0,0.0,0.0
2026-03-10 05:00:00+00:00,0.00080909586,0.0,-0.0,-0.0
2026-03-10 06:00:00+00:00,0.0003971083,0.0,-0.0,-0.0
2026-03-10 07:00:00+00:00,0.00023996053,0.0,0.0,0.0
2026-03-10 08:00:00+00:00,0.00034700157,0.0,0.0,0.0
2026-03-10 09:00:00+00:00,-0.0005401698,0.0,0.0,0.0
2026-03-10 10:00:00+00:00,-0.0008998641,0.0,-0.0,-0.0
2026-03-10 11:00:00+00:00,-0.0007742222,0.0,-0.0,-0.0
2026-03-10 12:00:00+00:00,-0.00026370827,0.0,-0.0,-0.0
2026-03-10 13:00:00+00:00,0.00024257202,0.0,-0.0,-0.0
2026-03-10 14:00:00+00:00,0.00047303157,0.0,0.0,0.0
2026-03-10 15:00:00+00:00,0.0004592725,0.0,-0.0,-0.0
2026-03-10 16:00:00+00:00,0.0007072661,0.0,-0.0,-0.0
2026-03-10 17:00:00+00:00,0.000732596,0.0,-0.0,-0.0
2026-03-10 18:00:00+00:00,0.001410726,0.0,-0.0,-0.0
2026-03-10 19:00:00+00:00,0.0012297442,0.0,0.0,0.0
2026-03-10 20:00:00+00:00,0.00083256967,0.0,0.0,0.0
2026-03-10 21:00:00+00:00,0.0012024561,0.0,-0.0,-0.0
2026-03-10 22:00:00+00:00,0.0012024561,0.0,-0.0,-0.0
2026-03-10 23:00:00+00:00,0.0012297442,0.0,0.0,0.0
2026-03-11 00:00:00+00:00,0.0016627109,0.0,0.0,0.0
2026-03-11 01:00:00+00:00,0.001577282,0.0,0.0,0.0
2026-03-11 02:00:00+00:00,0.0023969489,0.0,-0.0,-0.0
2026-03-11 03:00:00+00:00,0.00216628,0.0,-0.0,-0.0
2026-03-11 04:00:00+00:00,0.002147052,0.0,0.0,0.0
2026-03-11 05:00:00+00:00,0.003083981,0.0,-0.0,-0.0
2026-03-11 06:00:00+00:00,0.0025729085,0.0,0.0,0.0
2026-03-11 07:00:00+00:00,0.0029082343,0.0,-0.0,-0.0
2026-03-11 08:00:00+00:00,0.0023857327,0.0,0.0,0.0
2026-03-11 09:00:00+00:00,0.002308609,0.0,-0.0,-0.0
2026-03-11 10:00:00+00:00,0.0018511622,0.0,0.0,0.0
2026-03-11 11:00:00+00:00,0.0018023151,0.0,-0.0,-0.0
2026-03-11 12:00:00+00:00,0.0018555116,0.0,0.0,0.0
2026-03-11 13:00:00+00:00,0.0019741787,0.0,0.0,0.0
2026-03-11 14:00:00+00:00,0.001528952,0.0,0.0,0.0
2026-03-11 15:00:00+00:00,0.0021814366,0.0,-0.0,-0.0
2026-03-11 16:00:00+00:00,0.0016792719,0.0,0.0,0.0
2026-03-11 17:00:00+00:00,0.0013747982,0.0,0.0,0.0
2026-03-11 18:00:00+00:00,0.0016958964,0.0,-0.0,-0.0
2026-03-11 19:00:00+00:00,0.0012745099,0.0,0.0,0.0
2026-03-11 20:00:00+00:00,0.0012745099,0.0,-0.0,-0.0
2026-03-11 21:00:00+00:00,0.0010597088,0.0,0.0,0.0
2026-03-11 22:00:00+00:00,0.0012882713,0.0,-0.0,-0.0
2026-03-11 23:00:00+00:00,0.0012882713,0.0,-0.0,-0.0
2026-03-12 00:00:00+00:00,0.0005445895,0.0,0.0,0.0
2026-03-12 01:00:00+00:00,0.0009265492,0.0,-0.0,-0.0
2026-03-12 02:00:00+00:00,0.0017437546,0.0,-0.0,-0.0
2026-03-12 03:00:00+00:00,0.0009073211,0.0,0.0,0.0
2026-03-12 04:00:00+00:00,0.0010795118,0.0,-0.0,-0.0
2026-03-12 05:00:00+00:00,0.0014801099,0.0,0.0,0.0
2026-03-12 06:00:00+00:00,0.00096618314,0.0,0.0,0.0
2026-03-12 07:00:00+00:00,0.0007355143,0.0,0.0,0.0
2026-03-12 08:00:00+00:00,0.00069397007,0.0,0.0,0.0
2026-03-12 09:00:00+00:00,0.0007069196,0.0,0.0,0.0
2026-03-12 10:00:00+00:00,0.0003410422,0.0,0.0,0.0
2026-03-12 11:00:00+00:00,0.00041346668,0.0,0.0,0.0
2026-03-12 12:00:00+00:00,0.0003410422,0.0,-0.0,-0.0
2026-03-12 13:00:00+00:00,-9.687051e-05,0.0,-0.0,-0.0
2026-03-12 14:00:00+00:00,8.470957e-05,0.0,-0.0,-0.0
2026-03-12 15:00:00+00:00,0.0010666503,0.0,0.0,0.0
2026-03-12 16:00:00+00:00,0.0011261252,0.0,0.0,0.0
2026-03-12 17:00:00+00:00,0.0013035975,0.0,-0.0,-0.0
2026-03-12 18:00:00+00:00,0.001503194,0.0,-0.0,-0.0
2026-03-12 19:00:00+00:00,0.0010537005,0.0,0.0,0.0
2026-03-12 20:00:00+00:00,0.001503194,0.0,-0.0,-0.0
2026-03-12 21:00:00+00:00,0.0010045473,0.0,0.0,0.0
2026-03-12 22:00:00+00:00,0.0008421952,0.0,-0.0,-0.0
2026-03-12 23:00:00+00:00,0.0011148538,0.0,0.0,0.0
2026-03-13 00:00:00+00:00,0.00083988224,0.0,0.0,0.0
2026-03-13 01:00:00+00:00,0.00042980045,0.0,0.0,0.0
2026-03-13 02:00:00+00:00,-9.784906e-05,0.0,-0.0,-0.0
2026-03-13 03:00:00+00:00,-0.00011693989,0.0,0.0,0.0
2026-03-13 04:00:00+00:00,-2.5012758e-05,0.0,-0.0,-0.0
2026-03-13 05:00:00+00:00,-2.5012758e-05,0.0,0.0,0.0
2026-03-13 06:00:00+00:00,-0.00047398338,0.0,-0.0,-0.0
2026-03-13 07:00:00+00:00,-0.00038919513,0.0,0.0,0.0
2026-03-13 08:00:00+00:00,-0.0007505466,0.0,0.0,0.0
2026-03-13 09:00:00+00:00,-0.0011317821,0.0,0.0,0.0
2026-03-13 10:00:00+00:00,-0.0009399187,0.0,0.0,0.0
2026-03-13 11:00:00+00:00,-0.0012108721,0.0,-0.0,-0.0
2026-03-13 12:00:00+00:00,-0.00093677605,0.0,0.0,0.0
2026-03-13 13:00:00+00:00,-0.000496589,0.0,0.0,0.0
2026-03-13 14:00:00+00:00,-0.0008085939,0.0,-0.0,-0.0
2026-03-13 15:00:00+00:00,5.9680482e-05,0.0,-0.0,-0.0
2026-03-13 16:00:00+00:00,0.00012789595,0.0,0.0,0.0
2026-03-13 17:00:00+00:00,0.000114711045,0.0,-0.0,-0.0
2026-03-13 18:00:00+00:00,0.00010931789,0.0,0.0,0.0
2026-03-13 19:00:00+00:00,-5.2945234e-07,0.0,0.0,0.0
2026-03-13 20:00:00+00:00,-5.2945234e-07,0.0,0.0,0.0
2026-03-13 21:00:00+00:00,-0.00011714689,0.0,-0.0,-0.0
2026-03-13 22:00:00+00:00,0.00024745465,0.0,-0.0,-0.0
2026-03-13 23:00:00+00:00,7.4722346e-05,0.0,0.0,0.0
2026-03-14 00:00:00+00:00,0.0007793312,0.0,0.0,0.0
2026-03-14 01:00:00+00:00,0.00072150514,0.0,0.0,0.0
2026-03-14 02:00:00+00:00,0.0004227685,0.0,-0.0,-0.0
2026-03-14 03:00:00+00:00,-0.0003000518,0.0,0.0,0.0
2026-03-14 04:00:00+00:00,-0.00016376807,0.0,-0.0,-0.0
2026-03-14 05:00:00+00:00,-0.00012634504,0.0,-0.0,-0.0
2026-03-14 06:00:00+00:00,-7.211546e-05,0.0,-0.0,-0.0
2026-03-14 07:00:00+00:00,-0.00016376807,0.0,-0.0,-0.0
2026-03-14 08:00:00+00:00,0.0003152834,0.0,0.0,0.0
2026-03-14 09:00:00+00:00,0.00020552374,0.0,-0.0,-0.0
2026-03-14 10:00:00+00:00,0.000111061745,0.0,0.0,0.0
2026-03-14 11:00:00+00:00,0.000111061745,0.0,0.0,0.0
2026-03-14 12:00:00+00:00,2.4656787e-05,0.0,0.0,0.0
2026-03-14 13:00:00+00:00,0.0011912549,0.0,0.0,0.0
2026-03-14 14:00:00+00:00,8.827274e-05,0.0,-0.0,-0.0
2026-03-14 15:00:00+00:00,0.00020206597,0.0,-0.0,-0.0
2026-03-14 16:00:00+00:00,0.0005809947,0.0,0.0,0.0
2026-03-14 17:00:00+00:00,0.0005237023,0.0,-0.0,-0.0
2026-03-14 18:00:00+00:00,0.00041904536,0.0,0.0,0.0
2026-03-14 19:00:00+00:00,0.00041904536,0.0,0.0,0.0
2026-03-14 20:00:00+00:00,0.00041904536,0.0,0.0,0.0
2026-03-14 21:00:00+00:00,0.0001883766,0.0,0.0,0.0
2026-03-14 22:00:00+00:00,0.00020760462,0.0,-0.0,-0.0
2026-03-14 23:00:00+00:00,-2.8859366e-05,0.0,0.0,0.0
2026-03-15 00:00:00+00:00,0.00024914884,0.0,0.0,0.0
2026-03-15 01:00:00+00:00,0.00022992083,0.0,0.0,0.0
2026-03-15 02:00:00+00:00,-0.00010099674,0.0,0.0,0.0
2026-03-15 03:00:00+00:00,-8.1768674e-05,0.0,-0.0,-0.0
2026-03-15 04:00:00+00:00,-0.00021012315,0.0,0.0,0.0
2026-03-15 05:00:00+00:00,-8.1768674e-05,0.0,-0.0,-0.0
2026-03-15 06:00:00+00:00,-0.00010099674,0.0,-0.0,-0.0
2026-03-15 07:00:00+00:00,-9.069626e-06,0.0,0.0,0.0
2026-03-15 08:00:00+00:00,-5.7603524e-05,0.0,0.0,0.0
2026-03-15 09:00:00+00:00,-9.269217e-05,0.0,0.0,0.0
2026-03-15 10:00:00+00:00,6.076885e-05,0.0,-0.0,-0.0
2026-03-15 11:00:00+00:00,6.076885e-05,0.0,0.0,0.0
2026-03-15 12:00:00+00:00,5.5610573e-05,0.0,-0.0,-0.0
2026-03-15 13:00:00+00:00,0.00010880701,0.0,-0.0,-0.0
2026-03-15 14:00:00+00:00,0.00010250801,0.0,0.0,0.0
2026-03-15 15:00:00+00:00,0.0002612555,0.0,-0.0,-0.0
2026-03-15 16:00:00+00:00,-0.00017047125,0.0,-0.0,-0.0
2026-03-15 17:00:00+00:00,-0.00012892701,0.0,0.0,0.0
2026-03-15 18:00:00+00:00,-7.0305105e-05,0.0,-0.0,-0.0
2026-03-15 19:00:00+00:00,-0.00012892701,0.0,0.0,0.0
2026-03-15 20:00:00+00:00,-0.00012892701,0.0,0.0,0.0
2026-03-15 21:00:00+00:00,-0.0006106807,0.0,0.0,0.0
2026-03-15 22:00:00+00:00,-0.00022954527,0.0,0.0,0.0
2026-03-15 23:00:00+00:00,-0.00024090389,0.0,0.0,0.0
2026-03-16 00:00:00+00:00,-0.00033382096,0.0,-0.0,-0.0
2026-03-16 01:00:00+00:00,-0.00025299602,0.0,0.0,0.0
2026-03-16 02:00:00+00:00,-0.00018816191,0.0,-0.0,-0.0
2026-03-16 03:00:00+00:00,0.0017422921,0.0,0.0,0.0
2026-03-16 04:00:00+00:00,0.0017633727,0.0,0.0,0.0
2026-03-16 05:00:00+00:00,0.0015854042,0.0,0.0,0.0
2026-03-16 06:00:00+00:00,0.00033047292,0.0,-0.0,-0.0
2026-03-16 07:00:00+00:00,4.6637515e-06,0.0,-0.0,-0.0
2026-03-16 08:00:00+00:00,0.0010257066,0.0,-0.0,-0.0
2026-03-16 09:00:00+00:00,0.0001144607,0.0,0.0,0.0
2026-03-16 10:00:00+00:00,0.0007420977,0.0,0.0,0.0
2026-03-16 11:00:00+00:00,0.00017525369,0.0,-0.0,-0.0
2026-03-16 12:00:00+00:00,0.00037762735,0.0,0.0,0.0
2026-03-16 13:00:00+00:00,0.0005214948,0.0,0.0,0.0
2026-03-16 14:00:00+00:00,0.001027008,0.0,-0.0,-0.0
2026-03-16 15:00:00+00:00,0.0009635134,0.0,-0.0,-0.0
2026-03-16 16:00:00+00:00,0.00069824886,0.0,0.0,0.0
2026-03-16 17:00:00+00:00,0.0006816785,0.0,0.0,0.0
2026-03-16 18:00:00+00:00,0.0004065373,0.0,-0.0,-0.0
2026-03-16 19:00:00+00:00,0.00055911246,0.0,0.0,0.0
2026-03-16 20:00:00+00:00,0.00045432412,0.0,0.0,0.0
2026-03-16 21:00:00+00:00,0.000593464,0.0,0.0,0.0
2026-03-16 22:00:00+00:00,0.00069160195,0.0,0.0,0.0
2026-03-16 23:00:00+00:00,0.00055246294,0.0,0.0,0.0
2026-03-17 00:00:00+00:00,0.0013601023,0.0,0.0,0.0
2026-03-17 01:00:00+00:00,0.0013601023,0.0,0.0,0.0
2026-03-17 02:00:00+00:00,-0.00020430952,0.0,-0.0,-0.0
2026-03-17 03:00:00+00:00,0.001068738,0.0,-0.0,-0.0
2026-03-17 04:00:00+00:00,0.0008521211,0.0,-0.0,-0.0
2026-03-17 05:00:00+00:00,0.00040764085,0.0,-0.0,-0.0
2026-03-17 06:00:00+00:00,-0.0001242256,0.0,0.0,0.0
2026-03-17 07:00:00+00:00,3.0460318e-05,0.0,0.0,0.0
2026-03-17 08:00:00+00:00,-0.00017085849,0.0,0.0,0.0
2026-03-17 09:00:00+00:00,-0.0003706607,0.0,-0.0,-0.0
2026-03-17 10:00:00+00:00,-0.0003458285,0.0,-0.0,-0.0
2026-03-17 11:00:00+00:00,-0.00043748118,0.0,0.0,0.0
2026-03-17 12:00:00+00:00,0.00016828348,0.0,-0.0,-0.0
2026-03-17 13:00:00+00:00,0.00077011343,0.0,-0.0,-0.0
2026-03-17 14:00:00+00:00,0.00032546747,0.0,0.0,0.0
2026-03-17 15:00:00+00:00,0.00021304804,0.0,-0.0,-0.0
2026-03-17 16:00:00+00:00,0.00024134171,0.0,0.0,0.0
2026-03-17 17:00:00+00:00,0.00024771137,0.0,0.0,0.0
2026-03-17 18:00:00+00:00,0.00032938438,0.0,0.0,0.0
2026-03-17 19:00:00+00:00,0.00048632588,0.0,-0.0,-0.0
2026-03-17 20:00:00+00:00,-4.418663e-05,0.0,0.0,0.0
2026-03-17 21:00:00+00:00,-0.0002029811,0.0,0.0,0.0
2026-03-17 22:00:00+00:00,-0.00021964258,0.0,-0.0,-0.0
2026-03-17 23:00:00+00:00,-2.0045976e-05,0.0,-0.0,-0.0
2026-03-18 00:00:00+00:00,0.0008562558,0.0,0.0,0.0
2026-03-18 01:00:00+00:00,0.00061764143,0.0,0.0,0.0
2026-03-18 02:00:00+00:00,0.00076050713,0.0,0.0,0.0
2026-03-18 03:00:00+00:00,0.0003793304,0.0,0.0,0.0
2026-03-18 04:00:00+00:00,0.000598155,0.0,-0.0,-0.0
2026-03-18 05:00:00+00:00,0.00068358396,0.0,-0.0,-0.0
2026-03-18 06:00:00+00:00,0.0006643559,0.0,-0.0,-0.0
2026-03-18 07:00:00+00:00,0.00091425265,0.0,-0.0,-0.0
2026-03-18 08:00:00+00:00,0.0006643559,0.0,0.0,0.0
2026-03-18 09:00:00+00:00,0.000604881,0.0,0.0,0.0
2026-03-18 10:00:00+00:00,0.0005765166,0.0,-0.0,-0.0
2026-03-18 11:00:00+00:00,0.0014573208,0.0,-0.0,-0.0
2026-03-18 12:00:00+00:00,0.0024543009,0.0,-0.0,-0.0
2026-03-18 13:00:00+00:00,0.0027916357,0.0,-0.0,-0.0
2026-03-18 14:00:00+00:00,0.0051020575,0.0,-0.0,-0.0
2026-03-18 15:00:00+00:00,0.0041908445,1.0,0.003079972400341103,0.002679972400341103
2026-03-18 16:00:00+00:00,0.0042750943,0.0,-0.0008,-0.0012000000000000001
2026-03-18 17:00:00+00:00,0.0039232657,0.0,0.0,0.0
2026-03-18 18:00:00+00:00,0.0076795463,0.0,-0.0,-0.0
2026-03-18 19:00:00+00:00,0.0071938587,1.0,-0.001309382057650165,-0.0017093820576501652
2026-03-18 20:00:00+00:00,0.005041515,1.0,0.001999146842966981,0.001999146842966981
2026-03-18 21:00:00+00:00,0.0065471693,1.0,0.0006659894369016595,0.0006659894369016595
2026-03-18 22:00:00+00:00,0.004469951,1.0,-0.0014279756865024362,-0.0014279756865024362
2026-03-18 23:00:00+00:00,0.0029749821,0.0,-0.0008,-0.0012000000000000001
2026-03-19 00:00:00+00:00,0.0024419855,0.0,0.0,0.0
2026-03-19 01:00:00+00:00,0.0013826999,0.0,0.0,0.0
2026-03-19 02:00:00+00:00,0.0023173096,0.0,-0.0,-0.0
2026-03-19 03:00:00+00:00,0.001979964,0.0,0.0,0.0
2026-03-19 04:00:00+00:00,0.0026327544,0.0,-0.0,-0.0
2026-03-19 05:00:00+00:00,0.001628115,0.0,0.0,0.0
2026-03-19 06:00:00+00:00,0.002475589,0.0,-0.0,-0.0
2026-03-19 07:00:00+00:00,0.0030692252,0.0,-0.0,-0.0
2026-03-19 08:00:00+00:00,0.0036344498,0.0,0.0,0.0
2026-03-19 09:00:00+00:00,0.00314422,0.0,0.0,0.0
2026-03-19 10:00:00+00:00,0.003426596,0.0,-0.0,-0.0
2026-03-19 11:00:00+00:00,0.0019109804,0.0,-0.0,-0.0
2026-03-19 12:00:00+00:00,0.002265823,0.0,-0.0,-0.0
2026-03-19 13:00:00+00:00,0.0016600974,0.0,0.0,0.0
2026-03-19 14:00:00+00:00,0.00041820342,0.0,-0.0,-0.0
2026-03-19 15:00:00+00:00,0.0021847521,0.0,-0.0,-0.0
2026-03-19 16:00:00+00:00,0.0006355941,0.0,0.0,0.0
2026-03-19 17:00:00+00:00,0.0005498975,0.0,0.0,0.0
2026-03-19 18:00:00+00:00,0.00026350463,0.0,-0.0,-0.0
2026-03-19 19:00:00+00:00,0.00023149872,0.0,0.0,0.0
2026-03-19 20:00:00+00:00,-6.0312057e-05,0.0,0.0,0.0
2026-03-19 21:00:00+00:00,-0.00016812455,0.0,-0.0,-0.0
2026-03-19 22:00:00+00:00,-0.00016812455,0.0,-0.0,-0.0
2026-03-19 23:00:00+00:00,-9.16042e-05,0.0,-0.0,-0.0
2026-03-20 00:00:00+00:00,-0.00078147365,0.0,0.0,0.0
2026-03-20 01:00:00+00:00,-0.0008493816,0.0,0.0,0.0
2026-03-20 02:00:00+00:00,-0.00038694942,0.0,0.0,0.0
2026-03-20 03:00:00+00:00,0.000116642324,0.0,0.0,0.0
2026-03-20 04:00:00+00:00,8.9729496e-05,0.0,0.0,0.0
2026-03-20 05:00:00+00:00,-0.00023021344,0.0,-0.0,-0.0
2026-03-20 06:00:00+00:00,-0.00027340252,0.0,-0.0,-0.0
2026-03-20 07:00:00+00:00,0.00013291858,0.0,0.0,0.0
2026-03-20 08:00:00+00:00,0.00033197962,0.0,0.0,0.0
2026-03-20 09:00:00+00:00,-0.0001635673,0.0,-0.0,-0.0
2026-03-20 10:00:00+00:00,-0.0003268662,0.0,0.0,0.0
2026-03-20 11:00:00+00:00,-0.00033103753,0.0,-0.0,-0.0
2026-03-20 12:00:00+00:00,-0.0004855599,0.0,-0.0,-0.0
2026-03-20 13:00:00+00:00,-0.0005744565,0.0,-0.0,-0.0
2026-03-20 14:00:00+00:00,-0.0007149634,0.0,-0.0,-0.0
2026-03-20 15:00:00+00:00,-0.00043553466,0.0,0.0,0.0
2026-03-20 16:00:00+00:00,-0.00049129635,0.0,0.0,0.0
2026-03-20 17:00:00+00:00,-0.00049129635,0.0,0.0,0.0
2026-03-20 18:00:00+00:00,-0.00047206823,0.0,-0.0,-0.0
2026-03-20 19:00:00+00:00,-0.00049129635,0.0,0.0,0.0
2026-03-20 20:00:00+00:00,-0.0004639502,0.0,-0.0,-0.0
2026-03-20 21:00:00+00:00,-0.00045387328,0.0,0.0,0.0
2026-03-20 22:00:00+00:00,0.00023085125,0.0,0.0,0.0
2026-03-20 23:00:00+00:00,6.754566e-05,0.0,-0.0,-0.0
2026-03-21 00:00:00+00:00,0.000652134,0.0,0.0,0.0
2026-03-21 01:00:00+00:00,0.00018995024,0.0,-0.0,-0.0
2026-03-21 02:00:00+00:00,0.00042831103,0.0,0.0,0.0
2026-03-21 03:00:00+00:00,0.00049753924,0.0,-0.0,-0.0
2026-03-21 04:00:00+00:00,0.00028036386,0.0,-0.0,-0.0
2026-03-21 05:00:00+00:00,0.00047150007,0.0,0.0,0.0
2026-03-21 06:00:00+00:00,0.00047150007,0.0,0.0,0.0
2026-03-21 07:00:00+00:00,0.0004907281,0.0,-0.0,-0.0
2026-03-21 08:00:00+00:00,0.0005322012,0.0,0.0,0.0
2026-03-21 09:00:00+00:00,0.00059228216,0.0,0.0,0.0
2026-03-21 10:00:00+00:00,0.00047812247,0.0,-0.0,-0.0
2026-03-21 11:00:00+00:00,0.0005557643,0.0,0.0,0.0
2026-03-21 12:00:00+00:00,0.0007037114,0.0,0.0,0.0
2026-03-21 13:00:00+00:00,0.0007037114,0.0,0.0,0.0
2026-03-21 14:00:00+00:00,0.0005749924,0.0,-0.0,-0.0
2026-03-21 15:00:00+00:00,0.00060335675,0.0,0.0,0.0
2026-03-21 16:00:00+00:00,0.0006150348,0.0,-0.0,-0.0
2026-03-21 17:00:00+00:00,0.0005958068,0.0,0.0,0.0
2026-03-21 18:00:00+00:00,0.0005958068,0.0,0.0,0.0
2026-03-21 19:00:00+00:00,0.0005958068,0.0,0.0,0.0
2026-03-21 20:00:00+00:00,0.00051037775,0.0,0.0,0.0
2026-03-21 21:00:00+00:00,0.0005955364,0.0,-0.0,-0.0
2026-03-21 22:00:00+00:00,0.00082286244,0.0,-0.0,-0.0
2026-03-21 23:00:00+00:00,0.0017243616,0.0,-0.0,-0.0
2026-03-22 00:00:00+00:00,0.00023529082,0.0,0.0,0.0
2026-03-22 01:00:00+00:00,0.0003139857,0.0,0.0,0.0
2026-03-22 02:00:00+00:00,0.0004084249,0.0,0.0,0.0
2026-03-22 03:00:00+00:00,0.0004084249,0.0,0.0,0.0
2026-03-22 04:00:00+00:00,0.00042160423,0.0,0.0,0.0
2026-03-22 05:00:00+00:00,-2.1363263e-05,0.0,-0.0,-0.0
2026-03-22 06:00:00+00:00,-4.059129e-05,0.0,0.0,0.0
2026-03-22 07:00:00+00:00,-0.00012898215,0.0,-0.0,-0.0
2026-03-22 08:00:00+00:00,0.0006577407,0.0,0.0,0.0
2026-03-22 09:00:00+00:00,0.0005790378,0.0,0.0,0.0
2026-03-22 10:00:00+00:00,0.0019745736,0.0,-0.0,-0.0
2026-03-22 11:00:00+00:00,0.0021757751,0.0,-0.0,-0.0
2026-03-22 12:00:00+00:00,0.0012784746,0.0,0.0,0.0
2026-03-22 13:00:00+00:00,0.0012784746,0.0,0.0,0.0
2026-03-22 14:00:00+00:00,0.00024169295,0.0,0.0,0.0
2026-03-22 15:00:00+00:00,0.00028928535,0.0,0.0,0.0
2026-03-22 16:00:00+00:00,0.0010310472,0.0,0.0,0.0
2026-03-22 17:00:00+00:00,0.0010310472,0.0,-0.0,-0.0
2026-03-22 18:00:00+00:00,0.000989503,0.0,-0.0,-0.0
2026-03-22 19:00:00+00:00,0.0028104961,0.0,-0.0,-0.0
2026-03-22 20:00:00+00:00,0.002791268,0.0,-0.0,-0.0
2026-03-22 21:00:00+00:00,0.0030183243,0.0,-0.0,-0.0
2026-03-22 22:00:00+00:00,0.0027720383,0.0,0.0,0.0
2026-03-22 23:00:00+00:00,0.0014609187,0.0,-0.0,-0.0
2026-03-23 00:00:00+00:00,0.0024871698,0.0,0.0,0.0
2026-03-23 01:00:00+00:00,0.0019379007,0.0,0.0,0.0
2026-03-23 02:00:00+00:00,0.00236823,0.0,0.0,0.0
2026-03-23 03:00:00+00:00,0.0029717677,0.0,-0.0,-0.0
2026-03-23 04:00:00+00:00,0.002072286,0.0,0.0,0.0
2026-03-23 05:00:00+00:00,0.0015458858,0.0,0.0,0.0
2026-03-23 06:00:00+00:00,0.0029351122,0.0,-0.0,-0.0
2026-03-23 07:00:00+00:00,0.0025781877,0.0,0.0,0.0
2026-03-23 08:00:00+00:00,0.0013583278,0.0,0.0,0.0
2026-03-23 09:00:00+00:00,0.0013855953,0.0,-0.0,-0.0
2026-03-23 10:00:00+00:00,0.001007301,0.0,0.0,0.0
2026-03-23 11:00:00+00:00,4.6944417e-05,0.0,0.0,0.0
2026-03-23 12:00:00+00:00,0.00024898574,0.0,0.0,0.0
2026-03-23 13:00:00+00:00,0.00022162031,0.0,0.0,0.0
2026-03-23 14:00:00+00:00,-0.00024897952,0.0,-0.0,-0.0
2026-03-23 15:00:00+00:00,-0.0011389509,0.0,-0.0,-0.0
2026-03-23 16:00:00+00:00,-0.0014179895,0.0,0.0,0.0
2026-03-23 17:00:00+00:00,-0.0013600115,0.0,0.0,0.0
2026-03-23 18:00:00+00:00,-0.0017719992,0.0,-0.0,-0.0
2026-03-23 19:00:00+00:00,-0.0017527711,0.0,-0.0,-0.0
2026-03-23 20:00:00+00:00,-0.0017719992,0.0,0.0,0.0
2026-03-23 21:00:00+00:00,-0.0024014239,0.0,-0.0,-0.0
2026-03-23 22:00:00+00:00,-0.0023347645,0.0,-0.0,-0.0
2026-03-23 23:00:00+00:00,-0.002452518,0.0,0.0,0.0
2026-03-24 00:00:00+00:00,-0.0018178412,0.0,-0.0,-0.0
2026-03-24 01:00:00+00:00,-0.0014926505,0.0,-0.0,-0.0
2026-03-24 02:00:00+00:00,-0.0011222059,0.0,-0.0,-0.0
2026-03-24 03:00:00+00:00,-0.0013214034,0.0,0.0,0.0
2026-03-24 04:00:00+00:00,-0.00081670075,0.0,-0.0,-0.0
2026-03-24 05:00:00+00:00,-0.0007108301,0.0,-0.0,-0.0
2026-03-24 06:00:00+00:00,-0.0010275361,0.0,0.0,0.0
2026-03-24 07:00:00+00:00,-0.00093919423,0.0,0.0,0.0
2026-03-24 08:00:00+00:00,-0.0003067892,0.0,-0.0,-0.0
2026-03-24 09:00:00+00:00,-0.00037534765,0.0,0.0,0.0
2026-03-24 10:00:00+00:00,-0.00018307024,0.0,-0.0,-0.0
2026-03-24 11:00:00+00:00,0.0011397453,0.0,-0.0,-0.0
2026-03-24 12:00:00+00:00,0.0022934882,0.0,-0.0,-0.0
2026-03-24 13:00:00+00:00,0.0018559325,0.0,-0.0,-0.0
2026-03-24 14:00:00+00:00,0.0022164036,0.0,-0.0,-0.0
2026-03-24 15:00:00+00:00,0.0016583406,0.0,-0.0,-0.0
2026-03-24 16:00:00+00:00,0.0018629305,0.0,-0.0,-0.0
2026-03-24 17:00:00+00:00,0.0018629305,0.0,-0.0,-0.0
2026-03-24 18:00:00+00:00,0.0018755685,0.0,0.0,0.0
2026-03-24 19:00:00+00:00,0.0017905062,0.0,-0.0,-0.0
2026-03-24 20:00:00+00:00,0.0016466437,0.0,0.0,0.0
2026-03-24 21:00:00+00:00,0.0019258473,0.0,0.0,0.0
2026-03-24 22:00:00+00:00,0.0014464289,0.0,-0.0,-0.0
2026-03-24 23:00:00+00:00,0.0005042017,0.0,0.0,0.0
2026-03-25 00:00:00+00:00,0.0006308238,0.0,0.0,0.0
2026-03-25 01:00:00+00:00,0.00089685194,0.0,-0.0,-0.0
2026-03-25 02:00:00+00:00,0.00092482055,0.0,-0.0,-0.0
2026-03-25 03:00:00+00:00,0.00093843805,0.0,0.0,0.0
2026-03-25 04:00:00+00:00,0.00093843805,0.0,0.0,0.0
2026-03-25 05:00:00+00:00,0.00082826265,0.0,0.0,0.0
2026-03-25 06:00:00+00:00,0.00092482055,0.0,-0.0,-0.0
2026-03-25 07:00:00+00:00,0.0009937418,0.0,-0.0,-0.0
2026-03-25 08:00:00+00:00,0.0009981968,0.0,0.0,0.0
2026-03-25 09:00:00+00:00,0.00079958263,0.0,0.0,0.0
2026-03-25 10:00:00+00:00,0.0007519903,0.0,0.0,0.0
2026-03-25 11:00:00+00:00,0.0008911294,0.0,0.0,0.0
2026-03-25 12:00:00+00:00,0.00082521327,0.0,0.0,0.0
2026-03-25 13:00:00+00:00,0.0007712183,0.0,-0.0,-0.0
2026-03-25 14:00:00+00:00,0.00095381815,0.0,-0.0,-0.0
2026-03-25 15:00:00+00:00,0.000803699,0.0,-0.0,-0.0
2026-03-25 16:00:00+00:00,0.0007955616,0.0,0.0,0.0
2026-03-25 17:00:00+00:00,0.0020972139,0.0,-0.0,-0.0
2026-03-25 18:00:00+00:00,0.002115409,0.0,0.0,0.0
2026-03-25 19:00:00+00:00,0.0013194467,0.0,0.0,0.0
2026-03-25 20:00:00+00:00,0.0012301175,0.0,0.0,0.0
2026-03-25 21:00:00+00:00,0.0007117784,0.0,0.0,0.0
2026-03-25 22:00:00+00:00,0.0006799124,0.0,0.0,0.0
2026-03-25 23:00:00+00:00,0.0006009451,0.0,-0.0,-0.0
2026-03-26 00:00:00+00:00,-0.00013053807,0.0,-0.0,-0.0
2026-03-26 01:00:00+00:00,-0.000111310015,0.0,-0.0,-0.0
2026-03-26 02:00:00+00:00,-6.976581e-05,0.0,-0.0,-0.0
2026-03-26 03:00:00+00:00,-5.157083e-05,0.0,0.0,0.0
2026-03-26 04:00:00+00:00,-0.000111310015,0.0,-0.0,-0.0
2026-03-26 05:00:00+00:00,-2.9816434e-05,0.0,-0.0,-0.0
2026-03-26 06:00:00+00:00,-0.00029721585,0.0,0.0,0.0
2026-03-26 07:00:00+00:00,-0.00029721585,0.0,-0.0,-0.0
2026-03-26 08:00:00+00:00,-0.00020146726,0.0,-0.0,-0.0
2026-03-26 09:00:00+00:00,-0.00028295713,0.0,-0.0,-0.0
2026-03-26 10:00:00+00:00,-0.00015390072,0.0,-0.0,-0.0
2026-03-26 11:00:00+00:00,-3.7088314e-05,0.0,-0.0,-0.0
2026-03-26 12:00:00+00:00,-0.00012874084,0.0,0.0,0.0
2026-03-26 13:00:00+00:00,-0.00041292593,0.0,0.0,0.0
2026-03-26 14:00:00+00:00,-0.0003936979,0.0,-0.0,-0.0
2026-03-26 15:00:00+00:00,-0.00023856925,0.0,-0.0,-0.0
2026-03-26 16:00:00+00:00,7.091056e-05,0.0,0.0,0.0
2026-03-26 17:00:00+00:00,6.398282e-05,0.0,-0.0,-0.0
2026-03-26 18:00:00+00:00,0.00012410706,0.0,0.0,0.0
2026-03-26 19:00:00+00:00,5.16825e-05,0.0,0.0,0.0
2026-03-26 20:00:00+00:00,0.00025041253,0.0,0.0,0.0
2026-03-26 21:00:00+00:00,0.00016535004,0.0,-0.0,-0.0
2026-03-26 22:00:00+00:00,0.00014612201,0.0,-0.0,-0.0
2026-03-26 23:00:00+00:00,0.00016535004,0.0,-0.0,-0.0
2026-03-27 00:00:00+00:00,0.00014612201,0.0,-0.0,-0.0
2026-03-27 01:00:00+00:00,0.00014612201,0.0,0.0,0.0
2026-03-27 02:00:00+00:00,0.00016535004,0.0,-0.0,-0.0
2026-03-27 03:00:00+00:00,0.00016535004,0.0,-0.0,-0.0
2026-03-27 04:00:00+00:00,0.00016535004,0.0,-0.0,-0.0
2026-03-27 05:00:00+00:00,-0.000267504,0.0,0.0,0.0
2026-03-27 06:00:00+00:00,-0.000267504,0.0,0.0,0.0
2026-03-27 07:00:00+00:00,-0.00038668988,0.0,-0.0,-0.0
2026-03-27 08:00:00+00:00,0.0022313308,0.0,0.0,0.0
2026-03-27 09:00:00+00:00,0.00085132907,0.0,-0.0,-0.0
2026-03-27 10:00:00+00:00,0.002252541,0.0,-0.0,-0.0
2026-03-27 11:00:00+00:00,0.001883164,0.0,0.0,0.0
2026-03-27 12:00:00+00:00,0.0019464958,0.0,-0.0,-0.0
2026-03-27 13:00:00+00:00,0.003440169,0.0,-0.0,-0.0
2026-03-27 14:00:00+00:00,0.0037673677,0.0,0.0,0.0
2026-03-27 15:00:00+00:00,0.0023102905,0.0,-0.0,-0.0
2026-03-27 16:00:00+00:00,0.0032498655,0.0,0.0,0.0
2026-03-27 17:00:00+00:00,0.0032498655,0.0,-0.0,-0.0
2026-03-27 18:00:00+00:00,0.0024240348,0.0,0.0,0.0
2026-03-27 19:00:00+00:00,0.0023166793,0.0,0.0,0.0
2026-03-27 20:00:00+00:00,0.003374542,0.0,-0.0,-0.0
2026-03-27 21:00:00+00:00,0.0021557438,0.0,0.0,0.0
2026-03-27 22:00:00+00:00,0.0028801025,0.0,-0.0,-0.0
2026-03-27 23:00:00+00:00,0.0018607555,0.0,0.0,0.0
2026-03-28 00:00:00+00:00,0.0040408475,0.0,0.0,0.0
2026-03-28 01:00:00+00:00,0.0064007165,0.0,-0.0,-0.0
2026-03-28 02:00:00+00:00,0.0057446747,1.0,-0.002569052468281851,-0.002969052468281851
2026-03-28 03:00:00+00:00,0.0040408475,1.0,0.0026007231131124353,0.0026007231131124353
2026-03-28 04:00:00+00:00,0.0038645824,0.0,-0.0008,-0.0012000000000000001
2026-03-28 05:00:00+00:00,0.0023723454,0.0,0.0,0.0
2026-03-28 06:00:00+00:00,0.0021952698,0.0,0.0,0.0
2026-03-28 07:00:00+00:00,0.0020183215,0.0,0.0,0.0
2026-03-28 08:00:00+00:00,0.00050102605,0.0,0.0,0.0
2026-03-28 09:00:00+00:00,0.0007249131,0.0,-0.0,-0.0
2026-03-28 10:00:00+00:00,0.00041765443,0.0,-0.0,-0.0
2026-03-28 11:00:00+00:00,0.00044616812,0.0,0.0,0.0
2026-03-28 12:00:00+00:00,0.00026302246,0.0,0.0,0.0
2026-03-28 13:00:00+00:00,0.0006433472,0.0,0.0,0.0
2026-03-28 14:00:00+00:00,0.0005901509,0.0,-0.0,-0.0
2026-03-28 15:00:00+00:00,0.00069093966,0.0,0.0,0.0
2026-03-28 16:00:00+00:00,0.00056047447,0.0,0.0,0.0
2026-03-28 17:00:00+00:00,0.00056047447,0.0,-0.0,-0.0
2026-03-28 18:00:00+00:00,0.0005412465,0.0,0.0,0.0
2026-03-28 19:00:00+00:00,0.0005703722,0.0,0.0,0.0
2026-03-28 20:00:00+00:00,0.0004997022,0.0,0.0,0.0
2026-03-28 21:00:00+00:00,0.0004991405,0.0,-0.0,-0.0
2026-03-28 22:00:00+00:00,0.0004997022,0.0,0.0,0.0
2026-03-28 23:00:00+00:00,0.0002976387,0.0,-0.0,-0.0
2026-03-29 00:00:00+00:00,0.00019379842,0.0,0.0,0.0
2026-03-29 01:00:00+00:00,0.0005883231,0.0,0.0,0.0
2026-03-29 02:00:00+00:00,0.0005883231,0.0,0.0,0.0
2026-03-29 03:00:00+00:00,0.0005883231,0.0,0.0,0.0
2026-03-29 04:00:00+00:00,0.0006075512,0.0,-0.0,-0.0
2026-03-29 05:00:00+00:00,0.00086743245,0.0,0.0,0.0
2026-03-29 06:00:00+00:00,0.0008242434,0.0,-0.0,-0.0
2026-03-29 07:00:00+00:00,0.0008850157,0.0,-0.0,-0.0
2026-03-29 08:00:00+00:00,0.00050478906,0.0,0.0,0.0
2026-03-29 09:00:00+00:00,0.00050773117,0.0,-0.0,-0.0
2026-03-29 10:00:00+00:00,0.00046013895,0.0,-0.0,-0.0
2026-03-29 11:00:00+00:00,0.00035993842,0.0,0.0,0.0
2026-03-29 12:00:00+00:00,0.00035993842,0.0,0.0,0.0
2026-03-29 13:00:00+00:00,0.00050168316,0.0,-0.0,-0.0
2026-03-29 14:00:00+00:00,0.00048245507,0.0,0.0,0.0
2026-03-29 15:00:00+00:00,0.00091471995,0.0,-0.0,-0.0
2026-03-29 16:00:00+00:00,0.00086953805,0.0,-0.0,-0.0
2026-03-29 17:00:00+00:00,0.00093265064,0.0,-0.0,-0.0
2026-03-29 18:00:00+00:00,0.0009134227,0.0,0.0,0.0
2026-03-29 19:00:00+00:00,0.00093265064,0.0,-0.0,-0.0
2026-03-29 20:00:00+00:00,0.0006448481,0.0,0.0,0.0
2026-03-29 21:00:00+00:00,0.0006448481,0.0,0.0,0.0
2026-03-29 22:00:00+00:00,0.0012130269,0.0,-0.0,-0.0
2026-03-29 23:00:00+00:00,0.0013213295,0.0,0.0,0.0
2026-03-30 00:00:00+00:00,0.0014309523,0.0,0.0,0.0
2026-03-30 01:00:00+00:00,0.0013959513,0.0,0.0,0.0
2026-03-30 02:00:00+00:00,0.0013072866,0.0,0.0,0.0
2026-03-30 03:00:00+00:00,0.0012348623,0.0,0.0,0.0
2026-03-30 04:00:00+00:00,0.00065887364,0.0,0.0,0.0
2026-03-30 05:00:00+00:00,0.00067810173,0.0,-0.0,-0.0
2026-03-30 06:00:00+00:00,0.00089740375,0.0,-0.0,-0.0
2026-03-30 07:00:00+00:00,0.00065887364,0.0,0.0,0.0
2026-03-30 08:00:00+00:00,0.00045440873,0.0,0.0,0.0
2026-03-30 09:00:00+00:00,0.00038519796,0.0,-0.0,-0.0
2026-03-30 10:00:00+00:00,0.000138658,0.0,-0.0,-0.0
2026-03-30 11:00:00+00:00,0.00048669172,0.0,0.0,0.0
2026-03-30 12:00:00+00:00,0.00030047455,0.0,0.0,0.0
2026-03-30 13:00:00+00:00,0.00071413117,0.0,-0.0,-0.0
2026-03-30 14:00:00+00:00,0.00048669172,0.0,0.0,0.0
2026-03-30 15:00:00+00:00,0.0006392315,0.0,-0.0,-0.0
2026-03-30 16:00:00+00:00,0.0003564599,0.0,-0.0,-0.0
2026-03-30 17:00:00+00:00,0.00089296815,0.0,-0.0,-0.0
2026-03-30 18:00:00+00:00,0.0009448163,0.0,-0.0,-0.0
2026-03-30 19:00:00+00:00,0.0008311691,0.0,-0.0,-0.0
2026-03-30 20:00:00+00:00,0.0008531639,0.0,0.0,0.0
2026-03-30 21:00:00+00:00,0.00076944975,0.0,0.0,0.0
2026-03-30 22:00:00+00:00,0.00081853836,0.0,-0.0,-0.0
2026-03-30 23:00:00+00:00,0.00070489105,0.0,0.0,0.0
2026-03-31 00:00:00+00:00,0.00039947938,0.0,0.0,0.0
2026-03-31 01:00:00+00:00,0.00011890182,0.0,0.0,0.0
2026-03-31 02:00:00+00:00,5.32485e-05,0.0,0.0,0.0
2026-03-31 03:00:00+00:00,0.00048812135,0.0,-0.0,-0.0
2026-03-31 04:00:00+00:00,0.00076093874,0.0,-0.0,-0.0
2026-03-31 05:00:00+00:00,0.0006880142,0.0,0.0,0.0
2026-03-31 06:00:00+00:00,0.00061791297,0.0,-0.0,-0.0
2026-03-31 07:00:00+00:00,0.00043271165,0.0,-0.0,-0.0
2026-03-31 08:00:00+00:00,0.0013372459,0.0,0.0,0.0
2026-03-31 09:00:00+00:00,0.0015414114,0.0,-0.0,-0.0
2026-03-31 10:00:00+00:00,0.0017251649,0.0,0.0,0.0
2026-03-31 11:00:00+00:00,0.0015260176,0.0,0.0,0.0
2026-03-31 12:00:00+00:00,0.0016155426,0.0,-0.0,-0.0
2026-03-31 13:00:00+00:00,0.0012702463,0.0,0.0,0.0
2026-03-31 14:00:00+00:00,0.0019543169,0.0,-0.0,-0.0
2026-03-31 15:00:00+00:00,0.0014925813,0.0,0.0,0.0
2026-03-31 16:00:00+00:00,0.0012043777,0.0,0.0,0.0
2026-03-31 17:00:00+00:00,0.0013291148,0.0,-0.0,-0.0
2026-03-31 18:00:00+00:00,0.00079680985,0.0,0.0,0.0
2026-03-31 19:00:00+00:00,0.00068148697,0.0,-0.0,-0.0
2026-03-31 20:00:00+00:00,0.00070127664,0.0,0.0,0.0
2026-03-31 21:00:00+00:00,0.00070127664,0.0,0.0,0.0
2026-03-31 22:00:00+00:00,0.0002476667,0.0,-0.0,-0.0
2026-03-31 23:00:00+00:00,0.00025379923,0.0,0.0,0.0
2026-04-01 00:00:00+00:00,0.0010538027,0.0,0.0,0.0
2026-04-01 01:00:00+00:00,0.001552521,0.0,-0.0,-0.0
2026-04-01 02:00:00+00:00,0.0013930732,0.0,-0.0,-0.0
2026-04-01 03:00:00+00:00,0.001370969,0.0,0.0,0.0
2026-04-01 04:00:00+00:00,0.0013482203,0.0,0.0,0.0
2026-04-01 05:00:00+00:00,0.0016273254,0.0,0.0,0.0
2026-04-01 06:00:00+00:00,0.0018063245,0.0,0.0,0.0
2026-04-01 07:00:00+00:00,0.0018958693,0.0,-0.0,-0.0
2026-04-01 08:00:00+00:00,0.0013007569,0.0,0.0,0.0
2026-04-01 09:00:00+00:00,0.0006275462,0.0,-0.0,-0.0
2026-04-01 10:00:00+00:00,0.0009605697,0.0,-0.0,-0.0
2026-04-01 11:00:00+00:00,0.0010295948,0.0,0.0,0.0
2026-04-01 12:00:00+00:00,0.0010608267,0.0,-0.0,-0.0
2026-04-01 13:00:00+00:00,0.0008237567,0.0,-0.0,-0.0
2026-04-01 14:00:00+00:00,0.00087383494,0.0,0.0,0.0
2026-04-01 15:00:00+00:00,0.00078305363,0.0,0.0,0.0
2026-04-01 16:00:00+00:00,1.7505605e-05,0.0,-0.0,-0.0
2026-04-01 17:00:00+00:00,0.0008290458,0.0,-0.0,-0.0
2026-04-01 18:00:00+00:00,0.0006893228,0.0,-0.0,-0.0
2026-04-01 19:00:00+00:00,0.00045877192,0.0,0.0,0.0
2026-04-01 20:00:00+00:00,3.603901e-05,0.0,0.0,0.0
2026-04-01 21:00:00+00:00,0.00013321958,0.0,0.0,0.0
2026-04-01 22:00:00+00:00,0.00014299277,0.0,-0.0,-0.0
2026-04-01 23:00:00+00:00,-3.3145123e-05,0.0,-0.0,-0.0
2026-04-02 00:00:00+00:00,-0.0005049027,0.0,0.0,0.0
2026-04-02 01:00:00+00:00,0.00040586703,0.0,-0.0,-0.0
2026-04-02 02:00:00+00:00,0.0002110815,0.0,-0.0,-0.0
2026-04-02 03:00:00+00:00,0.00045921965,0.0,-0.0,-0.0
2026-04-02 04:00:00+00:00,0.00054705434,0.0,-0.0,-0.0
2026-04-02 05:00:00+00:00,0.00032014897,0.0,0.0,0.0
2026-04-02 06:00:00+00:00,0.00023070214,0.0,0.0,0.0
2026-04-02 07:00:00+00:00,-0.0007166832,0.0,0.0,0.0
2026-04-02 08:00:00+00:00,-0.000112008325,0.0,-0.0,-0.0
2026-04-02 09:00:00+00:00,-0.00046260457,0.0,0.0,0.0
2026-04-02 10:00:00+00:00,-0.00058436557,0.0,-0.0,-0.0
2026-04-02 11:00:00+00:00,-0.0005354736,0.0,-0.0,-0.0
2026-04-02 12:00:00+00:00,-0.00047488877,0.0,-0.0,-0.0
2026-04-02 13:00:00+00:00,-0.00079528324,0.0,0.0,0.0
2026-04-02 14:00:00+00:00,-0.0011493388,0.0,0.0,0.0
2026-04-02 15:00:00+00:00,-0.0010121916,0.0,-0.0,-0.0
2026-04-02 16:00:00+00:00,-0.0006946503,0.0,0.0,0.0
2026-04-02 17:00:00+00:00,-0.000116992975,0.0,-0.0,-0.0
2026-04-02 18:00:00+00:00,-0.00040950344,0.0,0.0,0.0
2026-04-02 19:00:00+00:00,-0.00040950344,0.0,0.0,0.0
2026-04-02 20:00:00+00:00,-0.0008871039,0.0,-0.0,-0.0
2026-04-02 21:00:00+00:00,-0.0008871039,0.0,0.0,0.0
2026-04-02 22:00:00+00:00,-0.00091048924,0.0,0.0,0.0
2026-04-02 23:00:00+00:00,-0.0009437003,0.0,-0.0,-0.0
2026-04-03 00:00:00+00:00,-0.0007889939,0.0,0.0,0.0
2026-04-03 01:00:00+00:00,-0.0007871757,0.0,-0.0,-0.0
2026-04-03 02:00:00+00:00,-0.00082041835,0.0,-0.0,-0.0
2026-04-03 03:00:00+00:00,-0.00078881683,0.0,0.0,0.0
2026-04-03 04:00:00+00:00,-0.00079498603,0.0,0.0,0.0
2026-04-03 05:00:00+00:00,-0.00077718473,0.0,-0.0,-0.0
2026-04-03 06:00:00+00:00,-0.00077718473,0.0,0.0,0.0
2026-04-03 07:00:00+00:00,-0.00077718473,0.0,0.0,0.0
2026-04-03 08:00:00+00:00,-0.00040957856,0.0,0.0,0.0
2026-04-03 09:00:00+00:00,-0.00042330835,0.0,-0.0,-0.0
2026-04-03 10:00:00+00:00,-0.00027456827,0.0,0.0,0.0
2026-04-03 11:00:00+00:00,-0.00037725002,0.0,0.0,0.0
2026-04-03 12:00:00+00:00,-0.0003820427,0.0,-0.0,-0.0
2026-04-03 13:00:00+00:00,-0.00026076805,0.0,-0.0,-0.0
2026-04-03 14:00:00+00:00,-0.00028242473,0.0,0.0,0.0
2026-04-03 15:00:00+00:00,-9.621069e-05,0.0,-0.0,-0.0
2026-04-03 16:00:00+00:00,-0.00041163372,0.0,0.0,0.0
2026-04-03 17:00:00+00:00,-0.0003705662,0.0,-0.0,-0.0
2026-04-03 18:00:00+00:00,-0.0004037773,0.0,-0.0,-0.0
2026-04-03 19:00:00+00:00,-0.0004037773,0.0,0.0,0.0
2026-04-03 20:00:00+00:00,-0.0004037773,0.0,-0.0,-0.0
2026-04-03 21:00:00+00:00,-0.0004037773,0.0,0.0,0.0
2026-04-03 22:00:00+00:00,-0.00042716262,0.0,-0.0,-0.0
2026-04-03 23:00:00+00:00,-0.00042716262,0.0,0.0,0.0
2026-04-04 00:00:00+00:00,0.00045466784,0.0,-0.0,-0.0
2026-04-04 01:00:00+00:00,0.00045466784,0.0,-0.0,-0.0
2026-04-04 02:00:00+00:00,0.00045466784,0.0,-0.0,-0.0
2026-04-04 03:00:00+00:00,0.0005000726,0.0,-0.0,-0.0
2026-04-04 04:00:00+00:00,0.0005000726,0.0,0.0,0.0
2026-04-04 05:00:00+00:00,0.0005000726,0.0,0.0,0.0
2026-04-04 06:00:00+00:00,0.0005000726,0.0,0.0,0.0
2026-04-04 07:00:00+00:00,0.0005000726,0.0,0.0,0.0
2026-04-04 08:00:00+00:00,6.520257e-05,0.0,-0.0,-0.0
2026-04-04 09:00:00+00:00,6.520257e-05,0.0,0.0,0.0
2026-04-04 10:00:00+00:00,4.367408e-05,0.0,0.0,0.0
2026-04-04 11:00:00+00:00,4.367408e-05,0.0,-0.0,-0.0
2026-04-04 12:00:00+00:00,4.367408e-05,0.0,-0.0,-0.0
2026-04-04 13:00:00+00:00,3.251803e-05,0.0,0.0,0.0
2026-04-04 14:00:00+00:00,0.00015991,0.0,0.0,0.0
2026-04-04 15:00:00+00:00,8.801945e-05,0.0,0.0,0.0
2026-04-04 16:00:00+00:00,0.00026193704,0.0,-0.0,-0.0
2026-04-04 17:00:00+00:00,0.00021584914,0.0,-0.0,-0.0
2026-04-04 18:00:00+00:00,7.743184e-05,0.0,-0.0,-0.0
2026-04-04 19:00:00+00:00,8.8587905e-05,0.0,-0.0,-0.0
2026-04-04 20:00:00+00:00,8.8587905e-05,0.0,-0.0,-0.0
2026-04-04 21:00:00+00:00,0.0002048238,0.0,0.0,0.0
2026-04-04 22:00:00+00:00,5.4046504e-05,0.0,0.0,0.0
2026-04-04 23:00:00+00:00,6.520257e-05,0.0,-0.0,-0.0
2026-04-05 00:00:00+00:00,6.520257e-05,0.0,-0.0,-0.0
2026-04-05 01:00:00+00:00,6.520257e-05,0.0,-0.0,-0.0
2026-04-05 02:00:00+00:00,0.00010529822,0.0,0.0,0.0
2026-04-05 03:00:00+00:00,0.00010529822,0.0,-0.0,-0.0
2026-04-05 04:00:00+00:00,0.00010529822,0.0,-0.0,-0.0
2026-04-05 05:00:00+00:00,4.211445e-05,0.0,-0.0,-0.0
2026-04-05 06:00:00+00:00,0.00017005522,0.0,-0.0,-0.0
2026-04-05 07:00:00+00:00,2.83142e-05,0.0,0.0,0.0
2026-04-05 08:00:00+00:00,2.83142e-05,0.0,0.0,0.0
2026-04-05 09:00:00+00:00,2.83142e-05,0.0,0.0,0.0
2026-04-05 10:00:00+00:00,6.785713e-06,0.0,0.0,0.0
2026-04-05 11:00:00+00:00,8.376972e-05,0.0,-0.0,-0.0
2026-04-05 12:00:00+00:00,4.171775e-05,0.0,-0.0,-0.0
2026-04-05 13:00:00+00:00,8.376972e-05,0.0,0.0,0.0
2026-04-05 14:00:00+00:00,8.376972e-05,0.0,0.0,0.0
2026-04-05 15:00:00+00:00,-0.00020920052,0.0,0.0,0.0
2026-04-05 16:00:00+00:00,0.00012868355,0.0,-0.0,-0.0
2026-04-05 17:00:00+00:00,0.0002671008,0.0,0.0,0.0
2026-04-05 18:00:00+00:00,0.0002671008,0.0,0.0,0.0
2026-04-05 19:00:00+00:00,0.0002671008,0.0,-0.0,-0.0
2026-04-05 20:00:00+00:00,0.00052753603,0.0,0.0,0.0
2026-04-05 21:00:00+00:00,0.0002671008,0.0,-0.0,-0.0
2026-04-05 22:00:00+00:00,0.0014706358,0.0,0.0,0.0
2026-04-05 23:00:00+00:00,0.002164305,0.0,0.0,0.0
2026-04-06 00:00:00+00:00,0.0030332808,0.0,0.0,0.0
2026-04-06 01:00:00+00:00,0.0029016864,0.0,-0.0,-0.0
2026-04-06 02:00:00+00:00,0.0029518171,0.0,0.0,0.0
2026-04-06 03:00:00+00:00,0.002605591,0.0,-0.0,-0.0
2026-04-06 04:00:00+00:00,0.0021879345,0.0,0.0,0.0
2026-04-06 05:00:00+00:00,0.0019246958,0.0,0.0,0.0
2026-04-06 06:00:00+00:00,0.0011623927,0.0,-0.0,-0.0
2026-04-06 07:00:00+00:00,0.0014639396,0.0,0.0,0.0
2026-04-06 08:00:00+00:00,0.001018708,0.0,0.0,0.0
2026-04-06 09:00:00+00:00,0.0013507267,0.0,0.0,0.0
2026-04-06 10:00:00+00:00,0.0007280859,0.0,0.0,0.0
2026-04-06 11:00:00+00:00,0.000693154,0.0,-0.0,-0.0
2026-04-06 12:00:00+00:00,-0.00046162817,0.0,-0.0,-0.0
2026-04-06 13:00:00+00:00,2.0786054e-05,0.0,0.0,0.0
2026-04-06 14:00:00+00:00,0.00017558057,0.0,0.0,0.0
2026-04-06 15:00:00+00:00,0.0011494202,0.0,0.0,0.0
2026-04-06 16:00:00+00:00,0.00094188505,0.0,-0.0,-0.0
2026-04-06 17:00:00+00:00,0.0008303877,0.0,-0.0,-0.0
2026-04-06 18:00:00+00:00,0.00023353274,0.0,0.0,0.0
2026-04-06 19:00:00+00:00,0.0005886522,0.0,-0.0,-0.0
2026-04-06 20:00:00+00:00,0.0005886522,0.0,0.0,0.0
2026-04-06 21:00:00+00:00,0.00052219664,0.0,-0.0,-0.0
2026-04-06 22:00:00+00:00,0.0011348777,0.0,-0.0,-0.0
2026-04-06 23:00:00+00:00,0.0010423,0.0,0.0,0.0
2026-04-07 00:00:00+00:00,0.00018268346,0.0,0.0,0.0
2026-04-07 01:00:00+00:00,0.00018268346,0.0,-0.0,-0.0
2026-04-07 02:00:00+00:00,0.00018911969,0.0,0.0,0.0
2026-04-07 03:00:00+00:00,0.0004000866,0.0,0.0,0.0
2026-04-07 04:00:00+00:00,4.0942352e-05,0.0,0.0,0.0
2026-04-07 05:00:00+00:00,4.0942352e-05,0.0,-0.0,-0.0
2026-04-07 06:00:00+00:00,4.0942352e-05,0.0,-0.0,-0.0
2026-04-07 07:00:00+00:00,-5.1953422e-05,0.0,0.0,0.0
2026-04-07 08:00:00+00:00,-1.7021403e-05,0.0,0.0,0.0
2026-04-07 09:00:00+00:00,9.770347e-05,0.0,0.0,0.0
2026-04-07 10:00:00+00:00,0.0010398367,0.0,-0.0,-0.0
2026-04-07 11:00:00+00:00,0.000979471,0.0,0.0,0.0
2026-04-07 12:00:00+00:00,0.0008779318,0.0,0.0,0.0
2026-04-07 13:00:00+00:00,0.00096518773,0.0,-0.0,-0.0
2026-04-07 14:00:00+00:00,0.0006059872,0.0,-0.0,-0.0
2026-04-07 15:00:00+00:00,0.0010706087,0.0,0.0,0.0
2026-04-07 16:00:00+00:00,0.0002910266,0.0,0.0,0.0
2026-04-07 17:00:00+00:00,0.00032597609,0.0,0.0,0.0
2026-04-07 18:00:00+00:00,0.00023296743,0.0,-0.0,-0.0
2026-04-07 19:00:00+00:00,0.0010793096,0.0,0.0,0.0
2026-04-07 20:00:00+00:00,0.00081853685,0.0,0.0,0.0
2026-04-07 21:00:00+00:00,0.0006927025,0.0,0.0,0.0
2026-04-07 22:00:00+00:00,0.0026815576,0.0,0.0,0.0
2026-04-07 23:00:00+00:00,0.0031830657,0.0,0.0,0.0
2026-04-08 00:00:00+00:00,0.002602733,0.0,-0.0,-0.0
2026-04-08 01:00:00+00:00,0.0009264726,0.0,-0.0,-0.0
2026-04-08 02:00:00+00:00,0.00087992713,0.0,-0.0,-0.0
2026-04-08 03:00:00+00:00,0.00060191785,0.0,-0.0,-0.0
2026-04-08 04:00:00+00:00,7.2067145e-05,0.0,0.0,0.0
2026-04-08 05:00:00+00:00,0.00025662288,0.0,0.0,0.0
2026-04-08 06:00:00+00:00,0.0003168994,0.0,-0.0,-0.0
2026-04-08 07:00:00+00:00,3.9240226e-06,0.0,-0.0,-0.0
2026-04-08 08:00:00+00:00,0.00012644287,0.0,0.0,0.0
2026-04-08 09:00:00+00:00,5.1313684e-05,0.0,-0.0,-0.0
2026-04-08 10:00:00+00:00,-0.00034336254,0.0,-0.0,-0.0
2026-04-08 11:00:00+00:00,-0.0005674325,0.0,0.0,0.0
2026-04-08 12:00:00+00:00,0.00042144608,0.0,0.0,0.0
2026-04-08 13:00:00+00:00,-0.00027398905,0.0,-0.0,-0.0
2026-04-08 14:00:00+00:00,0.00038382434,0.0,-0.0,-0.0
2026-04-08 15:00:00+00:00,0.00082942285,0.0,0.0,0.0
2026-04-08 16:00:00+00:00,0.0009478936,0.0,0.0,0.0
2026-04-08 17:00:00+00:00,0.0010880149,0.0,0.0,0.0
2026-04-08 18:00:00+00:00,0.0014760069,0.0,-0.0,-0.0
2026-04-08 19:00:00+00:00,0.00107968,0.0,0.0,0.0
2026-04-08 20:00:00+00:00,0.0008435607,0.0,0.0,0.0
2026-04-08 21:00:00+00:00,0.0010918161,0.0,0.0,0.0
2026-04-08 22:00:00+00:00,0.0008551644,0.0,-0.0,-0.0
2026-04-08 23:00:00+00:00,0.00076584314,0.0,0.0,0.0
2026-04-09 00:00:00+00:00,-0.00039960686,0.0,0.0,0.0
2026-04-09 01:00:00+00:00,-0.0003188292,0.0,0.0,0.0
2026-04-09 02:00:00+00:00,-0.00040833888,0.0,0.0,0.0
2026-04-09 03:00:00+00:00,-0.00039453866,0.0,-0.0,-0.0
2026-04-09 04:00:00+00:00,-0.00051853404,0.0,-0.0,-0.0
2026-04-09 05:00:00+00:00,-0.0004256382,0.0,0.0,0.0
2026-04-09 06:00:00+00:00,-0.00044154996,0.0,0.0,0.0
2026-04-09 07:00:00+00:00,-0.00051853404,0.0,-0.0,-0.0
2026-04-09 08:00:00+00:00,-0.00034279187,0.0,0.0,0.0
2026-04-09 09:00:00+00:00,-0.0004292971,0.0,0.0,0.0
2026-04-09 10:00:00+00:00,-0.00055105815,0.0,-0.0,-0.0
2026-04-09 11:00:00+00:00,-0.00055105815,0.0,-0.0,-0.0
2026-04-09 12:00:00+00:00,-0.00021336426,0.0,0.0,0.0
2026-04-09 13:00:00+00:00,-0.00052818615,0.0,-0.0,-0.0
2026-04-09 14:00:00+00:00,-0.0004483099,0.0,0.0,0.0
2026-04-09 15:00:00+00:00,0.0007148534,0.0,0.0,0.0
2026-04-09 16:00:00+00:00,0.0005663823,0.0,0.0,0.0
2026-04-09 17:00:00+00:00,0.0008742536,0.0,0.0,0.0
2026-04-09 18:00:00+00:00,0.00054761965,0.0,-0.0,-0.0
2026-04-09 19:00:00+00:00,0.0005552261,0.0,0.0,0.0
2026-04-09 20:00:00+00:00,0.00077008887,0.0,0.0,0.0
2026-04-09 21:00:00+00:00,-4.7549274e-06,0.0,-0.0,-0.0
2026-04-09 22:00:00+00:00,-0.00014635915,0.0,-0.0,-0.0
2026-04-09 23:00:00+00:00,-0.00015020912,0.0,-0.0,-0.0
2026-04-10 00:00:00+00:00,-0.00016400934,0.0,0.0,0.0
2026-04-10 01:00:00+00:00,7.653552e-05,0.0,0.0,0.0
2026-04-10 02:00:00+00:00,-4.788146e-06,0.0,-0.0,-0.0
2026-04-10 03:00:00+00:00,-0.00018235826,0.0,-0.0,-0.0
2026-04-10 04:00:00+00:00,-0.00015700559,0.0,0.0,0.0
2026-04-10 05:00:00+00:00,-0.00019021668,0.0,0.0,0.0
2026-04-10 06:00:00+00:00,-0.00039543552,0.0,-0.0,-0.0
2026-04-10 07:00:00+00:00,-0.00026054334,0.0,-0.0,-0.0
2026-04-10 08:00:00+00:00,-0.00035619628,0.0,0.0,0.0
2026-04-10 09:00:00+00:00,-0.00053350494,0.0,0.0,0.0
2026-04-10 10:00:00+00:00,-0.0006369128,0.0,0.0,0.0
2026-04-10 11:00:00+00:00,-0.00057632796,0.0,0.0,0.0
2026-04-10 12:00:00+00:00,-0.00033789824,0.0,0.0,0.0
2026-04-10 13:00:00+00:00,-0.00037110932,0.0,0.0,0.0
2026-04-10 14:00:00+00:00,-0.00025358886,0.0,0.0,0.0
2026-04-10 15:00:00+00:00,-1.8042296e-05,0.0,-0.0,-0.0
2026-04-10 16:00:00+00:00,0.00030724713,0.0,0.0,0.0
2026-04-10 17:00:00+00:00,0.00021423836,0.0,0.0,0.0
2026-04-10 18:00:00+00:00,0.00027183082,0.0,-0.0,-0.0
2026-04-10 19:00:00+00:00,0.00027183082,0.0,0.0,0.0
2026-04-10 20:00:00+00:00,0.000118940574,0.0,0.0,0.0
2026-04-10 21:00:00+00:00,6.917881e-05,0.0,-0.0,-0.0
2026-04-10 22:00:00+00:00,-2.77586e-05,0.0,-0.0,-0.0
2026-04-10 23:00:00+00:00,7.3780444e-05,0.0,0.0,0.0
2026-04-11 00:00:00+00:00,0.00031097198,0.0,0.0,0.0
2026-04-11 01:00:00+00:00,-1.5561875e-05,0.0,0.0,0.0
2026-04-11 02:00:00+00:00,0.00025050034,0.0,0.0,0.0
2026-04-11 03:00:00+00:00,0.0002094329,0.0,-0.0,-0.0
2026-04-11 04:00:00+00:00,0.0003520394,0.0,-0.0,-0.0
2026-04-11 05:00:00+00:00,0.0003204379,0.0,-0.0,-0.0
2026-04-11 06:00:00+00:00,0.0003520394,0.0,0.0,0.0
2026-04-11 07:00:00+00:00,0.0003204379,0.0,-0.0,-0.0
2026-04-11 08:00:00+00:00,0.0010024027,0.0,0.0,0.0
2026-04-11 09:00:00+00:00,0.0010175214,0.0,0.0,0.0
2026-04-11 10:00:00+00:00,0.00091093645,0.0,-0.0,-0.0
2026-04-11 11:00:00+00:00,0.0010124759,0.0,0.0,0.0
2026-04-11 12:00:00+00:00,0.0010124759,0.0,0.0,0.0
2026-04-11 13:00:00+00:00,0.0011336063,0.0,-0.0,-0.0
2026-04-11 14:00:00+00:00,0.0009971354,0.0,0.0,0.0
2026-04-11 15:00:00+00:00,0.0010420491,0.0,0.0,0.0
2026-04-11 16:00:00+00:00,0.0017213819,0.0,0.0,0.0
2026-04-11 17:00:00+00:00,0.0017879889,0.0,0.0,0.0
2026-04-11 18:00:00+00:00,0.0012241377,0.0,0.0,0.0
2026-04-11 19:00:00+00:00,0.0010284758,0.0,0.0,0.0
2026-04-11 20:00:00+00:00,0.0016165593,0.0,-0.0,-0.0
2026-04-11 21:00:00+00:00,0.0016165593,0.0,0.0,0.0
2026-04-11 22:00:00+00:00,0.001413179,0.0,-0.0,-0.0
2026-04-11 23:00:00+00:00,0.0015235863,0.0,-0.0,-0.0
2026-04-12 00:00:00+00:00,0.0015373867,0.0,0.0,0.0
2026-04-12 01:00:00+00:00,0.003400181,0.0,-0.0,-0.0
2026-04-12 02:00:00+00:00,0.0030878603,0.0,0.0,0.0
2026-04-12 03:00:00+00:00,0.0029599194,0.0,-0.0,-0.0
2026-04-12 04:00:00+00:00,0.002872075,0.0,-0.0,-0.0
2026-04-12 05:00:00+00:00,0.0029599194,0.0,0.0,0.0
2026-04-12 06:00:00+00:00,0.0029599194,0.0,-0.0,-0.0
2026-04-12 07:00:00+00:00,0.0020811383,0.0,0.0,0.0
2026-04-12 08:00:00+00:00,0.00097545394,0.0,0.0,0.0
2026-04-12 09:00:00+00:00,0.001064355,0.0,-0.0,-0.0
2026-04-12 10:00:00+00:00,0.0010428266,0.0,-0.0,-0.0
2026-04-12 11:00:00+00:00,0.0009539254,0.0,0.0,0.0
2026-04-12 12:00:00+00:00,0.0011341914,0.0,-0.0,-0.0
2026-04-12 13:00:00+00:00,0.0011341914,0.0,-0.0,-0.0
2026-04-12 14:00:00+00:00,0.0011341914,0.0,-0.0,-0.0
2026-04-12 15:00:00+00:00,0.0011185203,0.0,0.0,0.0
2026-04-12 16:00:00+00:00,0.0012285634,0.0,0.0,0.0
2026-04-12 17:00:00+00:00,0.0009367181,0.0,0.0,0.0
2026-04-12 18:00:00+00:00,0.0010509186,0.0,-0.0,-0.0
2026-04-12 19:00:00+00:00,0.0010860106,0.0,-0.0,-0.0
2026-04-12 20:00:00+00:00,0.0008754239,0.0,0.0,0.0
2026-04-12 21:00:00+00:00,0.0008754239,0.0,0.0,0.0
2026-04-12 22:00:00+00:00,0.001451475,0.0,-0.0,-0.0
2026-04-12 23:00:00+00:00,0.0011945061,0.0,-0.0,-0.0
2026-04-13 00:00:00+00:00,0.0010505336,0.0,0.0,0.0
2026-04-13 01:00:00+00:00,0.0009510882,0.0,0.0,0.0
2026-04-13 02:00:00+00:00,0.0009510882,0.0,-0.0,-0.0
2026-04-13 03:00:00+00:00,0.0009648883,0.0,-0.0,-0.0
2026-04-13 04:00:00+00:00,0.0009510882,0.0,-0.0,-0.0
2026-04-13 05:00:00+00:00,0.0009510882,0.0,-0.0,-0.0
2026-04-13 06:00:00+00:00,0.0009178771,0.0,0.0,0.0
2026-04-13 07:00:00+00:00,0.00093167723,0.0,-0.0,-0.0
2026-04-13 08:00:00+00:00,0.00081814354,0.0,0.0,0.0
2026-04-13 09:00:00+00:00,0.0008043433,0.0,0.0,0.0
2026-04-13 10:00:00+00:00,0.0008144164,0.0,-0.0,-0.0
2026-04-13 11:00:00+00:00,0.0008144164,0.0,0.0,0.0
2026-04-13 12:00:00+00:00,0.00084934843,0.0,0.0,0.0
2026-04-13 13:00:00+00:00,0.000658511,0.0,0.0,0.0
2026-04-13 14:00:00+00:00,0.00048428774,0.0,0.0,0.0
2026-04-13 15:00:00+00:00,0.001650761,0.0,-0.0,-0.0
2026-04-13 16:00:00+00:00,0.0017265362,0.0,0.0,0.0
2026-04-13 17:00:00+00:00,0.0019277235,0.0,-0.0,-0.0
2026-04-13 18:00:00+00:00,0.0018347147,0.0,0.0,0.0
2026-04-13 19:00:00+00:00,0.0030167634,0.0,0.0,0.0
2026-04-13 20:00:00+00:00,0.0015532036,0.0,-0.0,-0.0
2026-04-13 21:00:00+00:00,0.0010076062,0.0,0.0,0.0
2026-04-13 22:00:00+00:00,0.0028423653,0.0,0.0,0.0
2026-04-13 23:00:00+00:00,0.0026368338,0.0,-0.0,-0.0
2026-04-14 00:00:00+00:00,0.0018402071,0.0,0.0,0.0
2026-04-14 01:00:00+00:00,0.0018462482,0.0,0.0,0.0
2026-04-14 02:00:00+00:00,0.0018462482,0.0,-0.0,-0.0
2026-04-14 03:00:00+00:00,0.0016571943,0.0,0.0,0.0
2026-04-14 04:00:00+00:00,0.0007697932,0.0,-0.0,-0.0
2026-04-14 05:00:00+00:00,-3.1163603e-05,0.0,-0.0,-0.0
2026-04-14 06:00:00+00:00,0.00031604856,0.0,0.0,0.0
2026-04-14 07:00:00+00:00,0.00075489946,0.0,0.0,0.0
2026-04-14 08:00:00+00:00,0.00052903953,0.0,0.0,0.0
2026-04-14 09:00:00+00:00,-0.00031668594,0.0,-0.0,-0.0
2026-04-14 10:00:00+00:00,-9.213389e-05,0.0,-0.0,-0.0
2026-04-14 11:00:00+00:00,-9.213389e-05,0.0,0.0,0.0
2026-04-14 12:00:00+00:00,6.370874e-05,0.0,0.0,0.0
2026-04-14 13:00:00+00:00,0.0012610775,0.0,0.0,0.0
2026-04-14 14:00:00+00:00,0.0018096037,0.0,-0.0,-0.0
2026-04-14 15:00:00+00:00,0.0011158264,0.0,0.0,0.0
2026-04-14 16:00:00+00:00,0.00088022003,0.0,0.0,0.0
2026-04-14 17:00:00+00:00,0.0005076831,0.0,0.0,0.0
2026-04-14 18:00:00+00:00,0.001294296,0.0,-0.0,-0.0
2026-04-14 19:00:00+00:00,0.0007621358,0.0,0.0,0.0
2026-04-14 20:00:00+00:00,0.0006133442,0.0,-0.0,-0.0
2026-04-14 21:00:00+00:00,0.00048265103,0.0,0.0,0.0
2026-04-14 22:00:00+00:00,7.432713e-05,0.0,-0.0,-0.0
2026-04-14 23:00:00+00:00,7.432713e-05,0.0,0.0,0.0
2026-04-15 00:00:00+00:00,0.00043619642,0.0,0.0,0.0
2026-04-15 01:00:00+00:00,0.00054783723,0.0,0.0,0.0
2026-04-15 02:00:00+00:00,0.000520332,0.0,-0.0,-0.0
2026-04-15 03:00:00+00:00,0.00046005545,0.0,0.0,0.0
2026-04-15 04:00:00+00:00,0.0004922489,0.0,-0.0,-0.0
2026-04-15 05:00:00+00:00,0.00055526407,0.0,-0.0,-0.0
2026-04-15 06:00:00+00:00,0.00072264485,0.0,-0.0,-0.0
2026-04-15 07:00:00+00:00,0.00081898423,0.0,-0.0,-0.0
2026-04-15 08:00:00+00:00,0.0012504973,0.0,0.0,0.0
2026-04-15 09:00:00+00:00,0.0016228801,0.0,-0.0,-0.0
2026-04-15 10:00:00+00:00,0.0016500843,0.0,-0.0,-0.0
2026-04-15 11:00:00+00:00,0.0009791618,0.0,0.0,0.0
2026-04-15 12:00:00+00:00,0.0010140939,0.0,0.0,0.0
2026-04-15 13:00:00+00:00,0.0017249524,0.0,-0.0,-0.0
2026-04-15 14:00:00+00:00,0.0012642094,0.0,0.0,0.0
2026-04-15 15:00:00+00:00,0.0018772483,0.0,-0.0,-0.0
2026-04-15 16:00:00+00:00,0.0017493074,0.0,0.0,0.0
2026-04-15 17:00:00+00:00,0.0013488412,0.0,0.0,0.0
2026-04-15 18:00:00+00:00,0.0012081985,0.0,0.0,0.0
2026-04-15 19:00:00+00:00,0.0011471473,0.0,0.0,0.0
2026-04-15 20:00:00+00:00,0.00095969473,0.0,-0.0,-0.0
2026-04-15 21:00:00+00:00,0.0011508157,0.0,-0.0,-0.0
2026-04-15 22:00:00+00:00,0.00090514985,0.0,0.0,0.0
2026-04-15 23:00:00+00:00,0.001000026,0.0,-0.0,-0.0
2026-04-16 00:00:00+00:00,0.00021901377,0.0,0.0,0.0
2026-04-16 01:00:00+00:00,0.00018580267,0.0,-0.0,-0.0
2026-04-16 02:00:00+00:00,8.3121115e-05,0.0,0.0,0.0
2026-04-16 03:00:00+00:00,8.3121115e-05,0.0,0.0,0.0
2026-04-16 04:00:00+00:00,0.00017612972,0.0,0.0,0.0
2026-04-16 05:00:00+00:00,8.3121115e-05,0.0,0.0,0.0
2026-04-16 06:00:00+00:00,8.3121115e-05,0.0,-0.0,-0.0
2026-04-16 07:00:00+00:00,0.0001241886,0.0,-0.0,-0.0
2026-04-16 08:00:00+00:00,-3.0828247e-05,0.0,0.0,0.0
2026-04-16 09:00:00+00:00,-0.00016386519,0.0,-0.0,-0.0
2026-04-16 10:00:00+00:00,-0.00018443257,0.0,-0.0,-0.0
2026-04-16 11:00:00+00:00,-0.00018020508,0.0,0.0,0.0
2026-04-16 12:00:00+00:00,-9.80994e-05,0.0,0.0,0.0
2026-04-16 13:00:00+00:00,0.00018433182,0.0,-0.0,-0.0
2026-04-16 14:00:00+00:00,0.00030248903,0.0,0.0,0.0
2026-04-16 15:00:00+00:00,0.00097245374,0.0,0.0,0.0
2026-04-16 16:00:00+00:00,0.0011776281,0.0,0.0,0.0
2026-04-16 17:00:00+00:00,0.00094179076,0.0,0.0,0.0
2026-04-16 18:00:00+00:00,0.0006903839,0.0,0.0,0.0
2026-04-16 19:00:00+00:00,0.00039034607,0.0,0.0,0.0
2026-04-16 20:00:00+00:00,0.0006498242,0.0,-0.0,-0.0
2026-04-16 21:00:00+00:00,0.0006791788,0.0,-0.0,-0.0
2026-04-16 22:00:00+00:00,0.00014156426,0.0,-0.0,-0.0
2026-04-16 23:00:00+00:00,8.128766e-05,0.0,0.0,0.0
2026-04-17 00:00:00+00:00,-0.00048421577,0.0,-0.0,-0.0
2026-04-17 01:00:00+00:00,-0.00051148306,0.0,-0.0,-0.0
2026-04-17 02:00:00+00:00,-0.00051148306,0.0,-0.0,-0.0
2026-04-17 03:00:00+00:00,-0.0005174269,0.0,-0.0,-0.0
2026-04-17 04:00:00+00:00,-0.0005252833,0.0,0.0,0.0
2026-04-17 05:00:00+00:00,-0.0005036266,0.0,-0.0,-0.0
2026-04-17 06:00:00+00:00,-0.00057770347,0.0,0.0,0.0
2026-04-17 07:00:00+00:00,-0.00057770347,0.0,0.0,0.0
2026-04-17 08:00:00+00:00,-0.00048643458,0.0,0.0,0.0
2026-04-17 09:00:00+00:00,-0.00066374324,0.0,-0.0,-0.0
2026-04-17 10:00:00+00:00,-0.00023655276,0.0,-0.0,-0.0
2026-04-17 11:00:00+00:00,-0.00027909494,0.0,0.0,0.0
2026-04-17 12:00:00+00:00,-0.00016221093,0.0,0.0,0.0
2026-04-17 13:00:00+00:00,0.0015950825,0.0,0.0,0.0
2026-04-17 14:00:00+00:00,0.0014060289,0.0,0.0,0.0
2026-04-17 15:00:00+00:00,0.0018250721,0.0,-0.0,-0.0
2026-04-17 16:00:00+00:00,0.00045964363,0.0,0.0,0.0
2026-04-17 17:00:00+00:00,1.42809e-05,0.0,-0.0,-0.0
2026-04-17 18:00:00+00:00,0.00014281555,0.0,-0.0,-0.0
2026-04-17 19:00:00+00:00,-0.00081443164,0.0,0.0,0.0
2026-04-17 20:00:00+00:00,-0.00066496915,0.0,-0.0,-0.0
2026-04-17 21:00:00+00:00,-0.0011983998,0.0,0.0,0.0
2026-04-17 22:00:00+00:00,-0.0012950748,0.0,-0.0,-0.0
2026-04-17 23:00:00+00:00,-0.0010916044,0.0,-0.0,-0.0
2026-04-18 00:00:00+00:00,-0.00031462696,0.0,0.0,0.0
2026-04-18 01:00:00+00:00,-0.0002735595,0.0,0.0,0.0
2026-04-18 02:00:00+00:00,-0.000305161,0.0,0.0,0.0
2026-04-18 03:00:00+00:00,-6.854458e-05,0.0,-0.0,-0.0
2026-04-18 04:00:00+00:00,-8.2344806e-05,0.0,0.0,0.0
2026-04-18 05:00:00+00:00,-8.2344806e-05,0.0,0.0,0.0
2026-04-18 06:00:00+00:00,-5.0743274e-05,0.0,-0.0,-0.0
2026-04-18 07:00:00+00:00,6.344423e-05,0.0,-0.0,-0.0
2026-04-18 08:00:00+00:00,0.00078360445,0.0,0.0,0.0
2026-04-18 09:00:00+00:00,0.0010629789,0.0,-0.0,-0.0
2026-04-18 10:00:00+00:00,0.00093257136,0.0,-0.0,-0.0
2026-04-18 11:00:00+00:00,0.0010352532,0.0,-0.0,-0.0
2026-04-18 12:00:00+00:00,0.0010567737,0.0,0.0,0.0
2026-04-18 13:00:00+00:00,0.0012716487,0.0,-0.0,-0.0
2026-04-18 14:00:00+00:00,0.0013645445,0.0,0.0,0.0
2026-04-18 15:00:00+00:00,0.0014094582,0.0,-0.0,-0.0
2026-04-18 16:00:00+00:00,0.0014909796,0.0,0.0,0.0
2026-04-18 17:00:00+00:00,0.0013630387,0.0,-0.0,-0.0
2026-04-18 18:00:00+00:00,0.0018755364,0.0,-0.0,-0.0
2026-04-18 19:00:00+00:00,0.001747595,0.0,0.0,0.0
2026-04-18 20:00:00+00:00,0.0014783781,0.0,0.0,0.0
2026-04-18 21:00:00+00:00,0.0014645777,0.0,0.0,0.0
2026-04-18 22:00:00+00:00,0.0014411925,0.0,-0.0,-0.0
2026-04-18 23:00:00+00:00,0.0014411925,0.0,-0.0,-0.0
2026-04-19 00:00:00+00:00,0.0014411925,0.0,0.0,0.0
2026-04-19 01:00:00+00:00,0.0016514171,0.0,-0.0,-0.0
2026-04-19 02:00:00+00:00,0.0016514171,0.0,-0.0,-0.0
2026-04-19 03:00:00+00:00,0.0016514171,0.0,0.0,0.0
2026-04-19 04:00:00+00:00,0.0016830188,0.0,0.0,0.0
2026-04-19 05:00:00+00:00,0.0016830188,0.0,-0.0,-0.0
2026-04-19 06:00:00+00:00,0.0016830188,0.0,-0.0,-0.0
2026-04-19 07:00:00+00:00,0.0017614054,0.0,-0.0,-0.0
2026-04-19 08:00:00+00:00,0.0016514171,0.0,0.0,0.0
2026-04-19 09:00:00+00:00,0.0016472648,0.0,-0.0,-0.0
2026-04-19 10:00:00+00:00,0.001643689,0.0,0.0,0.0
2026-04-19 11:00:00+00:00,0.0017296334,0.0,0.0,0.0
2026-04-19 12:00:00+00:00,0.0016947014,0.0,-0.0,-0.0
2026-04-19 13:00:00+00:00,0.0010664898,0.0,0.0,0.0
2026-04-19 14:00:00+00:00,0.00096483715,0.0,0.0,0.0
2026-04-19 15:00:00+00:00,0.0011523576,0.0,-0.0,-0.0
2026-04-19 16:00:00+00:00,0.0018824434,0.0,0.0,0.0
2026-04-19 17:00:00+00:00,0.0021620973,0.0,-0.0,-0.0
2026-04-19 18:00:00+00:00,0.0018913279,0.0,-0.0,-0.0
2026-04-19 19:00:00+00:00,0.0016748984,0.0,0.0,0.0
2026-04-19 20:00:00+00:00,0.0018268146,0.0,-0.0,-0.0
2026-04-19 21:00:00+00:00,0.0017918826,0.0,-0.0,-0.0
2026-04-19 22:00:00+00:00,0.0018784855,0.0,-0.0,-0.0
2026-04-19 23:00:00+00:00,0.001961261,0.0,-0.0,-0.0
2026-04-20 00:00:00+00:00,0.0030474167,0.0,0.0,0.0
2026-04-20 01:00:00+00:00,0.0027834333,0.0,0.0,0.0
2026-04-20 02:00:00+00:00,0.0027834333,0.0,-0.0,-0.0
2026-04-20 03:00:00+00:00,0.0025142164,0.0,0.0,0.0
2026-04-20 04:00:00+00:00,0.0024147711,0.0,-0.0,-0.0
2026-04-20 05:00:00+00:00,0.0024147711,0.0,-0.0,-0.0
2026-04-20 06:00:00+00:00,0.0022208986,0.0,0.0,0.0
2026-04-20 07:00:00+00:00,0.0024325233,0.0,0.0,0.0
2026-04-20 08:00:00+00:00,0.0023045829,0.0,0.0,0.0
2026-04-20 09:00:00+00:00,0.0015576405,0.0,0.0,0.0
2026-04-20 10:00:00+00:00,0.001536112,0.0,-0.0,-0.0
2026-04-20 11:00:00+00:00,0.0017859191,0.0,0.0,0.0
2026-04-20 12:00:00+00:00,0.0014605195,0.0,0.0,0.0
2026-04-20 13:00:00+00:00,0.0016378815,0.0,-0.0,-0.0
2026-04-20 14:00:00+00:00,0.001870848,0.0,-0.0,-0.0
2026-04-20 15:00:00+00:00,0.0012957393,0.0,0.0,0.0
2026-04-20 16:00:00+00:00,0.0010392996,0.0,0.0,0.0
2026-04-20 17:00:00+00:00,0.0011794877,0.0,0.0,0.0
2026-04-20 18:00:00+00:00,0.0010248972,0.0,0.0,0.0
2026-04-20 19:00:00+00:00,0.001791782,0.0,-0.0,-0.0
2026-04-20 20:00:00+00:00,0.0015303183,0.0,-0.0,-0.0
2026-04-20 21:00:00+00:00,0.0014064759,0.0,-0.0,-0.0
2026-04-20 22:00:00+00:00,0.00086769275,0.0,0.0,0.0
2026-04-20 23:00:00+00:00,0.0009910644,0.0,-0.0,-0.0
2026-04-21 00:00:00+00:00,0.00031900956,0.0,0.0,0.0
2026-04-21 01:00:00+00:00,0.000541826,0.0,-0.0,-0.0
2026-04-21 02:00:00+00:00,0.0005888373,0.0,-0.0,-0.0
2026-04-21 03:00:00+00:00,0.00061610446,0.0,0.0,0.0
2026-04-21 04:00:00+00:00,0.0005750371,0.0,0.0,0.0
2026-04-21 05:00:00+00:00,0.00061610446,0.0,-0.0,-0.0
2026-04-21 06:00:00+00:00,0.00058450294,0.0,0.0,0.0
2026-04-21 07:00:00+00:00,0.0006178254,0.0,0.0,0.0
2026-04-21 08:00:00+00:00,0.00043033695,0.0,0.0,0.0
2026-04-21 09:00:00+00:00,0.00033176012,0.0,-0.0,-0.0
2026-04-21 10:00:00+00:00,0.00030794344,0.0,0.0,0.0
2026-04-21 11:00:00+00:00,0.00036562418,0.0,-0.0,-0.0
2026-04-21 12:00:00+00:00,0.00078953826,0.0,-0.0,-0.0
2026-04-21 13:00:00+00:00,0.00078953826,0.0,-0.0,-0.0
2026-04-21 14:00:00+00:00,0.00070389325,0.0,-0.0,-0.0
2026-04-21 15:00:00+00:00,0.0008839126,0.0,0.0,0.0
2026-04-21 16:00:00+00:00,0.00079090387,0.0,0.0,0.0
2026-04-21 17:00:00+00:00,0.0008839126,0.0,-0.0,-0.0
2026-04-21 18:00:00+00:00,0.0009409663,0.0,0.0,0.0
2026-04-21 19:00:00+00:00,0.0013046311,0.0,-0.0,-0.0
2026-04-21 20:00:00+00:00,0.001687146,0.0,0.0,0.0
2026-04-21 21:00:00+00:00,0.0015592054,0.0,-0.0,-0.0
2026-04-21 22:00:00+00:00,0.001286013,0.0,0.0,0.0
2026-04-21 23:00:00+00:00,0.001385092,0.0,0.0,0.0
2026-04-22 00:00:00+00:00,0.0014725302,0.0,0.0,0.0
2026-04-22 01:00:00+00:00,0.0008424206,0.0,-0.0,-0.0
2026-04-22 02:00:00+00:00,0.0013375906,0.0,0.0,0.0
2026-04-22 03:00:00+00:00,0.0013375906,0.0,-0.0,-0.0
2026-04-22 04:00:00+00:00,0.0012096497,0.0,-0.0,-0.0
2026-04-22 05:00:00+00:00,0.0025695625,0.0,0.0,0.0
2026-04-22 06:00:00+00:00,0.0022927783,0.0,0.0,0.0
2026-04-22 07:00:00+00:00,0.0023684779,0.0,0.0,0.0
2026-04-22 08:00:00+00:00,0.0008326322,0.0,-0.0,-0.0
2026-04-22 09:00:00+00:00,0.0007994211,0.0,-0.0,-0.0
2026-04-22 10:00:00+00:00,0.00077789265,0.0,0.0,0.0
2026-04-22 11:00:00+00:00,0.00055289885,0.0,0.0,0.0
2026-04-22 12:00:00+00:00,0.00028758502,0.0,-0.0,-0.0
2026-04-22 13:00:00+00:00,0.0008242127,0.0,0.0,0.0
2026-04-22 14:00:00+00:00,0.00037467227,0.0,0.0,0.0
2026-04-22 15:00:00+00:00,0.00053909974,0.0,0.0,0.0
2026-04-22 16:00:00+00:00,0.0004148974,0.0,0.0,0.0
2026-04-22 17:00:00+00:00,-0.0002327922,0.0,0.0,0.0
2026-04-22 18:00:00+00:00,0.00033097202,0.0,0.0,0.0
2026-04-22 19:00:00+00:00,-0.0007463147,0.0,-0.0,-0.0
2026-04-22 20:00:00+00:00,-0.00045224404,0.0,-0.0,-0.0
2026-04-22 21:00:00+00:00,-0.00057839294,0.0,0.0,0.0
2026-04-22 22:00:00+00:00,-0.0006652457,0.0,-0.0,-0.0
2026-04-22 23:00:00+00:00,-0.00012582212,0.0,-0.0,-0.0
2026-04-23 00:00:00+00:00,-0.00016977465,0.0,0.0,0.0
2026-04-23 01:00:00+00:00,-0.00031039983,0.0,-0.0,-0.0
2026-04-23 02:00:00+00:00,-0.00015910024,0.0,-0.0,-0.0
2026-04-23 03:00:00+00:00,2.8011054e-05,0.0,-0.0,-0.0
2026-04-23 04:00:00+00:00,-0.00024120585,0.0,0.0,0.0
2026-04-23 05:00:00+00:00,-0.00017290052,0.0,0.0,0.0
2026-04-23 06:00:00+00:00,-0.00017290052,0.0,0.0,0.0
2026-04-23 07:00:00+00:00,-0.00023317712,0.0,-0.0,-0.0
2026-04-23 08:00:00+00:00,0.00020087449,0.0,0.0,0.0
2026-04-23 09:00:00+00:00,8.3842424e-05,0.0,-0.0,-0.0
2026-04-23 10:00:00+00:00,0.00013472573,0.0,-0.0,-0.0
2026-04-23 11:00:00+00:00,0.00015323635,0.0,0.0,0.0
2026-04-23 12:00:00+00:00,-2.6820111e-05,0.0,0.0,0.0
2026-04-23 13:00:00+00:00,0.000106760075,0.0,-0.0,-0.0
2026-04-23 14:00:00+00:00,0.0002943488,0.0,0.0,0.0
2026-04-23 15:00:00+00:00,0.00043085156,0.0,0.0,0.0
2026-04-23 16:00:00+00:00,0.000711236,0.0,0.0,0.0
2026-04-23 17:00:00+00:00,0.0010718908,0.0,-0.0,-0.0
2026-04-23 18:00:00+00:00,0.00092470145,0.0,-0.0,-0.0
2026-04-23 19:00:00+00:00,0.0007020706,0.0,0.0,0.0
2026-04-23 20:00:00+00:00,0.00060262537,0.0,0.0,0.0
2026-04-23 21:00:00+00:00,0.0005832145,0.0,-0.0,-0.0
2026-04-23 22:00:00+00:00,0.00022808893,0.0,0.0,0.0
2026-04-23 23:00:00+00:00,0.0002551544,0.0,0.0,0.0
2026-04-24 00:00:00+00:00,0.00019487782,0.0,0.0,0.0
2026-04-24 01:00:00+00:00,0.00019487782,0.0,-0.0,-0.0
2026-04-24 02:00:00+00:00,0.0002691565,0.0,-0.0,-0.0
2026-04-24 03:00:00+00:00,0.00045052505,0.0,-0.0,-0.0
2026-04-24 04:00:00+00:00,0.00031163168,0.0,-0.0,-0.0
2026-04-24 05:00:00+00:00,0.0002691565,0.0,0.0,0.0
2026-04-24 06:00:00+00:00,0.00059304025,0.0,-0.0,-0.0
2026-04-24 07:00:00+00:00,0.0003432332,0.0,-0.0,-0.0
2026-04-24 08:00:00+00:00,0.0004309721,0.0,0.0,0.0
2026-04-24 09:00:00+00:00,0.00022045212,0.0,-0.0,-0.0
2026-04-24 10:00:00+00:00,0.00015998544,0.0,0.0,0.0
2026-04-24 11:00:00+00:00,-1.1733595e-05,0.0,0.0,0.0
2026-04-24 12:00:00+00:00,3.0363277e-05,0.0,0.0,0.0
2026-04-24 13:00:00+00:00,-1.1733595e-05,0.0,-0.0,-0.0
2026-04-24 14:00:00+00:00,9.094817e-05,0.0,-0.0,-0.0
2026-04-24 15:00:00+00:00,0.00026851823,0.0,0.0,0.0
2026-04-24 16:00:00+00:00,0.00035281832,0.0,0.0,0.0
2026-04-24 17:00:00+00:00,0.000508522,0.0,-0.0,-0.0
2026-04-24 18:00:00+00:00,0.00041551332,0.0,-0.0,-0.0
2026-04-24 19:00:00+00:00,0.00048495524,0.0,0.0,0.0
2026-04-24 20:00:00+00:00,0.00040171307,0.0,0.0,0.0
2026-04-24 21:00:00+00:00,0.00041551332,0.0,-0.0,-0.0
2026-04-24 22:00:00+00:00,0.0006103334,0.0,-0.0,-0.0
2026-04-24 23:00:00+00:00,0.00069807214,0.0,0.0,0.0
2026-04-25 00:00:00+00:00,0.0008308693,0.0,0.0,0.0
2026-04-25 01:00:00+00:00,0.0008308693,0.0,0.0,0.0
2026-04-25 02:00:00+00:00,0.0008308693,0.0,0.0,0.0
2026-04-25 03:00:00+00:00,0.0005810624,0.0,0.0,0.0
2026-04-25 04:00:00+00:00,0.0006126639,0.0,-0.0,-0.0
2026-04-25 05:00:00+00:00,0.0008624708,0.0,-0.0,-0.0
2026-04-25 06:00:00+00:00,0.0006126639,0.0,-0.0,-0.0
2026-04-25 07:00:00+00:00,0.0006126639,0.0,-0.0,-0.0
2026-04-25 08:00:00+00:00,0.0006126639,0.0,0.0,0.0
2026-04-25 09:00:00+00:00,0.0006126639,0.0,0.0,0.0
2026-04-25 10:00:00+00:00,0.00055006787,0.0,0.0,0.0
2026-04-25 11:00:00+00:00,0.00088634714,0.0,-0.0,-0.0
2026-04-25 12:00:00+00:00,0.00088634714,0.0,-0.0,-0.0
2026-04-25 13:00:00+00:00,0.00088634714,0.0,0.0,0.0
2026-04-25 14:00:00+00:00,0.00063654024,0.0,-0.0,-0.0
2026-04-25 15:00:00+00:00,0.0009312609,0.0,-0.0,-0.0
2026-04-25 16:00:00+00:00,0.00071638596,0.0,0.0,0.0
2026-04-25 17:00:00+00:00,0.0009450611,0.0,-0.0,-0.0
2026-04-25 18:00:00+00:00,0.000681454,0.0,0.0,0.0
2026-04-25 19:00:00+00:00,0.000681454,0.0,0.0,0.0
2026-04-25 20:00:00+00:00,0.000681454,0.0,0.0,0.0
2026-04-25 21:00:00+00:00,0.000681454,0.0,0.0,0.0
2026-04-25 22:00:00+00:00,0.0006580687,0.0,0.0,0.0
2026-04-25 23:00:00+00:00,0.0007703882,0.0,0.0,0.0
2026-04-26 00:00:00+00:00,0.0007703882,0.0,-0.0,-0.0
2026-04-26 01:00:00+00:00,0.0007703882,0.0,-0.0,-0.0
2026-04-26 02:00:00+00:00,0.0007703882,0.0,0.0,0.0
2026-04-26 03:00:00+00:00,0.0007703882,0.0,-0.0,-0.0
2026-04-26 04:00:00+00:00,0.0007703882,0.0,0.0,0.0
2026-04-26 05:00:00+00:00,0.00085726136,0.0,0.0,0.0
2026-04-26 06:00:00+00:00,0.00072932057,0.0,0.0,0.0
2026-04-26 07:00:00+00:00,0.0006266389,0.0,0.0,0.0
2026-04-26 08:00:00+00:00,0.0002023732,0.0,-0.0,-0.0
2026-04-26 09:00:00+00:00,0.0002023732,0.0,-0.0,-0.0
2026-04-26 10:00:00+00:00,0.00018084477,0.0,-0.0,-0.0
2026-04-26 11:00:00+00:00,0.00018084477,0.0,0.0,0.0
2026-04-26 12:00:00+00:00,0.00022191217,0.0,-0.0,-0.0
2026-04-26 13:00:00+00:00,0.00018084477,0.0,0.0,0.0
2026-04-26 14:00:00+00:00,0.00018084477,0.0,0.0,0.0
2026-04-26 15:00:00+00:00,0.00012307675,0.0,-0.0,-0.0
2026-04-26 16:00:00+00:00,-0.00013064925,0.0,-0.0,-0.0
2026-04-26 17:00:00+00:00,-0.00020208184,0.0,0.0,0.0
2026-04-26 18:00:00+00:00,-0.00016714982,0.0,0.0,0.0
2026-04-26 19:00:00+00:00,-7.4141026e-05,0.0,-0.0,-0.0
2026-04-26 20:00:00+00:00,-0.00020208184,0.0,-0.0,-0.0
2026-04-26 21:00:00+00:00,-7.4141026e-05,0.0,0.0,0.0
2026-04-26 22:00:00+00:00,-0.00014293111,0.0,-0.0,-0.0
2026-04-26 23:00:00+00:00,-0.00047630674,0.0,0.0,0.0
2026-04-27 00:00:00+00:00,0.0011149656,0.0,0.0,0.0
2026-04-27 01:00:00+00:00,0.0011149656,0.0,-0.0,-0.0
2026-04-27 02:00:00+00:00,0.00048828183,0.0,-0.0,-0.0
2026-04-27 03:00:00+00:00,0.0004607841,0.0,-0.0,-0.0
2026-04-27 04:00:00+00:00,0.00043732606,0.0,-0.0,-0.0
2026-04-27 05:00:00+00:00,0.0010614647,0.0,-0.0,-0.0
2026-04-27 06:00:00+00:00,0.00090386847,0.0,-0.0,-0.0
2026-04-27 07:00:00+00:00,0.00077592744,0.0,-0.0,-0.0
2026-04-27 08:00:00+00:00,0.0017911468,0.0,0.0,0.0
2026-04-27 09:00:00+00:00,0.0020272667,0.0,0.0,0.0
2026-04-27 10:00:00+00:00,0.001970806,0.0,-0.0,-0.0
2026-04-27 11:00:00+00:00,0.0010920252,0.0,-0.0,-0.0
2026-04-27 12:00:00+00:00,0.0013612421,0.0,-0.0,-0.0
2026-04-27 13:00:00+00:00,0.0014567593,0.0,0.0,0.0
2026-04-27 14:00:00+00:00,0.0011054367,0.0,0.0,0.0
2026-04-27 15:00:00+00:00,0.0022359535,0.0,-0.0,-0.0
2026-04-27 16:00:00+00:00,0.0023343475,0.0,0.0,0.0
2026-04-27 17:00:00+00:00,0.0022232905,0.0,0.0,0.0
2026-04-27 18:00:00+00:00,0.00242251,0.0,0.0,0.0
2026-04-27 19:00:00+00:00,0.002368541,0.0,0.0,0.0
2026-04-27 20:00:00+00:00,0.002333609,0.0,0.0,0.0
2026-04-27 21:00:00+00:00,0.0015739094,0.0,-0.0,-0.0
2026-04-27 22:00:00+00:00,0.0016326298,0.0,0.0,0.0
2026-04-27 23:00:00+00:00,0.0017605707,0.0,0.0,0.0
2026-04-28 00:00:00+00:00,0.0010524198,0.0,0.0,0.0
2026-04-28 01:00:00+00:00,0.0010787819,0.0,-0.0,-0.0
2026-04-28 02:00:00+00:00,0.001320811,0.0,-0.0,-0.0
2026-04-28 03:00:00+00:00,0.0012577958,0.0,-0.0,-0.0
2026-04-28 04:00:00+00:00,0.0010506988,0.0,0.0,0.0
2026-04-28 05:00:00+00:00,0.0010312881,0.0,0.0,0.0
2026-04-28 06:00:00+00:00,0.0010312881,0.0,-0.0,-0.0
2026-04-28 07:00:00+00:00,0.0010524198,0.0,0.0,0.0
2026-04-28 08:00:00+00:00,0.0008624708,0.0,0.0,0.0
2026-04-28 09:00:00+00:00,0.0008624708,0.0,-0.0,-0.0
2026-04-28 10:00:00+00:00,0.00080934085,0.0,0.0,0.0
2026-04-28 11:00:00+00:00,0.0010825028,0.0,-0.0,-0.0
2026-04-28 12:00:00+00:00,0.0009371687,0.0,0.0,0.0
2026-04-28 13:00:00+00:00,0.00091865857,0.0,-0.0,-0.0
2026-04-28 14:00:00+00:00,0.000989607,0.0,-0.0,-0.0
2026-04-28 15:00:00+00:00,0.0009958828,0.0,0.0,0.0
2026-04-28 16:00:00+00:00,2.9489958e-05,0.0,0.0,0.0
2026-04-28 17:00:00+00:00,-7.7206045e-05,0.0,0.0,0.0
2026-04-28 18:00:00+00:00,-7.7206045e-05,0.0,0.0,0.0
2026-04-28 19:00:00+00:00,-7.7206045e-05,0.0,0.0,0.0
2026-04-28 20:00:00+00:00,-7.7206045e-05,0.0,0.0,0.0
2026-04-28 21:00:00+00:00,-4.560451e-05,0.0,-0.0,-0.0
2026-04-28 22:00:00+00:00,-0.00010059138,0.0,-0.0,-0.0
2026-04-28 23:00:00+00:00,-6.8989844e-05,0.0,0.0,0.0
2026-04-29 00:00:00+00:00,-6.930363e-05,0.0,0.0,0.0
2026-04-29 01:00:00+00:00,-6.930363e-05,0.0,0.0,0.0
2026-04-29 02:00:00+00:00,0.00036111602,0.0,-0.0,-0.0
2026-04-29 03:00:00+00:00,0.0005222679,0.0,0.0,0.0
2026-04-29 04:00:00+00:00,0.00049117196,0.0,0.0,0.0
2026-04-29 05:00:00+00:00,0.00036323117,0.0,0.0,0.0
2026-04-29 06:00:00+00:00,0.0005222679,0.0,-0.0,-0.0
2026-04-29 07:00:00+00:00,0.0003943271,0.0,0.0,0.0
2026-04-29 08:00:00+00:00,0.0005414793,0.0,0.0,0.0
2026-04-29 09:00:00+00:00,0.00074969535,0.0,0.0,0.0
2026-04-29 10:00:00+00:00,0.0005487462,0.0,-0.0,-0.0
2026-04-29 11:00:00+00:00,0.00051090994,0.0,-0.0,-0.0
2026-04-29 12:00:00+00:00,0.00070375716,0.0,-0.0,-0.0
2026-04-29 13:00:00+00:00,0.0005653398,0.0,-0.0,-0.0
2026-04-29 14:00:00+00:00,0.00057914003,0.0,-0.0,-0.0
2026-04-29 15:00:00+00:00,0.00019456088,0.0,-0.0,-0.0
2026-04-29 16:00:00+00:00,0.0005887487,0.0,-0.0,-0.0
2026-04-29 17:00:00+00:00,0.00054856465,0.0,0.0,0.0
2026-04-29 18:00:00+00:00,0.00038807606,0.0,-0.0,-0.0
2026-04-29 19:00:00+00:00,0.0005599846,0.0,0.0,0.0
2026-04-29 20:00:00+00:00,0.0006625947,0.0,0.0,0.0
2026-04-29 21:00:00+00:00,0.00029760844,0.0,0.0,0.0
2026-04-29 22:00:00+00:00,0.00021771423,0.0,0.0,0.0
2026-04-29 23:00:00+00:00,-6.994589e-06,0.0,-0.0,-0.0
2026-04-30 00:00:00+00:00,-0.00014494154,0.0,0.0,0.0
2026-04-30 01:00:00+00:00,-0.00023795027,0.0,-0.0,-0.0
2026-04-30 02:00:00+00:00,-8.87646e-05,0.0,-0.0,-0.0
2026-04-30 03:00:00+00:00,-0.00022742106,0.0,0.0,0.0
2026-04-30 04:00:00+00:00,-0.00033888448,0.0,-0.0,-0.0
2026-04-30 05:00:00+00:00,-0.00030956022,0.0,0.0,0.0
2026-04-30 06:00:00+00:00,-0.0004232886,0.0,0.0,0.0
2026-04-30 07:00:00+00:00,-0.00019261448,0.0,0.0,0.0
2026-04-30 08:00:00+00:00,-0.00040569858,0.0,0.0,0.0
2026-04-30 09:00:00+00:00,-0.00058300735,0.0,0.0,0.0
2026-04-30 10:00:00+00:00,-0.00073797966,0.0,-0.0,-0.0
2026-04-30 11:00:00+00:00,-0.00073797966,0.0,0.0,0.0
2026-04-30 12:00:00+00:00,-0.00073797966,0.0,0.0,0.0
2026-04-30 13:00:00+00:00,-0.0006773948,0.0,0.0,0.0
2026-04-30 14:00:00+00:00,-0.0004264596,0.0,-0.0,-0.0
2026-04-30 15:00:00+00:00,-0.00036247415,0.0,0.0,0.0
2026-04-30 16:00:00+00:00,0.00048491856,0.0,0.0,0.0
2026-04-30 17:00:00+00:00,0.00048491856,0.0,-0.0,-0.0
2026-04-30 18:00:00+00:00,0.00038223658,0.0,0.0,0.0
2026-04-30 19:00:00+00:00,0.00042330418,0.0,0.0,0.0
2026-04-30 20:00:00+00:00,0.00038223658,0.0,0.0,0.0
2026-04-30 21:00:00+00:00,0.000525986,0.0,-0.0,-0.0
2026-04-30 22:00:00+00:00,0.0005026007,0.0,-0.0,-0.0
2026-04-30 23:00:00+00:00,0.0003999189,0.0,0.0,0.0
2026-05-01 00:00:00+00:00,-7.2095565e-05,0.0,0.0,0.0
2026-05-01 01:00:00+00:00,-0.00013283567,0.0,0.0,0.0
2026-05-01 02:00:00+00:00,-7.2095565e-05,0.0,-0.0,-0.0
2026-05-01 03:00:00+00:00,-3.15187e-05,0.0,0.0,0.0
2026-05-01 04:00:00+00:00,-0.00020480834,0.0,-0.0,-0.0
2026-05-01 05:00:00+00:00,-0.00020480834,0.0,0.0,0.0
2026-05-01 06:00:00+00:00,-0.00020480834,0.0,-0.0,-0.0
2026-05-01 07:00:00+00:00,-0.00020480834,0.0,0.0,0.0
2026-05-01 08:00:00+00:00,3.2798842e-05,0.0,0.0,0.0
2026-05-01 09:00:00+00:00,-0.00036211524,0.0,-0.0,-0.0
2026-05-01 10:00:00+00:00,-0.0005215986,0.0,0.0,0.0
2026-05-01 11:00:00+00:00,-0.0005215986,0.0,0.0,0.0
2026-05-01 12:00:00+00:00,0.0005960173,0.0,0.0,0.0
2026-05-01 13:00:00+00:00,0.0005117623,0.0,0.0,0.0
2026-05-01 14:00:00+00:00,0.0010532597,0.0,-0.0,-0.0
2026-05-01 15:00:00+00:00,0.00087603054,0.0,0.0,0.0
2026-05-01 16:00:00+00:00,0.000933837,0.0,0.0,0.0
2026-05-01 17:00:00+00:00,0.00041054023,0.0,0.0,0.0
2026-05-01 18:00:00+00:00,0.0004258272,0.0,-0.0,-0.0
2026-05-01 19:00:00+00:00,-0.00018303044,0.0,-0.0,-0.0
2026-05-01 20:00:00+00:00,0.00047046505,0.0,-0.0,-0.0
2026-05-01 21:00:00+00:00,-0.0002567781,0.0,0.0,0.0
2026-05-01 22:00:00+00:00,-0.0002803872,0.0,-0.0,-0.0
2026-05-01 23:00:00+00:00,-0.0002803872,0.0,0.0,0.0
2026-05-02 00:00:00+00:00,-3.1912135e-05,0.0,0.0,0.0
2026-05-02 01:00:00+00:00,-8.182506e-05,0.0,-0.0,-0.0
2026-05-02 02:00:00+00:00,-8.182506e-05,0.0,0.0,0.0
2026-05-02 03:00:00+00:00,-0.00011980414,0.0,0.0,0.0
2026-05-02 04:00:00+00:00,0.00012455179,0.0,-0.0,-0.0
2026-05-02 05:00:00+00:00,0.00012455179,0.0,0.0,0.0
2026-05-02 06:00:00+00:00,0.00012455179,0.0,0.0,0.0
2026-05-02 07:00:00+00:00,0.00012455179,0.0,-0.0,-0.0
2026-05-02 08:00:00+00:00,0.00015685306,0.0,0.0,0.0
2026-05-02 09:00:00+00:00,0.00011108009,0.0,-0.0,-0.0
2026-05-02 10:00:00+00:00,0.00011108009,0.0,-0.0,-0.0
2026-05-02 11:00:00+00:00,0.00011108009,0.0,-0.0,-0.0
2026-05-02 12:00:00+00:00,-8.422424e-05,0.0,0.0,0.0
2026-05-02 13:00:00+00:00,-0.00014595446,0.0,0.0,0.0
2026-05-02 14:00:00+00:00,-0.00014595446,0.0,0.0,0.0
2026-05-02 15:00:00+00:00,1.9869156e-05,0.0,0.0,0.0
2026-05-02 16:00:00+00:00,0.00010580317,0.0,0.0,0.0
2026-05-02 17:00:00+00:00,0.00010580317,0.0,-0.0,-0.0
2026-05-02 18:00:00+00:00,0.00010580317,0.0,0.0,0.0
2026-05-02 19:00:00+00:00,0.00010580317,0.0,0.0,0.0
2026-05-02 20:00:00+00:00,0.00010580317,0.0,-0.0,-0.0
2026-05-02 21:00:00+00:00,0.00072316994,0.0,0.0,0.0
2026-05-02 22:00:00+00:00,-0.00037512652,0.0,0.0,0.0
2026-05-02 23:00:00+00:00,0.00012018231,0.0,-0.0,-0.0
2026-05-03 00:00:00+00:00,7.026943e-05,0.0,-0.0,-0.0
2026-05-03 01:00:00+00:00,0.00010193265,0.0,-0.0,-0.0
2026-05-03 02:00:00+00:00,0.00010193265,0.0,-0.0,-0.0
2026-05-03 03:00:00+00:00,0.0001244498,0.0,0.0,0.0
2026-05-03 04:00:00+00:00,0.00056842936,0.0,-0.0,-0.0
2026-05-03 05:00:00+00:00,0.00056842936,0.0,0.0,0.0
2026-05-03 06:00:00+00:00,0.00054591225,0.0,0.0,0.0
2026-05-03 07:00:00+00:00,0.00054591225,0.0,0.0,0.0
2026-05-03 08:00:00+00:00,0.00054591225,0.0,0.0,0.0
2026-05-03 09:00:00+00:00,0.00047190292,0.0,0.0,0.0
2026-05-03 10:00:00+00:00,0.00047190292,0.0,-0.0,-0.0
2026-05-03 11:00:00+00:00,0.00047190292,0.0,0.0,0.0
2026-05-03 12:00:00+00:00,0.00047190292,0.0,0.0,0.0
2026-05-03 13:00:00+00:00,0.00050420425,0.0,-0.0,-0.0
2026-05-03 14:00:00+00:00,0.00052181573,0.0,0.0,0.0
2026-05-03 15:00:00+00:00,0.0005454249,0.0,-0.0,-0.0
2026-05-03 16:00:00+00:00,0.00063135894,0.0,-0.0,-0.0
2026-05-03 17:00:00+00:00,0.00063135894,0.0,0.0,0.0
2026-05-03 18:00:00+00:00,0.00063135894,0.0,0.0,0.0
2026-05-03 19:00:00+00:00,0.0006137474,0.0,0.0,0.0
2026-05-03 20:00:00+00:00,0.00081497425,0.0,0.0,0.0
2026-05-03 21:00:00+00:00,0.0005695214,0.0,-0.0,-0.0
2026-05-03 22:00:00+00:00,0.00058277434,0.0,0.0,0.0
2026-05-03 23:00:00+00:00,0.00017327147,0.0,-0.0,-0.0
2026-05-04 00:00:00+00:00,0.00043944173,0.0,-0.0,-0.0
2026-05-04 01:00:00+00:00,0.0005822639,0.0,0.0,0.0
2026-05-04 02:00:00+00:00,0.0019519954,0.0,0.0,0.0
2026-05-04 03:00:00+00:00,0.0021090265,0.0,0.0,0.0
2026-05-04 04:00:00+00:00,0.0021697667,0.0,0.0,0.0
2026-05-04 05:00:00+00:00,0.0009646738,0.0,-0.0,-0.0
2026-05-04 06:00:00+00:00,0.0009963368,0.0,-0.0,-0.0
2026-05-04 07:00:00+00:00,0.00037502422,0.0,-0.0,-0.0
2026-05-04 08:00:00+00:00,0.0009688308,0.0,0.0,0.0
2026-05-04 09:00:00+00:00,0.00089482125,0.0,0.0,0.0
2026-05-04 10:00:00+00:00,0.00067500566,0.0,-0.0,-0.0
2026-05-04 11:00:00+00:00,0.0013844678,0.0,-0.0,-0.0
2026-05-04 12:00:00+00:00,0.0012008521,0.0,0.0,0.0
2026-05-04 13:00:00+00:00,0.0012785757,0.0,-0.0,-0.0
2026-05-04 14:00:00+00:00,0.0024129152,0.0,0.0,0.0
2026-05-04 15:00:00+00:00,0.0022982422,0.0,-0.0,-0.0
2026-05-04 16:00:00+00:00,0.0022659588,0.0,0.0,0.0
2026-05-04 17:00:00+00:00,0.0021894535,0.0,0.0,0.0
2026-05-04 18:00:00+00:00,0.0022659588,0.0,-0.0,-0.0
2026-05-04 19:00:00+00:00,0.002082343,0.0,-0.0,-0.0
2026-05-04 20:00:00+00:00,0.0013306728,0.0,-0.0,-0.0
2026-05-04 21:00:00+00:00,0.0012770673,0.0,0.0,0.0
2026-05-04 22:00:00+00:00,0.0012710695,0.0,-0.0,-0.0
2026-05-04 23:00:00+00:00,0.0013359057,0.0,-0.0,-0.0
2026-05-05 00:00:00+00:00,0.0009479954,0.0,0.0,0.0
2026-05-05 01:00:00+00:00,0.0009526178,0.0,0.0,0.0
2026-05-05 02:00:00+00:00,0.001297015,0.0,0.0,0.0
2026-05-05 03:00:00+00:00,0.0013638826,0.0,0.0,0.0
2026-05-05 04:00:00+00:00,0.0010655349,0.0,0.0,0.0
2026-05-05 05:00:00+00:00,0.0014246227,0.0,0.0,0.0
2026-05-05 06:00:00+00:00,0.001126275,0.0,0.0,0.0
2026-05-05 07:00:00+00:00,0.001126275,0.0,-0.0,-0.0
2026-05-05 08:00:00+00:00,0.0010485803,0.0,0.0,0.0
2026-05-05 09:00:00+00:00,0.0009563213,0.0,-0.0,-0.0
2026-05-05 10:00:00+00:00,0.0005926945,0.0,0.0,0.0
2026-05-05 11:00:00+00:00,0.0008893993,0.0,0.0,0.0
2026-05-05 12:00:00+00:00,0.0008286593,0.0,0.0,0.0
2026-05-05 13:00:00+00:00,0.0008296169,0.0,0.0,0.0
2026-05-05 14:00:00+00:00,0.00079073675,0.0,0.0,0.0
2026-05-05 15:00:00+00:00,0.001270228,0.0,0.0,0.0
2026-05-05 16:00:00+00:00,0.0007666894,0.0,0.0,0.0
2026-05-05 17:00:00+00:00,0.00046834227,0.0,-0.0,-0.0
2026-05-05 18:00:00+00:00,0.00051825517,0.0,0.0,0.0
2026-05-05 19:00:00+00:00,0.00029406688,0.0,0.0,0.0
2026-05-05 20:00:00+00:00,0.0005924145,0.0,0.0,0.0
2026-05-05 21:00:00+00:00,0.0006889559,0.0,-0.0,-0.0
2026-05-05 22:00:00+00:00,0.0008677498,0.0,-0.0,-0.0
2026-05-05 23:00:00+00:00,0.0005694024,0.0,-0.0,-0.0
2026-05-06 00:00:00+00:00,0.001022877,0.0,0.0,0.0
2026-05-06 01:00:00+00:00,0.0008008852,0.0,0.0,0.0
2026-05-06 02:00:00+00:00,0.0007231905,0.0,-0.0,-0.0
2026-05-06 03:00:00+00:00,0.0006182598,0.0,0.0,0.0
2026-05-06 04:00:00+00:00,0.0007231905,0.0,-0.0,-0.0
2026-05-06 05:00:00+00:00,0.0007231905,0.0,-0.0,-0.0
2026-05-06 06:00:00+00:00,0.0007231905,0.0,0.0,0.0
2026-05-06 07:00:00+00:00,0.0007231905,0.0,-0.0,-0.0
2026-05-06 08:00:00+00:00,0.0008754556,0.0,0.0,0.0
2026-05-06 09:00:00+00:00,0.00085135904,0.0,0.0,0.0
2026-05-06 10:00:00+00:00,0.00074798893,0.0,0.0,0.0
2026-05-06 11:00:00+00:00,0.0016653702,0.0,0.0,0.0
2026-05-06 12:00:00+00:00,0.0009867287,0.0,-0.0,-0.0
2026-05-06 13:00:00+00:00,0.0015453144,0.0,-0.0,-0.0
2026-05-06 14:00:00+00:00,0.0010113349,0.0,-0.0,-0.0
2026-05-06 15:00:00+00:00,0.00070445344,0.0,0.0,0.0
2026-05-06 16:00:00+00:00,0.0007812414,0.0,0.0,0.0
2026-05-06 17:00:00+00:00,0.0007812414,0.0,-0.0,-0.0
2026-05-06 18:00:00+00:00,0.0008129046,0.0,-0.0,-0.0
2026-05-06 19:00:00+00:00,0.0007587243,0.0,0.0,0.0
2026-05-06 20:00:00+00:00,0.0007587243,0.0,-0.0,-0.0
2026-05-06 21:00:00+00:00,0.00074679963,0.0,0.0,0.0
2026-05-06 22:00:00+00:00,0.0007231905,0.0,-0.0,-0.0
2026-05-06 23:00:00+00:00,0.0007231905,0.0,0.0,0.0
2026-05-07 00:00:00+00:00,0.00027663133,0.0,0.0,0.0
2026-05-07 01:00:00+00:00,0.0003509942,0.0,0.0,0.0
2026-05-07 02:00:00+00:00,0.0003509942,0.0,-0.0,-0.0
2026-05-07 03:00:00+00:00,0.00038975343,0.0,-0.0,-0.0
2026-05-07 04:00:00+00:00,0.0004115321,0.0,0.0,0.0
2026-05-07 05:00:00+00:00,0.0003509942,0.0,0.0,0.0
2026-05-07 06:00:00+00:00,0.00028926393,0.0,0.0,0.0
2026-05-07 07:00:00+00:00,0.00058761163,0.0,0.0,0.0
2026-05-07 08:00:00+00:00,0.00028926393,0.0,0.0,0.0
2026-05-07 09:00:00+00:00,0.00022535028,0.0,-0.0,-0.0
2026-05-07 10:00:00+00:00,2.6695416e-05,0.0,-0.0,-0.0
2026-05-07 11:00:00+00:00,2.6695416e-05,0.0,0.0,0.0
2026-05-07 12:00:00+00:00,-4.967827e-06,0.0,0.0,0.0
2026-05-07 13:00:00+00:00,0.00058744114,0.0,-0.0,-0.0
2026-05-07 14:00:00+00:00,0.00033506186,0.0,-0.0,-0.0
2026-05-07 15:00:00+00:00,0.00045761658,0.0,-0.0,-0.0
2026-05-07 16:00:00+00:00,0.00024456257,0.0,0.0,0.0
2026-05-07 17:00:00+00:00,0.00072296866,0.0,0.0,0.0
2026-05-07 18:00:00+00:00,0.0002968372,0.0,0.0,0.0
2026-05-07 19:00:00+00:00,0.00027432007,0.0,-0.0,-0.0
2026-05-07 20:00:00+00:00,0.00027432007,0.0,-0.0,-0.0
2026-05-07 21:00:00+00:00,0.00029405873,0.0,-0.0,-0.0
2026-05-07 22:00:00+00:00,0.00023878632,0.0,0.0,0.0
2026-05-07 23:00:00+00:00,0.00023878632,0.0,0.0,0.0
2026-05-08 00:00:00+00:00,0.00023878632,0.0,0.0,0.0
2026-05-08 01:00:00+00:00,0.00023878632,0.0,-0.0,-0.0
2026-05-08 02:00:00+00:00,0.0003574123,0.0,-0.0,-0.0
2026-05-08 03:00:00+00:00,0.00032574905,0.0,0.0,0.0
2026-05-08 04:00:00+00:00,0.00032574905,0.0,0.0,0.0
2026-05-08 05:00:00+00:00,0.00032574905,0.0,-0.0,-0.0
2026-05-08 06:00:00+00:00,0.00032574905,0.0,-0.0,-0.0
2026-05-08 07:00:00+00:00,0.00032574905,0.0,0.0,0.0
2026-05-08 08:00:00+00:00,-0.00019815206,0.0,0.0,0.0
2026-05-08 09:00:00+00:00,-0.00035545914,0.0,-0.0,-0.0
2026-05-08 10:00:00+00:00,-0.00045440465,0.0,0.0,0.0
2026-05-08 11:00:00+00:00,-0.00045440465,0.0,0.0,0.0
2026-05-08 12:00:00+00:00,-0.00019367917,0.0,-0.0,-0.0
2026-05-08 13:00:00+00:00,-0.00012439412,0.0,-0.0,-0.0
2026-05-08 14:00:00+00:00,-0.00010614445,0.0,0.0,0.0
2026-05-08 15:00:00+00:00,1.6410253e-05,0.0,0.0,0.0
2026-05-08 16:00:00+00:00,-0.00016261832,0.0,0.0,0.0
2026-05-08 17:00:00+00:00,-1.896841e-05,0.0,0.0,0.0
2026-05-08 18:00:00+00:00,-0.00011270544,0.0,0.0,0.0
2026-05-08 19:00:00+00:00,-0.00011270544,0.0,0.0,0.0
2026-05-08 20:00:00+00:00,-0.00016261832,0.0,-0.0,-0.0
2026-05-08 21:00:00+00:00,-0.00017454295,0.0,0.0,0.0
2026-05-08 22:00:00+00:00,-0.00019815206,0.0,0.0,0.0
2026-05-08 23:00:00+00:00,-0.00019815206,0.0,-0.0,-0.0
2026-05-09 00:00:00+00:00,5.0322888e-05,0.0,0.0,0.0
2026-05-09 01:00:00+00:00,0.00010023581,0.0,0.0,0.0
2026-05-09 02:00:00+00:00,-1.0417204e-05,0.0,0.0,0.0
2026-05-09 03:00:00+00:00,5.0322888e-05,0.0,-0.0,-0.0
2026-05-09 04:00:00+00:00,0.00010023581,0.0,0.0,0.0
2026-05-09 05:00:00+00:00,5.0322888e-05,0.0,-0.0,-0.0
2026-05-09 06:00:00+00:00,5.0322888e-05,0.0,-0.0,-0.0
2026-05-09 07:00:00+00:00,5.0322888e-05,0.0,-0.0,-0.0
2026-05-09 08:00:00+00:00,5.0322888e-05,0.0,0.0,0.0
2026-05-09 09:00:00+00:00,-2.3686476e-05,0.0,-0.0,-0.0
2026-05-09 10:00:00+00:00,-2.3686476e-05,0.0,0.0,0.0
2026-05-09 11:00:00+00:00,-2.3686476e-05,0.0,0.0,0.0
2026-05-09 12:00:00+00:00,0.00020768736,0.0,0.0,0.0
2026-05-09 13:00:00+00:00,0.00025276354,0.0,-0.0,-0.0
2026-05-09 14:00:00+00:00,0.00025276354,0.0,-0.0,-0.0
2026-05-09 15:00:00+00:00,0.00027637268,0.0,0.0,0.0
2026-05-09 16:00:00+00:00,0.000463165,0.0,0.0,0.0
2026-05-09 17:00:00+00:00,0.0006013316,0.0,0.0,0.0
2026-05-09 18:00:00+00:00,2.0225281e-05,0.0,0.0,0.0
2026-05-09 19:00:00+00:00,2.0225281e-05,0.0,0.0,0.0
2026-05-09 20:00:00+00:00,0.00070371386,0.0,-0.0,-0.0
2026-05-09 21:00:00+00:00,0.00074170204,0.0,-0.0,-0.0
2026-05-09 22:00:00+00:00,0.0007180929,0.0,-0.0,-0.0
2026-05-09 23:00:00+00:00,0.000326773,0.0,-0.0,-0.0
2026-05-10 00:00:00+00:00,0.000326773,0.0,0.0,0.0
2026-05-10 01:00:00+00:00,0.000326773,0.0,0.0,0.0
2026-05-10 02:00:00+00:00,0.0007180929,0.0,0.0,0.0
2026-05-10 03:00:00+00:00,0.00066818006,0.0,-0.0,-0.0
2026-05-10 04:00:00+00:00,0.00066818006,0.0,-0.0,-0.0
2026-05-10 05:00:00+00:00,0.000326773,0.0,-0.0,-0.0
2026-05-10 06:00:00+00:00,0.00042763125,0.0,0.0,0.0
2026-05-10 07:00:00+00:00,0.000326773,0.0,-0.0,-0.0
2026-05-10 08:00:00+00:00,0.0007325321,0.0,0.0,0.0
2026-05-10 09:00:00+00:00,0.0006585226,0.0,-0.0,-0.0
2026-05-10 10:00:00+00:00,0.0006585226,0.0,0.0,0.0
2026-05-10 11:00:00+00:00,0.0006585226,0.0,-0.0,-0.0
2026-05-10 12:00:00+00:00,0.0006585226,0.0,0.0,0.0
2026-05-10 13:00:00+00:00,0.0006585226,0.0,0.0,0.0
2026-05-10 14:00:00+00:00,0.0005979851,0.0,0.0,0.0
2026-05-10 15:00:00+00:00,0.0010320285,0.0,0.0,0.0
2026-05-10 16:00:00+00:00,0.0014279394,0.0,-0.0,-0.0
2026-05-10 17:00:00+00:00,0.0014896696,0.0,0.0,0.0
2026-05-10 18:00:00+00:00,0.0007003644,0.0,-0.0,-0.0
2026-05-10 19:00:00+00:00,0.00090817775,0.0,0.0,0.0
2026-05-10 20:00:00+00:00,-0.00018480657,0.0,-0.0,-0.0
2026-05-10 21:00:00+00:00,0.0003513002,0.0,-0.0,-0.0
2026-05-10 22:00:00+00:00,0.00017263151,0.0,0.0,0.0
2026-05-10 23:00:00+00:00,0.0011618981,0.0,0.0,0.0
2026-05-11 00:00:00+00:00,0.0009331266,0.0,-0.0,-0.0
2026-05-11 01:00:00+00:00,0.0011814488,0.0,0.0,0.0
2026-05-11 02:00:00+00:00,0.001131536,0.0,-0.0,-0.0
2026-05-11 03:00:00+00:00,0.0012178366,0.0,-0.0,-0.0
2026-05-11 04:00:00+00:00,0.0006274675,0.0,0.0,0.0
2026-05-11 05:00:00+00:00,0.00050206715,0.0,0.0,0.0
2026-05-11 06:00:00+00:00,0.00050206715,0.0,-0.0,-0.0
2026-05-11 07:00:00+00:00,0.00050206715,0.0,-0.0,-0.0
2026-05-11 08:00:00+00:00,0.00047955004,0.0,0.0,0.0
2026-05-11 09:00:00+00:00,0.00040554052,0.0,0.0,0.0
2026-05-11 10:00:00+00:00,0.00040554052,0.0,-0.0,-0.0
2026-05-11 11:00:00+00:00,0.00040554052,0.0,0.0,0.0
2026-05-11 12:00:00+00:00,0.00040554052,0.0,-0.0,-0.0
2026-05-11 13:00:00+00:00,0.00058915635,0.0,0.0,0.0
2026-05-11 14:00:00+00:00,0.00058915635,0.0,-0.0,-0.0
2026-05-11 15:00:00+00:00,0.0006626783,0.0,0.0,0.0
2026-05-11 16:00:00+00:00,0.00052078767,0.0,0.0,0.0
2026-05-11 17:00:00+00:00,0.00076557125,0.0,0.0,0.0
2026-05-11 18:00:00+00:00,0.0004821534,0.0,-0.0,-0.0
2026-05-11 19:00:00+00:00,0.00058195554,0.0,0.0,0.0
2026-05-11 20:00:00+00:00,0.00014492022,0.0,-0.0,-0.0
2026-05-11 21:00:00+00:00,0.0003156213,0.0,0.0,0.0
2026-05-11 22:00:00+00:00,0.00029201215,0.0,0.0,0.0
2026-05-11 23:00:00+00:00,0.00029201215,0.0,-0.0,-0.0
2026-05-12 00:00:00+00:00,0.00023010667,0.0,0.0,0.0
2026-05-12 01:00:00+00:00,0.00033030089,0.0,-0.0,-0.0
2026-05-12 02:00:00+00:00,0.00023437425,0.0,0.0,0.0
2026-05-12 03:00:00+00:00,0.00029491197,0.0,-0.0,-0.0
2026-05-12 04:00:00+00:00,0.00020271102,0.0,0.0,0.0
2026-05-12 05:00:00+00:00,0.00020271102,0.0,-0.0,-0.0
2026-05-12 06:00:00+00:00,0.00020271102,0.0,-0.0,-0.0
2026-05-12 07:00:00+00:00,0.00045601037,0.0,-0.0,-0.0
2026-05-12 08:00:00+00:00,0.00089786464,0.0,-0.0,-0.0
2026-05-12 09:00:00+00:00,0.00076967484,0.0,0.0,0.0
2026-05-12 10:00:00+00:00,0.000792192,0.0,-0.0,-0.0
2026-05-12 11:00:00+00:00,0.000792192,0.0,0.0,0.0
2026-05-12 12:00:00+00:00,0.0009532905,0.0,0.0,0.0
2026-05-12 13:00:00+00:00,0.0009532905,0.0,-0.0,-0.0
2026-05-12 14:00:00+00:00,0.0009629164,0.0,0.0,0.0
2026-05-12 15:00:00+00:00,0.001040706,0.0,-0.0,-0.0
2026-05-12 16:00:00+00:00,0.0005763734,0.0,-0.0,-0.0
2026-05-12 17:00:00+00:00,0.0005965047,0.0,0.0,0.0
2026-05-12 18:00:00+00:00,0.00050662656,0.0,0.0,0.0
2026-05-12 19:00:00+00:00,0.00041288935,0.0,0.0,0.0
2026-05-12 20:00:00+00:00,0.00041288935,0.0,-0.0,-0.0
2026-05-12 21:00:00+00:00,0.00040096475,0.0,-0.0,-0.0
2026-05-12 22:00:00+00:00,0.0003773556,0.0,0.0,0.0
2026-05-12 23:00:00+00:00,0.0003773556,0.0,-0.0,-0.0
2026-05-13 00:00:00+00:00,0.0010339518,0.0,0.0,0.0
2026-05-13 01:00:00+00:00,0.0012674807,0.0,0.0,0.0
2026-05-13 02:00:00+00:00,0.0010838648,0.0,0.0,0.0
2026-05-13 03:00:00+00:00,0.0010231247,0.0,0.0,0.0
2026-05-13 04:00:00+00:00,0.0010231247,0.0,-0.0,-0.0
2026-05-13 05:00:00+00:00,0.0010838648,0.0,-0.0,-0.0
2026-05-13 06:00:00+00:00,0.0010339518,0.0,-0.0,-0.0
2026-05-13 07:00:00+00:00,0.0010339518,0.0,0.0,0.0
2026-05-13 08:00:00+00:00,0.00039289042,0.0,0.0,0.0
2026-05-13 09:00:00+00:00,0.00031888104,0.0,0.0,0.0
2026-05-13 10:00:00+00:00,0.00038216313,0.0,-0.0,-0.0
2026-05-13 11:00:00+00:00,0.00056750426,0.0,-0.0,-0.0
2026-05-13 12:00:00+00:00,0.00088704855,0.0,-0.0,-0.0
2026-05-13 13:00:00+00:00,0.0004637942,0.0,-0.0,-0.0
2026-05-13 14:00:00+00:00,0.00061510934,0.0,0.0,0.0
2026-05-13 15:00:00+00:00,-0.00062796095,0.0,-0.0,-0.0
2026-05-13 16:00:00+00:00,0.0010774004,0.0,0.0,0.0
2026-05-13 17:00:00+00:00,0.001543004,0.0,0.0,0.0
2026-05-13 18:00:00+00:00,0.00161776,0.0,0.0,0.0
2026-05-13 19:00:00+00:00,0.0013717976,0.0,0.0,0.0
2026-05-13 20:00:00+00:00,0.0013717976,0.0,0.0,0.0
2026-05-13 21:00:00+00:00,0.00039400382,0.0,-0.0,-0.0
2026-05-13 22:00:00+00:00,0.00032370552,0.0,0.0,0.0
2026-05-13 23:00:00+00:00,0.00035536877,0.0,-0.0,-0.0
2026-05-14 00:00:00+00:00,0.00012888043,0.0,0.0,0.0
2026-05-14 01:00:00+00:00,0.00012888043,0.0,0.0,0.0
2026-05-14 02:00:00+00:00,-7.286252e-05,0.0,-0.0,-0.0
2026-05-14 03:00:00+00:00,0.00014241635,0.0,-0.0,-0.0
2026-05-14 04:00:00+00:00,-0.000110373,0.0,0.0,0.0
2026-05-14 05:00:00+00:00,0.00018643962,0.0,0.0,0.0
2026-05-14 06:00:00+00:00,2.82391e-06,0.0,-0.0,-0.0
2026-05-14 07:00:00+00:00,2.82391e-06,0.0,-0.0,-0.0
2026-05-14 08:00:00+00:00,2.82391e-06,0.0,0.0,0.0
2026-05-14 09:00:00+00:00,-2.8426603e-05,0.0,-0.0,-0.0
2026-05-14 10:00:00+00:00,-0.00012737223,0.0,-0.0,-0.0
2026-05-14 11:00:00+00:00,-0.000345367,0.0,-0.0,-0.0
2026-05-14 12:00:00+00:00,-0.00012265438,0.0,0.0,0.0
2026-05-14 13:00:00+00:00,6.586948e-05,0.0,-0.0,-0.0
2026-05-14 14:00:00+00:00,0.0005469577,0.0,0.0,0.0
2026-05-14 15:00:00+00:00,0.0013206998,0.0,0.0,0.0
2026-05-14 16:00:00+00:00,0.0024223162,0.0,0.0,0.0
2026-05-14 17:00:00+00:00,0.0018031894,0.0,-0.0,-0.0
2026-05-14 18:00:00+00:00,0.0007974688,0.0,-0.0,-0.0
2026-05-14 19:00:00+00:00,0.0011726251,0.0,-0.0,-0.0
2026-05-14 20:00:00+00:00,0.0003608184,0.0,-0.0,-0.0
2026-05-14 21:00:00+00:00,0.0002490917,0.0,-0.0,-0.0
2026-05-14 22:00:00+00:00,0.00022548255,0.0,0.0,0.0
2026-05-14 23:00:00+00:00,0.0002479997,0.0,-0.0,-0.0
2026-05-15 00:00:00+00:00,0.0001611305,0.0,0.0,0.0
2026-05-15 01:00:00+00:00,0.0001611305,0.0,-0.0,-0.0
2026-05-15 02:00:00+00:00,0.0002948334,0.0,0.0,0.0
2026-05-15 03:00:00+00:00,0.00014288074,0.0,-0.0,-0.0
2026-05-15 04:00:00+00:00,0.00016539787,0.0,-0.0,-0.0
2026-05-15 05:00:00+00:00,0.00035863984,0.0,-0.0,-0.0
2026-05-15 06:00:00+00:00,0.0002961725,0.0,0.0,0.0
2026-05-15 07:00:00+00:00,0.0002948334,0.0,0.0,0.0
2026-05-15 08:00:00+00:00,0.00013373465,0.0,0.0,0.0
2026-05-15 09:00:00+00:00,-2.3572364e-05,0.0,-0.0,-0.0
2026-05-15 10:00:00+00:00,-0.0001450351,0.0,0.0,0.0
2026-05-15 11:00:00+00:00,-0.0001450351,0.0,-0.0,-0.0
2026-05-15 12:00:00+00:00,0.00015331227,0.0,-0.0,-0.0
2026-05-15 13:00:00+00:00,0.0011067482,0.0,-0.0,-0.0
2026-05-15 14:00:00+00:00,0.0008199699,0.0,0.0,0.0
2026-05-15 15:00:00+00:00,0.0009925921,0.0,-0.0,-0.0
2026-05-15 16:00:00+00:00,0.0013224395,0.0,0.0,0.0
2026-05-15 17:00:00+00:00,0.0010862575,0.0,0.0,0.0
2026-05-15 18:00:00+00:00,0.0015392615,0.0,-0.0,-0.0
2026-05-15 19:00:00+00:00,0.0007908696,0.0,-0.0,-0.0
2026-05-15 20:00:00+00:00,0.0008225328,0.0,-0.0,-0.0
2026-05-15 21:00:00+00:00,0.00077894493,0.0,-0.0,-0.0
2026-05-15 22:00:00+00:00,0.0007553358,0.0,0.0,0.0
2026-05-15 23:00:00+00:00,0.00030233208,0.0,0.0,0.0
2026-05-16 00:00:00+00:00,0.0002504843,0.0,0.0,0.0
2026-05-16 01:00:00+00:00,0.00021357388,0.0,0.0,0.0
2026-05-16 02:00:00+00:00,0.00021357388,0.0,-0.0,-0.0
2026-05-16 03:00:00+00:00,0.00021357388,0.0,-0.0,-0.0
2026-05-16 04:00:00+00:00,0.00021357388,0.0,-0.0,-0.0
2026-05-16 05:00:00+00:00,0.00021357388,0.0,-0.0,-0.0
2026-05-16 06:00:00+00:00,0.0003674321,0.0,-0.0,-0.0
2026-05-16 07:00:00+00:00,0.00031665352,0.0,-0.0,-0.0
2026-05-16 08:00:00+00:00,0.00018381634,0.0,0.0,0.0
2026-05-16 09:00:00+00:00,0.00010438807,0.0,-0.0,-0.0
2026-05-16 10:00:00+00:00,0.00013142527,0.0,-0.0,-0.0
2026-05-16 11:00:00+00:00,0.00014671728,0.0,0.0,0.0
2026-05-16 12:00:00+00:00,0.00011505407,0.0,-0.0,-0.0
2026-05-16 13:00:00+00:00,5.5626577e-05,0.0,0.0,0.0
2026-05-16 14:00:00+00:00,5.5626577e-05,0.0,0.0,0.0
2026-05-16 15:00:00+00:00,0.00016317348,0.0,0.0,0.0
2026-05-16 16:00:00+00:00,0.0003134596,0.0,-0.0,-0.0
2026-05-16 17:00:00+00:00,0.0003554992,0.0,-0.0,-0.0
2026-05-16 18:00:00+00:00,0.000417695,0.0,0.0,0.0
2026-05-16 19:00:00+00:00,0.000417695,0.0,0.0,0.0
2026-05-16 20:00:00+00:00,0.000417695,0.0,-0.0,-0.0
2026-05-16 21:00:00+00:00,0.0004057704,0.0,0.0,0.0
2026-05-16 22:00:00+00:00,0.00038216126,0.0,-0.0,-0.0
2026-05-16 23:00:00+00:00,0.00038216126,0.0,-0.0,-0.0
2026-05-17 00:00:00+00:00,0.00029822352,0.0,-0.0,-0.0
2026-05-17 01:00:00+00:00,0.0003524039,0.0,-0.0,-0.0
2026-05-17 02:00:00+00:00,0.00031996547,0.0,0.0,0.0
2026-05-17 03:00:00+00:00,0.00027792586,0.0,0.0,0.0
2026-05-17 04:00:00+00:00,0.00031996547,0.0,0.0,0.0
2026-05-17 05:00:00+00:00,0.00027792586,0.0,-0.0,-0.0
2026-05-17 06:00:00+00:00,0.00038216126,0.0,-0.0,-0.0
2026-05-17 07:00:00+00:00,0.00038216126,0.0,0.0,0.0
2026-05-17 08:00:00+00:00,0.00032508472,0.0,-0.0,-0.0
2026-05-17 09:00:00+00:00,0.00025107537,0.0,0.0,0.0
2026-05-17 10:00:00+00:00,0.00025107537,0.0,0.0,0.0
2026-05-17 11:00:00+00:00,0.00025107537,0.0,-0.0,-0.0
2026-05-17 12:00:00+00:00,0.0002833767,0.0,-0.0,-0.0
2026-05-17 13:00:00+00:00,0.00030098826,0.0,-0.0,-0.0
2026-05-17 14:00:00+00:00,0.00028273862,0.0,-0.0,-0.0
2026-05-17 15:00:00+00:00,2.0386273e-05,0.0,-0.0,-0.0
2026-05-17 16:00:00+00:00,-0.000716734,0.0,-0.0,-0.0
2026-05-17 17:00:00+00:00,-0.00058811717,0.0,0.0,0.0
2026-05-17 18:00:00+00:00,9.9044824e-05,0.0,0.0,0.0
2026-05-17 19:00:00+00:00,0.00021857639,0.0,0.0,0.0
2026-05-17 20:00:00+00:00,9.9044824e-05,0.0,-0.0,-0.0
2026-05-17 21:00:00+00:00,0.00020665176,0.0,0.0,0.0
2026-05-17 22:00:00+00:00,-0.0005422823,0.0,-0.0,-0.0
2026-05-17 23:00:00+00:00,-0.0006195796,0.0,-0.0,-0.0
2026-05-18 00:00:00+00:00,0.00020772363,0.0,0.0,0.0
2026-05-18 01:00:00+00:00,-3.3797907e-05,0.0,-0.0,-0.0
2026-05-18 02:00:00+00:00,-0.00029550528,0.0,-0.0,-0.0
2026-05-18 03:00:00+00:00,-0.0002624546,0.0,0.0,0.0
2026-05-18 04:00:00+00:00,-0.00028313132,0.0,0.0,0.0
2026-05-18 05:00:00+00:00,-0.00015441822,0.0,-0.0,-0.0
2026-05-18 06:00:00+00:00,0.00012141225,0.0,-0.0,-0.0
2026-05-18 07:00:00+00:00,-0.0003105456,0.0,0.0,0.0
2026-05-18 08:00:00+00:00,-0.0004124612,0.0,-0.0,-0.0
2026-05-18 09:00:00+00:00,-0.00034813114,0.0,-0.0,-0.0
2026-05-18 10:00:00+00:00,-0.0006341046,0.0,-0.0,-0.0
2026-05-18 11:00:00+00:00,0.00026487678,0.0,0.0,0.0
2026-05-18 12:00:00+00:00,0.0003670043,0.0,0.0,0.0
2026-05-18 13:00:00+00:00,0.0012888629,0.0,-0.0,-0.0
2026-05-18 14:00:00+00:00,0.0012276389,0.0,-0.0,-0.0
2026-05-18 15:00:00+00:00,0.0013277236,0.0,0.0,0.0
2026-05-18 16:00:00+00:00,0.0014875574,0.0,-0.0,-0.0
2026-05-18 17:00:00+00:00,0.001241999,0.0,0.0,0.0
2026-05-18 18:00:00+00:00,0.00029288238,0.0,-0.0,-0.0
2026-05-18 19:00:00+00:00,0.001086368,0.0,0.0,0.0
2026-05-18 20:00:00+00:00,0.0007082169,0.0,-0.0,-0.0
2026-05-18 21:00:00+00:00,0.00069629226,0.0,0.0,0.0
2026-05-18 22:00:00+00:00,0.0006726831,0.0,-0.0,-0.0
2026-05-18 23:00:00+00:00,0.0006726831,0.0,-0.0,-0.0
2026-05-19 00:00:00+00:00,-0.0004897915,0.0,0.0,0.0
2026-05-19 01:00:00+00:00,-0.00023272948,0.0,-0.0,-0.0
2026-05-19 02:00:00+00:00,-0.00026266722,0.0,-0.0,-0.0
2026-05-19 03:00:00+00:00,-0.00040100663,0.0,0.0,0.0
2026-05-19 04:00:00+00:00,-0.0004398786,0.0,0.0,0.0
2026-05-19 05:00:00+00:00,-0.0004897915,0.0,-0.0,-0.0
2026-05-19 06:00:00+00:00,-0.00048157794,0.0,0.0,0.0
2026-05-19 07:00:00+00:00,-0.0005314908,0.0,0.0,0.0
2026-05-19 08:00:00+00:00,-0.0005314908,0.0,-0.0,-0.0
2026-05-19 09:00:00+00:00,-0.0006055004,0.0,-0.0,-0.0
2026-05-19 10:00:00+00:00,-0.0006055004,0.0,0.0,0.0
2026-05-19 11:00:00+00:00,-0.00047501604,0.0,-0.0,-0.0
2026-05-19 12:00:00+00:00,-0.0006055004,0.0,0.0,0.0
2026-05-19 13:00:00+00:00,-0.00042188464,0.0,-0.0,-0.0
2026-05-19 14:00:00+00:00,-0.00012264327,0.0,-0.0,-0.0
2026-05-19 15:00:00+00:00,-0.0001711512,0.0,0.0,0.0
2026-05-19 16:00:00+00:00,-0.0005456624,0.0,0.0,0.0
2026-05-19 17:00:00+00:00,-0.000495957,0.0,-0.0,-0.0
2026-05-19 18:00:00+00:00,-0.000495957,0.0,-0.0,-0.0
2026-05-19 19:00:00+00:00,-0.000495957,0.0,0.0,0.0
2026-05-19 20:00:00+00:00,-0.000495957,0.0,0.0,0.0
2026-05-19 21:00:00+00:00,-0.00050788163,0.0,-0.0,-0.0
2026-05-19 22:00:00+00:00,-0.0005314908,0.0,-0.0,-0.0
2026-05-19 23:00:00+00:00,-0.0005314908,0.0,0.0,0.0
2026-05-20 00:00:00+00:00,-9.143214e-06,0.0,-0.0,-0.0
2026-05-20 01:00:00+00:00,3.255614e-05,0.0,0.0,0.0
2026-05-20 02:00:00+00:00,3.255614e-05,0.0,-0.0,-0.0
2026-05-20 03:00:00+00:00,3.255614e-05,0.0,0.0,0.0
2026-05-20 04:00:00+00:00,3.255614e-05,0.0,0.0,0.0
2026-05-20 05:00:00+00:00,0.00017447244,0.0,0.0,0.0
2026-05-20 06:00:00+00:00,-1.9970492e-05,0.0,0.0,0.0
2026-05-20 07:00:00+00:00,4.0769628e-05,0.0,-0.0,-0.0
2026-05-20 08:00:00+00:00,0.00022438532,0.0,0.0,0.0
2026-05-20 09:00:00+00:00,-3.323975e-05,0.0,0.0,0.0
2026-05-20 10:00:00+00:00,-8.294509e-05,0.0,0.0,0.0
2026-05-20 11:00:00+00:00,-8.294509e-05,0.0,-0.0,-0.0
2026-05-20 12:00:00+00:00,-0.0001436852,0.0,0.0,0.0
2026-05-20 13:00:00+00:00,5.075767e-05,0.0,-0.0,-0.0
2026-05-20 14:00:00+00:00,0.00010067061,0.0,0.0,0.0
2026-05-20 15:00:00+00:00,0.00012427972,0.0,0.0,0.0
2026-05-20 16:00:00+00:00,2.6598042e-05,0.0,-0.0,-0.0
2026-05-20 17:00:00+00:00,-2.3314806e-05,0.0,0.0,0.0
2026-05-20 18:00:00+00:00,-2.3314806e-05,0.0,-0.0,-0.0
2026-05-20 19:00:00+00:00,-2.3314806e-05,0.0,0.0,0.0
2026-05-20 20:00:00+00:00,-2.3314806e-05,0.0,0.0,0.0
2026-05-20 21:00:00+00:00,-3.523943e-05,0.0,-0.0,-0.0
2026-05-20 22:00:00+00:00,-5.884855e-05,0.0,0.0,0.0
2026-05-20 23:00:00+00:00,-5.884855e-05,0.0,0.0,0.0
2026-05-21 00:00:00+00:00,-0.00070679595,0.0,0.0,0.0
2026-05-21 01:00:00+00:00,-0.0007797586,0.0,-0.0,-0.0
2026-05-21 02:00:00+00:00,-0.0007797586,0.0,0.0,0.0
2026-05-21 03:00:00+00:00,-0.0008404987,0.0,0.0,0.0
2026-05-21 04:00:00+00:00,-0.0007797586,0.0,-0.0,-0.0
2026-05-21 05:00:00+00:00,-0.00082967133,0.0,-0.0,-0.0
2026-05-21 06:00:00+00:00,-0.0007980081,0.0,-0.0,-0.0
2026-05-21 07:00:00+00:00,-0.00082967133,0.0,0.0,0.0
2026-05-21 08:00:00+00:00,-0.0003751575,0.0,0.0,0.0
2026-05-21 09:00:00+00:00,-0.0005099475,0.0,-0.0,-0.0
2026-05-21 10:00:00+00:00,-0.0003936141,0.0,-0.0,-0.0
2026-05-21 11:00:00+00:00,-0.00057722983,0.0,-0.0,-0.0
2026-05-21 12:00:00+00:00,-0.000599747,0.0,0.0,0.0
2026-05-21 13:00:00+00:00,-0.00042527734,0.0,-0.0,-0.0
2026-05-21 14:00:00+00:00,-0.00042841322,0.0,-0.0,-0.0
2026-05-21 15:00:00+00:00,-0.00045915015,0.0,0.0,0.0
2026-05-21 16:00:00+00:00,-0.00024821915,0.0,-0.0,-0.0
2026-05-21 17:00:00+00:00,-9.667681e-05,0.0,0.0,0.0
2026-05-21 18:00:00+00:00,0.00032936595,0.0,-0.0,-0.0
2026-05-21 19:00:00+00:00,4.224943e-05,0.0,0.0,0.0
2026-05-21 20:00:00+00:00,4.320178e-05,0.0,0.0,0.0
2026-05-21 21:00:00+00:00,3.1277163e-05,0.0,-0.0,-0.0
2026-05-21 22:00:00+00:00,3.9969393e-05,0.0,-0.0,-0.0
2026-05-21 23:00:00+00:00,-0.00029315092,0.0,-0.0,-0.0
2026-05-22 00:00:00+00:00,-0.00073826656,0.0,-0.0,-0.0
2026-05-22 01:00:00+00:00,-0.00073005323,0.0,0.0,0.0
2026-05-22 02:00:00+00:00,-0.00073005323,0.0,0.0,0.0
2026-05-22 03:00:00+00:00,-0.0007797586,0.0,0.0,0.0
2026-05-22 04:00:00+00:00,-0.0007797586,0.0,-0.0,-0.0
2026-05-22 05:00:00+00:00,-0.00082967133,0.0,-0.0,-0.0
2026-05-22 06:00:00+00:00,-0.0007980081,0.0,-0.0,-0.0
2026-05-22 07:00:00+00:00,-0.00082967133,0.0,-0.0,-0.0
2026-05-22 08:00:00+00:00,-0.00014329492,0.0,0.0,0.0
2026-05-22 09:00:00+00:00,-0.00027808483,0.0,0.0,0.0
2026-05-22 10:00:00+00:00,-0.0003995474,0.0,0.0,0.0
2026-05-22 11:00:00+00:00,-0.00046008523,0.0,0.0,0.0
2026-05-22 12:00:00+00:00,-0.0003995474,0.0,0.0,0.0
2026-05-22 13:00:00+00:00,-8.987543e-05,0.0,-0.0,-0.0
2026-05-22 14:00:00+00:00,-0.00062767084,0.0,-0.0,-0.0
2026-05-22 15:00:00+00:00,-8.293098e-07,0.0,0.0,0.0
2026-05-22 16:00:00+00:00,-1.4393409e-05,0.0,0.0,0.0
2026-05-22 17:00:00+00:00,-2.3539513e-05,0.0,-0.0,-0.0
2026-05-22 18:00:00+00:00,0.00016970218,0.0,-0.0,-0.0
2026-05-22 19:00:00+00:00,-0.00041967654,0.0,-0.0,-0.0
2026-05-22 20:00:00+00:00,0.00032794956,0.0,0.0,0.0
2026-05-22 21:00:00+00:00,0.00017003088,0.0,0.0,0.0
2026-05-22 22:00:00+00:00,0.00016446387,0.0,-0.0,-0.0
2026-05-22 23:00:00+00:00,0.00034212114,0.0,-0.0,-0.0
2026-05-23 00:00:00+00:00,0.0005218046,0.0,-0.0,-0.0
2026-05-23 01:00:00+00:00,0.00039042195,0.0,0.0,0.0
2026-05-23 02:00:00+00:00,0.0004129391,0.0,0.0,0.0
2026-05-23 03:00:00+00:00,0.00039042195,0.0,0.0,0.0
2026-05-23 04:00:00+00:00,0.00039042195,0.0,-0.0,-0.0
2026-05-23 05:00:00+00:00,0.00039042195,0.0,-0.0,-0.0
2026-05-23 06:00:00+00:00,0.00034071662,0.0,-0.0,-0.0
2026-05-23 07:00:00+00:00,-0.0005348871,0.0,-0.0,-0.0
2026-05-23 08:00:00+00:00,0.00015623834,0.0,0.0,0.0
2026-05-23 09:00:00+00:00,-0.00011101281,0.0,-0.0,-0.0
2026-05-23 10:00:00+00:00,-0.0001923814,0.0,0.0,0.0
2026-05-23 11:00:00+00:00,0.00017041642,0.0,0.0,0.0
2026-05-23 12:00:00+00:00,0.00025501088,0.0,-0.0,-0.0
2026-05-23 13:00:00+00:00,0.00053426076,0.0,0.0,0.0
2026-05-23 14:00:00+00:00,0.00054388674,0.0,0.0,0.0
2026-05-23 15:00:00+00:00,0.0005578699,0.0,-0.0,-0.0
2026-05-23 16:00:00+00:00,0.0005245401,0.0,-0.0,-0.0
2026-05-23 17:00:00+00:00,0.0005245401,0.0,0.0,0.0
2026-05-23 18:00:00+00:00,0.00056260737,0.0,0.0,0.0
2026-05-23 19:00:00+00:00,0.0003557454,0.0,0.0,0.0
2026-05-23 20:00:00+00:00,0.0024826918,0.0,0.0,0.0
2026-05-23 21:00:00+00:00,0.0011708941,0.0,-0.0,-0.0
2026-05-23 22:00:00+00:00,0.0009241053,0.0,-0.0,-0.0
2026-05-23 23:00:00+00:00,0.00095576874,0.0,0.0,0.0
2026-05-24 00:00:00+00:00,-0.000119678385,0.0,0.0,0.0
2026-05-24 01:00:00+00:00,-0.000119678385,0.0,0.0,0.0
2026-05-24 02:00:00+00:00,-0.0003360205,0.0,-0.0,-0.0
2026-05-24 03:00:00+00:00,-0.00035853763,0.0,-0.0,-0.0
2026-05-24 04:00:00+00:00,-0.00035853763,0.0,0.0,0.0
2026-05-24 05:00:00+00:00,-0.00035853763,0.0,0.0,0.0
2026-05-24 06:00:00+00:00,-0.00035853763,0.0,0.0,0.0
2026-05-24 07:00:00+00:00,-0.00043787446,0.0,-0.0,-0.0
2026-05-24 08:00:00+00:00,-0.00048778736,0.0,0.0,0.0
2026-05-24 09:00:00+00:00,-0.000561797,0.0,0.0,0.0
2026-05-24 10:00:00+00:00,-0.0003282684,0.0,0.0,0.0
2026-05-24 11:00:00+00:00,-0.00030407074,0.0,0.0,0.0
2026-05-24 12:00:00+00:00,-0.000561797,0.0,-0.0,-0.0
2026-05-24 13:00:00+00:00,-0.0004507967,0.0,-0.0,-0.0
2026-05-24 14:00:00+00:00,-0.00035487005,0.0,-0.0,-0.0
2026-05-24 15:00:00+00:00,-0.00040467043,0.0,-0.0,-0.0
2026-05-24 16:00:00+00:00,-0.00035039967,0.0,0.0,0.0
2026-05-24 17:00:00+00:00,-0.00038837877,0.0,0.0,0.0
2026-05-24 18:00:00+00:00,-0.00038837877,0.0,-0.0,-0.0
2026-05-24 19:00:00+00:00,-0.0004108959,0.0,0.0,0.0
2026-05-24 20:00:00+00:00,-0.0004108959,0.0,-0.0,-0.0
2026-05-24 21:00:00+00:00,-0.00022189977,0.0,-0.0,-0.0
2026-05-24 22:00:00+00:00,-0.00010580446,0.0,0.0,0.0
2026-05-24 23:00:00+00:00,-0.00023038658,0.0,0.0,0.0
2026-05-25 00:00:00+00:00,-4.6118046e-05,0.0,0.0,0.0
2026-05-25 01:00:00+00:00,-3.8119477e-05,0.0,-0.0,-0.0
2026-05-25 02:00:00+00:00,0.00015213274,0.0,0.0,0.0
2026-05-25 03:00:00+00:00,-0.00017426924,0.0,-0.0,-0.0
2026-05-25 04:00:00+00:00,-0.00017426924,0.0,0.0,0.0
2026-05-25 05:00:00+00:00,-0.00017426924,0.0,0.0,0.0
2026-05-25 06:00:00+00:00,-0.00017426924,0.0,0.0,0.0
2026-05-25 07:00:00+00:00,-0.00017426924,0.0,-0.0,-0.0
2026-05-25 08:00:00+00:00,-4.7282352e-05,0.0,0.0,0.0
2026-05-25 09:00:00+00:00,3.8718106e-05,0.0,0.0,0.0
2026-05-25 10:00:00+00:00,-4.653565e-05,0.0,-0.0,-0.0
2026-05-25 11:00:00+00:00,-0.0002981915,0.0,-0.0,-0.0
2026-05-25 12:00:00+00:00,-0.0002981915,0.0,0.0,0.0
2026-05-25 13:00:00+00:00,-0.0002981915,0.0,-0.0,-0.0
2026-05-25 14:00:00+00:00,2.3498658e-05,0.0,0.0,0.0
2026-05-25 15:00:00+00:00,0.0001230673,0.0,-0.0,-0.0
2026-05-25 16:00:00+00:00,0.00058330904,0.0,0.0,0.0
2026-05-25 17:00:00+00:00,0.00058330904,0.0,-0.0,-0.0
2026-05-25 18:00:00+00:00,0.00058330904,0.0,-0.0,-0.0
2026-05-25 19:00:00+00:00,0.00040884386,0.0,-0.0,-0.0
2026-05-25 20:00:00+00:00,0.00036610436,0.0,-0.0,-0.0
2026-05-25 21:00:00+00:00,0.0002699324,0.0,0.0,0.0
2026-05-25 22:00:00+00:00,0.0002688404,0.0,-0.0,-0.0
2026-05-25 23:00:00+00:00,0.0002463233,0.0,0.0,0.0
2026-05-26 00:00:00+00:00,0.00025206665,0.0,-0.0,-0.0
2026-05-26 01:00:00+00:00,0.00010024348,0.0,-0.0,-0.0
2026-05-26 02:00:00+00:00,0.00010024348,0.0,-0.0,-0.0
2026-05-26 03:00:00+00:00,6.858031e-05,0.0,-0.0,-0.0
2026-05-26 04:00:00+00:00,4.6063178e-05,0.0,0.0,0.0
2026-05-26 05:00:00+00:00,-1.5667028e-05,0.0,0.0,0.0
2026-05-26 06:00:00+00:00,-1.5667028e-05,0.0,-0.0,-0.0
2026-05-26 07:00:00+00:00,-5.364613e-05,0.0,-0.0,-0.0
2026-05-26 08:00:00+00:00,-0.00015663756,0.0,0.0,0.0
2026-05-26 09:00:00+00:00,-0.0002306469,0.0,-0.0,-0.0
2026-05-26 10:00:00+00:00,0.00017490487,0.0,0.0,0.0
2026-05-26 11:00:00+00:00,-0.00014805396,0.0,-0.0,-0.0
2026-05-26 12:00:00+00:00,3.556155e-05,0.0,-0.0,-0.0
2026-05-26 13:00:00+00:00,5.7121437e-05,0.0,0.0,0.0
2026-05-26 14:00:00+00:00,-0.0007055873,0.0,-0.0,-0.0
2026-05-26 15:00:00+00:00,-0.00028360458,0.0,-0.0,-0.0
2026-05-26 16:00:00+00:00,-0.00013512089,0.0,0.0,0.0
2026-05-26 17:00:00+00:00,-0.00013315631,0.0,-0.0,-0.0
2026-05-26 18:00:00+00:00,-0.00013512089,0.0,-0.0,-0.0
2026-05-26 19:00:00+00:00,-0.00031873642,0.0,0.0,0.0
2026-05-26 20:00:00+00:00,-0.0005231453,0.0,0.0,0.0
2026-05-26 21:00:00+00:00,-0.00053506996,0.0,-0.0,-0.0
2026-05-26 22:00:00+00:00,-0.00060297485,0.0,-0.0,-0.0
2026-05-26 23:00:00+00:00,-0.0005811962,0.0,0.0,0.0
2026-05-27 00:00:00+00:00,-5.884855e-05,0.0,0.0,0.0
2026-05-27 01:00:00+00:00,-5.884855e-05,0.0,-0.0,-0.0
2026-05-27 02:00:00+00:00,-5.884855e-05,0.0,0.0,0.0
2026-05-27 03:00:00+00:00,-7.148107e-05,0.0,-0.0,-0.0
2026-05-27 04:00:00+00:00,0.0001247671,0.0,-0.0,-0.0
2026-05-27 05:00:00+00:00,-5.884855e-05,0.0,0.0,0.0
2026-05-27 06:00:00+00:00,-5.884855e-05,0.0,0.0,0.0
2026-05-27 07:00:00+00:00,-5.884855e-05,0.0,0.0,0.0
2026-05-27 08:00:00+00:00,-5.884855e-05,0.0,-0.0,-0.0
2026-05-27 09:00:00+00:00,-0.000132858,0.0,0.0,0.0
2026-05-27 10:00:00+00:00,-0.000132858,0.0,-0.0,-0.0
2026-05-27 11:00:00+00:00,-0.000132858,0.0,-0.0,-0.0
2026-05-27 12:00:00+00:00,5.075767e-05,0.0,-0.0,-0.0
2026-05-27 13:00:00+00:00,-0.00023459227,0.0,-0.0,-0.0
2026-05-27 14:00:00+00:00,0.0001287725,0.0,-0.0,-0.0
2026-05-27 15:00:00+00:00,0.00012854712,0.0,0.0,0.0
2026-05-27 16:00:00+00:00,9.326524e-05,0.0,-0.0,-0.0
2026-05-27 17:00:00+00:00,0.00028756773,0.0,-0.0,-0.0
2026-05-27 18:00:00+00:00,0.00020256588,0.0,0.0,0.0
2026-05-27 19:00:00+00:00,4.0191862e-05,0.0,0.0,0.0
2026-05-27 20:00:00+00:00,-6.0026316e-05,0.0,0.0,0.0
2026-05-27 21:00:00+00:00,0.00027238514,0.0,-0.0,-0.0
2026-05-27 22:00:00+00:00,2.1165157e-05,0.0,-0.0,-0.0
2026-05-27 23:00:00+00:00,4.3318367e-05,0.0,0.0,0.0
2026-05-28 00:00:00+00:00,-0.0005540852,0.0,0.0,0.0
2026-05-28 01:00:00+00:00,-0.000638023,0.0,-0.0,-0.0
2026-05-28 02:00:00+00:00,-0.00067206984,0.0,-0.0,-0.0
2026-05-28 03:00:00+00:00,-0.0024377706,0.0,-0.0,-0.0
2026-05-28 04:00:00+00:00,-0.0019691056,0.0,-0.0,-0.0
2026-05-28 05:00:00+00:00,-0.0013451066,0.0,-0.0,-0.0
2026-05-28 06:00:00+00:00,-0.001366634,0.0,0.0,0.0
2026-05-28 07:00:00+00:00,-0.0010394311,0.0,0.0,0.0
2026-05-28 08:00:00+00:00,-0.0012325131,0.0,-0.0,-0.0
2026-05-28 09:00:00+00:00,-0.0014353313,0.0,0.0,0.0
2026-05-28 10:00:00+00:00,-0.0015759763,0.0,-0.0,-0.0
2026-05-28 11:00:00+00:00,-0.0014847954,0.0,0.0,0.0
2026-05-28 12:00:00+00:00,-0.0013409624,0.0,0.0,0.0
2026-05-28 13:00:00+00:00,-0.0014644491,0.0,-0.0,-0.0
2026-05-28 14:00:00+00:00,-0.0015275355,0.0,0.0,0.0
2026-05-28 15:00:00+00:00,-0.0014414797,0.0,-0.0,-0.0
2026-05-28 16:00:00+00:00,-0.0005704223,0.0,0.0,0.0
2026-05-28 17:00:00+00:00,-0.00047881028,0.0,0.0,0.0
2026-05-28 18:00:00+00:00,-0.00070412504,0.0,0.0,0.0
2026-05-28 19:00:00+00:00,-0.0007229059,0.0,-0.0,-0.0
2026-05-28 20:00:00+00:00,-0.0007229059,0.0,0.0,0.0
2026-05-28 21:00:00+00:00,-0.00066150806,0.0,0.0,0.0
2026-05-28 22:00:00+00:00,-0.0007584397,0.0,-0.0,-0.0
2026-05-28 23:00:00+00:00,-0.0007584397,0.0,0.0,0.0
2026-05-29 00:00:00+00:00,-0.0005312908,0.0,0.0,0.0
2026-05-29 01:00:00+00:00,-0.00043967832,0.0,-0.0,-0.0
2026-05-29 02:00:00+00:00,-0.00048304157,0.0,-0.0,-0.0
2026-05-29 03:00:00+00:00,-0.00046052443,0.0,0.0,0.0
2026-05-29 04:00:00+00:00,-0.0005147048,0.0,0.0,0.0
2026-05-29 05:00:00+00:00,-0.0005312908,0.0,0.0,0.0
2026-05-29 06:00:00+00:00,-0.0005312908,0.0,0.0,0.0
2026-05-29 07:00:00+00:00,-0.0003435975,0.0,-0.0,-0.0
2026-05-29 08:00:00+00:00,-0.00044745387,0.0,0.0,0.0
2026-05-29 09:00:00+00:00,-0.0006047612,0.0,0.0,0.0
2026-05-29 10:00:00+00:00,-0.0010105341,0.0,-0.0,-0.0
2026-05-29 11:00:00+00:00,-0.00096883473,0.0,-0.0,-0.0
2026-05-29 12:00:00+00:00,-0.0009146544,0.0,-0.0,-0.0
2026-05-29 13:00:00+00:00,-0.000753556,0.0,-0.0,-0.0
2026-05-29 14:00:00+00:00,-0.0008604272,0.0,-0.0,-0.0
2026-05-29 15:00:00+00:00,-0.0011313179,0.0,0.0,0.0
2026-05-29 16:00:00+00:00,-0.00020852845,0.0,0.0,0.0
2026-05-29 17:00:00+00:00,-0.00023568032,0.0,-0.0,-0.0
2026-05-29 18:00:00+00:00,0.00012600639,0.0,-0.0,-0.0
2026-05-29 19:00:00+00:00,-0.00014726284,0.0,0.0,0.0
2026-05-29 20:00:00+00:00,-0.00014726284,0.0,0.0,0.0
2026-05-29 21:00:00+00:00,-0.0004047709,0.0,-0.0,-0.0
2026-05-29 22:00:00+00:00,-0.00043894723,0.0,0.0,0.0
2026-05-29 23:00:00+00:00,-0.00043894723,0.0,-0.0,-0.0
2026-05-30 00:00:00+00:00,-0.0002129894,0.0,0.0,0.0
2026-05-30 01:00:00+00:00,-0.00016307652,0.0,0.0,0.0
2026-05-30 02:00:00+00:00,-0.00016307652,0.0,0.0,0.0
2026-05-30 03:00:00+00:00,-0.0002129894,0.0,-0.0,-0.0
2026-05-30 04:00:00+00:00,-0.0002129894,0.0,-0.0,-0.0
2026-05-30 05:00:00+00:00,-0.0002129894,0.0,0.0,0.0
2026-05-30 06:00:00+00:00,-0.0002129894,0.0,-0.0,-0.0
2026-05-30 07:00:00+00:00,-0.0002129894,0.0,-0.0,-0.0
2026-05-30 08:00:00+00:00,-0.0002129894,0.0,-0.0,-0.0
2026-05-30 09:00:00+00:00,-0.00028699875,0.0,0.0,0.0
2026-05-30 10:00:00+00:00,-0.00028699875,0.0,0.0,0.0
2026-05-30 11:00:00+00:00,-0.00028699875,0.0,-0.0,-0.0
2026-05-30 12:00:00+00:00,-0.00028699875,0.0,0.0,0.0
2026-05-30 13:00:00+00:00,-0.00032497785,0.0,0.0,0.0
2026-05-30 14:00:00+00:00,-0.00038966464,0.0,0.0,0.0
2026-05-30 15:00:00+00:00,-0.0004074069,0.0,-0.0,-0.0
2026-05-30 16:00:00+00:00,-0.00027584503,0.0,0.0,0.0
2026-05-30 17:00:00+00:00,-0.00027584503,0.0,0.0,0.0
2026-05-30 18:00:00+00:00,-0.00027584503,0.0,0.0,0.0
2026-05-30 19:00:00+00:00,-0.00027584503,0.0,-0.0,-0.0
2026-05-30 20:00:00+00:00,-0.00022613972,0.0,-0.0,-0.0
2026-05-30 21:00:00+00:00,-0.0004724491,0.0,0.0,0.0
2026-05-30 22:00:00+00:00,-0.00049605826,0.0,-0.0,-0.0
2026-05-30 23:00:00+00:00,-0.00049605826,0.0,0.0,0.0
2026-05-31 00:00:00+00:00,-0.00049605826,0.0,0.0,0.0
2026-05-31 01:00:00+00:00,-0.00049605826,0.0,0.0,0.0
2026-05-31 02:00:00+00:00,-0.00049605826,0.0,0.0,0.0
2026-05-31 03:00:00+00:00,-0.00049605826,0.0,0.0,0.0
2026-05-31 04:00:00+00:00,-0.0006307424,0.0,0.0,0.0
2026-05-31 05:00:00+00:00,-0.00049605826,0.0,-0.0,-0.0
2026-05-31 06:00:00+00:00,-0.00049605826,0.0,-0.0,-0.0
2026-05-31 07:00:00+00:00,-0.000464395,0.0,-0.0,-0.0
2026-05-31 08:00:00+00:00,-0.00049605826,0.0,0.0,0.0
2026-05-31 09:00:00+00:00,-0.00057006767,0.0,-0.0,-0.0
2026-05-31 10:00:00+00:00,-0.0005203622,0.0,0.0,0.0
2026-05-31 11:00:00+00:00,-0.0005203622,0.0,0.0,0.0
2026-05-31 12:00:00+00:00,-0.00057006767,0.0,-0.0,-0.0
2026-05-31 13:00:00+00:00,-0.00043583228,0.0,-0.0,-0.0
2026-05-31 14:00:00+00:00,-0.00070757914,0.0,-0.0,-0.0
2026-05-31 15:00:00+00:00,-0.00041222313,0.0,0.0,0.0
2026-05-31 16:00:00+00:00,-9.91647e-05,0.0,-0.0,-0.0
2026-05-31 17:00:00+00:00,-0.00032628907,0.0,0.0,0.0
2026-05-31 18:00:00+00:00,-0.00032628907,0.0,-0.0,-0.0
2026-05-31 19:00:00+00:00,-0.0002691675,0.0,-0.0,-0.0
2026-05-31 20:00:00+00:00,-0.00032628907,0.0,0.0,0.0
2026-05-31 21:00:00+00:00,-0.00021215716,0.0,0.0,0.0
2026-05-31 22:00:00+00:00,-0.00023576627,0.0,0.0,0.0
2026-05-31 23:00:00+00:00,-0.00018606102,0.0,-0.0,-0.0
2026-06-01 00:00:00+00:00,-4.6327717e-05,0.0,0.0,0.0
2026-06-01 01:00:00+00:00,0.00037731417,0.0,-0.0,-0.0
2026-06-01 02:00:00+00:00,-0.00013352193,0.0,0.0,0.0
2026-06-01 03:00:00+00:00,-0.0001811145,0.0,-0.0,-0.0
2026-06-01 04:00:00+00:00,-9.706062e-05,0.0,-0.0,-0.0
2026-06-01 05:00:00+00:00,0.00026080097,0.0,-0.0,-0.0
2026-06-01 06:00:00+00:00,0.0004502414,0.0,-0.0,-0.0
2026-06-01 07:00:00+00:00,0.0003518616,0.0,-0.0,-0.0
2026-06-01 08:00:00+00:00,0.00040769906,0.0,0.0,0.0
2026-06-01 09:00:00+00:00,0.00040769906,0.0,-0.0,-0.0
2026-06-01 10:00:00+00:00,0.00019611265,0.0,-0.0,-0.0
2026-06-01 11:00:00+00:00,0.00032754205,0.0,-0.0,-0.0
2026-06-01 12:00:00+00:00,0.0003518616,0.0,-0.0,-0.0
2026-06-01 13:00:00+00:00,-0.00091561093,0.0,-0.0,-0.0
2026-06-01 14:00:00+00:00,-4.309914e-05,0.0,-0.0,-0.0
2026-06-01 15:00:00+00:00,0.00048070643,0.0,-0.0,-0.0
2026-06-01 16:00:00+00:00,-6.1331466e-06,0.0,0.0,0.0
2026-06-01 17:00:00+00:00,0.00012363412,0.0,0.0,0.0
2026-06-01 18:00:00+00:00,-0.00017665615,0.0,-0.0,-0.0
2026-06-01 19:00:00+00:00,0.00012785409,0.0,0.0,0.0
2026-06-01 20:00:00+00:00,-9.382631e-05,0.0,-0.0,-0.0
2026-06-01 21:00:00+00:00,-0.0004949069,0.0,-0.0,-0.0
2026-06-01 22:00:00+00:00,0.00014825565,0.0,0.0,0.0
2026-06-01 23:00:00+00:00,-0.00015946894,0.0,0.0,0.0
2026-06-02 00:00:00+00:00,-0.0005511708,0.0,-0.0,-0.0
2026-06-02 01:00:00+00:00,-0.0006707557,0.0,-0.0,-0.0
2026-06-02 02:00:00+00:00,-0.0004638365,0.0,0.0,0.0
2026-06-02 03:00:00+00:00,-0.0006588995,0.0,0.0,0.0
2026-06-02 04:00:00+00:00,-0.00075446995,0.0,-0.0,-0.0
2026-06-02 05:00:00+00:00,0.0002547875,0.0,-0.0,-0.0
2026-06-02 06:00:00+00:00,0.0001565839,0.0,-0.0,-0.0
2026-06-02 07:00:00+00:00,8.455823e-05,0.0,0.0,0.0
2026-06-02 08:00:00+00:00,-7.322472e-05,0.0,-0.0,-0.0
2026-06-02 09:00:00+00:00,0.00059579144,0.0,-0.0,-0.0
2026-06-02 10:00:00+00:00,0.00013836133,0.0,0.0,0.0
2026-06-02 11:00:00+00:00,-9.8446515e-05,0.0,-0.0,-0.0
2026-06-02 12:00:00+00:00,0.00030874225,0.0,-0.0,-0.0
2026-06-02 13:00:00+00:00,-6.0351256e-05,0.0,-0.0,-0.0
2026-06-02 14:00:00+00:00,0.0011923168,0.0,-0.0,-0.0
2026-06-02 15:00:00+00:00,0.0017946692,0.0,-0.0,-0.0
2026-06-02 16:00:00+00:00,0.0013035695,0.0,0.0,0.0
2026-06-02 17:00:00+00:00,0.0011517495,0.0,0.0,0.0
2026-06-02 18:00:00+00:00,0.0009214323,0.0,-0.0,-0.0
2026-06-02 19:00:00+00:00,0.0009958806,0.0,-0.0,-0.0
2026-06-02 20:00:00+00:00,0.0007158148,0.0,0.0,0.0
2026-06-02 21:00:00+00:00,0.00028952552,0.0,-0.0,-0.0
2026-06-02 22:00:00+00:00,0.0024595428,0.0,-0.0,-0.0
2026-06-02 23:00:00+00:00,0.0014134268,0.0,0.0,0.0
2026-06-03 00:00:00+00:00,0.0017596323,0.0,0.0,0.0
2026-06-03 01:00:00+00:00,0.0016254258,0.0,-0.0,-0.0
2026-06-03 02:00:00+00:00,0.001884748,0.0,-0.0,-0.0
2026-06-03 03:00:00+00:00,0.0015760144,0.0,-0.0,-0.0
2026-06-03 04:00:00+00:00,0.001916423,0.0,0.0,0.0
2026-06-03 05:00:00+00:00,0.0016717865,0.0,0.0,0.0
2026-06-03 06:00:00+00:00,0.0017778415,0.0,-0.0,-0.0
2026-06-03 07:00:00+00:00,0.0013593986,0.0,0.0,0.0
2026-06-03 08:00:00+00:00,0.0013519315,0.0,-0.0,-0.0
2026-06-03 09:00:00+00:00,0.0014666213,0.0,0.0,0.0
2026-06-03 10:00:00+00:00,0.0013243478,0.0,0.0,0.0
2026-06-03 11:00:00+00:00,0.0011371386,0.0,-0.0,-0.0
2026-06-03 12:00:00+00:00,0.0008165856,0.0,0.0,0.0
2026-06-03 13:00:00+00:00,0.0012071182,0.0,-0.0,-0.0
2026-06-03 14:00:00+00:00,0.0009955319,0.0,-0.0,-0.0
2026-06-03 15:00:00+00:00,0.0021406326,0.0,-0.0,-0.0
2026-06-03 16:00:00+00:00,0.0012780296,0.0,-0.0,-0.0
2026-06-03 17:00:00+00:00,0.00084377883,0.0,-0.0,-0.0
2026-06-03 18:00:00+00:00,0.00074429886,0.0,0.0,0.0
2026-06-03 19:00:00+00:00,0.0021152121,0.0,-0.0,-0.0
2026-06-03 20:00:00+00:00,-0.00017863778,0.0,-0.0,-0.0
2026-06-03 21:00:00+00:00,0.000110039844,0.0,0.0,0.0
2026-06-03 22:00:00+00:00,0.003319555,0.0,-0.0,-0.0
2026-06-03 23:00:00+00:00,-0.00038114985,0.0,-0.0,-0.0
2026-06-04 00:00:00+00:00,-0.008647647,0.0,-0.0,-0.0
2026-06-04 01:00:00+00:00,-0.018019108,0.0,-0.0,-0.0
2026-06-04 02:00:00+00:00,-0.0024084002,0.0,0.0,0.0
2026-06-04 03:00:00+00:00,0.002150658,0.0,0.0,0.0
2026-06-04 04:00:00+00:00,0.0010227459,0.0,0.0,0.0
2026-06-04 05:00:00+00:00,0.0059312875,0.0,-0.0,-0.0
2026-06-04 06:00:00+00:00,0.004588316,1.0,0.00044515858564988587,4.5158585649885796e-05
2026-06-04 07:00:00+00:00,0.0026888251,0.0,-0.0008,-0.0012000000000000001
2026-06-04 08:00:00+00:00,0.0025757547,0.0,0.0,0.0
2026-06-04 09:00:00+00:00,-0.0008741469,0.0,-0.0,-0.0
2026-06-04 10:00:00+00:00,-0.0062411767,0.0,-0.0,-0.0
2026-06-04 11:00:00+00:00,-0.006768622,0.0,0.0,0.0
2026-06-04 12:00:00+00:00,0.0028052237,0.0,0.0,0.0
2026-06-04 13:00:00+00:00,0.0019075833,0.0,0.0,0.0
2026-06-04 14:00:00+00:00,0.0045281425,0.0,-0.0,-0.0
2026-06-04 15:00:00+00:00,0.0042767655,0.0,-0.0,-0.0
2026-06-04 16:00:00+00:00,0.0024028348,0.0,0.0,0.0
2026-06-04 17:00:00+00:00,0.0028429704,0.0,-0.0,-0.0
2026-06-04 18:00:00+00:00,0.0016770606,0.0,0.0,0.0
2026-06-04 19:00:00+00:00,0.0019602238,0.0,-0.0,-0.0
2026-06-04 20:00:00+00:00,0.0010708327,0.0,0.0,0.0
2026-06-04 21:00:00+00:00,0.002143831,0.0,-0.0,-0.0
2026-06-04 22:00:00+00:00,-7.471067e-06,0.0,0.0,0.0
2026-06-04 23:00:00+00:00,-0.0006666786,0.0,0.0,0.0
2026-06-05 00:00:00+00:00,0.0005948381,0.0,-0.0,-0.0
2026-06-05 01:00:00+00:00,0.00012969218,0.0,-0.0,-0.0
2026-06-05 02:00:00+00:00,0.0021265773,0.0,-0.0,-0.0
2026-06-05 03:00:00+00:00,-0.00024605473,0.0,0.0,0.0
2026-06-05 04:00:00+00:00,-0.0012853238,0.0,0.0,0.0
2026-06-05 05:00:00+00:00,0.0023067514,0.0,-0.0,-0.0
2026-06-05 06:00:00+00:00,-0.0024550557,0.0,-0.0,-0.0
2026-06-05 07:00:00+00:00,0.00226093,0.0,0.0,0.0
2026-06-05 08:00:00+00:00,0.0050820494,0.0,0.0,0.0
2026-06-05 09:00:00+00:00,0.0034164358,1.0,0.005648833011105215,0.005248833011105215
2026-06-05 10:00:00+00:00,0.0044543026,0.0,-0.0008,-0.0012000000000000001
2026-06-05 11:00:00+00:00,0.0039520687,0.0,-0.0,-0.0
2026-06-05 12:00:00+00:00,0.0028904243,0.0,0.0,0.0
2026-06-05 13:00:00+00:00,-0.0029759028,0.0,-0.0,-0.0
2026-06-05 14:00:00+00:00,-0.0032321122,0.0,0.0,0.0
2026-06-05 15:00:00+00:00,-0.0042365296,0.0,-0.0,-0.0
2026-06-05 16:00:00+00:00,-0.0015368288,0.0,0.0,0.0
2026-06-05 17:00:00+00:00,-0.0039175926,0.0,-0.0,-0.0
2026-06-05 18:00:00+00:00,-0.0019923437,0.0,-0.0,-0.0
2026-06-05 19:00:00+00:00,-0.00089604355,0.0,0.0,0.0
2026-06-05 20:00:00+00:00,0.00020260387,0.0,0.0,0.0
2026-06-05 21:00:00+00:00,-0.0015956376,0.0,0.0,0.0
2026-06-05 22:00:00+00:00,0.0025797181,0.0,-0.0,-0.0
2026-06-05 23:00:00+00:00,0.002890819,0.0,-0.0,-0.0
2026-06-06 00:00:00+00:00,0.0036167633,0.0,0.0,0.0
2026-06-06 01:00:00+00:00,0.004381858,0.0,-0.0,-0.0
2026-06-06 02:00:00+00:00,0.00205894,0.0,-0.0,-0.0
2026-06-06 03:00:00+00:00,0.0024955804,0.0,-0.0,-0.0
2026-06-06 04:00:00+00:00,0.0013126243,0.0,-0.0,-0.0
2026-06-06 05:00:00+00:00,0.0034077012,0.0,0.0,0.0
2026-06-06 06:00:00+00:00,0.0032647213,0.0,-0.0,-0.0
2026-06-06 07:00:00+00:00,0.0023918857,0.0,0.0,0.0
2026-06-06 08:00:00+00:00,0.00015520916,0.0,0.0,0.0
2026-06-06 09:00:00+00:00,0.00052115635,0.0,-0.0,-0.0
2026-06-06 10:00:00+00:00,0.000999911,0.0,-0.0,-0.0
2026-06-06 11:00:00+00:00,0.00095830864,0.0,0.0,0.0
2026-06-06 12:00:00+00:00,-0.00019186774,0.0,0.0,0.0
2026-06-06 13:00:00+00:00,-0.0005016456,0.0,-0.0,-0.0
2026-06-06 14:00:00+00:00,-0.00023682172,0.0,-0.0,-0.0
2026-06-06 15:00:00+00:00,-0.0002236897,0.0,-0.0,-0.0
2026-06-06 16:00:00+00:00,-0.0008319185,0.0,0.0,0.0
2026-06-06 17:00:00+00:00,-0.00065931963,0.0,-0.0,-0.0
2026-06-06 18:00:00+00:00,-0.0023594773,0.0,0.0,0.0
2026-06-06 19:00:00+00:00,-0.002361687,0.0,-0.0,-0.0
2026-06-06 20:00:00+00:00,-0.0023481548,0.0,0.0,0.0
2026-06-06 21:00:00+00:00,-0.0022128008,0.0,0.0,0.0
2026-06-06 22:00:00+00:00,-0.0025797647,0.0,-0.0,-0.0
2026-06-06 23:00:00+00:00,-0.0020991364,0.0,0.0,0.0
2026-06-07 00:00:00+00:00,-0.0010515326,0.0,0.0,0.0
2026-06-07 01:00:00+00:00,-0.0017678841,0.0,0.0,0.0
2026-06-07 02:00:00+00:00,-0.0015474687,0.0,0.0,0.0
2026-06-07 03:00:00+00:00,-0.002801399,0.0,0.0,0.0
2026-06-07 04:00:00+00:00,-0.0033346626,0.0,0.0,0.0
2026-06-07 05:00:00+00:00,-0.0020564126,0.0,-0.0,-0.0
2026-06-07 06:00:00+00:00,-0.0028379546,0.0,0.0,0.0
2026-06-07 07:00:00+00:00,-0.0019569416,0.0,0.0,0.0
2026-06-07 08:00:00+00:00,0.0006289709,0.0,0.0,0.0
2026-06-07 09:00:00+00:00,-0.0025055497,0.0,-0.0,-0.0
2026-06-07 10:00:00+00:00,-0.0013701814,0.0,-0.0,-0.0
2026-06-07 11:00:00+00:00,-0.0016074857,0.0,0.0,0.0
2026-06-07 12:00:00+00:00,-0.00030330798,0.0,-0.0,-0.0
2026-06-07 13:00:00+00:00,-0.00072415685,0.0,-0.0,-0.0
2026-06-07 14:00:00+00:00,-9.1217014e-05,0.0,0.0,0.0
2026-06-07 15:00:00+00:00,-0.00054720254,0.0,0.0,0.0
2026-06-07 16:00:00+00:00,-0.00049746997,0.0,-0.0,-0.0
2026-06-07 17:00:00+00:00,-0.00054720254,0.0,0.0,0.0
2026-06-07 18:00:00+00:00,-0.00077557255,0.0,-0.0,-0.0
2026-06-07 19:00:00+00:00,-0.00016712437,0.0,-0.0,-0.0
2026-06-07 20:00:00+00:00,-0.0009202082,0.0,0.0,0.0
2026-06-07 21:00:00+00:00,-0.000979645,0.0,-0.0,-0.0
2026-06-07 22:00:00+00:00,-0.0027862575,0.0,0.0,0.0
2026-06-07 23:00:00+00:00,-0.003643445,0.0,0.0,0.0
2026-06-08 00:00:00+00:00,-0.0048767487,0.0,0.0,0.0
2026-06-08 01:00:00+00:00,-0.0033214085,0.0,-0.0,-0.0
2026-06-08 02:00:00+00:00,-0.0020870955,0.0,-0.0,-0.0
2026-06-08 03:00:00+00:00,-0.001881238,0.0,0.0,0.0
2026-06-08 04:00:00+00:00,-0.0010726319,0.0,-0.0,-0.0
2026-06-08 05:00:00+00:00,-0.0008672215,0.0,0.0,0.0
2026-06-08 06:00:00+00:00,-0.0011057502,0.0,0.0,0.0
2026-06-08 07:00:00+00:00,-0.0014634796,0.0,0.0,0.0
2026-06-08 08:00:00+00:00,-0.0013551321,0.0,-0.0,-0.0
2026-06-08 09:00:00+00:00,0.0014198003,0.0,0.0,0.0
2026-06-08 10:00:00+00:00,-0.0012604746,0.0,-0.0,-0.0
2026-06-08 11:00:00+00:00,0.0013829242,0.0,0.0,0.0
2026-06-08 12:00:00+00:00,0.0010161026,0.0,0.0,0.0
2026-06-08 13:00:00+00:00,0.00067020877,0.0,-0.0,-0.0
2026-06-08 14:00:00+00:00,0.00038272282,0.0,0.0,0.0
2026-06-08 15:00:00+00:00,0.0006066339,0.0,-0.0,-0.0
2026-06-08 16:00:00+00:00,0.0006973474,0.0,-0.0,-0.0
2026-06-08 17:00:00+00:00,0.0007734232,0.0,0.0,0.0
2026-06-08 18:00:00+00:00,0.0010534076,0.0,-0.0,-0.0
2026-06-08 19:00:00+00:00,0.0002100352,0.0,-0.0,-0.0
2026-06-08 20:00:00+00:00,0.0002949255,0.0,0.0,0.0
2026-06-08 21:00:00+00:00,-0.00013249207,0.0,0.0,0.0
2026-06-08 22:00:00+00:00,1.6262915e-05,0.0,-0.0,-0.0
2026-06-08 23:00:00+00:00,8.187111e-05,0.0,-0.0,-0.0
2026-06-09 00:00:00+00:00,0.00022717504,0.0,0.0,0.0
2026-06-09 01:00:00+00:00,-9.531457e-05,0.0,0.0,0.0
2026-06-09 02:00:00+00:00,-0.0001196342,0.0,0.0,0.0
2026-06-09 03:00:00+00:00,-0.00047180883,0.0,0.0,0.0
2026-06-09 04:00:00+00:00,7.5957087e-07,0.0,0.0,0.0
2026-06-09 05:00:00+00:00,-0.00020030324,0.0,0.0,0.0
2026-06-09 06:00:00+00:00,-0.00016169794,0.0,-0.0,-0.0
2026-06-09 07:00:00+00:00,-8.6470456e-05,0.0,-0.0,-0.0
2026-06-09 08:00:00+00:00,7.063584e-05,0.0,-0.0,-0.0
2026-06-09 09:00:00+00:00,-0.00011313506,0.0,-0.0,-0.0
2026-06-09 10:00:00+00:00,4.06792e-05,0.0,0.0,0.0
2026-06-09 11:00:00+00:00,-0.00013895718,0.0,-0.0,-0.0
2026-06-09 12:00:00+00:00,-0.00018060354,0.0,-0.0,-0.0
2026-06-09 13:00:00+00:00,9.455612e-06,0.0,-0.0,-0.0
2026-06-09 14:00:00+00:00,0.0006656519,0.0,-0.0,-0.0
2026-06-09 15:00:00+00:00,0.00026569417,0.0,-0.0,-0.0
2026-06-09 16:00:00+00:00,0.0009250786,0.0,0.0,0.0
2026-06-09 17:00:00+00:00,0.00040737327,0.0,0.0,0.0
2026-06-09 18:00:00+00:00,0.0003390057,0.0,0.0,0.0
2026-06-09 19:00:00+00:00,0.00020794445,0.0,0.0,0.0
2026-06-09 20:00:00+00:00,-0.00031854637,0.0,0.0,0.0
2026-06-09 21:00:00+00:00,-0.00024093753,0.0,-0.0,-0.0
2026-06-09 22:00:00+00:00,-0.00032801938,0.0,-0.0,-0.0
2026-06-09 23:00:00+00:00,-0.0003036998,0.0,0.0,0.0
2026-06-10 00:00:00+00:00,2.4501453e-05,0.0,0.0,0.0
2026-06-10 01:00:00+00:00,0.00017494729,0.0,-0.0,-0.0
2026-06-10 02:00:00+00:00,0.00037087093,0.0,-0.0,-0.0
2026-06-10 03:00:00+00:00,0.00017608274,0.0,0.0,0.0
2026-06-10 04:00:00+00:00,0.00039378944,0.0,-0.0,-0.0
2026-06-10 05:00:00+00:00,0.0001357064,0.0,0.0,0.0
2026-06-10 06:00:00+00:00,0.000362526,0.0,0.0,0.0
2026-06-10 07:00:00+00:00,0.00028733257,0.0,0.0,0.0
2026-06-10 08:00:00+00:00,0.00062920793,0.0,0.0,0.0
2026-06-10 09:00:00+00:00,0.0005368238,0.0,0.0,0.0
2026-06-10 10:00:00+00:00,0.00047406508,0.0,0.0,0.0
2026-06-10 11:00:00+00:00,0.00057031953,0.0,-0.0,-0.0
2026-06-10 12:00:00+00:00,0.0013079599,0.0,0.0,0.0
2026-06-10 13:00:00+00:00,0.0011005312,0.0,0.0,0.0
2026-06-10 14:00:00+00:00,0.00083197694,0.0,0.0,0.0
2026-06-10 15:00:00+00:00,0.00023964189,0.0,0.0,0.0
2026-06-10 16:00:00+00:00,0.0009839964,0.0,-0.0,-0.0
2026-06-10 17:00:00+00:00,0.0010938828,0.0,-0.0,-0.0
2026-06-10 18:00:00+00:00,0.000998457,0.0,-0.0,-0.0
2026-06-10 19:00:00+00:00,0.0005313522,0.0,0.0,0.0
2026-06-10 20:00:00+00:00,0.00033619202,0.0,-0.0,-0.0
2026-06-10 21:00:00+00:00,0.00039457902,0.0,-0.0,-0.0
2026-06-10 22:00:00+00:00,0.00057950884,0.0,0.0,0.0
2026-06-10 23:00:00+00:00,0.00031373423,0.0,0.0,0.0
2026-06-11 00:00:00+00:00,-0.00028247078,0.0,0.0,0.0
2026-06-11 01:00:00+00:00,-0.00026886497,0.0,0.0,0.0
2026-06-11 02:00:00+00:00,-0.0003202786,0.0,-0.0,-0.0
2026-06-11 03:00:00+00:00,-0.0007293924,0.0,0.0,0.0
2026-06-11 04:00:00+00:00,-0.00094045367,0.0,0.0,0.0
2026-06-11 05:00:00+00:00,-0.0007227837,0.0,-0.0,-0.0
2026-06-11 06:00:00+00:00,-0.00067626673,0.0,0.0,0.0
2026-06-11 07:00:00+00:00,-0.00060103915,0.0,-0.0,-0.0
2026-06-11 08:00:00+00:00,-0.00043566703,0.0,0.0,0.0
2026-06-11 09:00:00+00:00,-0.00045572608,0.0,-0.0,-0.0
2026-06-11 10:00:00+00:00,-0.0005579263,0.0,0.0,0.0
2026-06-11 11:00:00+00:00,-0.0006508922,0.0,-0.0,-0.0
2026-06-11 12:00:00+00:00,-0.00026066598,0.0,-0.0,-0.0
2026-06-11 13:00:00+00:00,-0.00014541624,0.0,0.0,0.0
2026-06-11 14:00:00+00:00,-0.00022929131,0.0,-0.0,-0.0
2026-06-11 15:00:00+00:00,-0.00010824959,0.0,0.0,0.0
2026-06-11 16:00:00+00:00,-5.7062935e-05,0.0,-0.0,-0.0
2026-06-11 17:00:00+00:00,0.0003803634,0.0,0.0,0.0
2026-06-11 18:00:00+00:00,0.0005061684,0.0,-0.0,-0.0
2026-06-11 19:00:00+00:00,0.0005061684,0.0,0.0,0.0
2026-06-11 20:00:00+00:00,0.00060933013,0.0,-0.0,-0.0
2026-06-11 21:00:00+00:00,0.0002690535,0.0,0.0,0.0
2026-06-11 22:00:00+00:00,0.00034428097,0.0,-0.0,-0.0
2026-06-11 23:00:00+00:00,-0.0005230797,0.0,0.0,0.0
2026-06-12 00:00:00+00:00,-0.00043464857,0.0,0.0,0.0
2026-06-12 01:00:00+00:00,-4.300393e-05,0.0,-0.0,-0.0
2026-06-12 02:00:00+00:00,-0.00021089276,0.0,0.0,0.0
2026-06-12 03:00:00+00:00,-5.0045193e-05,0.0,-0.0,-0.0
2026-06-12 04:00:00+00:00,-0.0002161414,0.0,0.0,0.0
2026-06-12 05:00:00+00:00,-0.000112316484,0.0,-0.0,-0.0
2026-06-12 06:00:00+00:00,-3.3781806e-05,0.0,-0.0,-0.0
2026-06-12 07:00:00+00:00,4.4849705e-05,0.0,0.0,0.0
2026-06-12 08:00:00+00:00,0.00011988933,0.0,0.0,0.0
2026-06-12 09:00:00+00:00,0.00031624746,0.0,0.0,0.0
2026-06-12 10:00:00+00:00,-7.343915e-05,0.0,-0.0,-0.0
2026-06-12 11:00:00+00:00,-0.00022989126,0.0,0.0,0.0
2026-06-12 12:00:00+00:00,-0.00014036217,0.0,-0.0,-0.0
2026-06-12 13:00:00+00:00,-0.0001941492,0.0,-0.0,-0.0
2026-06-12 14:00:00+00:00,0.00022640037,0.0,0.0,0.0
2026-06-12 15:00:00+00:00,0.0009809058,0.0,-0.0,-0.0
2026-06-12 16:00:00+00:00,0.00029671207,0.0,0.0,0.0
2026-06-12 17:00:00+00:00,0.00021918821,0.0,-0.0,-0.0
2026-06-12 18:00:00+00:00,0.00036263658,0.0,-0.0,-0.0
2026-06-12 19:00:00+00:00,0.00050829776,0.0,-0.0,-0.0
2026-06-12 20:00:00+00:00,-9.423183e-05,0.0,-0.0,-0.0
2026-06-12 21:00:00+00:00,-0.00020937239,0.0,0.0,0.0
2026-06-12 22:00:00+00:00,-0.00021087487,0.0,0.0,0.0
2026-06-12 23:00:00+00:00,-0.00023434176,0.0,0.0,0.0
2026-06-13 00:00:00+00:00,-0.000106493826,0.0,0.0,0.0
2026-06-13 01:00:00+00:00,-0.0002450767,0.0,0.0,0.0
2026-06-13 02:00:00+00:00,-0.00031438918,0.0,-0.0,-0.0
2026-06-13 03:00:00+00:00,-2.4005969e-05,0.0,-0.0,-0.0
2026-06-13 04:00:00+00:00,-5.6442397e-05,0.0,-0.0,-0.0
2026-06-13 05:00:00+00:00,-0.0002569834,0.0,0.0,0.0
2026-06-13 06:00:00+00:00,-0.00028195276,0.0,0.0,0.0
2026-06-13 07:00:00+00:00,-0.00028195276,0.0,0.0,0.0
2026-06-13 08:00:00+00:00,-0.0002450767,0.0,-0.0,-0.0
2026-06-13 09:00:00+00:00,-0.00028195276,0.0,-0.0,-0.0
2026-06-13 10:00:00+00:00,-0.0002569834,0.0,0.0,0.0
2026-06-13 11:00:00+00:00,-0.0002450767,0.0,0.0,0.0
2026-06-13 12:00:00+00:00,-0.0002450767,0.0,0.0,0.0
2026-06-13 13:00:00+00:00,-0.00028195276,0.0,-0.0,-0.0
2026-06-13 14:00:00+00:00,-0.0002450767,0.0,0.0,0.0
2026-06-13 15:00:00+00:00,-0.00015243636,0.0,0.0,0.0
2026-06-13 16:00:00+00:00,0.00016979333,0.0,-0.0,-0.0
2026-06-13 17:00:00+00:00,-9.751052e-05,0.0,-0.0,-0.0
2026-06-13 18:00:00+00:00,-9.751052e-05,0.0,0.0,0.0
2026-06-13 19:00:00+00:00,-0.00015243636,0.0,0.0,0.0
2026-06-13 20:00:00+00:00,-0.00015243636,0.0,-0.0,-0.0
2026-06-13 21:00:00+00:00,-6.676234e-05,0.0,0.0,0.0
2026-06-13 22:00:00+00:00,-0.00012247989,0.0,-0.0,-0.0
2026-06-13 23:00:00+00:00,-0.00012247989,0.0,0.0,0.0
2026-06-14 00:00:00+00:00,-0.0001909602,0.0,0.0,0.0
2026-06-14 01:00:00+00:00,-0.0001909602,0.0,0.0,0.0
2026-06-14 02:00:00+00:00,-0.00014273012,0.0,-0.0,-0.0
2026-06-14 03:00:00+00:00,-0.000117760734,0.0,0.0,0.0
2026-06-14 04:00:00+00:00,-1.8396113e-05,0.0,-0.0,-0.0
2026-06-14 05:00:00+00:00,-0.00015894955,0.0,0.0,0.0
2026-06-14 06:00:00+00:00,-1.8396113e-05,0.0,-0.0,-0.0
2026-06-14 07:00:00+00:00,-0.00013568887,0.0,0.0,0.0
2026-06-14 08:00:00+00:00,-5.040673e-05,0.0,0.0,0.0
2026-06-14 09:00:00+00:00,-0.00014273012,0.0,0.0,0.0
2026-06-14 10:00:00+00:00,-5.040673e-05,0.0,-0.0,-0.0
2026-06-14 11:00:00+00:00,-5.040673e-05,0.0,0.0,0.0
2026-06-14 12:00:00+00:00,8.414977e-05,0.0,-0.0,-0.0
2026-06-14 13:00:00+00:00,9.119103e-05,0.0,-0.0,-0.0
2026-06-14 14:00:00+00:00,0.00027193213,0.0,-0.0,-0.0
2026-06-14 15:00:00+00:00,6.046548e-05,0.0,0.0,0.0
2026-06-14 16:00:00+00:00,0.00043329567,0.0,0.0,0.0
2026-06-14 17:00:00+00:00,-3.344811e-05,0.0,-0.0,-0.0
2026-06-14 18:00:00+00:00,0.00027620408,0.0,0.0,0.0
2026-06-14 19:00:00+00:00,0.00027620408,0.0,-0.0,-0.0
2026-06-14 20:00:00+00:00,0.00025597363,0.0,0.0,0.0
2026-06-14 21:00:00+00:00,0.0013552741,0.0,0.0,0.0
2026-06-14 22:00:00+00:00,0.0019059993,0.0,0.0,0.0
2026-06-14 23:00:00+00:00,0.0020235896,0.0,0.0,0.0
2026-06-15 00:00:00+00:00,0.0021359432,0.0,-0.0,-0.0
2026-06-15 01:00:00+00:00,0.00086791057,0.0,-0.0,-0.0
2026-06-15 02:00:00+00:00,0.00075570104,0.0,-0.0,-0.0
2026-06-15 03:00:00+00:00,0.0018484328,0.0,0.0,0.0
2026-06-15 04:00:00+00:00,0.0006771972,0.0,-0.0,-0.0
2026-06-15 05:00:00+00:00,0.0005100342,0.0,0.0,0.0
2026-06-15 06:00:00+00:00,0.00054029556,0.0,-0.0,-0.0
2026-06-15 07:00:00+00:00,0.00055956113,0.0,-0.0,-0.0
2026-06-15 08:00:00+00:00,0.0009791004,0.0,-0.0,-0.0
2026-06-15 09:00:00+00:00,0.0010343717,0.0,-0.0,-0.0
2026-06-15 10:00:00+00:00,0.00082265225,0.0,0.0,0.0
2026-06-15 11:00:00+00:00,0.001419191,0.0,0.0,0.0
2026-06-15 12:00:00+00:00,0.0019229864,0.0,0.0,0.0
2026-06-15 13:00:00+00:00,0.0014487725,0.0,-0.0,-0.0
2026-06-15 14:00:00+00:00,0.0017130745,0.0,0.0,0.0
2026-06-15 15:00:00+00:00,0.00061535434,0.0,0.0,0.0
2026-06-15 16:00:00+00:00,0.0014920842,0.0,0.0,0.0
2026-06-15 17:00:00+00:00,0.0010618195,0.0,-0.0,-0.0
2026-06-15 18:00:00+00:00,0.0005063588,0.0,-0.0,-0.0
2026-06-15 19:00:00+00:00,0.00082942523,0.0,-0.0,-0.0
2026-06-15 20:00:00+00:00,0.0010712388,0.0,-0.0,-0.0
2026-06-15 21:00:00+00:00,0.000612359,0.0,-0.0,-0.0
2026-06-15 22:00:00+00:00,0.0007163067,0.0,-0.0,-0.0
2026-06-15 23:00:00+00:00,0.0006605891,0.0,0.0,0.0
2026-06-16 00:00:00+00:00,0.00021352558,0.0,0.0,0.0
2026-06-16 01:00:00+00:00,0.00014841236,0.0,0.0,0.0
2026-06-16 02:00:00+00:00,0.0009446194,0.0,-0.0,-0.0
2026-06-16 03:00:00+00:00,0.00060249167,0.0,0.0,0.0
2026-06-16 04:00:00+00:00,0.0009427814,0.0,-0.0,-0.0
2026-06-16 05:00:00+00:00,0.0008377748,0.0,0.0,0.0
2026-06-16 06:00:00+00:00,0.00087120954,0.0,0.0,0.0
2026-06-16 07:00:00+00:00,0.0007738456,0.0,-0.0,-0.0
2026-06-16 08:00:00+00:00,3.0924777e-05,0.0,0.0,0.0
2026-06-16 09:00:00+00:00,0.0007922186,0.0,-0.0,-0.0
2026-06-16 10:00:00+00:00,0.00014358321,0.0,-0.0,-0.0
2026-06-16 11:00:00+00:00,0.00020564663,0.0,-0.0,-0.0
2026-06-16 12:00:00+00:00,0.0002613644,0.0,-0.0,-0.0
2026-06-16 13:00:00+00:00,0.0005499035,0.0,-0.0,-0.0
2026-06-16 14:00:00+00:00,0.00056432415,0.0,-0.0,-0.0
2026-06-16 15:00:00+00:00,0.00056432415,0.0,0.0,0.0
2026-06-16 16:00:00+00:00,0.00018037698,0.0,-0.0,-0.0
2026-06-16 17:00:00+00:00,0.00019250167,0.0,0.0,0.0
2026-06-16 18:00:00+00:00,0.00027774094,0.0,-0.0,-0.0
2026-06-16 19:00:00+00:00,0.00031584932,0.0,-0.0,-0.0
2026-06-16 20:00:00+00:00,0.00030880808,0.0,0.0,0.0
2026-06-16 21:00:00+00:00,0.00031584932,0.0,-0.0,-0.0
2026-06-16 22:00:00+00:00,0.00032093277,0.0,0.0,0.0
2026-06-16 23:00:00+00:00,0.00035294346,0.0,-0.0,-0.0
2026-06-17 00:00:00+00:00,0.00065857946,0.0,0.0,0.0
2026-06-17 01:00:00+00:00,0.00054782844,0.0,0.0,0.0
2026-06-17 02:00:00+00:00,0.0005393306,0.0,-0.0,-0.0
2026-06-17 03:00:00+00:00,0.0005393306,0.0,-0.0,-0.0
2026-06-17 04:00:00+00:00,0.00056430005,0.0,0.0,0.0
2026-06-17 05:00:00+00:00,0.00056430005,0.0,-0.0,-0.0
2026-06-17 06:00:00+00:00,0.0006169331,0.0,-0.0,-0.0
2026-06-17 07:00:00+00:00,0.00088423694,0.0,-0.0,-0.0
2026-06-17 08:00:00+00:00,0.0012486795,0.0,0.0,0.0
2026-06-17 09:00:00+00:00,0.0003668405,0.0,-0.0,-0.0
2026-06-17 10:00:00+00:00,0.00031112295,0.0,-0.0,-0.0
2026-06-17 11:00:00+00:00,0.0005541072,0.0,0.0,0.0
2026-06-17 12:00:00+00:00,0.00052437757,0.0,0.0,0.0
2026-06-17 13:00:00+00:00,0.0009928064,0.0,0.0,0.0
2026-06-17 14:00:00+00:00,0.000603756,0.0,-0.0,-0.0
2026-06-17 15:00:00+00:00,0.0008062034,0.0,0.0,0.0
2026-06-17 16:00:00+00:00,0.000714311,0.0,0.0,0.0
2026-06-17 17:00:00+00:00,0.00035507418,0.0,0.0,0.0
2026-06-17 18:00:00+00:00,0.001241772,0.0,-0.0,-0.0
2026-06-17 19:00:00+00:00,0.0021301508,0.0,-0.0,-0.0
2026-06-17 20:00:00+00:00,0.0012190964,0.0,0.0,0.0
2026-06-17 21:00:00+00:00,0.0012960214,0.0,-0.0,-0.0
2026-06-17 22:00:00+00:00,0.0015390055,0.0,0.0,0.0
2026-06-17 23:00:00+00:00,0.0012467324,0.0,0.0,0.0
2026-06-18 00:00:00+00:00,0.00070269016,0.0,-0.0,-0.0
2026-06-18 01:00:00+00:00,5.3400454e-05,0.0,0.0,0.0
2026-06-18 02:00:00+00:00,5.3400454e-05,0.0,0.0,0.0
2026-06-18 03:00:00+00:00,0.00019029672,0.0,-0.0,-0.0
2026-06-18 04:00:00+00:00,0.0009465091,0.0,-0.0,-0.0
2026-06-18 05:00:00+00:00,0.00044793048,0.0,0.0,0.0
2026-06-18 06:00:00+00:00,8.54111e-05,0.0,0.0,0.0
2026-06-18 07:00:00+00:00,0.0002532669,0.0,0.0,0.0
2026-06-18 08:00:00+00:00,-3.4147095e-05,0.0,-0.0,-0.0
2026-06-18 09:00:00+00:00,-0.00017395176,0.0,-0.0,-0.0
2026-06-18 10:00:00+00:00,-0.00019582061,0.0,-0.0,-0.0
2026-06-18 11:00:00+00:00,-0.0003582329,0.0,-0.0,-0.0
2026-06-18 12:00:00+00:00,-0.00022747566,0.0,0.0,0.0
2026-06-18 13:00:00+00:00,1.3002766e-05,0.0,-0.0,-0.0
2026-06-18 14:00:00+00:00,-9.1635564e-05,0.0,-0.0,-0.0
2026-06-18 15:00:00+00:00,0.00011190071,0.0,-0.0,-0.0
2026-06-18 16:00:00+00:00,0.00028220133,0.0,0.0,0.0
2026-06-18 17:00:00+00:00,0.00028220133,0.0,-0.0,-0.0
2026-06-18 18:00:00+00:00,0.00016380055,0.0,0.0,0.0
2026-06-18 19:00:00+00:00,-0.000110669964,0.0,0.0,0.0
2026-06-18 20:00:00+00:00,0.00026961905,0.0,0.0,0.0
2026-06-18 21:00:00+00:00,-0.0007125945,0.0,-0.0,-0.0
2026-06-18 22:00:00+00:00,-0.0006027077,0.0,-0.0,-0.0
2026-06-18 23:00:00+00:00,-0.00050218886,0.0,0.0,0.0
2026-06-19 00:00:00+00:00,-0.00025387562,0.0,0.0,0.0
2026-06-19 01:00:00+00:00,-0.00025387562,0.0,0.0,0.0
2026-06-19 02:00:00+00:00,-0.00015704107,0.0,-0.0,-0.0
2026-06-19 03:00:00+00:00,-5.1335242e-05,0.0,-0.0,-0.0
2026-06-19 04:00:00+00:00,-0.00031099588,0.0,-0.0,-0.0
2026-06-19 05:00:00+00:00,-0.00012125142,0.0,0.0,0.0
2026-06-19 06:00:00+00:00,-6.777674e-05,0.0,0.0,0.0
2026-06-19 07:00:00+00:00,-0.00036446977,0.0,-0.0,-0.0
2026-06-19 08:00:00+00:00,-9.6859905e-05,0.0,-0.0,-0.0
2026-06-19 09:00:00+00:00,-0.0004230425,0.0,-0.0,-0.0
2026-06-19 10:00:00+00:00,-0.00029018836,0.0,0.0,0.0
2026-06-19 11:00:00+00:00,-0.00028650035,0.0,0.0,0.0
2026-06-19 12:00:00+00:00,-0.0001983464,0.0,0.0,0.0
2026-06-19 13:00:00+00:00,-0.00022677888,0.0,0.0,0.0
2026-06-19 14:00:00+00:00,-6.876276e-05,0.0,0.0,0.0
2026-06-19 15:00:00+00:00,-0.0002919768,0.0,0.0,0.0
2026-06-19 16:00:00+00:00,0.00010577464,0.0,-0.0,-0.0
2026-06-19 17:00:00+00:00,-0.0001829203,0.0,0.0,0.0
2026-06-19 18:00:00+00:00,-0.00021979642,0.0,-0.0,-0.0
2026-06-19 19:00:00+00:00,-0.00020084847,0.0,-0.0,-0.0
2026-06-19 20:00:00+00:00,-0.00020788974,0.0,0.0,0.0
2026-06-19 21:00:00+00:00,-0.00017587903,0.0,-0.0,-0.0
2026-06-19 22:00:00+00:00,-0.00015946073,0.0,0.0,0.0
2026-06-19 23:00:00+00:00,-0.00010374318,0.0,0.0,0.0
2026-06-20 00:00:00+00:00,1.25513725e-05,0.0,-0.0,-0.0
2026-06-20 01:00:00+00:00,-4.316619e-05,0.0,0.0,0.0
2026-06-20 02:00:00+00:00,-5.507294e-05,0.0,-0.0,-0.0
2026-06-20 03:00:00+00:00,-5.507294e-05,0.0,0.0,0.0
2026-06-20 04:00:00+00:00,-4.316619e-05,0.0,0.0,0.0
2026-06-20 05:00:00+00:00,1.25513725e-05,0.0,0.0,0.0
2026-06-20 06:00:00+00:00,-4.316619e-05,0.0,0.0,0.0
2026-06-20 07:00:00+00:00,-4.316619e-05,0.0,-0.0,-0.0
2026-06-20 08:00:00+00:00,-0.00020694656,0.0,-0.0,-0.0
2026-06-20 09:00:00+00:00,-0.00017007043,0.0,0.0,0.0
2026-06-20 10:00:00+00:00,-0.00019503981,0.0,-0.0,-0.0
2026-06-20 11:00:00+00:00,-0.00023191594,0.0,0.0,0.0
2026-06-20 12:00:00+00:00,-0.00019990529,0.0,-0.0,-0.0
2026-06-20 13:00:00+00:00,-0.00014418771,0.0,-0.0,-0.0
2026-06-20 14:00:00+00:00,-2.2586864e-06,0.0,0.0,0.0
2026-06-20 15:00:00+00:00,-9.929827e-07,0.0,0.0,0.0
2026-06-20 16:00:00+00:00,-0.00024006107,0.0,-0.0,-0.0
2026-06-20 17:00:00+00:00,-0.00022574309,0.0,-0.0,-0.0
2026-06-20 18:00:00+00:00,-0.00025196778,0.0,-0.0,-0.0
2026-06-20 19:00:00+00:00,-0.00025196778,0.0,0.0,0.0
2026-06-20 20:00:00+00:00,-0.00033195323,0.0,-0.0,-0.0
2026-06-20 21:00:00+00:00,-0.00036178812,0.0,0.0,0.0
2026-06-20 22:00:00+00:00,-0.000361446,0.0,0.0,0.0
2026-06-20 23:00:00+00:00,-0.0003914025,0.0,0.0,0.0
2026-06-21 00:00:00+00:00,-0.00018270979,0.0,-0.0,-0.0
2026-06-21 01:00:00+00:00,-0.00012778393,0.0,-0.0,-0.0
2026-06-21 02:00:00+00:00,-0.00016466007,0.0,-0.0,-0.0
2026-06-21 03:00:00+00:00,-0.00021958591,0.0,0.0,0.0
2026-06-21 04:00:00+00:00,-0.00018962947,0.0,-0.0,-0.0
2026-06-21 05:00:00+00:00,-0.00014571205,0.0,-0.0,-0.0
2026-06-21 06:00:00+00:00,-0.00012778393,0.0,0.0,0.0
2026-06-21 07:00:00+00:00,-0.00015761881,0.0,-0.0,-0.0
2026-06-21 08:00:00+00:00,-0.00010190124,0.0,-0.0,-0.0
2026-06-21 09:00:00+00:00,-0.00015761881,0.0,0.0,0.0
2026-06-21 10:00:00+00:00,-0.00018962947,0.0,0.0,0.0
2026-06-21 11:00:00+00:00,-0.00018258819,0.0,-0.0,-0.0
2026-06-21 12:00:00+00:00,-0.00015761881,0.0,0.0,0.0
2026-06-21 13:00:00+00:00,-0.00015761881,0.0,-0.0,-0.0
2026-06-21 14:00:00+00:00,-1.2570454e-05,0.0,-0.0,-0.0
2026-06-21 15:00:00+00:00,-0.0005208496,0.0,0.0,0.0
2026-06-21 16:00:00+00:00,-0.00039651568,0.0,-0.0,-0.0
2026-06-21 17:00:00+00:00,-0.00047302942,0.0,-0.0,-0.0
2026-06-21 18:00:00+00:00,-0.0004035569,0.0,0.0,0.0
2026-06-21 19:00:00+00:00,-0.0004285263,0.0,-0.0,-0.0
2026-06-21 20:00:00+00:00,-0.00046738502,0.0,-0.0,-0.0
2026-06-21 21:00:00+00:00,3.4409622e-05,0.0,-0.0,-0.0
2026-06-21 22:00:00+00:00,-0.00017567417,0.0,-0.0,-0.0
2026-06-21 23:00:00+00:00,9.558518e-05,0.0,-0.0,-0.0
2026-06-22 00:00:00+00:00,0.00014891136,0.0,0.0,0.0
2026-06-22 01:00:00+00:00,0.00044784954,0.0,0.0,0.0
2026-06-22 02:00:00+00:00,1.4111931e-05,0.0,-0.0,-0.0
2026-06-22 03:00:00+00:00,0.0003312037,0.0,-0.0,-0.0
2026-06-22 04:00:00+00:00,0.0001159871,0.0,0.0,0.0
2026-06-22 05:00:00+00:00,-3.0683346e-05,0.0,0.0,0.0
2026-06-22 06:00:00+00:00,9.122396e-05,0.0,-0.0,-0.0
2026-06-22 07:00:00+00:00,-0.00034609454,0.0,0.0,0.0
2026-06-22 08:00:00+00:00,3.9491166e-05,0.0,-0.0,-0.0
2026-06-22 09:00:00+00:00,4.4356642e-05,0.0,-0.0,-0.0
2026-06-22 10:00:00+00:00,0.00016214808,0.0,-0.0,-0.0
2026-06-22 11:00:00+00:00,0.00074222597,0.0,0.0,0.0
2026-06-22 12:00:00+00:00,0.00068975624,0.0,0.0,0.0
2026-06-22 13:00:00+00:00,0.0011822302,0.0,0.0,0.0
2026-06-22 14:00:00+00:00,0.0015590084,0.0,-0.0,-0.0
2026-06-22 15:00:00+00:00,0.0015401609,0.0,-0.0,-0.0
2026-06-22 16:00:00+00:00,0.0014063054,0.0,-0.0,-0.0
2026-06-22 17:00:00+00:00,0.0011774409,0.0,-0.0,-0.0
2026-06-22 18:00:00+00:00,0.0009100254,0.0,-0.0,-0.0
2026-06-22 19:00:00+00:00,0.00072212995,0.0,0.0,0.0
2026-06-22 20:00:00+00:00,0.00072212995,0.0,-0.0,-0.0
2026-06-22 21:00:00+00:00,0.00043146394,0.0,-0.0,-0.0
2026-06-22 22:00:00+00:00,0.00072308746,0.0,-0.0,-0.0
2026-06-22 23:00:00+00:00,0.00042334717,0.0,0.0,0.0
2026-06-23 00:00:00+00:00,-6.77744e-05,0.0,0.0,0.0
2026-06-23 01:00:00+00:00,-3.702623e-05,0.0,0.0,0.0
2026-06-23 02:00:00+00:00,-0.00014253156,0.0,0.0,0.0
2026-06-23 03:00:00+00:00,-1.5188337e-05,0.0,-0.0,-0.0
2026-06-23 04:00:00+00:00,5.4792985e-05,0.0,-0.0,-0.0
2026-06-23 05:00:00+00:00,0.0002612536,0.0,-0.0,-0.0
2026-06-23 06:00:00+00:00,0.00052903616,0.0,-0.0,-0.0
2026-06-23 07:00:00+00:00,0.00047872154,0.0,-0.0,-0.0
2026-06-23 08:00:00+00:00,0.00062777003,0.0,-0.0,-0.0
2026-06-23 09:00:00+00:00,0.00042187015,0.0,-0.0,-0.0
2026-06-23 10:00:00+00:00,0.00040520512,0.0,-0.0,-0.0
2026-06-23 11:00:00+00:00,0.0007105231,0.0,0.0,0.0
2026-06-23 12:00:00+00:00,0.00086675165,0.0,-0.0,-0.0
2026-06-23 13:00:00+00:00,0.0027580142,0.0,0.0,0.0
2026-06-23 14:00:00+00:00,0.0010197446,0.0,0.0,0.0
2026-06-23 15:00:00+00:00,0.0011311905,0.0,-0.0,-0.0
2026-06-23 16:00:00+00:00,0.00053115585,0.0,0.0,0.0
2026-06-23 17:00:00+00:00,0.00076333375,0.0,-0.0,-0.0
2026-06-23 18:00:00+00:00,0.0006394401,0.0,-0.0,-0.0
2026-06-23 19:00:00+00:00,0.00046584185,0.0,0.0,0.0
2026-06-23 20:00:00+00:00,0.00036663175,0.0,0.0,0.0
2026-06-23 21:00:00+00:00,9.940398e-06,0.0,0.0,0.0
2026-06-23 22:00:00+00:00,8.4234845e-05,0.0,-0.0,-0.0
2026-06-23 23:00:00+00:00,9.940398e-06,0.0,0.0,0.0
2026-06-24 00:00:00+00:00,0.00024071852,0.0,0.0,0.0
2026-06-24 01:00:00+00:00,0.00030444053,0.0,-0.0,-0.0
2026-06-24 02:00:00+00:00,0.00037774642,0.0,-0.0,-0.0
2026-06-24 03:00:00+00:00,0.00039626352,0.0,0.0,0.0
2026-06-24 04:00:00+00:00,0.00040702388,0.0,0.0,0.0
2026-06-24 05:00:00+00:00,0.00033382437,0.0,0.0,0.0
2026-06-24 06:00:00+00:00,0.00037795966,0.0,-0.0,-0.0
2026-06-24 07:00:00+00:00,0.00045115917,0.0,-0.0,-0.0
2026-06-24 08:00:00+00:00,0.0004172721,0.0,0.0,0.0
2026-06-24 09:00:00+00:00,0.0003874372,0.0,-0.0,-0.0
2026-06-24 10:00:00+00:00,0.0003874372,0.0,-0.0,-0.0
2026-06-24 11:00:00+00:00,0.0006227304,0.0,0.0,0.0
2026-06-24 12:00:00+00:00,0.00042894098,0.0,-0.0,-0.0
2026-06-24 13:00:00+00:00,0.00045977673,0.0,-0.0,-0.0
2026-06-24 14:00:00+00:00,0.00077978394,0.0,-0.0,-0.0
2026-06-24 15:00:00+00:00,0.0011730458,0.0,-0.0,-0.0
2026-06-24 16:00:00+00:00,3.8361028e-05,0.0,-0.0,-0.0
2026-06-24 17:00:00+00:00,0.0007447954,0.0,-0.0,-0.0
2026-06-24 18:00:00+00:00,0.0007715657,0.0,0.0,0.0
2026-06-24 19:00:00+00:00,0.000637303,0.0,0.0,0.0
2026-06-24 20:00:00+00:00,-0.0011661062,0.0,0.0,0.0
2026-06-24 21:00:00+00:00,-0.000702687,0.0,0.0,0.0
2026-06-24 22:00:00+00:00,-0.00024787983,0.0,-0.0,-0.0
2026-06-24 23:00:00+00:00,-0.0001757602,0.0,0.0,0.0
2026-06-25 00:00:00+00:00,-5.4078944e-05,0.0,0.0,0.0
2026-06-25 01:00:00+00:00,-0.0008446909,0.0,0.0,0.0
2026-06-25 02:00:00+00:00,-0.00087342155,0.0,-0.0,-0.0
2026-06-25 03:00:00+00:00,-0.0005853077,0.0,0.0,0.0
2026-06-25 04:00:00+00:00,-0.0011900861,0.0,0.0,0.0
2026-06-25 05:00:00+00:00,-0.0009784999,0.0,0.0,0.0
2026-06-25 06:00:00+00:00,-0.0011973745,0.0,0.0,0.0
2026-06-25 07:00:00+00:00,-0.0011416569,0.0,0.0,0.0
2026-06-25 08:00:00+00:00,-0.0011416569,0.0,0.0,0.0
2026-06-25 09:00:00+00:00,-0.0012814617,0.0,0.0,0.0
2026-06-25 10:00:00+00:00,-0.0011178607,0.0,-0.0,-0.0
2026-06-25 11:00:00+00:00,-0.0009961985,0.0,0.0,0.0
2026-06-25 12:00:00+00:00,-0.000810328,0.0,-0.0,-0.0
2026-06-25 13:00:00+00:00,-0.0033000892,0.0,-0.0,-0.0
2026-06-25 14:00:00+00:00,-0.0025569762,0.0,0.0,0.0
2026-06-25 15:00:00+00:00,-0.0017955023,0.0,0.0,0.0
2026-06-25 16:00:00+00:00,-0.0025430815,0.0,-0.0,-0.0
2026-06-25 17:00:00+00:00,-0.0034457014,0.0,0.0,0.0
2026-06-25 18:00:00+00:00,-0.0031812757,0.0,-0.0,-0.0
2026-06-25 19:00:00+00:00,0.000826022,0.0,-0.0,-0.0
2026-06-25 20:00:00+00:00,0.00052006537,0.0,0.0,0.0
2026-06-25 21:00:00+00:00,0.0002666219,0.0,0.0,0.0
2026-06-25 22:00:00+00:00,0.000631504,0.0,-0.0,-0.0
2026-06-25 23:00:00+00:00,0.0006519062,0.0,-0.0,-0.0
2026-06-26 00:00:00+00:00,0.000276925,0.0,-0.0,-0.0
2026-06-26 01:00:00+00:00,-0.00012429002,0.0,-0.0,-0.0
2026-06-26 02:00:00+00:00,0.001184836,0.0,-0.0,-0.0
2026-06-26 03:00:00+00:00,0.0021675047,0.0,0.0,0.0
2026-06-26 04:00:00+00:00,0.0017998293,0.0,-0.0,-0.0
2026-06-26 05:00:00+00:00,0.0012893934,0.0,0.0,0.0
2026-06-26 06:00:00+00:00,0.0019598883,0.0,0.0,0.0
2026-06-26 07:00:00+00:00,0.0016700363,0.0,0.0,0.0
2026-06-26 08:00:00+00:00,0.0014432552,0.0,-0.0,-0.0
2026-06-26 09:00:00+00:00,0.002314792,0.0,-0.0,-0.0
2026-06-26 10:00:00+00:00,0.0021402722,0.0,-0.0,-0.0
2026-06-26 11:00:00+00:00,0.0018724754,0.0,0.0,0.0
2026-06-26 12:00:00+00:00,0.0017984294,0.0,-0.0,-0.0
2026-06-26 13:00:00+00:00,0.0019956727,0.0,0.0,0.0
2026-06-26 14:00:00+00:00,0.0015249933,0.0,-0.0,-0.0
2026-06-26 15:00:00+00:00,0.00076092803,0.0,0.0,0.0
2026-06-26 16:00:00+00:00,0.00037744254,0.0,-0.0,-0.0
2026-06-26 17:00:00+00:00,-0.0001477126,0.0,-0.0,-0.0
2026-06-26 18:00:00+00:00,0.00020079021,0.0,-0.0,-0.0
2026-06-26 19:00:00+00:00,0.0007614836,0.0,0.0,0.0
2026-06-26 20:00:00+00:00,0.00027392342,0.0,-0.0,-0.0
2026-06-26 21:00:00+00:00,-0.00022542122,0.0,0.0,0.0
2026-06-26 22:00:00+00:00,-0.00031522027,0.0,0.0,0.0
2026-06-26 23:00:00+00:00,-0.00031522027,0.0,0.0,0.0
2026-06-27 00:00:00+00:00,-0.00012973112,0.0,-0.0,-0.0
2026-06-27 01:00:00+00:00,-9.137973e-05,0.0,-0.0,-0.0
2026-06-27 02:00:00+00:00,-0.00084809115,0.0,0.0,0.0
2026-06-27 03:00:00+00:00,-0.00021844199,0.0,0.0,0.0
2026-06-27 04:00:00+00:00,-1.7221617e-05,0.0,-0.0,-0.0
2026-06-27 05:00:00+00:00,0.00016795899,0.0,-0.0,-0.0
2026-06-27 06:00:00+00:00,8.716789e-05,0.0,0.0,0.0
2026-06-27 07:00:00+00:00,-0.00036535022,0.0,0.0,0.0
2026-06-27 08:00:00+00:00,-0.000118216696,0.0,-0.0,-0.0
2026-06-27 09:00:00+00:00,0.00012123951,0.0,-0.0,-0.0
2026-06-27 10:00:00+00:00,-0.00018700563,0.0,-0.0,-0.0
2026-06-27 11:00:00+00:00,-0.00015148555,0.0,-0.0,-0.0
2026-06-27 12:00:00+00:00,-0.00026223302,0.0,0.0,0.0
2026-06-27 13:00:00+00:00,-0.0004221743,0.0,0.0,0.0
2026-06-27 14:00:00+00:00,-0.00049914006,0.0,0.0,0.0
2026-06-27 15:00:00+00:00,-0.00014621264,0.0,0.0,0.0
2026-06-27 16:00:00+00:00,-0.00023721824,0.0,-0.0,-0.0
2026-06-27 17:00:00+00:00,0.00037028128,0.0,-0.0,-0.0
2026-06-27 18:00:00+00:00,-6.8909074e-05,0.0,0.0,0.0
2026-06-27 19:00:00+00:00,0.000368195,0.0,-0.0,-0.0
2026-06-27 20:00:00+00:00,0.00021165177,0.0,0.0,0.0
2026-06-27 21:00:00+00:00,0.00014367141,0.0,-0.0,-0.0
2026-06-27 22:00:00+00:00,6.844389e-05,0.0,0.0,0.0
2026-06-27 23:00:00+00:00,-8.894044e-05,0.0,-0.0,-0.0
2026-06-28 00:00:00+00:00,0.0008013691,0.0,0.0,0.0
2026-06-28 01:00:00+00:00,0.0007633939,0.0,0.0,0.0
2026-06-28 02:00:00+00:00,0.0006952076,0.0,-0.0,-0.0
2026-06-28 03:00:00+00:00,0.00068816636,0.0,0.0,0.0
2026-06-28 04:00:00+00:00,0.0008369131,0.0,-0.0,-0.0
2026-06-28 05:00:00+00:00,0.0009468662,0.0,-0.0,-0.0
2026-06-28 06:00:00+00:00,0.0009468662,0.0,0.0,0.0
2026-06-28 07:00:00+00:00,0.00089703384,0.0,0.0,0.0
2026-06-28 08:00:00+00:00,0.0010148578,0.0,0.0,0.0
2026-06-28 09:00:00+00:00,0.0011057265,0.0,-0.0,-0.0
2026-06-28 10:00:00+00:00,0.0011809536,0.0,-0.0,-0.0
2026-06-28 11:00:00+00:00,0.0011809536,0.0,0.0,0.0
2026-06-28 12:00:00+00:00,0.0011057265,0.0,-0.0,-0.0
2026-06-28 13:00:00+00:00,0.0011174023,0.0,-0.0,-0.0
2026-06-28 14:00:00+00:00,0.0003679475,0.0,-0.0,-0.0
2026-06-28 15:00:00+00:00,0.00035983074,0.0,-0.0,-0.0
2026-06-28 16:00:00+00:00,0.00033388866,0.0,-0.0,-0.0
2026-06-28 17:00:00+00:00,0.00033388866,0.0,-0.0,-0.0
2026-06-28 18:00:00+00:00,0.00025385132,0.0,0.0,0.0
2026-06-28 19:00:00+00:00,0.00025385132,0.0,-0.0,-0.0
2026-06-28 20:00:00+00:00,0.00015033029,0.0,0.0,0.0
2026-06-28 21:00:00+00:00,0.0001575774,0.0,-0.0,-0.0
2026-06-28 22:00:00+00:00,0.00037873627,0.0,-0.0,-0.0
2026-06-28 23:00:00+00:00,0.00044697235,0.0,0.0,0.0
2026-06-29 00:00:00+00:00,0.00095816544,0.0,0.0,0.0
2026-06-29 01:00:00+00:00,0.0009094891,0.0,-0.0,-0.0
2026-06-29 02:00:00+00:00,0.0012021875,0.0,0.0,0.0
2026-06-29 03:00:00+00:00,0.0012363236,0.0,0.0,0.0
2026-06-29 04:00:00+00:00,0.000985984,0.0,-0.0,-0.0
2026-06-29 05:00:00+00:00,0.0008476706,0.0,0.0,0.0
2026-06-29 06:00:00+00:00,0.0008476706,0.0,-0.0,-0.0
2026-06-29 07:00:00+00:00,0.00088282174,0.0,-0.0,-0.0
2026-06-29 08:00:00+00:00,0.00028730367,0.0,-0.0,-0.0
2026-06-29 09:00:00+00:00,0.0003241798,0.0,0.0,0.0
2026-06-29 10:00:00+00:00,0.0002489522,0.0,0.0,0.0
2026-06-29 11:00:00+00:00,0.00025599348,0.0,-0.0,-0.0
2026-06-29 12:00:00+00:00,0.00034627656,0.0,-0.0,-0.0
2026-06-29 13:00:00+00:00,0.00064067537,0.0,-0.0,-0.0
2026-06-29 14:00:00+00:00,0.00036103823,0.0,-0.0,-0.0
2026-06-29 15:00:00+00:00,0.00026206265,0.0,0.0,0.0
2026-06-29 16:00:00+00:00,-8.046882e-05,0.0,0.0,0.0
2026-06-29 17:00:00+00:00,0.00020821844,0.0,0.0,0.0
2026-06-29 18:00:00+00:00,-0.00011046033,0.0,-0.0,-0.0
2026-06-29 19:00:00+00:00,-0.00037394828,0.0,0.0,0.0
2026-06-29 20:00:00+00:00,-0.00028335906,0.0,-0.0,-0.0
2026-06-29 21:00:00+00:00,-0.00055037934,0.0,0.0,0.0
2026-06-29 22:00:00+00:00,-0.00029584416,0.0,-0.0,-0.0
2026-06-29 23:00:00+00:00,-0.00024299753,0.0,-0.0,-0.0
2026-06-30 00:00:00+00:00,-0.00041219138,0.0,-0.0,-0.0
2026-06-30 01:00:00+00:00,-0.0004872423,0.0,0.0,0.0
2026-06-30 02:00:00+00:00,-0.0005100595,0.0,0.0,0.0
2026-06-30 03:00:00+00:00,-0.0005484381,0.0,-0.0,-0.0
2026-06-30 04:00:00+00:00,-0.00043435924,0.0,-0.0,-0.0
2026-06-30 05:00:00+00:00,-0.0003487258,0.0,0.0,0.0
2026-06-30 06:00:00+00:00,-0.0004029408,0.0,-0.0,-0.0
2026-06-30 07:00:00+00:00,-0.00047967088,0.0,-0.0,-0.0
2026-06-30 08:00:00+00:00,-0.0005509818,0.0,-0.0,-0.0
2026-06-30 09:00:00+00:00,-0.00064239727,0.0,0.0,0.0
2026-06-30 10:00:00+00:00,-0.00064239727,0.0,-0.0,-0.0
2026-06-30 11:00:00+00:00,-0.00048460043,0.0,-0.0,-0.0
2026-06-30 12:00:00+00:00,0.00027854167,0.0,-0.0,-0.0
2026-06-30 13:00:00+00:00,0.00050739286,0.0,0.0,0.0
2026-06-30 14:00:00+00:00,0.0004542313,0.0,-0.0,-0.0
2026-06-30 15:00:00+00:00,-5.2163137e-05,0.0,-0.0,-0.0
2026-06-30 16:00:00+00:00,8.318771e-05,0.0,0.0,0.0
2026-06-30 17:00:00+00:00,2.6147602e-05,0.0,-0.0,-0.0
2026-06-30 18:00:00+00:00,-0.00029271573,0.0,0.0,0.0
2026-06-30 19:00:00+00:00,-0.00029271573,0.0,0.0,0.0
2026-06-30 20:00:00+00:00,-0.0004026688,0.0,-0.0,-0.0
2026-06-30 21:00:00+00:00,-0.00038126926,0.0,-0.0,-0.0
2026-06-30 22:00:00+00:00,-0.00038126926,0.0,-0.0,-0.0
2026-06-30 23:00:00+00:00,-0.00039391918,0.0,0.0,0.0
2026-07-01 00:00:00+00:00,0.0002384615,0.0,-0.0,-0.0
2026-07-01 01:00:00+00:00,0.00013420108,0.0,0.0,0.0
2026-07-01 02:00:00+00:00,0.0001671986,0.0,0.0,0.0
2026-07-01 03:00:00+00:00,0.00017228985,0.0,0.0,0.0
2026-07-01 04:00:00+00:00,0.00017228985,0.0,0.0,0.0
2026-07-01 05:00:00+00:00,0.00015972147,0.0,-0.0,-0.0
2026-07-01 06:00:00+00:00,0.0008417192,0.0,-0.0,-0.0
2026-07-01 07:00:00+00:00,0.00020715847,0.0,0.0,0.0
2026-07-01 08:00:00+00:00,0.0014244049,0.0,0.0,0.0
2026-07-01 09:00:00+00:00,0.0012979136,0.0,-0.0,-0.0
2026-07-01 10:00:00+00:00,0.0014655731,0.0,-0.0,-0.0
2026-07-01 11:00:00+00:00,0.0014655731,0.0,-0.0,-0.0
2026-07-01 12:00:00+00:00,0.0014436865,0.0,-0.0,-0.0
2026-07-01 13:00:00+00:00,0.0016021471,0.0,0.0,0.0
2026-07-01 14:00:00+00:00,0.0016783661,0.0,0.0,0.0
2026-07-01 15:00:00+00:00,0.00062603084,0.0,0.0,0.0
2026-07-01 16:00:00+00:00,0.00036267654,0.0,-0.0,-0.0
2026-07-01 17:00:00+00:00,0.00010473324,0.0,0.0,0.0
2026-07-01 18:00:00+00:00,0.00031872216,0.0,-0.0,-0.0
2026-07-01 19:00:00+00:00,-0.00032582416,0.0,-0.0,-0.0
2026-07-01 20:00:00+00:00,-0.00021025291,0.0,0.0,0.0
2026-07-01 21:00:00+00:00,0.00043669873,0.0,0.0,0.0
2026-07-01 22:00:00+00:00,0.0010309938,0.0,-0.0,-0.0
2026-07-01 23:00:00+00:00,0.0014784128,0.0,-0.0,-0.0
2026-07-02 00:00:00+00:00,0.00014326622,0.0,-0.0,-0.0
2026-07-02 01:00:00+00:00,-0.00026337872,0.0,0.0,0.0
2026-07-02 02:00:00+00:00,-0.0004984741,0.0,0.0,0.0
2026-07-02 03:00:00+00:00,-0.00042978808,0.0,0.0,0.0
2026-07-02 04:00:00+00:00,-0.0005908638,0.0,-0.0,-0.0
2026-07-02 05:00:00+00:00,-0.00054082175,0.0,-0.0,-0.0
2026-07-02 06:00:00+00:00,-0.00048214258,0.0,-0.0,-0.0
2026-07-02 07:00:00+00:00,-0.0005331129,0.0,-0.0,-0.0
2026-07-02 08:00:00+00:00,-0.00061701896,0.0,0.0,0.0
2026-07-02 09:00:00+00:00,-0.0009130437,0.0,0.0,0.0
2026-07-02 10:00:00+00:00,-0.0013626742,0.0,0.0,0.0
2026-07-02 11:00:00+00:00,-0.0010426599,0.0,0.0,0.0
2026-07-02 12:00:00+00:00,-0.0015797054,0.0,0.0,0.0
2026-07-02 13:00:00+00:00,-0.0007251042,0.0,0.0,0.0
2026-07-02 14:00:00+00:00,-0.00063543016,0.0,-0.0,-0.0
2026-07-02 15:00:00+00:00,-0.00080857315,0.0,-0.0,-0.0
2026-07-02 16:00:00+00:00,-0.0006780724,0.0,0.0,0.0
2026-07-02 17:00:00+00:00,-0.00066256616,0.0,-0.0,-0.0
2026-07-02 18:00:00+00:00,-0.000584093,0.0,0.0,0.0
2026-07-02 19:00:00+00:00,-0.00053983374,0.0,-0.0,-0.0
2026-07-02 20:00:00+00:00,-0.0006116568,0.0,0.0,0.0
2026-07-02 21:00:00+00:00,-0.00048796105,0.0,0.0,0.0
2026-07-02 22:00:00+00:00,-0.00046011966,0.0,-0.0,-0.0
2026-07-02 23:00:00+00:00,-0.00056308875,0.0,0.0,0.0
2026-07-03 00:00:00+00:00,-0.0004944166,0.0,-0.0,-0.0
2026-07-03 01:00:00+00:00,-0.0007567194,0.0,0.0,0.0
2026-07-03 02:00:00+00:00,-0.0006602836,0.0,-0.0,-0.0
2026-07-03 03:00:00+00:00,-0.00051998714,0.0,-0.0,-0.0
2026-07-03 04:00:00+00:00,-0.000517673,0.0,0.0,0.0
2026-07-03 05:00:00+00:00,-0.00051998714,0.0,0.0,0.0
2026-07-03 06:00:00+00:00,-0.00051998714,0.0,0.0,0.0
2026-07-03 07:00:00+00:00,-0.00061320374,0.0,0.0,0.0
2026-07-03 08:00:00+00:00,-0.00054905895,0.0,-0.0,-0.0
2026-07-03 09:00:00+00:00,-0.00047351018,0.0,0.0,0.0
2026-07-03 10:00:00+00:00,-0.000552109,0.0,0.0,0.0
2026-07-03 11:00:00+00:00,-0.0006548385,0.0,0.0,0.0
2026-07-03 12:00:00+00:00,-0.00049162057,0.0,-0.0,-0.0
2026-07-03 13:00:00+00:00,-0.0004093131,0.0,0.0,0.0
2026-07-03 14:00:00+00:00,-0.00045378561,0.0,0.0,0.0
2026-07-03 15:00:00+00:00,-0.00020478708,0.0,-0.0,-0.0
2026-07-03 16:00:00+00:00,-0.00029027078,0.0,0.0,0.0
2026-07-03 17:00:00+00:00,-0.00029027078,0.0,0.0,0.0
2026-07-03 18:00:00+00:00,-0.00045549893,0.0,0.0,0.0
2026-07-03 19:00:00+00:00,-0.0004161885,0.0,-0.0,-0.0
2026-07-03 20:00:00+00:00,0.0006960874,0.0,0.0,0.0
2026-07-03 21:00:00+00:00,0.0001740061,0.0,-0.0,-0.0
2026-07-03 22:00:00+00:00,-0.0006104819,0.0,-0.0,-0.0
2026-07-03 23:00:00+00:00,-0.0005084106,0.0,0.0,0.0
2026-07-04 00:00:00+00:00,-0.00015322417,0.0,0.0,0.0
2026-07-04 01:00:00+00:00,-0.00012521897,0.0,-0.0,-0.0
2026-07-04 02:00:00+00:00,-6.61389e-05,0.0,0.0,0.0
2026-07-04 03:00:00+00:00,-3.609703e-05,0.0,0.0,0.0
2026-07-04 04:00:00+00:00,-0.00021051563,0.0,0.0,0.0
2026-07-04 05:00:00+00:00,-5.481e-05,0.0,-0.0,-0.0
2026-07-04 06:00:00+00:00,-8.754014e-05,0.0,0.0,0.0
2026-07-04 07:00:00+00:00,-6.748303e-05,0.0,0.0,0.0
2026-07-04 08:00:00+00:00,-8.985436e-05,0.0,-0.0,-0.0
2026-07-04 09:00:00+00:00,-8.619601e-05,0.0,-0.0,-0.0
2026-07-04 10:00:00+00:00,-8.619601e-05,0.0,0.0,0.0
2026-07-04 11:00:00+00:00,-8.619601e-05,0.0,-0.0,-0.0
2026-07-04 12:00:00+00:00,-8.985436e-05,0.0,0.0,0.0
2026-07-04 13:00:00+00:00,-8.985436e-05,0.0,-0.0,-0.0
2026-07-04 14:00:00+00:00,-6.666154e-05,0.0,0.0,0.0
2026-07-04 15:00:00+00:00,3.7781545e-05,0.0,0.0,0.0
2026-07-04 16:00:00+00:00,-2.2707123e-05,0.0,-0.0,-0.0
2026-07-04 17:00:00+00:00,0.00081380643,0.0,0.0,0.0
2026-07-04 18:00:00+00:00,-0.0001344161,0.0,-0.0,-0.0
2026-07-04 19:00:00+00:00,0.00032692318,0.0,0.0,0.0
2026-07-04 20:00:00+00:00,-0.00011901847,0.0,-0.0,-0.0
2026-07-04 21:00:00+00:00,-0.00015358123,0.0,0.0,0.0
2026-07-04 22:00:00+00:00,-0.000260422,0.0,-0.0,-0.0
2026-07-04 23:00:00+00:00,-0.00027104645,0.0,-0.0,-0.0
2026-07-05 00:00:00+00:00,-0.00027104645,0.0,-0.0,-0.0
2026-07-05 01:00:00+00:00,-0.00047465242,0.0,-0.0,-0.0
2026-07-05 02:00:00+00:00,-0.00048910896,0.0,-0.0,-0.0
2026-07-05 03:00:00+00:00,-0.0005330634,0.0,0.0,0.0
2026-07-05 04:00:00+00:00,-0.00048776483,0.0,0.0,0.0
2026-07-05 05:00:00+00:00,-0.0006116062,0.0,-0.0,-0.0
2026-07-05 06:00:00+00:00,-0.00063486275,0.0,0.0,0.0
2026-07-05 07:00:00+00:00,-0.0005002232,0.0,0.0,0.0
2026-07-05 08:00:00+00:00,-0.0005488646,0.0,-0.0,-0.0
2026-07-05 09:00:00+00:00,-0.0004796644,0.0,-0.0,-0.0
2026-07-05 10:00:00+00:00,-0.00068919087,0.0,0.0,0.0
2026-07-05 11:00:00+00:00,-0.00052361883,0.0,-0.0,-0.0
2026-07-05 12:00:00+00:00,-0.0006197874,0.0,0.0,0.0
2026-07-05 13:00:00+00:00,5.416789e-05,0.0,0.0,0.0
2026-07-05 14:00:00+00:00,0.00012039889,0.0,0.0,0.0
2026-07-05 15:00:00+00:00,0.00016801171,0.0,-0.0,-0.0
2026-07-05 16:00:00+00:00,0.00016666758,0.0,-0.0,-0.0
2026-07-05 17:00:00+00:00,0.00016529777,0.0,-0.0,-0.0
2026-07-05 18:00:00+00:00,0.00012039889,0.0,0.0,0.0
2026-07-05 19:00:00+00:00,0.00016422004,0.0,-0.0,-0.0
2026-07-05 20:00:00+00:00,0.00012039889,0.0,-0.0,-0.0
2026-07-05 21:00:00+00:00,0.00036705716,0.0,0.0,0.0
2026-07-05 22:00:00+00:00,0.00034447512,0.0,0.0,0.0
2026-07-05 23:00:00+00:00,-0.00046844815,0.0,-0.0,-0.0
2026-07-06 00:00:00+00:00,-0.00014502609,0.0,0.0,0.0
2026-07-06 01:00:00+00:00,-0.00022016067,0.0,-0.0,-0.0
2026-07-06 02:00:00+00:00,-0.00012926514,0.0,-0.0,-0.0
2026-07-06 03:00:00+00:00,-0.00017312463,0.0,-0.0,-0.0
2026-07-06 04:00:00+00:00,-0.00024954337,0.0,-0.0,-0.0
2026-07-06 05:00:00+00:00,-0.00022820669,0.0,-0.0,-0.0
2026-07-06 06:00:00+00:00,-0.00024826374,0.0,-0.0,-0.0
2026-07-06 07:00:00+00:00,-0.00026272028,0.0,0.0,0.0
2026-07-06 08:00:00+00:00,-0.00026272028,0.0,-0.0,-0.0
2026-07-06 09:00:00+00:00,-0.0003972266,0.0,-0.0,-0.0
2026-07-06 10:00:00+00:00,-0.00045472148,0.0,0.0,0.0
2026-07-06 11:00:00+00:00,-0.00027719658,0.0,-0.0,-0.0
2026-07-06 12:00:00+00:00,-0.0008288318,0.0,-0.0,-0.0
2026-07-06 13:00:00+00:00,-0.00013068013,0.0,0.0,0.0
2026-07-06 14:00:00+00:00,-8.858572e-05,0.0,0.0,0.0
2026-07-06 15:00:00+00:00,0.0008104766,0.0,0.0,0.0
2026-07-06 16:00:00+00:00,0.0004611836,0.0,0.0,0.0
2026-07-06 17:00:00+00:00,0.000442738,0.0,-0.0,-0.0
2026-07-06 18:00:00+00:00,0.0008016033,0.0,0.0,0.0
2026-07-06 19:00:00+00:00,0.0008016033,0.0,0.0,0.0
2026-07-06 20:00:00+00:00,0.0007232013,0.0,0.0,0.0
2026-07-06 21:00:00+00:00,0.00032148333,0.0,0.0,0.0
2026-07-06 22:00:00+00:00,0.0002857968,0.0,-0.0,-0.0
2026-07-06 23:00:00+00:00,0.00045747278,0.0,-0.0,-0.0
2026-07-07 00:00:00+00:00,0.00015940437,0.0,0.0,0.0
2026-07-07 01:00:00+00:00,0.00036214816,0.0,-0.0,-0.0
2026-07-07 02:00:00+00:00,0.0005011615,0.0,-0.0,-0.0
2026-07-07 03:00:00+00:00,-0.0004980714,0.0,-0.0,-0.0
2026-07-07 04:00:00+00:00,-0.0006297924,0.0,-0.0,-0.0
2026-07-07 05:00:00+00:00,-0.0004720458,0.0,0.0,0.0
2026-07-07 06:00:00+00:00,-0.00064348726,0.0,0.0,0.0
2026-07-07 07:00:00+00:00,-0.00062844827,0.0,-0.0,-0.0
2026-07-07 08:00:00+00:00,-0.0006830908,0.0,0.0,0.0
2026-07-07 09:00:00+00:00,-0.00068570295,0.0,0.0,0.0
2026-07-07 10:00:00+00:00,-0.00072074734,0.0,0.0,0.0
2026-07-07 11:00:00+00:00,-0.0005001383,0.0,0.0,0.0
2026-07-07 12:00:00+00:00,-0.00047050166,0.0,0.0,0.0
2026-07-07 13:00:00+00:00,-7.200679e-05,0.0,-0.0,-0.0
2026-07-07 14:00:00+00:00,-0.00018636155,0.0,0.0,0.0
2026-07-07 15:00:00+00:00,-8.8475084e-05,0.0,0.0,0.0
2026-07-07 16:00:00+00:00,-0.0002601292,0.0,0.0,0.0
2026-07-07 17:00:00+00:00,-0.00040867346,0.0,0.0,0.0
2026-07-07 18:00:00+00:00,0.00028536402,0.0,-0.0,-0.0
2026-07-07 19:00:00+00:00,0.0002697301,0.0,0.0,0.0
2026-07-07 20:00:00+00:00,-0.00039109285,0.0,-0.0,-0.0
2026-07-07 21:00:00+00:00,-0.0002302773,0.0,-0.0,-0.0
2026-07-07 22:00:00+00:00,-0.0002302773,0.0,0.0,0.0
2026-07-07 23:00:00+00:00,-0.0002534701,0.0,-0.0,-0.0
2026-07-08 00:00:00+00:00,0.00031039392,0.0,0.0,0.0
2026-07-08 01:00:00+00:00,0.00046128244,0.0,-0.0,-0.0
2026-07-08 02:00:00+00:00,0.00019750872,0.0,-0.0,-0.0
2026-07-08 03:00:00+00:00,0.00018083274,0.0,-0.0,-0.0
2026-07-08 04:00:00+00:00,5.0481096e-05,0.0,0.0,0.0
2026-07-08 05:00:00+00:00,0.00018151717,0.0,-0.0,-0.0
2026-07-08 06:00:00+00:00,0.00013702022,0.0,0.0,0.0
2026-07-08 07:00:00+00:00,3.7478756e-05,0.0,0.0,0.0
2026-07-08 08:00:00+00:00,0.0012231119,0.0,-0.0,-0.0
2026-07-08 09:00:00+00:00,0.0009283407,0.0,0.0,0.0
2026-07-08 10:00:00+00:00,0.00087733526,0.0,0.0,0.0
2026-07-08 11:00:00+00:00,0.00088068313,0.0,0.0,0.0
2026-07-08 12:00:00+00:00,0.000951602,0.0,-0.0,-0.0
2026-07-08 13:00:00+00:00,0.0006939863,0.0,-0.0,-0.0
2026-07-08 14:00:00+00:00,5.6103756e-05,0.0,-0.0,-0.0
2026-07-08 15:00:00+00:00,-3.2561984e-06,0.0,-0.0,-0.0
2026-07-08 16:00:00+00:00,0.00029699967,0.0,0.0,0.0
2026-07-08 17:00:00+00:00,0.00029699967,0.0,0.0,0.0
2026-07-08 18:00:00+00:00,0.00025304526,0.0,0.0,0.0
2026-07-08 19:00:00+00:00,0.00025304526,0.0,0.0,0.0
2026-07-08 20:00:00+00:00,0.0003899735,0.0,-0.0,-0.0
2026-07-08 21:00:00+00:00,0.00032997364,0.0,0.0,0.0
2026-07-08 22:00:00+00:00,0.0003689446,0.0,0.0,0.0
2026-07-08 23:00:00+00:00,0.00034575176,0.0,-0.0,-0.0
2026-07-09 00:00:00+00:00,-0.0005833904,0.0,-0.0,-0.0
2026-07-09 01:00:00+00:00,-0.00094191683,0.0,-0.0,-0.0
2026-07-09 02:00:00+00:00,-0.0010696168,0.0,-0.0,-0.0
2026-07-09 03:00:00+00:00,-0.0007191071,0.0,0.0,0.0
2026-07-09 04:00:00+00:00,-0.0006259295,0.0,0.0,0.0
2026-07-09 05:00:00+00:00,-0.0006411374,0.0,0.0,0.0
2026-07-09 06:00:00+00:00,-0.0009550565,0.0,0.0,0.0
2026-07-09 07:00:00+00:00,-0.0006924784,0.0,0.0,0.0
2026-07-09 08:00:00+00:00,-0.00063409057,0.0,-0.0,-0.0
2026-07-09 09:00:00+00:00,-0.0006304322,0.0,0.0,0.0
2026-07-09 10:00:00+00:00,-0.00063177635,0.0,-0.0,-0.0
2026-07-09 11:00:00+00:00,-0.0006091588,0.0,-0.0,-0.0
2026-07-09 12:00:00+00:00,-0.0003043119,0.0,-0.0,-0.0
2026-07-09 13:00:00+00:00,-0.0004502508,0.0,0.0,0.0
2026-07-09 14:00:00+00:00,-0.00042705797,0.0,-0.0,-0.0
2026-07-09 15:00:00+00:00,-0.0003422041,0.0,-0.0,-0.0
2026-07-09 16:00:00+00:00,-0.00042043556,0.0,-0.0,-0.0
2026-07-09 17:00:00+00:00,-0.00040269268,0.0,0.0,0.0
2026-07-09 18:00:00+00:00,-0.0003622612,0.0,0.0,0.0
2026-07-09 19:00:00+00:00,-0.0004667042,0.0,0.0,0.0
2026-07-09 20:00:00+00:00,-0.00044664711,0.0,0.0,0.0
2026-07-09 21:00:00+00:00,-0.0004667042,0.0,-0.0,-0.0
2026-07-09 22:00:00+00:00,-0.00044298876,0.0,-0.0,-0.0
2026-07-09 23:00:00+00:00,-0.0004989118,0.0,0.0,0.0
2026-07-10 00:00:00+00:00,-0.00048353788,0.0,-0.0,-0.0
2026-07-10 01:00:00+00:00,-0.00062568183,0.0,0.0,0.0
2026-07-10 02:00:00+00:00,-0.00011166592,0.0,0.0,0.0
2026-07-10 03:00:00+00:00,-0.0011274397,0.0,-0.0,-0.0
2026-07-10 04:00:00+00:00,-0.00017742098,0.0,0.0,0.0
2026-07-10 05:00:00+00:00,4.4791806e-05,0.0,0.0,0.0
2026-07-10 06:00:00+00:00,-0.00044938887,0.0,-0.0,-0.0
2026-07-10 07:00:00+00:00,-0.00062010786,0.0,0.0,0.0
2026-07-10 08:00:00+00:00,-0.0004831607,0.0,0.0,0.0
2026-07-10 09:00:00+00:00,1.5161948e-05,0.0,0.0,0.0
2026-07-10 10:00:00+00:00,4.4791806e-05,0.0,0.0,0.0
2026-07-10 11:00:00+00:00,4.4791806e-05,0.0,0.0,0.0
2026-07-10 12:00:00+00:00,-0.0005346068,0.0,-0.0,-0.0
2026-07-10 13:00:00+00:00,0.00018018798,0.0,0.0,0.0
2026-07-10 14:00:00+00:00,-0.00023330064,0.0,-0.0,-0.0
2026-07-10 15:00:00+00:00,-0.00035660696,0.0,0.0,0.0
2026-07-10 16:00:00+00:00,-0.00040056134,0.0,0.0,0.0
2026-07-10 17:00:00+00:00,-0.0004259463,0.0,-0.0,-0.0
2026-07-10 18:00:00+00:00,-0.00037730482,0.0,-0.0,-0.0
2026-07-10 19:00:00+00:00,-0.00037730482,0.0,0.0,0.0
2026-07-10 20:00:00+00:00,-0.00048099237,0.0,-0.0,-0.0
2026-07-10 21:00:00+00:00,-0.0004935608,0.0,0.0,0.0
2026-07-10 22:00:00+00:00,-0.00040287556,0.0,0.0,0.0
2026-07-10 23:00:00+00:00,-0.00045745444,0.0,0.0,0.0
2026-07-11 00:00:00+00:00,-0.00019117049,0.0,-0.0,-0.0
2026-07-11 01:00:00+00:00,-0.00028953553,0.0,-0.0,-0.0
2026-07-11 02:00:00+00:00,-0.00021562114,0.0,0.0,0.0
2026-07-11 03:00:00+00:00,-0.00017179995,0.0,-0.0,-0.0
2026-07-11 04:00:00+00:00,-0.00017179995,0.0,0.0,0.0
2026-07-11 05:00:00+00:00,-0.00015174283,0.0,0.0,0.0
2026-07-11 06:00:00+00:00,-0.00013728629,0.0,0.0,0.0
2026-07-11 07:00:00+00:00,-0.00021562114,0.0,-0.0,-0.0
2026-07-11 08:00:00+00:00,-0.00035854828,0.0,0.0,0.0
2026-07-11 09:00:00+00:00,-0.00037494703,0.0,-0.0,-0.0
2026-07-11 10:00:00+00:00,-0.0003786054,0.0,0.0,0.0
2026-07-11 11:00:00+00:00,-0.00037494703,0.0,0.0,0.0
2026-07-11 12:00:00+00:00,-0.000111543246,0.0,-0.0,-0.0
2026-07-11 13:00:00+00:00,-0.000111543246,0.0,0.0,0.0
2026-07-11 14:00:00+00:00,-2.9939483e-05,0.0,0.0,0.0
2026-07-11 15:00:00+00:00,-0.0009230237,0.0,-0.0,-0.0
2026-07-11 16:00:00+00:00,-4.0737672e-05,0.0,0.0,0.0
2026-07-11 17:00:00+00:00,-2.628114e-05,0.0,0.0,0.0
2026-07-11 18:00:00+00:00,-7.389388e-05,0.0,0.0,0.0
2026-07-11 19:00:00+00:00,-7.389388e-05,0.0,-0.0,-0.0
2026-07-11 20:00:00+00:00,-7.389388e-05,0.0,0.0,0.0
2026-07-11 21:00:00+00:00,-7.389388e-05,0.0,-0.0,-0.0
2026-07-11 22:00:00+00:00,-4.2081803e-05,0.0,-0.0,-0.0
2026-07-11 23:00:00+00:00,-0.0001273803,0.0,-0.0,-0.0
2026-07-12 00:00:00+00:00,0.00018321406,0.0,0.0,0.0
2026-07-12 01:00:00+00:00,2.1354183e-05,0.0,0.0,0.0
2026-07-12 02:00:00+00:00,0.00033094498,0.0,-0.0,-0.0
2026-07-12 03:00:00+00:00,1.7695837e-05,0.0,0.0,0.0
2026-07-12 04:00:00+00:00,2.001004e-05,0.0,-0.0,-0.0
2026-07-12 05:00:00+00:00,0.00024257397,0.0,-0.0,-0.0
2026-07-12 06:00:00+00:00,0.00024133743,0.0,-0.0,-0.0
2026-07-12 07:00:00+00:00,0.00015479836,0.0,0.0,0.0
2026-07-12 08:00:00+00:00,-0.00020209518,0.0,0.0,0.0
2026-07-12 09:00:00+00:00,-0.00020209518,0.0,-0.0,-0.0
2026-07-12 10:00:00+00:00,-0.00015776289,0.0,-0.0,-0.0
2026-07-12 11:00:00+00:00,-0.00042242656,0.0,0.0,0.0
2026-07-12 12:00:00+00:00,-0.000334651,0.0,0.0,0.0
2026-07-12 13:00:00+00:00,-0.00051045517,0.0,-0.0,-0.0
2026-07-12 14:00:00+00:00,-0.00044330783,0.0,0.0,0.0
2026-07-12 15:00:00+00:00,-0.00013242455,0.0,-0.0,-0.0
2026-07-12 16:00:00+00:00,-0.00013242455,0.0,-0.0,-0.0
2026-07-12 17:00:00+00:00,7.323493e-05,0.0,-0.0,-0.0
2026-07-12 18:00:00+00:00,0.00053371076,0.0,0.0,0.0
2026-07-12 19:00:00+00:00,0.00058754714,0.0,0.0,0.0
2026-07-12 20:00:00+00:00,0.00050999527,0.0,-0.0,-0.0
2026-07-12 21:00:00+00:00,0.000159774,0.0,-0.0,-0.0
2026-07-12 22:00:00+00:00,0.000117189375,0.0,-0.0,-0.0
2026-07-12 23:00:00+00:00,5.0042116e-05,0.0,-0.0,-0.0
2026-07-13 00:00:00+00:00,-0.0009700815,0.0,0.0,0.0
2026-07-13 01:00:00+00:00,-2.9076118e-05,0.0,-0.0,-0.0
2026-07-13 02:00:00+00:00,-0.00014152752,0.0,-0.0,-0.0
2026-07-13 03:00:00+00:00,-7.145571e-05,0.0,-0.0,-0.0
2026-07-13 04:00:00+00:00,-0.000275104,0.0,-0.0,-0.0
2026-07-13 05:00:00+00:00,-4.8856637e-05,0.0,0.0,0.0
2026-07-13 06:00:00+00:00,-7.449311e-05,0.0,0.0,0.0
2026-07-13 07:00:00+00:00,-0.00020583898,0.0,0.0,0.0
2026-07-13 08:00:00+00:00,-0.00018084886,0.0,0.0,0.0
2026-07-13 09:00:00+00:00,-0.00021223497,0.0,-0.0,-0.0
2026-07-13 10:00:00+00:00,-0.00012370801,0.0,-0.0,-0.0
2026-07-13 11:00:00+00:00,-0.00018419663,0.0,0.0,0.0
2026-07-13 12:00:00+00:00,-0.0006085898,0.0,-0.0,-0.0
2026-07-13 13:00:00+00:00,-0.0006655489,0.0,-0.0,-0.0
2026-07-13 14:00:00+00:00,-1.0566391e-05,0.0,0.0,0.0
2026-07-13 15:00:00+00:00,-0.00046810764,0.0,-0.0,-0.0
2026-07-13 16:00:00+00:00,-0.00051622215,0.0,-0.0,-0.0
2026-07-13 17:00:00+00:00,-0.0006788602,0.0,-0.0,-0.0
2026-07-13 18:00:00+00:00,-0.00045583872,0.0,0.0,0.0
2026-07-13 19:00:00+00:00,-0.0005362363,0.0,0.0,0.0
2026-07-13 20:00:00+00:00,-0.0006632356,0.0,-0.0,-0.0
2026-07-13 21:00:00+00:00,-0.0007114823,0.0,-0.0,-0.0
2026-07-13 22:00:00+00:00,-0.0006665835,0.0,-0.0,-0.0
2026-07-13 23:00:00+00:00,-0.000709685,0.0,0.0,0.0
2026-07-14 00:00:00+00:00,-0.0010554029,0.0,0.0,0.0
2026-07-14 01:00:00+00:00,-0.0010554029,0.0,-0.0,-0.0
2026-07-14 02:00:00+00:00,-0.0010554029,0.0,0.0,0.0
2026-07-14 03:00:00+00:00,-0.0010554029,0.0,0.0,0.0
2026-07-14 04:00:00+00:00,-0.0004438522,0.0,0.0,0.0
2026-07-14 05:00:00+00:00,-0.00037827218,0.0,-0.0,-0.0
2026-07-14 06:00:00+00:00,-0.0006866253,0.0,-0.0,-0.0
2026-07-14 07:00:00+00:00,-0.0010418901,0.0,-0.0,-0.0
2026-07-14 08:00:00+00:00,-0.00048121426,0.0,0.0,0.0
2026-07-14 09:00:00+00:00,-0.0006866253,0.0,-0.0,-0.0
2026-07-14 10:00:00+00:00,-0.00037827218,0.0,0.0,0.0
2026-07-14 11:00:00+00:00,-0.000475238,0.0,0.0,0.0
2026-07-14 12:00:00+00:00,0.0009309361,0.0,0.0,0.0
2026-07-14 13:00:00+00:00,0.00047771857,0.0,-0.0,-0.0
2026-07-14 14:00:00+00:00,0.0013040394,0.0,0.0,0.0
2026-07-14 15:00:00+00:00,0.0018241222,0.0,0.0,0.0
2026-07-14 16:00:00+00:00,0.0012278362,0.0,-0.0,-0.0
2026-07-14 17:00:00+00:00,0.001411831,0.0,-0.0,-0.0
2026-07-14 18:00:00+00:00,9.8724464e-05,0.0,-0.0,-0.0
2026-07-14 19:00:00+00:00,0.00016816489,0.0,-0.0,-0.0
2026-07-14 20:00:00+00:00,9.4407e-05,0.0,-0.0,-0.0
2026-07-14 21:00:00+00:00,0.0002940389,0.0,0.0,0.0
2026-07-14 22:00:00+00:00,0.00040264602,0.0,0.0,0.0
2026-07-14 23:00:00+00:00,0.00040312123,0.0,0.0,0.0
2026-07-15 00:00:00+00:00,-9.4951225e-05,0.0,-0.0,-0.0
2026-07-15 01:00:00+00:00,-0.00014633566,0.0,-0.0,-0.0
2026-07-15 02:00:00+00:00,-2.6411228e-06,0.0,-0.0,-0.0
2026-07-15 03:00:00+00:00,-0.0001876663,0.0,0.0,0.0
2026-07-15 04:00:00+00:00,-0.000107684995,0.0,-0.0,-0.0
2026-07-15 05:00:00+00:00,-0.0001473286,0.0,0.0,0.0
2026-07-15 06:00:00+00:00,0.0001887073,0.0,-0.0,-0.0
2026-07-15 07:00:00+00:00,0.00013210786,0.0,-0.0,-0.0
2026-07-15 08:00:00+00:00,-0.00018717024,0.0,0.0,0.0
2026-07-15 09:00:00+00:00,-0.00023112466,0.0,-0.0,-0.0
2026-07-15 10:00:00+00:00,-5.3410025e-05,0.0,-0.0,-0.0
2026-07-15 11:00:00+00:00,-0.00022737149,0.0,0.0,0.0
2026-07-15 12:00:00+00:00,0.00011603214,0.0,0.0,0.0
2026-07-15 13:00:00+00:00,0.00026656588,0.0,-0.0,-0.0
2026-07-15 14:00:00+00:00,0.0001816702,0.0,0.0,0.0
2026-07-15 15:00:00+00:00,0.0001816702,0.0,0.0,0.0
2026-07-15 16:00:00+00:00,0.00023909756,0.0,-0.0,-0.0
2026-07-15 17:00:00+00:00,0.00026040396,0.0,-0.0,-0.0
2026-07-15 18:00:00+00:00,9.8466e-05,0.0,-0.0,-0.0
2026-07-15 19:00:00+00:00,0.000118523116,0.0,0.0,0.0
2026-07-15 20:00:00+00:00,9.168069e-05,0.0,-0.0,-0.0
2026-07-15 21:00:00+00:00,7.722417e-05,0.0,-0.0,-0.0
2026-07-15 22:00:00+00:00,0.0001494289,0.0,0.0,0.0
2026-07-15 23:00:00+00:00,0.00026695456,0.0,-0.0,-0.0
2026-07-16 00:00:00+00:00,-0.00053170143,0.0,-0.0,-0.0
2026-07-16 01:00:00+00:00,-0.0005729958,0.0,0.0,0.0
2026-07-16 02:00:00+00:00,-0.00066077145,0.0,-0.0,-0.0
2026-07-16 03:00:00+00:00,-0.00061926444,0.0,-0.0,-0.0
2026-07-16 04:00:00+00:00,-0.0004743398,0.0,0.0,0.0
2026-07-16 05:00:00+00:00,-0.00028152578,0.0,0.0,0.0
2026-07-16 06:00:00+00:00,-0.00036335117,0.0,-0.0,-0.0
2026-07-16 07:00:00+00:00,-0.00027211854,0.0,-0.0,-0.0
2026-07-16 08:00:00+00:00,-0.00043815648,0.0,-0.0,-0.0
2026-07-16 09:00:00+00:00,-0.0005035503,0.0,-0.0,-0.0
2026-07-16 10:00:00+00:00,-0.00037576843,0.0,0.0,0.0
2026-07-16 11:00:00+00:00,-0.00042201145,0.0,0.0,0.0
2026-07-16 12:00:00+00:00,-0.00032091618,0.0,-0.0,-0.0
2026-07-16 13:00:00+00:00,-0.00034082495,0.0,0.0,0.0
2026-07-16 14:00:00+00:00,-0.0002085014,0.0,0.0,0.0
2026-07-16 15:00:00+00:00,-0.0003239802,0.0,0.0,0.0
2026-07-16 16:00:00+00:00,-0.00028743554,0.0,-0.0,-0.0
2026-07-16 17:00:00+00:00,-0.00018042585,0.0,-0.0,-0.0
2026-07-16 18:00:00+00:00,-0.0003545586,0.0,0.0,0.0
2026-07-16 19:00:00+00:00,-0.0002864911,0.0,0.0,0.0
2026-07-16 20:00:00+00:00,-0.00030813346,0.0,-0.0,-0.0
2026-07-16 21:00:00+00:00,-0.00026189044,0.0,0.0,0.0
2026-07-16 22:00:00+00:00,-0.00024061694,0.0,-0.0,-0.0
2026-07-16 23:00:00+00:00,-0.0003273121,0.0,-0.0,-0.0
2026-07-17 00:00:00+00:00,-0.0001979965,0.0,0.0,0.0
2026-07-17 01:00:00+00:00,-0.00046574412,0.0,-0.0,-0.0
2026-07-17 02:00:00+00:00,-0.0005678088,0.0,-0.0,-0.0
2026-07-17 03:00:00+00:00,-0.0004851925,0.0,0.0,0.0
2026-07-17 04:00:00+00:00,-0.0005413431,0.0,-0.0,-0.0
2026-07-17 05:00:00+00:00,-0.0009051327,0.0,-0.0,-0.0
2026-07-17 06:00:00+00:00,-0.0010360301,0.0,0.0,0.0
2026-07-17 07:00:00+00:00,-0.0011404732,0.0,-0.0,-0.0
2026-07-17 08:00:00+00:00,-0.0010353005,0.0,0.0,0.0
2026-07-17 09:00:00+00:00,-0.0010410824,0.0,0.0,0.0
2026-07-17 10:00:00+00:00,-0.00065001607,0.0,0.0,0.0
2026-07-17 11:00:00+00:00,-0.0005625961,0.0,0.0,0.0
2026-07-17 12:00:00+00:00,-0.0010026493,0.0,-0.0,-0.0
2026-07-17 13:00:00+00:00,-0.0008335176,0.0,0.0,0.0
2026-07-17 14:00:00+00:00,-0.0007880707,0.0,0.0,0.0
2026-07-17 15:00:00+00:00,-0.0005871834,0.0,0.0,0.0
2026-07-17 16:00:00+00:00,-0.00061856944,0.0,0.0,0.0
2026-07-17 17:00:00+00:00,-0.00054874807,0.0,0.0,0.0
2026-07-17 18:00:00+00:00,-0.00073589,0.0,0.0,0.0
2026-07-17 19:00:00+00:00,-0.0005746035,0.0,-0.0,-0.0
2026-07-17 20:00:00+00:00,-0.0005746035,0.0,-0.0,-0.0
2026-07-17 21:00:00+00:00,-0.0005722893,0.0,-0.0,-0.0
2026-07-17 22:00:00+00:00,-0.0005722893,0.0,-0.0,-0.0
2026-07-17 23:00:00+00:00,-0.00072383403,0.0,-0.0,-0.0
2026-07-18 00:00:00+00:00,0.00015204035,0.0,-0.0,-0.0
2026-07-18 01:00:00+00:00,7.0875125e-05,0.0,0.0,0.0
2026-07-18 02:00:00+00:00,6.721677e-05,0.0,0.0,0.0
2026-07-18 03:00:00+00:00,6.721677e-05,0.0,0.0,0.0
2026-07-18 04:00:00+00:00,6.721677e-05,0.0,-0.0,-0.0
2026-07-18 05:00:00+00:00,4.7159658e-05,0.0,-0.0,-0.0
2026-07-18 06:00:00+00:00,5.081801e-05,0.0,0.0,0.0
2026-07-18 07:00:00+00:00,4.7159658e-05,0.0,0.0,0.0
2026-07-18 08:00:00+00:00,-0.00046546472,0.0,-0.0,-0.0
2026-07-18 09:00:00+00:00,-0.00046546472,0.0,-0.0,-0.0
2026-07-18 10:00:00+00:00,-0.00046546472,0.0,0.0,0.0
2026-07-18 11:00:00+00:00,-0.0001984028,0.0,0.0,0.0
2026-07-18 12:00:00+00:00,-0.0001544484,0.0,0.0,0.0
2026-07-18 13:00:00+00:00,-0.0001544484,0.0,-0.0,-0.0
2026-07-18 14:00:00+00:00,-0.00015259234,0.0,0.0,0.0
2026-07-18 15:00:00+00:00,-0.00017289577,0.0,-0.0,-0.0
2026-07-18 16:00:00+00:00,0.0001884854,0.0,0.0,0.0
2026-07-18 17:00:00+00:00,0.00018021476,0.0,0.0,0.0
2026-07-18 18:00:00+00:00,0.0007230983,0.0,0.0,0.0
2026-07-18 19:00:00+00:00,0.00082280114,0.0,0.0,0.0
2026-07-18 20:00:00+00:00,0.00089621224,0.0,0.0,0.0
2026-07-18 21:00:00+00:00,0.000977829,0.0,0.0,0.0
2026-07-18 22:00:00+00:00,0.0008966939,0.0,0.0,0.0
2026-07-18 23:00:00+00:00,0.0008730194,0.0,0.0,0.0
2026-07-19 00:00:00+00:00,0.0011475192,0.0,-0.0,-0.0
2026-07-19 01:00:00+00:00,0.0011511776,0.0,-0.0,-0.0
2026-07-19 02:00:00+00:00,0.0011511776,0.0,0.0,0.0
2026-07-19 03:00:00+00:00,0.0003818919,0.0,-0.0,-0.0
2026-07-19 04:00:00+00:00,0.00035901947,0.0,0.0,0.0
2026-07-19 05:00:00+00:00,0.00033761823,0.0,0.0,0.0
2026-07-19 06:00:00+00:00,0.00031788042,0.0,-0.0,-0.0
2026-07-19 07:00:00+00:00,0.0011213224,0.0,0.0,0.0
2026-07-19 08:00:00+00:00,0.0010910024,0.0,-0.0,-0.0
2026-07-19 09:00:00+00:00,0.0010601516,0.0,-0.0,-0.0
2026-07-19 10:00:00+00:00,0.0010161973,0.0,0.0,0.0
2026-07-19 11:00:00+00:00,0.0008301348,0.0,-0.0,-0.0
2026-07-19 12:00:00+00:00,0.0005737803,0.0,-0.0,-0.0
2026-07-19 13:00:00+00:00,0.0008721785,0.0,0.0,0.0
2026-07-19 14:00:00+00:00,0.0010370758,0.0,0.0,0.0
2026-07-19 15:00:00+00:00,0.0010370758,0.0,-0.0,-0.0
2026-07-19 16:00:00+00:00,0.0009720102,0.0,-0.0,-0.0
2026-07-19 17:00:00+00:00,0.0010051657,0.0,0.0,0.0
2026-07-19 18:00:00+00:00,0.00056474766,0.0,-0.0,-0.0
2026-07-19 19:00:00+00:00,0.0005221374,0.0,0.0,0.0
2026-07-19 20:00:00+00:00,0.00086583407,0.0,0.0,0.0
2026-07-19 21:00:00+00:00,0.0005221374,0.0,-0.0,-0.0
2026-07-19 22:00:00+00:00,0.0011128393,0.0,0.0,0.0
2026-07-19 23:00:00+00:00,0.0009852037,0.0,0.0,0.0
2026-07-20 00:00:00+00:00,0.0007450106,0.0,-0.0,-0.0
2026-07-20 01:00:00+00:00,0.0005739907,0.0,0.0,0.0
2026-07-20 02:00:00+00:00,0.0007215931,0.0,0.0,0.0
2026-07-20 03:00:00+00:00,0.00067777187,0.0,0.0,0.0
2026-07-20 04:00:00+00:00,0.00016630207,0.0,-0.0,-0.0
2026-07-20 05:00:00+00:00,0.0002459575,0.0,-0.0,-0.0
2026-07-20 06:00:00+00:00,-1.5677302e-05,0.0,-0.0,-0.0
2026-07-20 07:00:00+00:00,0.00025136388,0.0,0.0,0.0
2026-07-20 08:00:00+00:00,0.00020194676,0.0,-0.0,-0.0
2026-07-20 09:00:00+00:00,0.00014194584,0.0,0.0,0.0
2026-07-20 10:00:00+00:00,7.19586e-05,0.0,0.0,0.0
2026-07-20 11:00:00+00:00,0.00081797596,0.0,0.0,0.0
2026-07-20 12:00:00+00:00,0.000870741,0.0,-0.0,-0.0
2026-07-20 13:00:00+00:00,9.004728e-05,0.0,-0.0,-0.0
2026-07-20 14:00:00+00:00,2.4869145e-05,0.0,0.0,0.0
2026-07-20 15:00:00+00:00,0.00092521834,0.0,0.0,0.0
2026-07-20 16:00:00+00:00,0.00057200325,0.0,-0.0,-0.0
2026-07-20 17:00:00+00:00,0.0005374224,0.0,0.0,0.0
2026-07-20 18:00:00+00:00,0.0006750219,0.0,-0.0,-0.0
2026-07-20 19:00:00+00:00,0.0006750219,0.0,-0.0,-0.0
2026-07-20 20:00:00+00:00,0.0004702386,0.0,0.0,0.0
2026-07-20 21:00:00+00:00,0.0001326194,0.0,-0.0,-0.0
2026-07-20 22:00:00+00:00,0.00015587595,0.0,-0.0,-0.0
2026-07-20 23:00:00+00:00,9.16837e-05,0.0,0.0,0.0
2026-07-21 00:00:00+00:00,-1.7230028e-05,0.0,0.0,0.0
2026-07-21 01:00:00+00:00,-1.3558939e-05,0.0,-0.0,-0.0
2026-07-21 02:00:00+00:00,3.0262247e-05,0.0,0.0,0.0
2026-07-21 03:00:00+00:00,1.02051235e-05,0.0,0.0,0.0
2026-07-21 04:00:00+00:00,1.02051235e-05,0.0,-0.0,-0.0
2026-07-21 05:00:00+00:00,0.00012045994,0.0,0.0,0.0
2026-07-21 06:00:00+00:00,-0.00034943916,0.0,0.0,0.0
2026-07-21 07:00:00+00:00,-8.3550345e-05,0.0,0.0,0.0
2026-07-21 08:00:00+00:00,1.4974068e-05,0.0,0.0,0.0
2026-07-21 09:00:00+00:00,-0.0002567187,0.0,0.0,0.0
2026-07-21 10:00:00+00:00,2.6707436e-05,0.0,-0.0,-0.0
2026-07-21 11:00:00+00:00,-0.00043403276,0.0,0.0,0.0
2026-07-21 12:00:00+00:00,0.0003383182,0.0,0.0,0.0
2026-07-21 13:00:00+00:00,-0.0004940383,0.0,0.0,0.0
2026-07-21 14:00:00+00:00,0.00089483726,0.0,0.0,0.0
2026-07-21 15:00:00+00:00,-2.9484307e-05,0.0,-0.0,-0.0
2026-07-21 16:00:00+00:00,-0.00022988283,0.0,-0.0,-0.0
2026-07-21 17:00:00+00:00,9.461056e-05,0.0,-0.0,-0.0
2026-07-21 18:00:00+00:00,-5.660412e-06,0.0,0.0,0.0
2026-07-21 19:00:00+00:00,-4.8335198e-05,0.0,0.0,0.0
2026-07-21 20:00:00+00:00,-5.8778904e-05,0.0,-0.0,-0.0
2026-07-21 21:00:00+00:00,-8.203545e-05,0.0,-0.0,-0.0
2026-07-21 22:00:00+00:00,-7.972123e-05,0.0,-0.0,-0.0
2026-07-21 23:00:00+00:00,-0.00010522827,0.0,0.0,0.0
2026-07-22 00:00:00+00:00,0.00036687235,0.0,0.0,0.0
2026-07-22 01:00:00+00:00,0.0001282294,0.0,-0.0,-0.0
2026-07-22 02:00:00+00:00,0.00023454698,0.0,-0.0,-0.0
2026-07-22 03:00:00+00:00,0.00023454698,0.0,-0.0,-0.0
2026-07-22 04:00:00+00:00,0.00035796224,0.0,0.0,0.0
2026-07-22 05:00:00+00:00,0.00048585125,0.0,-0.0,-0.0
2026-07-22 06:00:00+00:00,0.00033535477,0.0,-0.0,-0.0
2026-07-22 07:00:00+00:00,0.00037793943,0.0,-0.0,-0.0
2026-07-22 08:00:00+00:00,0.00063025556,0.0,0.0,0.0
2026-07-22 09:00:00+00:00,0.0006158765,0.0,-0.0,-0.0
2026-07-22 10:00:00+00:00,0.000764762,0.0,0.0,0.0
2026-07-22 11:00:00+00:00,0.00053824764,0.0,-0.0,-0.0
2026-07-22 12:00:00+00:00,0.0007205092,0.0,-0.0,-0.0
2026-07-22 13:00:00+00:00,0.0007189756,0.0,0.0,0.0
2026-07-22 14:00:00+00:00,0.0007167928,0.0,-0.0,-0.0
2026-07-22 15:00:00+00:00,0.00078795484,0.0,0.0,0.0
2026-07-22 16:00:00+00:00,0.00078795484,0.0,0.0,0.0
2026-07-22 17:00:00+00:00,0.0006835116,0.0,-0.0,-0.0
2026-07-22 18:00:00+00:00,0.00077236485,0.0,-0.0,-0.0
2026-07-22 19:00:00+00:00,0.00072841044,0.0,0.0,0.0
2026-07-22 20:00:00+00:00,0.00072841044,0.0,-0.0,-0.0
2026-07-22 21:00:00+00:00,0.00065212563,0.0,0.0,0.0
2026-07-22 22:00:00+00:00,0.00065212563,0.0,-0.0,-0.0
2026-07-22 23:00:00+00:00,0.0006289328,0.0,0.0,0.0
2026-07-23 00:00:00+00:00,0.0001228195,0.0,0.0,0.0
2026-07-23 01:00:00+00:00,0.00011808567,0.0,-0.0,-0.0
2026-07-23 02:00:00+00:00,1.364265e-05,0.0,-0.0,-0.0
2026-07-23 03:00:00+00:00,-5.378598e-05,0.0,-0.0,-0.0
2026-07-23 04:00:00+00:00,-5.378598e-05,0.0,-0.0,-0.0
2026-07-23 05:00:00+00:00,-1.0505739e-05,0.0,0.0,0.0
2026-07-23 06:00:00+00:00,1.256496e-05,0.0,0.0,0.0
2026-07-23 07:00:00+00:00,4.827881e-05,0.0,-0.0,-0.0
2026-07-23 08:00:00+00:00,-0.00018970309,0.0,0.0,0.0
2026-07-23 09:00:00+00:00,-0.0002768605,0.0,0.0,0.0
2026-07-23 10:00:00+00:00,-0.00023713101,0.0,0.0,0.0
2026-07-23 11:00:00+00:00,-0.00014033825,0.0,-0.0,-0.0
2026-07-23 12:00:00+00:00,3.1180145e-05,0.0,-0.0,-0.0
2026-07-23 13:00:00+00:00,-0.00014244512,0.0,-0.0,-0.0
2026-07-23 14:00:00+00:00,-0.00010320744,0.0,0.0,0.0
2026-07-23 15:00:00+00:00,-0.00033387067,0.0,0.0,0.0
2026-07-23 16:00:00+00:00,-0.00031985916,0.0,-0.0,-0.0
2026-07-23 17:00:00+00:00,-0.00031985916,0.0,-0.0,-0.0
2026-07-23 18:00:00+00:00,-0.00035381963,0.0,0.0,0.0
2026-07-23 19:00:00+00:00,-0.0004301045,0.0,-0.0,-0.0
2026-07-23 20:00:00+00:00,-0.00026864646,0.0,0.0,0.0
2026-07-23 21:00:00+00:00,-0.00037308948,0.0,0.0,0.0
2026-07-23 22:00:00+00:00,-0.00040447555,0.0,0.0,0.0
2026-07-23 23:00:00+00:00,-0.0003814254,0.0,-0.0,-0.0
2026-07-24 00:00:00+00:00,-0.0007453806,0.0,-0.0,-0.0
2026-07-24 01:00:00+00:00,-0.0005631014,0.0,0.0,0.0
2026-07-24 02:00:00+00:00,-0.00025938454,0.0,0.0,0.0
2026-07-24 03:00:00+00:00,-0.00070973363,0.0,0.0,0.0
2026-07-24 04:00:00+00:00,-0.00073883624,0.0,-0.0,-0.0
2026-07-24 05:00:00+00:00,-0.00055655703,0.0,0.0,0.0
2026-07-24 06:00:00+00:00,-0.00056532543,0.0,0.0,0.0
2026-07-24 07:00:00+00:00,-0.0002590495,0.0,0.0,0.0
2026-07-24 08:00:00+00:00,-0.00015913791,0.0,-0.0,-0.0
2026-07-24 09:00:00+00:00,-0.0004586584,0.0,-0.0,-0.0
2026-07-24 10:00:00+00:00,-0.0005631014,0.0,-0.0,-0.0
2026-07-24 11:00:00+00:00,-0.0005404837,0.0,0.0,0.0
2026-07-24 12:00:00+00:00,-0.00049589056,0.0,-0.0,-0.0
2026-07-24 13:00:00+00:00,-0.002010296,0.0,-0.0,-0.0
2026-07-24 14:00:00+00:00,-0.0013541031,0.0,-0.0,-0.0
2026-07-24 15:00:00+00:00,-0.0012686861,0.0,0.0,0.0
2026-07-24 16:00:00+00:00,-0.001301992,0.0,-0.0,-0.0
2026-07-24 17:00:00+00:00,-0.0010659505,0.0,0.0,0.0
2026-07-24 18:00:00+00:00,-0.0007468267,0.0,0.0,0.0
2026-07-24 19:00:00+00:00,-0.0011205932,0.0,-0.0,-0.0
2026-07-24 20:00:00+00:00,-0.0010743501,0.0,-0.0,-0.0
2026-07-24 21:00:00+00:00,-0.0010756942,0.0,-0.0,-0.0
2026-07-24 22:00:00+00:00,-0.0010743501,0.0,0.0,0.0
2026-07-24 23:00:00+00:00,-0.0011855714,0.0,-0.0,-0.0
2026-07-25 00:00:00+00:00,-0.0008148438,0.0,-0.0,-0.0
2026-07-25 01:00:00+00:00,-0.00082994584,0.0,-0.0,-0.0
2026-07-25 02:00:00+00:00,-0.00082994584,0.0,-0.0,-0.0
2026-07-25 03:00:00+00:00,-0.00087484467,0.0,0.0,0.0
2026-07-25 04:00:00+00:00,-0.000826598,0.0,0.0,0.0
2026-07-25 05:00:00+00:00,-0.0008286017,0.0,-0.0,-0.0
2026-07-25 06:00:00+00:00,-0.0008286017,0.0,-0.0,-0.0
2026-07-25 07:00:00+00:00,-0.0005628838,0.0,-0.0,-0.0
2026-07-25 08:00:00+00:00,-0.00093329407,0.0,-0.0,-0.0
2026-07-25 09:00:00+00:00,-0.000513293,0.0,0.0,0.0
2026-07-25 10:00:00+00:00,-0.000559536,0.0,0.0,0.0
2026-07-25 11:00:00+00:00,-0.000559536,0.0,-0.0,-0.0
2026-07-25 12:00:00+00:00,-0.00021092013,0.0,0.0,0.0
2026-07-25 13:00:00+00:00,-0.00016696572,0.0,0.0,0.0
2026-07-25 14:00:00+00:00,-0.00018772732,0.0,0.0,0.0
2026-07-25 15:00:00+00:00,-0.00014377291,0.0,-0.0,-0.0
2026-07-25 16:00:00+00:00,0.000333315,0.0,0.0,0.0
2026-07-25 17:00:00+00:00,0.0006819364,0.0,0.0,0.0
2026-07-25 18:00:00+00:00,0.0008815831,0.0,0.0,0.0
2026-07-25 19:00:00+00:00,0.00076476997,0.0,-0.0,-0.0
2026-07-25 20:00:00+00:00,0.0007125508,0.0,-0.0,-0.0
2026-07-25 21:00:00+00:00,0.0007684283,0.0,0.0,0.0
2026-07-25 22:00:00+00:00,0.0007446457,0.0,0.0,0.0
2026-07-25 23:00:00+00:00,0.0007359765,0.0,-0.0,-0.0
2026-07-26 00:00:00+00:00,0.0002570492,0.0,0.0,0.0
2026-07-26 01:00:00+00:00,0.0009310999,0.0,-0.0,-0.0
2026-07-26 02:00:00+00:00,0.0008739014,0.0,0.0,0.0
2026-07-26 03:00:00+00:00,0.00091657625,0.0,0.0,0.0
2026-07-26 04:00:00+00:00,0.0009084822,0.0,-0.0,-0.0
2026-07-26 05:00:00+00:00,0.0008473115,0.0,-0.0,-0.0
2026-07-26 06:00:00+00:00,0.0008473115,0.0,0.0,0.0
2026-07-26 07:00:00+00:00,0.00080335705,0.0,-0.0,-0.0
2026-07-26 08:00:00+00:00,0.0008010428,0.0,0.0,0.0
2026-07-26 09:00:00+00:00,0.00095243665,0.0,0.0,0.0
2026-07-26 10:00:00+00:00,0.0008449973,0.0,-0.0,-0.0
2026-07-26 11:00:00+00:00,0.0008010428,0.0,-0.0,-0.0
2026-07-26 12:00:00+00:00,0.00084865565,0.0,-0.0,-0.0
2026-07-26 13:00:00+00:00,0.0008449973,0.0,0.0,0.0
2026-07-26 14:00:00+00:00,0.0009756295,0.0,0.0,0.0
2026-07-26 15:00:00+00:00,0.0009756295,0.0,0.0,0.0
2026-07-26 16:00:00+00:00,0.00046300484,0.0,-0.0,-0.0
2026-07-26 17:00:00+00:00,0.0004666632,0.0,-0.0,-0.0
2026-07-26 18:00:00+00:00,0.00042270875,0.0,0.0,0.0
2026-07-26 19:00:00+00:00,0.00042270875,0.0,-0.0,-0.0
2026-07-26 20:00:00+00:00,0.00031526946,0.0,-0.0,-0.0
2026-07-26 21:00:00+00:00,0.00080670154,0.0,0.0,0.0
2026-07-26 22:00:00+00:00,0.0010413891,0.0,0.0,0.0
2026-07-26 23:00:00+00:00,0.001102287,0.0,-0.0,-0.0
2026-07-27 00:00:00+00:00,0.0006690925,0.0,-0.0,-0.0
2026-07-27 01:00:00+00:00,0.00067140674,0.0,0.0,0.0
2026-07-27 02:00:00+00:00,0.000610918,0.0,-0.0,-0.0
2026-07-27 03:00:00+00:00,0.0006148567,0.0,0.0,0.0
2026-07-27 04:00:00+00:00,0.0010056057,0.0,-0.0,-0.0
2026-07-27 05:00:00+00:00,0.0014475188,0.0,0.0,0.0
2026-07-27 06:00:00+00:00,0.0010660944,0.0,-0.0,-0.0
2026-07-27 07:00:00+00:00,0.001003011,0.0,-0.0,-0.0
2026-07-27 08:00:00+00:00,0.0008942281,0.0,-0.0,-0.0
2026-07-27 09:00:00+00:00,0.000957713,0.0,0.0,0.0
2026-07-27 10:00:00+00:00,0.00093534164,0.0,0.0,0.0
2026-07-27 11:00:00+00:00,0.0008061757,0.0,-0.0,-0.0
2026-07-27 12:00:00+00:00,0.00066759763,0.0,-0.0,-0.0
2026-07-27 13:00:00+00:00,0.0007435378,0.0,0.0,0.0
2026-07-27 14:00:00+00:00,0.0002186954,0.0,-0.0,-0.0
2026-07-27 15:00:00+00:00,0.00011859999,0.0,-0.0,-0.0
2026-07-27 16:00:00+00:00,0.00020121639,0.0,0.0,0.0
2026-07-27 17:00:00+00:00,0.00012961362,0.0,0.0,0.0
2026-07-27 18:00:00+00:00,7.120256e-05,0.0,-0.0,-0.0
2026-07-27 19:00:00+00:00,0.00017634424,0.0,0.0,0.0
2026-07-27 20:00:00+00:00,0.00018000256,0.0,-0.0,-0.0
2026-07-27 21:00:00+00:00,7.486088e-05,0.0,-0.0,-0.0
2026-07-27 22:00:00+00:00,-0.00029348204,0.0,-0.0,-0.0
2026-07-27 23:00:00+00:00,-0.00052320934,0.0,-0.0,-0.0
2026-07-28 00:00:00+00:00,-0.00077023753,0.0,-0.0,-0.0
2026-07-28 01:00:00+00:00,-0.00047013507,0.0,-0.0,-0.0
2026-07-28 02:00:00+00:00,-0.0006375209,0.0,-0.0,-0.0
2026-07-28 03:00:00+00:00,-0.00074173906,0.0,0.0,0.0
2026-07-28 04:00:00+00:00,-0.0008358741,0.0,0.0,0.0
2026-07-28 05:00:00+00:00,-0.00066859485,0.0,0.0,0.0
2026-07-28 06:00:00+00:00,-0.0008446286,0.0,0.0,0.0
2026-07-28 07:00:00+00:00,-0.0008928753,0.0,-0.0,-0.0
2026-07-28 08:00:00+00:00,-0.00013662106,0.0,-0.0,-0.0
2026-07-28 09:00:00+00:00,-0.00019736512,0.0,-0.0,-0.0
2026-07-28 10:00:00+00:00,-7.8585756e-05,0.0,0.0,0.0
2026-07-28 11:00:00+00:00,-0.00020022025,0.0,-0.0,-0.0
2026-07-28 12:00:00+00:00,-0.000103332204,0.0,0.0,0.0
2026-07-28 13:00:00+00:00,3.0690797e-05,0.0,-0.0,-0.0
2026-07-28 14:00:00+00:00,0.00010193271,0.0,0.0,0.0
2026-07-28 15:00:00+00:00,0.0004382055,0.0,0.0,0.0
2026-07-28 16:00:00+00:00,0.00027388922,0.0,0.0,0.0
2026-07-28 17:00:00+00:00,0.00012460828,0.0,-0.0,-0.0
2026-07-28 18:00:00+00:00,6.744261e-05,0.0,0.0,0.0
2026-07-28 19:00:00+00:00,4.9635605e-06,0.0,0.0,0.0
2026-07-28 20:00:00+00:00,-3.9935316e-05,0.0,0.0,0.0
2026-07-28 21:00:00+00:00,-3.9935316e-05,0.0,0.0,0.0
2026-07-28 22:00:00+00:00,8.140741e-05,0.0,-0.0,-0.0
2026-07-28 23:00:00+00:00,0.00014901452,0.0,0.0,0.0
2026-07-29 00:00:00+00:00,2.3623317e-05,0.0,0.0,0.0
2026-07-29 01:00:00+00:00,-3.6865284e-05,0.0,-0.0,-0.0
2026-07-29 02:00:00+00:00,5.135098e-05,0.0,0.0,0.0
2026-07-29 03:00:00+00:00,-2.688053e-05,0.0,-0.0,-0.0
2026-07-29 04:00:00+00:00,-7.31492e-05,0.0,0.0,0.0
2026-07-29 05:00:00+00:00,-8.7672845e-05,0.0,0.0,0.0
2026-07-29 06:00:00+00:00,0.00050165196,0.0,0.0,0.0
2026-07-29 07:00:00+00:00,-0.0005329878,0.0,0.0,0.0
2026-07-29 08:00:00+00:00,0.0005362327,0.0,-0.0,-0.0
2026-07-29 09:00:00+00:00,0.00046641126,0.0,0.0,0.0
2026-07-29 10:00:00+00:00,0.0005015928,0.0,-0.0,-0.0
2026-07-29 11:00:00+00:00,0.0004992786,0.0,0.0,0.0
2026-07-29 12:00:00+00:00,0.00048153574,0.0,-0.0,-0.0
2026-07-29 13:00:00+00:00,0.0005691409,0.0,0.0,0.0
2026-07-29 14:00:00+00:00,0.0004499303,0.0,-0.0,-0.0
2026-07-29 15:00:00+00:00,2.64788e-05,0.0,-0.0,-0.0
2026-07-29 16:00:00+00:00,2.64788e-05,0.0,-0.0,-0.0
2026-07-29 17:00:00+00:00,0.001040075,0.0,0.0,0.0
2026-07-29 18:00:00+00:00,0.0014278707,0.0,0.0,0.0
2026-07-29 19:00:00+00:00,0.0005483444,0.0,-0.0,-0.0
2026-07-29 20:00:00+00:00,0.00035968985,0.0,-0.0,-0.0
2026-07-29 21:00:00+00:00,0.00078493025,0.0,0.0,0.0
2026-07-29 22:00:00+00:00,0.000729312,0.0,0.0,0.0
2026-07-29 23:00:00+00:00,0.00041594604,0.0,0.0,0.0
2026-07-30 00:00:00+00:00,-0.000116503055,0.0,-0.0,-0.0
2026-07-30 01:00:00+00:00,-0.00024229976,0.0,0.0,0.0
2026-07-30 02:00:00+00:00,-0.00037470186,0.0,-0.0,-0.0
2026-07-30 03:00:00+00:00,-0.00037470186,0.0,-0.0,-0.0
2026-07-30 04:00:00+00:00,-0.00071849494,0.0,-0.0,-0.0
2026-07-30 05:00:00+00:00,-0.00071849494,0.0,0.0,0.0
2026-07-30 06:00:00+00:00,-0.00076659553,0.0,-0.0,-0.0
2026-07-30 07:00:00+00:00,-0.0006858951,0.0,0.0,0.0
2026-07-30 08:00:00+00:00,-4.367969e-05,0.0,0.0,0.0
2026-07-30 09:00:00+00:00,0.00014545361,0.0,0.0,0.0
2026-07-30 10:00:00+00:00,-0.00014064558,0.0,-0.0,-0.0
2026-07-30 11:00:00+00:00,-9.896958e-05,0.0,0.0,0.0
2026-07-30 12:00:00+00:00,-9.896958e-05,0.0,0.0,0.0
2026-07-30 13:00:00+00:00,-0.0005156478,0.0,0.0,0.0
2026-07-30 14:00:00+00:00,-0.00034226806,0.0,-0.0,-0.0
2026-07-30 15:00:00+00:00,-0.0004443329,0.0,0.0,0.0
2026-07-30 16:00:00+00:00,-0.00039587816,0.0,0.0,0.0
2026-07-30 17:00:00+00:00,-0.00039819238,0.0,0.0,0.0
2026-07-30 18:00:00+00:00,-0.00031202467,0.0,-0.0,-0.0
2026-07-30 19:00:00+00:00,-0.00039453403,0.0,0.0,0.0
2026-07-30 20:00:00+00:00,-0.0004272642,0.0,-0.0,-0.0
2026-07-30 21:00:00+00:00,-0.00044963553,0.0,-0.0,-0.0
2026-07-30 22:00:00+00:00,-0.00034818624,0.0,0.0,0.0
2026-07-30 23:00:00+00:00,-0.00031089043,0.0,-0.0,-0.0
2026-07-31 00:00:00+00:00,-0.00039630124,0.0,-0.0,-0.0
2026-07-31 01:00:00+00:00,-0.00032162073,0.0,-0.0,-0.0
2026-07-31 02:00:00+00:00,-0.0003750875,0.0,-0.0,-0.0
2026-07-31 03:00:00+00:00,-0.00036063098,0.0,0.0,0.0
2026-07-31 04:00:00+00:00,-0.000465074,0.0,-0.0,-0.0
2026-07-31 05:00:00+00:00,-0.00052488316,0.0,0.0,0.0
2026-07-31 06:00:00+00:00,-0.0005308336,0.0,-0.0,-0.0
2026-07-31 07:00:00+00:00,-0.0011549386,0.0,-0.0,-0.0
2026-07-31 08:00:00+00:00,-0.0011123539,0.0,-0.0,-0.0
2026-07-31 09:00:00+00:00,-0.0011728427,0.0,-0.0,-0.0
2026-07-31 10:00:00+00:00,-0.0010092489,0.0,0.0,0.0
2026-07-31 11:00:00+00:00,-0.0010845901,0.0,-0.0,-0.0
2026-07-31 12:00:00+00:00,-0.0011351252,0.0,-0.0,-0.0
2026-07-31 13:00:00+00:00,-0.0010573439,0.0,-0.0,-0.0
2026-07-31 14:00:00+00:00,-0.0019810742,0.0,-0.0,-0.0
2026-07-31 15:00:00+00:00,-0.0011529658,0.0,0.0,0.0
2026-07-31 16:00:00+00:00,-0.0010738203,0.0,0.0,0.0
2026-07-31 17:00:00+00:00,-0.0005385924,0.0,0.0,0.0
2026-07-31 18:00:00+00:00,-0.00066866435,0.0,-0.0,-0.0
2026-07-31 19:00:00+00:00,-0.0008521151,0.0,-0.0,-0.0
2026-07-31 20:00:00+00:00,-0.0011028585,0.0,-0.0,-0.0
2026-07-31 21:00:00+00:00,-0.0011028585,0.0,-0.0,-0.0
2026-07-31 22:00:00+00:00,-0.0011015143,0.0,-0.0,-0.0
2026-07-31 23:00:00+00:00,-0.0011328364,0.0,-0.0,-0.0
